                                                                        S      1
,,,29HSMI-liftingsurfaces-nocap.igs,4HANSA,6H25.1.2,32,38,6,   308,24,,1G      1
.,2,2HMM,1,1.,15H20260928.161324,0.0002,0.,,,11,1,15H20260928.161324,;  G      2
     406       1       0       0       6       0       0       000000000D      1
     406       0       0       1      15       0       0    NAME       6D      2
     314       2       0       0       0       0       0       000000200D      3
     314       0       6       1       0       0       0 Magenta       0D      4
     406       3       0       0       7       0       0       000000000D      5
     406       0       0       1      15       0       0    NAME       7D      6
     314       4       0       0       0       0       0       000000200D      7
     314       0       5       1       0       0       0  Yellow       0D      8
     406       5       0       0      15       0       0       000000000D      9
     406       0       0       1      15       0       0    NAME      15D     10
     314       6       0       0       0       0       0       000000200D     11
     314       0       5       1       0       0       0  Yellow       0D     12
     314       7       0       0       0       0       0       000000200D     13
     314       0       5       1       0       0       0  Yellow       0D     14
     128       8       0       0       0       0       0       001010001D     15
     128       0       0     216       0       0       0 BSPSURF       1D     16
     126     224       0       0       0       0       0       000010500D     17
     126       0       0       2       0       0       0               0D     18
     126     226       0       0       0       0       0       000010500D     19
     126       0       0       2       0       0       0               0D     20
     126     228       0       0       0       0       0       000010500D     21
     126       0       0       2       0       0       0               0D     22
     126     230       0       0       0       0       0       000010500D     23
     126       0       0       2       0       0       0               0D     24
     102     232       0       0       0       0       0       000010501D     25
     102       0       0       1       0       0       0               0D     26
     126     233       0       0       0       0       0       000010000D     27
     126       0       0       3       0       0       0               1D     28
     126     236       0       0       0       0       0       000010000D     29
     126       0       0     174       0       0       0               2D     30
     126     410       0       0       0       0       0       000010000D     31
     126       0       0       3       0       0       0               3D     32
     126     413       0       0       0       0       0       000010000D     33
     126       0       0     207       0       0       0               4D     34
     102     620       0       0       0       0       0       000010001D     35
     102       0       0       1       0       0       0               0D     36
     142     621       0       0       0       0       0       000010000D     37
     142       0       0       1       0       0       0    CONS       1D     38
     406     622       0       0       0       0       0       000000000D     39
     406       0       0       1      15       0       0    NAME       0D     40
     144     623       0       0       6       0       0       000010001D     41
     144       0      -3       1       0       0       0               1D     42
     128     624       0       0       0       0       0       001010001D     43
     128       0       0      40       0       0       0 BSPSURF       2D     44
     126     664       0       0       0       0       0       000010500D     45
     126       0       0       2       0       0       0               0D     46
     126     666       0       0       0       0       0       000010500D     47
     126       0       0       2       0       0       0               0D     48
     126     668       0       0       0       0       0       000010500D     49
     126       0       0       2       0       0       0               0D     50
     126     670       0       0       0       0       0       000010500D     51
     126       0       0       2       0       0       0               0D     52
     102     672       0       0       0       0       0       000010501D     53
     102       0       0       1       0       0       0               0D     54
     126     673       0       0       0       0       0       000010000D     55
     126       0       0       2       0       0       0               5D     56
     126     675       0       0       0       0       0       000010000D     57
     126       0       0      76       0       0       0               6D     58
     126     751       0       0       0       0       0       000010000D     59
     126       0       0       2       0       0       0               7D     60
     126     753       0       0       0       0       0       000010000D     61
     126       0       0      59       0       0       0               8D     62
     102     812       0       0       0       0       0       000010001D     63
     102       0       0       1       0       0       0               0D     64
     142     813       0       0       0       0       0       000010000D     65
     142       0       0       1       0       0       0    CONS       2D     66
     406     814       0       0       0       0       0       000000000D     67
     406       0       0       1      15       0       0    NAME       0D     68
     144     815       0       0       7       0       0       000010001D     69
     144       0      -7       1       0       0       0               2D     70
     128     816       0       0       0       0       0       001010001D     71
     128       0       0      40       0       0       0 BSPSURF       3D     72
     126     856       0       0       0       0       0       000010500D     73
     126       0       0       2       0       0       0               0D     74
     126     858       0       0       0       0       0       000010500D     75
     126       0       0       3       0       0       0               0D     76
     126     861       0       0       0       0       0       000010500D     77
     126       0       0       3       0       0       0               0D     78
     126     864       0       0       0       0       0       000010500D     79
     126       0       0       2       0       0       0               0D     80
     102     866       0       0       0       0       0       000010501D     81
     102       0       0       1       0       0       0               0D     82
     126     867       0       0       0       0       0       000010000D     83
     126       0       0      59       0       0       0               9D     84
     126     926       0       0       0       0       0       000010000D     85
     126       0       0       2       0       0       0              10D     86
     126     928       0       0       0       0       0       000010000D     87
     126       0       0      76       0       0       0              11D     88
     126    1004       0       0       0       0       0       000010000D     89
     126       0       0       2       0       0       0              12D     90
     102    1006       0       0       0       0       0       000010001D     91
     102       0       0       1       0       0       0               0D     92
     142    1007       0       0       0       0       0       000010000D     93
     142       0       0       1       0       0       0    CONS       3D     94
     406    1008       0       0       0       0       0       000000000D     95
     406       0       0       1      15       0       0    NAME       0D     96
     144    1009       0       0       7       0       0       000010001D     97
     144       0      -7       1       0       0       0               3D     98
     128    1010       0       0       0       0       0       001010001D     99
     128       0       0      49       0       0       0 BSPSURF       4D    100
     126    1059       0       0       0       0       0       000010500D    101
     126       0       0       2       0       0       0               0D    102
     126    1061       0       0       0       0       0       000010500D    103
     126       0       0       2       0       0       0               0D    104
     126    1063       0       0       0       0       0       000010500D    105
     126       0       0       3       0       0       0               0D    106
     126    1066       0       0       0       0       0       000010500D    107
     126       0       0     125       0       0       0               0D    108
     102    1191       0       0       0       0       0       000010501D    109
     102       0       0       1       0       0       0               0D    110
     126    1192       0       0       0       0       0       000010000D    111
     126       0       0       3       0       0       0              13D    112
     126    1195       0       0       0       0       0       000010000D    113
     126       0       0      91       0       0       0              14D    114
     126    1286       0       0       0       0       0       000010000D    115
     126       0       0       2       0       0       0              15D    116
     126    1288       0       0       0       0       0       000010000D    117
     126       0       0     318       0       0       0              16D    118
     102    1606       0       0       0       0       0       000010001D    119
     102       0       0       1       0       0       0               0D    120
     142    1607       0       0       0       0       0       000010000D    121
     142       0       0       1       0       0       0    CONS       4D    122
     406    1608       0       0       0       0       0       000000000D    123
     406       0       0       1      15       0       0    NAME       0D    124
     144    1609       0       0      15       0       0       000010001D    125
     144       0     -11       1       0       0       0               4D    126
     128    1610       0       0       0       0       0       001010001D    127
     128       0       0      46       0       0       0 BSPSURF       5D    128
     126    1656       0       0       0       0       0       000010500D    129
     126       0       0     141       0       0       0               0D    130
     126    1797       0       0       0       0       0       000010500D    131
     126       0       0       2       0       0       0               0D    132
     126    1799       0       0       0       0       0       000010500D    133
     126       0       0       2       0       0       0               0D    134
     126    1801       0       0       0       0       0       000010500D    135
     126       0       0       3       0       0       0               0D    136
     102    1804       0       0       0       0       0       000010501D    137
     102       0       0       1       0       0       0               0D    138
     126    1805       0       0       0       0       0       000010000D    139
     126       0       0     318       0       0       0              17D    140
     126    2123       0       0       0       0       0       000010000D    141
     126       0       0       3       0       0       0              18D    142
     126    2126       0       0       0       0       0       000010000D    143
     126       0       0      92       0       0       0              19D    144
     126    2218       0       0       0       0       0       000010000D    145
     126       0       0       2       0       0       0              20D    146
     102    2220       0       0       0       0       0       000010001D    147
     102       0       0       1       0       0       0               0D    148
     142    2221       0       0       0       0       0       000010000D    149
     142       0       0       1       0       0       0    CONS       5D    150
     406    2222       0       0       0       0       0       000000000D    151
     406       0       0       1      15       0       0    NAME       0D    152
     144    2223       0       0      15       0       0       000010001D    153
     144       0     -11       1       0       0       0               5D    154
     308    2224       0       0       0       0       0       000010201D    155
     308       0     -13       1       0       0       0               0D    156
     408    2225       0       0       0       0       0       000000000D    157
     408       0     -13       1       0       0       0               0D    158
406,1,23HWingNoCap|ANSA_Thick=1.;                                      1P      1
314,54.11764705882353,14.117647058823529,56.470588235294116,;          3P      2
406,1,21HHTnoCap|ANSA_Thick=1.;                                        5P      3
314,68.62745098039215,96.47058823529412,30.980392156862745,;           7P      4
406,1,21HVTnoCap|ANSA_Thick=1.;                                        9P      5
314,68.62745098039215,96.47058823529412,30.980392156862745,;          11P      6
314,78.82352941176471,92.54901960784314,46.27450980392157,;           13P      7
128,92,1,5,1,0,0,1,0,0,0.,0.,0.,0.,0.,0.,174.2170254,                 15P      8
174.2170254,174.2170254,529.2293701,529.2293701,529.2293701,          15P      9
795.4141774,795.4141774,795.4141774,1140.307993,1140.307993,          15P     10
1140.307993,1514.170404,1514.170404,1514.170404,1784.576659,          15P     11
1784.576659,1784.576659,1989.994862,1989.994862,1989.994862,          15P     12
2194.788505,2194.788505,2194.788505,2323.527919,2323.527919,          15P     13
2323.527919,2400.391034,2400.391034,2400.391034,2502.265731,          15P     14
2502.265731,2502.265731,2566.125221,2566.125221,2566.125221,          15P     15
2605.292269,2605.292269,2605.292269,2636.689881,2636.689881,          15P     16
2636.689881,2661.017682,2661.017682,2661.017682,2701.599549,          15P     17
2701.599549,2701.599549,2756.98965,2756.98965,2756.98965,             15P     18
2825.61072,2825.61072,2825.61072,2928.411303,2928.411303,             15P     19
2928.411303,3047.819582,3047.819582,3047.819582,3234.0649,            15P     20
3234.0649,3234.0649,3441.810078,3441.810078,3441.810078,              15P     21
3811.716922,3811.716922,3811.716922,4117.000045,4117.000045,          15P     22
4117.000045,4379.008962,4379.008962,4379.008962,4623.450693,          15P     23
4623.450693,4623.450693,4898.626715,4898.626715,4898.626715,          15P     24
5088.706136,5088.706136,5088.706136,5189.484169,5189.484169,          15P     25
5189.484169,5247.354188,5247.354188,5247.354188,5247.354188,          15P     26
5247.354188,5247.354188,0.,0.,10026.2434,10026.2434,1.,1.,1.,1.,      15P     27
1.,1.,1.,1.,1.,1.,1.,1.,1.,1.,1.,1.,1.,1.,1.,1.,1.,1.,1.,1.,1.,       15P     28
1.,1.,1.,1.,1.,1.,1.,1.,1.,1.,1.,1.,1.,1.,1.,1.,1.,1.,1.,1.,1.,       15P     29
1.,1.,1.,1.,1.,1.,1.,1.,1.,1.,1.,1.,1.,1.,1.,1.,1.,1.,1.,1.,1.,       15P     30
1.,1.,1.,1.,1.,1.,1.,1.,1.,1.,1.,1.,1.,1.,1.,1.,1.,1.,1.,1.,1.,       15P     31
1.,1.,1.,1.,1.,1.,1.,1.,1.,1.,1.,1.,1.,1.,1.,1.,1.,1.,1.,1.,1.,       15P     32
1.,1.,1.,1.,1.,1.,1.,1.,1.,1.,1.,1.,1.,1.,1.,1.,1.,1.,1.,1.,1.,       15P     33
1.,1.,1.,1.,1.,1.,1.,1.,1.,1.,1.,1.,1.,1.,1.,1.,1.,1.,1.,1.,1.,       15P     34
1.,1.,1.,1.,1.,1.,1.,1.,1.,1.,1.,1.,1.,1.,1.,1.,1.,1.,1.,1.,1.,       15P     35
1.,1.,1.,1.,1.,1.,1.,1.,1.,1.,1.,1.,1.,1.,11470.860916813988,         15P     36
1.2521595878888599D-8,-71.46792515164725,11431.825015400087,          15P     37
1.230352904829952D-8,-60.193536095019084,11392.738956690275,          15P     38
1.2088204484852587D-8,-49.09280503058976,11354.229731241734,          15P     39
1.1871603667292296D-8,-38.341112561745746,11235.204031909183,         15P     40
1.1207992156499021D-8,-5.666038396275084,11115.842090646873,          15P     41
1.0542358537280323D-8,25.76761158341661,11029.974443705858,           15P     42
1.0063760121651037D-8,48.201360179095076,10889.498376964799,          15P     43
9.279998805206666D-9,83.66494887688383,10748.496670428693,            15P     44
8.497378893702795D-9,116.9646442954512,10687.988688706275,            15P     45
8.15684942161084D-9,130.8306824024814,10548.938828645081,             15P     46
7.384973727869286D-9,162.08496830669466,10409.559411448632,           15P     47
6.609133540809462D-9,191.84170846431869,10333.007117536285,           15P     48
6.183536804364162D-9,207.62031279759591,10168.465724035086,           15P     49
5.2675959583639555D-9,239.69223582372416,10003.314639674629,          15P     50
4.350079032743424D-9,268.47184680474896,9914.990583045575,            15P     51
3.859992233921609D-9,283.03591471650316,9766.427554571143,            15P     52
3.034761187362563D-9,305.6877983932342,9617.2741075047,               15P     53
2.2070716295406955D-9,323.97068873804204,9554.566301474795,           15P     54
1.8597094764256849D-9,330.72457009011623,9444.027959244808,           15P     55
1.2487323994780757D-9,340.7471962930007,9333.23233586478,             15P     56
6.334289330693074D-10,347.21000304205415,9285.33030212219,            15P     57
3.6902855339653855D-10,349.3150439693377,9189.675161874124,           15P     58
-1.5865956677175733D-10,351.9777410374685,9093.992989992865,          15P     59
-6.86803085476017D-10,350.6164056353242,9046.074377383937,            15P     60
-9.512816796032764D-10,348.6778566339667,8968.358198449665,           15P     61
-1.3798398935062494D-9,343.65407125069385,8891.32851441088,           15P     62
-1.8020002504109306D-9,332.5714700040411,8862.498276917362,           15P     63
-1.9603319700940474D-9,327.2435716524247,8815.743690146477,           15P     64
-2.2187783254728263D-9,316.46999885268485,8769.681117240138,          15P     65
-2.4685811199778198D-9,303.10548234731,8752.092273277409,             15P     66
-2.5634136882841818D-9,297.66381119409726,8712.59843307949,           15P     67
-2.780403321050793D-9,284.22417403087854,8674.477695067333,           15P     68
-2.988176886914172D-9,267.215353910553,8653.671293682619,             15P     69
-3.1012170497385924D-9,256.00208913331085,8620.424055200576,          15P     70
-3.2790675195881807D-9,236.03976548088906,8590.143616805344,          15P     71
-3.4430804987848384D-9,211.9360097201746,8579.275813812088,           15P     72
-3.4990340380774522D-9,202.0374412379915,8562.767395550136,           15P     73
-3.5860719782398167D-9,184.43942422306546,8549.069076880185,          15P     74
-3.6588565473412625D-9,164.65194588821186,8544.26135217468,           15P     75
-3.6845797326314724D-9,156.6867358144439,8536.761512874651,           15P     76
-3.7224469346823513D-9,141.97226251160558,8531.572884612786,          15P     77
-3.749295501778849D-9,126.31477794484482,8529.785312927535,           15P     78
-3.754878014515289D-9,119.13875772202769,8527.749505603184,           15P     79
-3.766325850156811D-9,106.24375456140075,8527.894460954798,           15P     80
-3.761276330931676D-9,93.21301329643586,8528.388564431125,            15P     81
-3.75693427475955D-9,87.65166128887599,8530.933803829777,             15P     82
-3.740997048584262D-9,72.6826262367865,8536.516412300474,             15P     83
-3.708155551794554D-9,58.47573381383714,8541.094234729835,            15P     84
-3.6790272316503615D-9,50.03640550334639,8553.657601196843,           15P     85
-3.606728853264382D-9,31.42038584773161,8569.631698568981,            15P     86
-3.515959462859989D-9,15.539209065822718,8579.553361324995,           15P     87
-3.4583994462376916D-9,7.234850663400579,8603.113211051292,           15P     88
-3.324683520091992D-9,-9.627174840862523,8628.704886102745,           15P     89
-3.1809935290896112D-9,-23.265913884363982,8643.285436098447,         15P     90
-3.100088524655079D-9,-30.164424339746773,8679.8672083309,            15P     91
-2.894119208966997D-9,-46.3127834354685,8717.220689644735,            15P     92
-2.686207234684622D-9,-60.61423864631897,8738.364837652349,           15P     93
-2.565277967065424D-9,-68.29397436211127,8787.682631372685,           15P     94
-2.2909609275398523D-9,-84.25622406466408,8837.71905662318,           15P     95
-2.011813293173857D-9,-97.82047285862964,8865.661233309913,           15P     96
-1.8563432968126384D-9,-105.03043179315188,8934.854016606205,         15P     97
-1.4719809956639925D-9,-122.19471182124602,9004.525374698942,         15P     98
-1.0836538138716998D-9,-137.33315848472637,9046.606059436866,         15P     99
-8.492276000069251D-10,-145.4599876967921,9137.199678941744,          15P    100
-3.467755642101935D-10,-160.92642722083684,9228.345962608157,         15P    101
1.61839306721854D-10,-172.73716293724016,9277.11346876341,            15P    102
4.306493737469956D-10,-178.17344494096056,9411.236196323216,          15P    103
1.172983330951213D-9,-191.02239287816906,9545.809859326935,           15P    104
1.9170698106508944D-9,-198.2880578577894,9632.469994934852,           15P    105
2.395977356732136D-9,-200.88398054470844,9789.939005605003,           15P    106
3.2667540619215935D-9,-203.09800594146265,9947.409652221591,          15P    107
4.136357677836649D-9,-201.40982491875928,10018.257325838778,          15P    108
4.5272349063086495D-9,-199.98412549351934,10150.512240195412,         15P    109
5.2557642425108235D-9,-196.17443886094424,10282.695618547239,         15P    110
5.9841978965013836D-9,-190.4178682863727,10343.734468475473,          15P    111
6.322112766378361D-9,-187.37620597278612,10461.668184676206,          15P    112
6.97226067390868D-9,-180.77955299968204,10579.518488072292,           15P    113
7.622037050012914D-9,-172.83504064324316,10635.760186163327,          15P    114
7.932611721513974D-9,-168.73994400588995,10756.583105271688,          15P    115
8.595302341766026D-9,-159.33808088672214,10877.306798212207,          15P    116
9.260440943142379D-9,-148.73322421031554,10941.21605254913,           15P    117
9.612445229104868D-9,-142.8097836693533,11049.20884191255,            15P    118
1.0206179215829158D-8,-132.22702109962034,11157.094761783163,         15P    119
1.079952520181269D-8,-120.61424069914906,11198.651666400725,          15P    120
1.1028042971762312D-8,-115.97283655769866,11266.03829977743,          15P    121
1.140006199607732D-8,-108.18522041612714,11333.37997833863,           15P    122
1.1770043910556902D-8,-100.02067806703099,11356.707829675823,         15P    123
1.1897349270750587D-8,-97.14805781761784,11393.42251462989,           15P    124
1.2099599441672746D-8,-92.55831165520983,11430.123755582506,          15P    125
1.2300258673438679D-8,-87.86262641230222,11443.509509325042,          15P    126
1.2374341239657558D-8,-86.13572508618721,11456.893385400286,          15P    127
1.2446998422349403D-8,-84.39478167436864,11470.275424011632,          15P    128
1.2520233897892455D-8,-82.6397933430459,10583.92072304552,            15P    129
-9999.999999989708,-27.99252032983953,10556.679404278195,             15P    130
-9999.999999989857,-22.06610691224119,10529.41530652422,              15P    131
-9999.999999990008,-16.244358991019446,10502.5784770573,              15P    132
-9999.999999990157,-10.558220883709573,10419.669122580926,            15P    133
-9999.999999990616,6.709447032963176,10336.64381303614,               15P    134
-9999.999999991078,23.414095600571855,10276.876271068768,             15P    135
-9999.999999991414,35.07677295564845,10179.227859522429,              15P    136
-9999.999999991956,53.68715629300084,10081.44163668519,               15P    137
-9999.9999999925,71.55708453807378,10039.514337671746,                15P    138
-9999.999999992733,79.05290425499209,9943.196669099774,               15P    139
-9999.999999993268,95.93769071572174,9846.750875694195,               15P    140
-9999.9999999938,112.07682837637071,9793.814354124706,                15P    141
-9999.999999994097,120.65397353217318,9680.17839539657,               15P    142
-9999.999999994729,138.43682247211714,9566.318964977112,              15P    143
-9999.999999995362,154.7305148794463,9505.459243288773,               15P    144
-9999.999999995698,163.0089046561011,9403.169002967099,               15P    145
-9999.999999996266,175.92667565375484,9300.665277320903,              15P    146
-9999.999999996835,186.99898977550063,9257.608177274773,              15P    147
-9999.999999997073,191.28407844451428,9181.761945986844,              15P    148
-9999.999999997493,198.04742742103087,9105.798156921002,              15P    149
-9999.999999997912,203.2989922486332,9072.958592090798,               15P    150
-9999.999999998094,205.24699624837092,9007.384921428482,              15P    151
-9999.999999998461,208.36322428900422,8941.754484991552,              15P    152
-9999.999999998823,209.87567960595396,8908.851441105086,              15P    153
-9999.999999999003,210.21920235701432,8855.45139080317,               15P    154
-9999.999999999302,209.54101872583647,8802.193006139816,              15P    155
-9999.999999999589,205.86685450071792,8782.186325629624,              15P    156
-9999.999999999702,203.95807023394718,8749.517018158505,              15P    157
-9999.999999999882,199.90129290787658,8717.12949362907,               15P    158
-10000.00000000006,194.07324323490866,8704.747848044051,              15P    159
-10000.000000000126,191.55499422370028,8676.869611730117,             15P    160
-10000.000000000282,185.1069385433185,8649.486605168257,              15P    161
-10000.00000000043,176.77169191069083,8634.223371187463,              15P    162
-10000.000000000513,171.35928962719626,8609.521925294775,             15P    163
-10000.000000000648,161.54912360696636,8586.037831353913,             15P    164
-10000.000000000773,149.176830201719,8577.393015700614,               15P    165
-10000.00000000082,144.00544797585835,8563.752332772963,              15P    166
-10000.000000000891,134.6744472484682,8551.278133418842,              15P    167
-10000.00000000096,123.87029006809713,8546.662681987324,              15P    168
-10000.000000000984,119.47780099864323,8539.03766780587,              15P    169
-10000.000000001026,111.03975197426101,8533.399263421015,             15P    170
-10000.000000001057,101.197223346009,8531.415350847808,               15P    171
-10000.000000001066,96.49180268214337,8529.167013862965,              15P    172
-10000.000000001075,87.70639490216993,8529.844025550969,              15P    173
-10000.00000000107,78.72310374376929,8530.792700886313,               15P    174
-10000.000000001064,74.94165394440353,8535.006395401471,              15P    175
-10000.000000001039,65.34169164695527,8542.44683954138,               15P    176
-10000.000000000997,57.7189068764271,8547.71029667832,                15P    177
-10000.000000000966,53.77119553283141,8560.948869778636,              15P    178
-10000.00000000089,45.91010091338052,8575.348861160353,               15P    179
-10000.00000000081,40.36627737705942,8583.684989890122,               15P    180
-10000.000000000764,37.43529730230355,8602.664261520085,              15P    181
-10000.000000000657,31.611198077199816,8621.985976404645,             15P    182
-10000.000000000551,27.030621521508706,8632.801955140436,             15P    183
-10000.000000000487,24.70418677371086,8659.661466430332,              15P    184
-10000.000000000338,19.128789708255283,8686.61646692913,              15P    185
-10000.000000000191,14.03301212557318,8701.80291798024,               15P    186
-10000.000000000104,11.313572900947435,8736.83287546524,              15P    187
-9999.999999999913,5.206760735021589,8771.88783663955,                15P    188
-9999.999999999716,-0.7550760992402843,8791.409115783095,             15P    189
-9999.999999999607,-4.071172785542785,8839.667279286814,              15P    190
-9999.999999999336,-12.040142154552115,8888.013201134418,             15P    191
-9999.99999999907,-19.462984612455415,8917.101359321385,              15P    192
-9999.999999998907,-23.717996632579798,8979.615112712456,             15P    193
-9999.999999998565,-31.940059746317587,9042.329235097464,             15P    194
-9999.999999998217,-38.47314263425474,9075.850250341782,              15P    195
-9999.999999998028,-41.580339937181236,9167.972988507157,             15P    196
-9999.999999997517,-49.24265996398836,9260.269675180705,              15P    197
-9999.999999997008,-54.55177720968075,9319.686937171527,              15P    198
-9999.999999996679,-57.21570678614944,9427.675332188242,              15P    199
-9999.999999996082,-60.85774066323316,9535.708558535327,              15P    200
-9999.999999995485,-62.66169041044324,9584.32578657696,               15P    201
-9999.99999999522,-63.12697625791799,9675.105324305829,               15P    202
-9999.999999994714,-63.508997989666426,9765.883962037715,             15P    203
-9999.999999994216,-63.00732064033406,9807.81368493759,               15P    204
-9999.999999993983,-62.55702463823772,9888.84932465954,               15P    205
-9999.999999993533,-61.419122547495675,9969.875580322216,             15P    206
-9999.999999993088,-59.743716162082876,10008.554562244675,            15P    207
-9999.999999992877,-58.78036848294602,10091.673750494801,             15P    208
-9999.999999992417,-56.498260732712595,10174.77735932142,             15P    209
-9999.999999991955,-53.70251132040592,10218.782195043981,             15P    210
-9999.99999999172,-51.99873764460692,10293.172376857481,              15P    211
-9999.999999991303,-48.97571741066189,10367.54079845546,              15P    212
-9999.999999990896,-45.463748317611085,10396.193999519608,            15P    213
-9999.999999990736,-43.9998819166696,10442.675195447373,              15P    214
-9999.99999999048,-41.58786782132916,10489.144819516865,              15P    215
-9999.999999990225,-38.964832444387945,10505.242763019905,            15P    216
-9999.999999990136,-37.99930444858676,10530.58647361769,              15P    217
-9999.999999989996,-36.51413194413998,10555.925206109814,             15P    218
-9999.999999989857,-34.94644032719781,10565.1653143466,               15P    219
-9999.999999989806,-34.33185349465459,10574.4066273232,               15P    220
-9999.999999989755,-33.736123893501976,10583.649564171514,            15P    221
-9999.999999989706,-33.16653986883235,0.,5247.354188,0.,              15P    222
10026.2434;                                                           15P    223
126,1,1,0,0,1,0,0.,0.,10026.2434,10026.2434,1.,1.,5247.354188,        17P    224
0.,0.,5247.354188,10026.2434,0.,0.,10026.2434,0.,0.,0.,0,0;           17P    225
126,1,1,0,0,1,0,0.,0.,5247.354188,5247.354188,1.,1.,5247.354188,      19P    226
10026.2434,0.,0.,10026.2434,0.,0.,5247.354188,0.,0.,0.,0,0;           19P    227
126,1,1,0,0,1,0,0.,0.,10026.2434,10026.2434,1.,1.,0.,10026.2434,      21P    228
0.,0.,0.,0.,0.,10026.2434,0.,0.,0.,0,0;                               21P    229
126,1,1,0,0,1,0,0.,0.,5247.354188,5247.354188,1.,1.,0.,0.,0.,         23P    230
5247.354188,0.,0.,0.,5247.354188,0.,0.,0.,0,0;                        23P    231
102,4,17,19,21,23;                                                    25P    232
126,1,1,0,0,1,0,0.,0.,1.,1.,1.,1.,11470.275424011632,                 27P    233
1.2520233897892455D-8,-82.6397933430459,10583.649564171514,           27P    234
-9999.999999989706,-33.16653986883235,0.,1.,0.,0.,0.,0,0;             27P    235
126,155,5,0,0,1,0,0.,0.,0.,0.,0.,0.,1.,1.,1.,1.,1.,2.,2.,2.,2.,       29P    236
2.,3.,3.,3.,3.,3.,4.,4.,4.,4.,4.,5.,5.,5.,5.,5.,6.,6.,6.,6.,6.,       29P    237
7.,7.,7.,7.,7.,8.,8.,8.,8.,8.,9.,9.,9.,9.,9.,10.,10.,10.,10.,         29P    238
10.,11.,11.,11.,11.,11.,12.,12.,12.,12.,12.,13.,13.,13.,13.,13.,      29P    239
14.,14.,14.,14.,14.,15.,15.,15.,15.,15.,16.,16.,16.,16.,16.,17.,      29P    240
17.,17.,17.,17.,18.,18.,18.,18.,18.,19.,19.,19.,19.,19.,20.,20.,      29P    241
20.,20.,20.,21.,21.,21.,21.,21.,22.,22.,22.,22.,22.,23.,23.,23.,      29P    242
23.,23.,24.,24.,24.,24.,24.,25.,25.,25.,25.,25.,26.,26.,26.,26.,      29P    243
26.,27.,27.,27.,27.,27.,28.,28.,28.,28.,28.,29.,29.,29.,29.,29.,      29P    244
30.,30.,30.,30.,30.,31.,31.,31.,31.,31.,31.,1.,1.,1.,1.,1.,1.,        29P    245
1.,1.,1.,1.,1.,1.,1.,1.,1.,1.,1.,1.,1.,1.,1.,1.,1.,1.,1.,1.,1.,       29P    246
1.,1.,1.,1.,1.,1.,1.,1.,1.,1.,1.,1.,1.,1.,1.,1.,1.,1.,1.,1.,1.,       29P    247
1.,1.,1.,1.,1.,1.,1.,1.,1.,1.,1.,1.,1.,1.,1.,1.,1.,1.,1.,1.,1.,       29P    248
1.,1.,1.,1.,1.,1.,1.,1.,1.,1.,1.,1.,1.,1.,1.,1.,1.,1.,1.,1.,1.,       29P    249
1.,1.,1.,1.,1.,1.,1.,1.,1.,1.,1.,1.,1.,1.,1.,1.,1.,1.,1.,1.,1.,       29P    250
1.,1.,1.,1.,1.,1.,1.,1.,1.,1.,1.,1.,1.,1.,1.,1.,1.,1.,1.,1.,1.,       29P    251
1.,1.,1.,1.,1.,1.,1.,1.,1.,1.,1.,1.,1.,1.,1.,1.,1.,1.,1.,1.,1.,       29P    252
1.,1.,1.,10583.649564171514,-9999.999999989706,                       29P    253
-33.16653986883235,10574.406627323217,-9999.99999998977,              29P    254
-33.736123893501926,10565.165314346557,-9999.999999989755,            29P    255
-34.33185349465469,10555.925206109865,-9999.99999998994,              29P    256
-34.94644032719778,10546.682401598342,-9999.999999989841,             29P    257
-35.51828689269217,10537.438934715097,-9999.99999998996,              29P    258
-36.07915371175426,10521.341853243623,-9999.999999990046,             29P    259
-37.055878029056466,10505.242763019958,-9999.99999999017,             29P    260
-37.9993044485865,10489.144819516787,-9999.999999990172,              29P    261
-38.96483244438831,10473.04374579998,-9999.999999990336,              29P    262
-39.873677454691574,10456.941282852007,-9999.999999990403,            29P    263
-40.757188823826745,10441.755697547833,-9999.999999990496,            29P    264
-41.59039286886017,10426.568876714711,-9999.999999990516,             29P    265
-42.4010661420687,10411.596802074713,-9999.99999999072,               29P    266
-43.18642170414272,10396.73166330672,-9999.999999990683,              29P    267
-43.95027620813559,10381.86560076006,-9999.999999990816,              29P    268
-44.69550070632842,10366.999538213366,-9999.999999990907,             29P    269
-45.440725204520135,10352.132551887738,-9999.99999999093,             29P    270
-46.1673196969045,10337.156782132577,-9999.999999991125,              29P    271
-46.878155235755905,10321.964319966066,-9999.999999991103,            29P    272
-47.57515727253475,10306.770949790129,-9999.999999991232,             29P    273
-48.25175646473619,10262.780378440386,-9999.99999999147,              29P    274
-50.21076784238685,10218.78219504401,-9999.999999991738,              29P    275
-51.99873764460725,10174.777359321397,-9999.999999991942,             29P    276
-53.70251132040568,10130.767853567002,-9999.9999999922,               29P    277
-55.18306735865859,10086.753978585682,-9999.999999992444,             29P    278
-56.5195733321828,10047.655994283674,-9999.999999992684,              29P    279
-57.706805530997634,10008.5545622446,-9999.999999992815,              29P    280
-58.78036848294562,9969.8755803223,-9999.999999993166,                29P    281
-59.7437161620834,9930.767725946138,-9999.999999993248,               29P    282
-60.55236205600334,9891.657685484457,-9999.999999993519,              29P    283
-61.23579236767427,9849.736941005656,-9999.999999993765,              29P    284
-61.96833846392877,9807.813684937637,-9999.99999999394,               29P    285
-62.55702463823822,9765.883962037644,-9999.999999994307,              29P    286
-63.007320640333305,9723.957033962317,-9999.999999994361,             29P    287
-63.23902482391892,9682.02991390508,-9999.999999994678,               29P    288
-63.2822238800192,9633.177980558668,-9999.999999994956,               29P    289
-63.3325578263144,9584.325786577,-9999.99999999519,                   29P    290
-63.12697625791805,9535.708558535236,-9999.999999995525,              29P    291
-62.6616904104431,9486.86197855211,-9999.999999995729,                29P    292
-61.846045274289686,9438.024563627525,-9999.999999996024,             29P    293
-60.65463281027854,9378.849022424003,-9999.99999999636,               29P    294
-59.21101673306571,9319.686937171413,-9999.999999996595,              29P    295
-57.21570678614857,9260.269675180962,-9999.999999997257,              29P    296
-54.55177720968319,9201.166314023869,-9999.99999999698,               29P    297
-51.15201622904323,9142.134282969808,-9999.99999999766,               29P    298
-46.78729040581003,9108.981017497683,-9999.999999997874,              29P    299
-44.335995552045425,9075.850250341766,-9999.999999997954,             29P    300
-41.58033993718129,9042.329235097472,-9999.99999999831,               29P    301
-38.47314263425488,9009.26103510213,-9999.999999998337,               29P    302
-35.02834769320289,8976.24854353824,-9999.999999998581,               29P    303
-31.11396692823057,8946.652564230866,-9999.999999998734,              29P    304
-27.604691298519555,8917.10135932146,-9999.999999998941,              29P    305
-23.717996632579794,8888.01320113433,-9999.999999999036,              29P    306
-19.462984612455557,8858.55435727695,-9999.999999999241,              29P    307
-14.939989733268048,8829.128097098845,-9999.999999999396,             29P    308
-10.214224115445752,8810.261909626304,-9999.999999999483,             29P    309
-7.184373242192538,8791.409115783135,-9999.99999999969,               29P    310
-4.071172785543485,8771.887836639487,-9999.999999999587,              29P    311
-0.755076099239301,8753.050367483043,-9999.999999999913,              29P    312
2.4486335532481087,8734.220118542979,-9999.999999999927,              29P    313
5.694207159162225,8718.008842530297,-10000.000000000031,              29P    314
8.488375718087905,8701.802917980222,-10000.00000000007,               29P    315
11.313572900949458,8686.616466929147,-10000.00000000024,              29P    316
14.033012125570302,8670.451707591272,-10000.000000000244,             29P    317
17.088920741379155,8654.32128934482,-10000.00000000037,               29P    318
20.317316454737814,8643.553971423873,-10000.000000000438,             29P    319
22.47232337949645,8632.801955140458,-10000.000000000455,              29P    320
24.704186773711193,8621.985976404612,-10000.000000000617,             29P    321
27.030621521507573,8611.294385163963,-10000.000000000555,             29P    322
29.56526466642794,8600.707647191139,-10000.00000000067,               29P    323
32.480664079294385,8592.162159841948,-10000.000000000753,             29P    324
34.83393936244195,8583.684989890064,-10000.000000000662,              29P    325
37.43529730229948,8575.348861160435,-10000.000000000937,              29P    326
40.366277377065686,8567.037924189282,-10000.000000000771,             29P    327
43.56588818010696,8559.113856432068,-10000.0000000009,                29P    328
47.5373835456264,8553.3082439125,-10000.00000000092,                  29P    329
50.447121816626904,8547.710296678375,-10000.00000000098,              29P    330
53.77119553283659,8542.446839541322,-10000.000000000991,              29P    331
57.71890687642172,8537.79503459755,-10000.000000001019,               29P    332
62.4847121448714,8534.404506836021,-10000.000000001044,               29P    333
68.02335980586858,8532.371971352453,-10000.000000001071,              29P    334
71.34363873995372,8530.792700886312,-10000.000000001013,              29P    335
74.94165394440394,8529.844025550963,-10000.000000001137,              29P    336
78.72310374376762,8529.548465505139,-10000.00000000103,               29P    337
82.6449000636419,8529.810446388703,-10000.000000001071,               29P    338
86.5289818766042,8530.148560554233,-10000.000000001088,               29P    339
91.54180213683959,8531.415350847716,-10000.000000001002,              29P    340
96.49180268213604,8533.399263421219,-10000.000000001197,              29P    341
101.19722334602349,8535.908060787227,-10000.000000000857,             29P    342
105.57663784283642,8538.810164815988,-10000.000000001026,             29P    343
109.67799512594061,8542.430403443828,-10000.000000000984,             29P    344
114.7942459278138,8546.662681987436,-10000.000000001137,              29P    345
119.47780099864283,8551.2781334186,-10000.000000000588,               29P    346
123.87029006810292,8556.020383079722,-10000.000000001412,             29P    347
127.97764872632744,8560.93121896853,-10000.000000000908,              29P    348
131.87209920826228,8568.938038255768,-10000.000000000879,             29P    349
138.22176389592812,8577.39301570059,-10000.000000000793,              29P    350
144.00544797586048,8586.037831353931,-10000.000000000788,             29P    351
149.1768302017179,8595.086551411741,-10000.000000000717,              29P    352
153.94403219722233,8604.316006711013,-10000.000000000673,             29P    353
158.3308456692398,8619.03970654152,-10000.000000000613,               29P    354
165.32910533679026,8634.22337118744,-10000.000000000491,              29P    355
171.35928962719655,8649.486605168271,-10000.000000000437,             29P    356
176.7716919106904,8665.094021781571,-10000.00000000034,               29P    357
181.5225094104558,8680.862320045613,-10000.000000000258,              29P    358
185.66024905228323,8692.759293077323,-10000.000000000191,             29P    359
188.782119028788,8704.747848044048,-10000.000000000124,               29P    360
191.55499422370175,8717.129493629065,-10000.00000000005,              29P    361
194.07324323490613,8729.237350641239,-10000.000000000005,             29P    362
196.2520201907087,8741.38458928959,-9999.999999999927,                29P    363
198.1832463091677,8761.730217817747,-9999.999999999789,               29P    364
201.4178916757013,8782.186325629638,-9999.999999999762,               29P    365
203.95807023394843,8802.193006139807,-9999.99999999953,               29P    366
205.86685450071658,8822.750048652533,-9999.999999999502,              29P    367
207.2850340165244,8843.328197353707,-9999.999999999365,               29P    368
208.25685454475396,8876.063114406432,-9999.999999999163,              29P    369
209.8027887706032,8908.851441105131,-9999.999999999076,               29P    370
210.21920235701575,8941.754484991514,-9999.99999999876,               29P    371
209.87567960595277,8974.519741043183,-9999.999999998663,              29P    372
209.1206033270679,9007.270848832055,-9999.999999998461,               29P    373
207.96580383418566,9040.121837806617,-9999.999999998285,              29P    374
206.80748254462821,9072.958592090774,-9999.999999998061,              29P    375
205.24699624836884,9105.798156921031,-9999.999999997992,              29P    376
203.29899224863692,9138.592488487224,-9999.999999997659,              29P    377
201.0318389073356,9171.364910390523,-9999.999999997552,               29P    378
198.48292895455955,9214.505526678277,-9999.999999997257,              29P    379
195.1276216614493,9257.608177274875,-9999.999999997326,               29P    380
191.28407844451692,9300.66527732064,-9999.999999996253,               29P    381
186.99898977549446,9343.68715629546,-9999.999999997319,               29P    382
182.3518244641272,9386.671428374744,-9999.999999996358,               29P    383
177.37956934912938,9446.101279931889,-9999.999999996011,              29P    384
170.5049529117344,9505.459243288733,-9999.999999995738,               29P    385
163.0089046561019,9566.318964977138,-9999.999999995336,               29P    386
154.73051487944548,9625.543163107628,-9999.99999999503,               29P    387
146.25531994957146,9684.706899186413,-9999.999999994703,              29P    388
137.37722182064712,9739.286354304117,-9999.999999994421,              29P    389
129.18703995463505,9793.814354124632,-9999.999999994043,              29P    390
120.6539735321721,9846.750875694297,-9999.999999993863,               29P    391
112.07682837637223,9901.185045765984,-9999.999999993459,              29P    392
102.96787159130201,9955.578401764087,-9999.999999993199,              29P    393
93.62138891585279,9997.558525297365,-9999.999999993033,               29P    394
86.40788847784329,10039.514337671619,-9999.999999992548,              29P    395
79.05290425499105,10081.441636685353,-9999.999999992746,              29P    396
71.55708453807557,10123.343320874592,-9999.999999992098,              29P    397
63.899767708681175,10165.219700875523,-9999.999999992035,             29P    398
56.10649238675407,10221.070491168332,-9999.99999999174,               29P    399
45.712552278022606,10276.876271068752,-9999.999999991387,             29P    400
35.07677295564863,10336.643813036164,-9999.999999991125,              29P    401
23.414095600571354,10392.338019511035,-9999.999999990732,             29P    402
12.208450580803543,10447.980047824709,-9999.999999990461,             29P    403
0.7494547175682,10475.285545238403,-9999.999999990325,                29P    404
-4.8738769867159135,10502.578477057225,-9999.999999990087,            29P    405
-10.558220883709541,10529.415306524303,-9999.999999990097,            29P    406
-16.244358991019578,10556.679404278155,-9999.999999989803,            29P    407
-22.06610691224129,10583.92072304552,-9999.999999989708,              29P    408
-27.99252032983953,0.,31.,0.,0.,0.,0,0;                               29P    409
126,1,1,0,0,1,0,0.,0.,1.,1.,1.,1.,10583.92072304552,                  31P    410
-9999.999999989708,-27.99252032983953,11470.860916813988,             31P    411
1.2521595878888599D-8,-71.46792515164725,0.,1.,0.,0.,0.,0,0;          31P    412
126,185,5,0,0,1,0,0.,0.,0.,0.,0.,0.,1.,1.,1.,1.,1.,2.,2.,2.,2.,       33P    413
2.,3.,3.,3.,3.,3.,4.,4.,4.,4.,4.,5.,5.,5.,5.,5.,6.,6.,6.,6.,6.,       33P    414
7.,7.,7.,7.,7.,8.,8.,8.,8.,8.,9.,9.,9.,9.,9.,10.,10.,10.,10.,         33P    415
10.,11.,11.,11.,11.,11.,12.,12.,12.,12.,12.,13.,13.,13.,13.,13.,      33P    416
14.,14.,14.,14.,14.,15.,15.,15.,15.,15.,16.,16.,16.,16.,16.,17.,      33P    417
17.,17.,17.,17.,18.,18.,18.,18.,18.,19.,19.,19.,19.,19.,20.,20.,      33P    418
20.,20.,20.,21.,21.,21.,21.,21.,22.,22.,22.,22.,22.,23.,23.,23.,      33P    419
23.,23.,24.,24.,24.,24.,24.,25.,25.,25.,25.,25.,26.,26.,26.,26.,      33P    420
26.,27.,27.,27.,27.,27.,28.,28.,28.,28.,28.,29.,29.,29.,29.,29.,      33P    421
30.,30.,30.,30.,30.,31.,31.,31.,31.,31.,32.,32.,32.,32.,32.,33.,      33P    422
33.,33.,33.,33.,34.,34.,34.,34.,34.,35.,35.,35.,35.,35.,36.,36.,      33P    423
36.,36.,36.,37.,37.,37.,37.,37.,37.,1.,1.,1.,1.,1.,1.,1.,1.,1.,       33P    424
1.,1.,1.,1.,1.,1.,1.,1.,1.,1.,1.,1.,1.,1.,1.,1.,1.,1.,1.,1.,1.,       33P    425
1.,1.,1.,1.,1.,1.,1.,1.,1.,1.,1.,1.,1.,1.,1.,1.,1.,1.,1.,1.,1.,       33P    426
1.,1.,1.,1.,1.,1.,1.,1.,1.,1.,1.,1.,1.,1.,1.,1.,1.,1.,1.,1.,1.,       33P    427
1.,1.,1.,1.,1.,1.,1.,1.,1.,1.,1.,1.,1.,1.,1.,1.,1.,1.,1.,1.,1.,       33P    428
1.,1.,1.,1.,1.,1.,1.,1.,1.,1.,1.,1.,1.,1.,1.,1.,1.,1.,1.,1.,1.,       33P    429
1.,1.,1.,1.,1.,1.,1.,1.,1.,1.,1.,1.,1.,1.,1.,1.,1.,1.,1.,1.,1.,       33P    430
1.,1.,1.,1.,1.,1.,1.,1.,1.,1.,1.,1.,1.,1.,1.,1.,1.,1.,1.,1.,1.,       33P    431
1.,1.,1.,1.,1.,1.,1.,1.,1.,1.,1.,1.,1.,1.,1.,1.,1.,1.,1.,1.,1.,       33P    432
1.,1.,1.,1.,1.,1.,1.,1.,1.,11470.860916813988,                        33P    433
1.2521595878888599D-8,-71.46792515164725,11431.825015400094,          33P    434
1.230352904829955D-8,-60.19353609501921,11392.738956690242,           33P    435
1.2088204484852483D-8,-49.092805030589304,11354.229731241772,         33P    436
1.1871603667292441D-8,-38.34111256174636,11315.047659241518,          33P    437
1.1653149382697664D-8,-27.58480433804064,11275.829150025747,          33P    438
1.1434475970165403D-8,-16.963024371283442,11195.911272422365,         33P    439
1.0988872213997308D-8,4.681605378468419,11115.8420906469,             33P    440
1.0542358537280361D-8,25.767611583416347,11029.97444370584,           33P    441
1.0063760121651007D-8,48.20136017909557,10949.6927848679,             33P    442
9.615842835262591D-9,68.46869677995278,10869.239447401456,            33P    443
9.16829834187149D-9,88.02928660506502,10808.916316530494,             33P    444
8.832733828383492D-9,102.69562683521023,10748.496670428663,           33P    445
8.497378893702823D-9,116.96464429545088,10687.988688706313,           33P    446
8.156849421610783D-9,130.83068240248133,10627.418806503803,           33P    447
7.820621684134009D-9,144.4449961076979,10566.786392194042,            33P    448
7.483641700399092D-9,157.77515668321348,10527.505892054947,           33P    449
7.265330382127344D-9,166.4110551593212,10488.199146868621,            33P    450
7.046703342229945D-9,174.92769310459857,10449.143489977923,           33P    451
6.8294545398448075D-9,183.2576819725056,10410.195321239811,           33P    452
6.612793171269448D-9,191.4065273493539,10371.212400881108,            33P    453
6.39592846947877D-9,199.3850470844334,10332.229480522448,             33P    454
6.179063767688091D-9,207.36356681951412,10293.211808543252,           33P    455
5.961995732682053D-9,215.1717609128273,10254.01714517081,             33P    456
5.743933597435604D-9,222.82044721367492,10214.504611002289,           33P    457
5.524086631600918D-9,230.32575583433666,10174.956980862584,           33P    458
5.304148941025485D-9,237.64154728025392,10089.218288635488,           33P    459
4.827327197351951D-9,253.50207770806253,10003.3146396746,             33P    460
4.350079032743422D-9,268.47184680474794,9914.9905830456,              33P    461
3.85999223392161D-9,283.0359147165043,9828.781001636391,              33P    462
3.381119234223963D-9,296.180567393239,9742.372605015677,              33P    463
2.901418365208889D-9,307.8540226090244,9679.87535938924,              33P    464
2.5544615391304067D-9,316.29716964637237,9617.274107504725,           33P    465
2.207071629540673D-9,323.97068873804665,9554.566301474664,            33P    466
1.8597094764257056D-9,330.7245700901035,9491.74847306416,             33P    467
1.5124973470562132D-9,336.42032778232584,9428.847554815175,           33P    468
1.1638879952347895D-9,340.96642945982325,9381.063920543402,           33P    469
8.990616264802923D-10,344.41994438406266,9333.232335864857,           33P    470
6.33428933069288D-10,347.21000304205654,9285.330302122018,            33P    471
3.6902855339658254D-10,349.31504396933315,9237.429913069564,          33P    472
1.0478278271384733D-10,350.64841952200413,9189.522745514369,          33P    473
-1.5957718454570603D-10,350.972721269213,9141.761236426479,           33P    474
-4.231333834014422D-10,351.2960369991399,9093.992989992847,           33P    475
-6.868030854759985D-10,350.6164056353221,9046.074377383959,           33P    476
-9.512816796032996D-10,348.6778566339683,8998.35563086103,            33P    477
-1.2144220071383659D-9,345.5931869477148,8950.895701152544,           33P    478
-1.4751502658028142D-9,340.2242709675833,8921.06096873774,            33P    479
-1.6390518534790592D-9,336.84920967675293,8891.328514410921,          33P    480
-1.8020002504108995D-9,332.5714700040412,8862.49827691732,            33P    481
-1.9603319700940863D-9,327.2435716524246,8833.222576214817,           33P    482
-2.1221599033579194D-9,320.4976261834135,8804.218194973986,           33P    483
-2.2805989359015235D-9,312.7358434780445,8792.68042300921,            33P    484
-2.343641594558516D-9,309.6479583231544,8781.15719543049,             33P    485
-2.4062337771293885D-9,306.39274977725495,8769.590254746243,          33P    486
-2.4689197322361885D-9,302.96341081840194,8758.023621198752,          33P    487
-2.531686883075102D-9,299.34997751504307,8746.6035927642,             33P    488
-2.5939658274164558D-9,295.53932902601815,8740.886377161063,          33P    489
-2.62512141532229D-9,293.6317752112076,8735.20648480736,              33P    490
-2.656165404025905D-9,291.67639521082526,8729.562731797028,           33P    491
-2.6870684840471604D-9,289.66533922666065,8723.953934223993,          33P    492
-2.717801345905918D-9,287.59075746050326,8718.378908182185,           33P    493
-2.74833468012204D-9,285.44480011414277,8696.20526681585,             33P    494
-2.869752761486572D-9,276.90982413314714,8674.47769506734,            33P    495
-2.9881768869142068D-9,267.2153539105517,8653.671293682624,           33P    496
-3.101217049738561D-9,256.00208913331204,8633.234639014352,           33P    497
-3.2105394717156407D-9,243.73150265795377,8613.918961441035,          33P    498
-3.3146335299271D-9,229.89611559009106,8601.811054814963,             33P    499
-3.3798842120411824D-9,221.2234933578369,8590.143616805342,           33P    500
-3.443080498784849D-9,211.93600972017393,8579.275813812088,           33P    501
-3.499034038077434D-9,202.03744123799268,8569.043312639282,           33P    502
-3.552983229978089D-9,191.12956824332093,8559.8904400909,             33P    503
-3.6014563357514886D-9,179.38051327781304,8554.276693434924,          33P    504
-3.6311864269334688D-9,172.17444570996219,8549.06907688019,           33P    505
-3.65885654734136D-9,164.65194588819742,8544.261352174617,            33P    506
-3.6845797326312635D-9,156.68673581447086,8540.098552186004,          33P    507
-3.7055979947526324D-9,148.51943957650758,8536.647796107896,          33P    508
-3.7232216071442564D-9,140.06161797457767,8533.881554944059,          33P    509
-3.737349282631025D-9,133.28154608803808,8531.572884612782,           33P    510
-3.749295501778848D-9,126.31477794483388,8529.785312927555,           33P    511
-3.754878014515282D-9,119.13875772205606,8528.638269145567,           33P    512
-3.761328118379268D-9,111.87326996371598,8528.183526509536,           33P    513
-3.762541000511796D-9,104.56469102174202,8527.83117842786,            33P    514
-3.763480777560979D-9,98.9017872921799,8527.894460954885,             33P    515
-3.761276330931696D-9,93.21301329643838,8528.388564431005,            33P    516
-3.756934274759527D-9,87.65166128887594,8529.342506725096,            33P    517
-3.750961086499158D-9,82.04134595173056,8530.723111544816,            33P    518
-3.742613337022167D-9,76.5380896158289,8533.026136021908,             33P    519
-3.72868822891133D-9,67.35795793477435,8536.51641230045,              33P    520
-3.7081555517945427D-9,58.47573381383209,8541.094234729859,           33P    521
-3.679027231650383D-9,50.0364055033515,8546.406669992548,             33P    522
-3.648455771700961D-9,42.16459825090152,8552.328954796982,            33P    523
-3.61458163601217D-9,34.781789608885944,8560.412268299233,            33P    524
-3.5683469027237534D-9,24.705010333425236,8569.631698568955,          33P    525
-3.515959462859968D-9,15.53920906582012,8579.553361325059,            33P    526
-3.458399446237743D-9,7.234850663406398,8590.076465375654,            33P    527
-3.398674676325439D-9,-0.2966425739807983,8601.004918389539,          33P    528
-3.3369600814034264D-9,-7.185090462674228,8614.543838263575,          33P    529
-3.2605037929744375D-9,-15.7189738863848,8628.704886102749,           33P    530
-3.1809935290895806D-9,-23.265913884368047,8643.285436098447,         33P    531
-3.1000885246551084D-9,-30.164424339743025,8657.929329149028,         33P    532
-3.0176378273112308D-9,-36.62870502132911,8672.696884472682,          33P    533
-2.9348758292669914D-9,-42.79702918505833,8683.758452710783,          33P    534
-2.8728833417613753D-9,-47.41738354680489,8694.889404003894,          33P    535
-2.8107161931158034D-9,-51.87168591212043,8705.897981738137,          33P    536
-2.748931007894174D-9,-56.13086665147232,8716.871325429713,           33P    537
-2.687197817360586D-9,-60.21799419174962,8727.897077560203,           33P    538
-2.6252020049814167D-9,-64.15658800482242,8738.922829690773,          33P    539
-2.5632061926022627D-9,-68.09518181789555,8750.000990260469,          33P    540
-2.500947758377601D-9,-71.88524190376282,8761.219201751643,           33P    541
-2.438112085773938D-9,-75.55028773430047,8772.665609612975,           33P    542
-2.3743999104603014D-9,-79.11428982636156,8784.150469097924,          33P    543
-2.3104292658110222D-9,-82.54998273035471,8797.489403375177,          33P    544
-2.2361313021520293D-9,-86.5403364249992,8810.887884417221,           33P    545
-2.1614426266006614D-9,-90.35978366073377,8824.423734609216,          33P    546
-2.086007866540394D-9,-94.07693304345031,8838.077056232723,           33P    547
-2.0099724550642754D-9,-97.71793964773195,8851.73023146571,           33P    548
-1.933982630974928D-9,-101.26650501685315,8865.407030375785,          33P    549
-1.8578558441315969D-9,-104.81869730466886,8879.06339028521,          33P    550
-1.7819066901149562D-9,-108.28134329360577,8892.687999918895,         33P    551
-1.7061650753347025D-9,-111.65446566106421,8906.269548001748,         33P    552
-1.6306609062005332D-9,-114.93808708444453,8919.796723258678,         33P    553
-1.555424089122145D-9,-118.13223024114708,8940.93446376791,           33P    554
-1.4378495491323047D-9,-123.1205045497969,8962.116626628005,          33P    555
-1.3199069803197089D-9,-127.92073661069108,8983.274439952958,         33P    556
-1.2020547697713912D-9,-132.4897537459342,9004.443316983788,          33P    557
-1.0841917666534725D-9,-136.82359106120288,9025.656463836414,         33P    558
-9.661557665868105D-10,-140.929036355951,9046.869610689022,           33P    559
-8.481197665202188D-10,-145.03448165069673,9068.127027363564,         33P    560
-7.299107695049371D-10,-148.9115349249201,9089.461919975738,          33P    561
-6.113665711625463D-10,-152.56698397805096,9110.905287517176,         33P    562
-4.922639135689201D-10,-156.01836930330745,9132.37952960217,          33P    563
-3.728169696331693D-10,-159.2655289977974,9156.332094668958,          33P    564
-2.3958228796543966D-10,-162.88747200812062,9180.326847874405,        33P    565
-1.0591309193789413D-10,-166.25569837992828,9204.418233496091,        33P    566
2.803049141817214D-11,-169.39684575095862,9228.593905363816,          33P    567
1.6207615711192516D-10,-172.3265645346793,9252.774726859589,          33P    568
2.960394221929923D-10,-175.0495179202873,9276.961209272406,           33P    569
4.300119157638493D-10,-177.77304350239996,9301.174541495304,          33P    570
5.639373845995601D-10,-180.2919971063333,9325.358230578488,           33P    571
6.976682597089605D-10,-182.61333070730328,9349.502211465617,          33P    572
8.312293639373739D-10,-184.74445298634288,9373.642846993824,          33P    573
9.648179119666115D-10,-186.69322933030224,9459.633896859303,          33P    574
1.4405845377078422D-9,-193.63539656723046,9545.809859326924,          33P    575
1.9170698106508936D-9,-198.2880578577889,9632.469994934856,           33P    576
2.395977356732138D-9,-200.88398054470844,9718.740330117127,           33P    577
2.873037559916911D-9,-202.09694754226055,9805.011156322418,           33P    578
3.349745664875749D-9,-202.13868231766176,9876.210237050296,           33P    579
3.743171581161954D-9,-202.1731259155001,9947.409652221497,            33P    580
4.1363576778366414D-9,-201.40982491875798,10018.257325838957,         33P    581
4.527234906308684D-9,-199.98412549352176,10089.429121739156,          33P    582
4.919286434041857D-9,-197.93397680318105,10160.58020111559,           33P    583
5.311310252611541D-9,-195.32001876108112,10221.64553963663,           33P    584
5.647764279720124D-9,-193.07659203979887,10282.695618547205,          33P    585
5.984197896501363D-9,-190.41786828637177,10343.73446847557,           33P    586
6.322112766378464D-9,-187.37620597278806,10404.746702108709,          33P    587
6.658462516969997D-9,-183.96347087582396,10465.736610786484,          33P    588
6.994712829320202D-9,-180.18998899488113,10522.637265242824,          33P    589
7.3084182151569136D-9,-176.66951170183066,10579.51848807227,          33P    590
7.62203705001291D-9,-172.83504064324222,10635.760186163387,           33P    591
7.932611721514014D-9,-168.73994400589137,10692.5984356665,            33P    592
8.244358657404074D-9,-164.31706260469429,10749.414726351797,          33P    593
8.556647333171096D-9,-159.6279579164635,10813.374676199941,           33P    594
8.908200871765494D-9,-154.34927996908363,10877.306798212247,          33P    595
9.260440943142433D-9,-148.73322421031577,10941.216052549107,          33P    596
9.61244522910484D-9,-142.80978366935273,11005.088548032678,           33P    597
9.96361007639714D-9,-136.5505930472472,11068.923658979822,            33P    598
1.03146391952656D-8,-129.93108688454697,11091.013989583545,           33P    599
1.0436093411948301D-8,-127.64010429674136,11112.95315195336,          33P    600
1.0556747598134463D-8,-125.32227247597201,11134.741146089262,         33P    601
1.0676601753824087D-8,-122.97759142223894,11156.377971991256,         33P    602
1.0795655879017171D-8,-120.60606113554213,11177.86362965934,          33P    603
1.0913909973713718D-8,-118.2076816158816,11199.423435083609,          33P    604
1.1032595995725536D-8,-115.80124465480527,11220.978471516748,         33P    605
1.115131927692105D-8,-113.35206718693445,11242.68497554364,           33P    606
1.1270945113505541D-8,-110.84327584338882,11264.699230198965,         33P    607
1.1392287433125895D-8,-108.25837325421493,11286.708685022497,         33P    608
1.1513412250243398D-8,-105.63322620102579,11310.046995923132,         33P    609
1.1642010343647255D-8,-102.84957478819496,11333.38004203952,          33P    610
1.1769746164156375D-8,-100.02068331614743,11356.70777833482,          33P    611
1.1897589245461487D-8,-97.14805358698644,11380.030123059014,          33P    612
1.2025745682233578D-8,-94.23251386091252,11403.34695774892,           33P    613
1.2153658130123892D-8,-91.27421885622365,11416.736278627557,          33P    614
1.2227171584812393D-8,-89.5754485881486,11430.123785693146,           33P    615
1.2300585888933497D-8,-87.86262090279328,11443.509478945689,          33P    616
1.237390104248721D-8,-86.13573580015773,11456.893358385183,           33P    617
1.244711704547353D-8,-84.39479328024193,11470.275424011632,           33P    618
1.2520233897892455D-8,-82.6397933430459,0.,37.,0.,0.,0.,0,0;          33P    619
102,4,27,29,31,33;                                                    35P    620
142,0,15,25,35,1,0,0;                                                 37P    621
406,1,10HScaling.11;                                                  39P    622
144,15,1,0,37,0,1,39;                                                 41P    623
128,29,1,5,1,0,0,1,0,0,0.,0.,0.,0.,0.,0.,294.3956755,                 43P    624
294.3956755,294.3956755,748.4838475,748.4838475,748.4838475,          43P    625
1149.300888,1149.300888,1149.300888,1389.056854,1389.056854,          43P    626
1389.056854,1512.838082,1512.838082,1512.838082,1574.347549,          43P    627
1574.347549,1574.347549,1629.831202,1629.831202,1629.831202,          43P    628
1667.92858,1667.92858,1667.92858,1682.051819,1682.051819,             43P    629
1682.051819,1682.051819,1682.051819,1682.051819,0.,0.,                43P    630
3739.217517,3739.217517,1.,1.,1.,1.,1.,1.,1.,1.,1.,1.,1.,1.,1.,       43P    631
1.,1.,1.,1.,1.,1.,1.,1.,1.,1.,1.,1.,1.,1.,1.,1.,1.,1.,1.,1.,1.,       43P    632
1.,1.,1.,1.,1.,1.,1.,1.,1.,1.,1.,1.,1.,1.,1.,1.,1.,1.,1.,1.,1.,       43P    633
1.,1.,1.,1.,1.,20752.,0.,5426.4,20681.82468,0.,5439.575334,           43P    634
20611.50801,0.,5451.997629,20543.53791,0.,5463.292197,                43P    635
20364.01378,0.,5490.328214,20183.69572,0.,5511.598369,                43P    636
20080.56286,0.,5521.898894,19873.74253,0.,5537.363427,                43P    637
19666.46362,0.,5544.031649,19570.43656,0.,5545.16419,                 43P    638
19415.01194,0.,5544.067233,19259.85176,0.,5535.700298,                43P    639
19204.44029,0.,5531.442641,19116.62939,0.,5523.084155,                43P    640
19029.29826,0.,5510.87331,19001.31535,0.,5506.395953,                 43P    641
18957.09247,0.,5498.362859,18913.09797,0.,5489.187328,                43P    642
18896.70011,0.,5485.672631,18869.11552,0.,5478.984906,                43P    643
18841.87825,0.,5471.005293,18827.74099,0.,5466.558373,                43P    644
18806.07555,0.,5459.68203,18785.14966,0.,5450.85182,18778.39468,      43P    645
0.,5447.462204,18766.74243,0.,5441.981586,18756.9384,0.,              43P    646
5433.918202,18753.61007,0.,5430.8502,18752.,0.,5427.425389,           43P    647
18752.,0.,5424.,21232.,-3620.,5425.44,21189.89481,-3620.,             43P    648
5433.3452,21147.70481,-3620.,5440.798577,21106.92274,-3620.,          43P    649
5447.575318,20999.20827,-3620.,5463.796928,20891.01743,-3620.,        43P    650
5476.559021,20829.13772,-3620.,5482.739337,20705.04552,-3620.,        43P    651
5492.018056,20580.67817,-3620.,5496.01899,20523.06194,-3620.,         43P    652
5496.698514,20429.80717,-3620.,5496.04034,20336.71106,-3620.,         43P    653
5491.020179,20303.46417,-3620.,5488.465584,20250.77763,-3620.,        43P    654
5483.450493,20198.37896,-3620.,5476.123986,20181.58921,-3620.,        43P    655
5473.437572,20155.05548,-3620.,5468.617715,20128.65878,-3620.,        43P    656
5463.112397,20118.82007,-3620.,5461.003579,20102.26931,-3620.,        43P    657
5456.990944,20085.92695,-3620.,5452.203176,20077.44459,-3620.,        43P    658
5449.535024,20064.44533,-3620.,5445.409218,20051.8898,-3620.,         43P    659
5440.111092,20047.83681,-3620.,5438.077322,20040.84546,-3620.,        43P    660
5434.788952,20034.96304,-3620.,5429.950921,20032.96604,-3620.,        43P    661
5428.11012,20032.,-3620.,5426.055233,20032.,-3620.,5424.,0.,          43P    662
1682.051819,0.,3739.217517;                                           43P    663
126,1,1,0,0,1,0,0.,0.,3739.217517,3739.217517,1.,1.,1682.051819,      45P    664
0.,0.,1682.051819,3739.217517,0.,0.,3739.217517,0.,0.,0.,0,0;         45P    665
126,1,1,0,0,1,0,0.,0.,1682.051819,1682.051819,1.,1.,1682.051819,      47P    666
3739.217517,0.,0.,3739.217517,0.,0.,1682.051819,0.,0.,0.,0,0;         47P    667
126,1,1,0,0,1,0,0.,0.,3739.217517,3739.217517,1.,1.,0.,               49P    668
3739.217517,0.,0.,0.,0.,0.,3739.217517,0.,0.,0.,0,0;                  49P    669
126,1,1,0,0,1,0,0.,0.,1682.051819,1682.051819,1.,1.,0.,0.,0.,         51P    670
1682.051819,0.,0.,0.,1682.051819,0.,0.,0.,0,0;                        51P    671
102,4,45,47,49,51;                                                    53P    672
126,1,1,0,0,1,0,0.,0.,1.,1.,1.,1.,18752.,0.,5424.,20032.,-3620.,      55P    673
5424.,0.,1.,0.,0.,0.,0,0;                                             55P    674
126,70,5,0,0,1,0,0.,0.,0.,0.,0.,0.,1.,1.,1.,1.,1.,2.,2.,2.,2.,        57P    675
2.,3.,3.,3.,3.,3.,4.,4.,4.,4.,4.,5.,5.,5.,5.,5.,6.,6.,6.,6.,6.,       57P    676
7.,7.,7.,7.,7.,8.,8.,8.,8.,8.,9.,9.,9.,9.,9.,10.,10.,10.,10.,         57P    677
10.,11.,11.,11.,11.,11.,12.,12.,12.,12.,12.,13.,13.,13.,13.,13.,      57P    678
14.,14.,14.,14.,14.,14.,1.,1.,1.,1.,1.,1.,1.,1.,1.,1.,1.,1.,1.,       57P    679
1.,1.,1.,1.,1.,1.,1.,1.,1.,1.,1.,1.,1.,1.,1.,1.,1.,1.,1.,1.,1.,       57P    680
1.,1.,1.,1.,1.,1.,1.,1.,1.,1.,1.,1.,1.,1.,1.,1.,1.,1.,1.,1.,1.,       57P    681
1.,1.,1.,1.,1.,1.,1.,1.,1.,1.,1.,1.,1.,1.,1.,1.,20032.,-3620.,        57P    682
5424.,20031.999735633275,-3619.9999999999973,5424.68501271632,        57P    683
20032.10791057236,-3620.0000000000027,5425.370257614641,              57P    684
20032.323844983228,-3620.0000000000027,5426.047060644623,             57P    685
20032.635366094997,-3619.999999999997,5426.707189475331,              57P    686
20033.01880819992,-3620.000000000001,5427.342853495229,               57P    687
20033.777761408077,-3619.999999999998,5428.612233024648,              57P    688
20034.864053596855,-3620.0000000000023,5429.79349586265,              57P    689
20036.01433642176,-3620.0000000000027,5430.806131020077,              57P    690
20037.119763950577,-3619.9999999999986,5431.6598314605735,            57P    691
20038.22599266338,-3620.,5432.454494100582,20042.736293786624,        57P    692
-3620.0000000000014,5435.678302568776,20047.836810000055,             57P    693
-3619.9999999999977,5438.077321999984,20051.889799999917,             57P    694
-3619.9999999999945,5440.111092000013,20057.001228751018,             57P    695
-3620.000000000003,5442.267989682745,20062.186199142656,              57P    696
-3619.9999999999995,5444.230592780499,20069.737403795767,             57P    697
-3619.9999999999986,5447.088857442491,20077.444590000097,             57P    698
-3620.0000000000064,5449.5350240000025,20085.9269499999,              57P    699
-3619.9999999999895,5452.203175999993,20093.677267552408,             57P    700
-3620.000000000008,5454.473761299008,20101.47445642236,               57P    701
-3619.9999999999995,5456.570011161069,20110.118460657162,             57P    702
-3620.000000000012,5458.893924687734,20118.820069999892,              57P    703
-3619.9999999999677,5461.003578999947,20128.65878000011,              57P    704
-3620.000000000048,5463.112397000084,20137.42148094161,               57P    705
-3619.9999999999595,5464.939953293815,20146.199282419388,-3620.,      57P    706
5466.691972635683,20155.032515945455,-3620.0000000000027,             57P    707
5468.455019815052,20163.87479839315,-3619.9999999999977,              57P    708
5470.14056291851,20172.625949247806,-3619.9999999999995,              57P    709
5471.724187395666,20181.29743291935,-3620.0000000000064,              57P    710
5473.204714227701,20190.012358742286,-3620.,5474.60419992737,         57P    711
20198.71688567038,-3620.000000000003,5476.00197215183,                57P    712
20207.435217899176,-3620.0000000000036,5477.313819839521,             57P    713
20216.22859133896,-3619.9999999999895,5478.551604325657,              57P    714
20225.157578758437,-3620.000000000002,5479.7319169445345,             57P    715
20234.09490967849,-3620.,5480.845236475499,20251.405922364305,        57P    716
-3619.999999999988,5483.001662000789,20268.74823744487,               57P    717
-3620.000000000028,5484.906748881977,20285.91866060352,               57P    718
-3619.9999999999677,5486.592053756668,20303.0092072725,               57P    719
-3620.000000000021,5488.078184342097,20320.11346552128,               57P    720
-3619.9999999999995,5489.379876950535,20337.217723770205,             57P    721
-3620.0000000000077,5490.681569559025,20354.33569359884,              57P    722
-3619.999999999969,5491.798824190591,20371.560963078515,              57P    723
-3620.0000000000423,5492.746377158085,20388.988692916544,             57P    724
-3619.9999999999736,5493.533093369534,20406.42197935397,              57P    725
-3619.9999999999995,5494.167043846159,20438.21593624138,              57P    726
-3619.9999999999936,5495.3232110550225,20470.02837473313,             57P    727
-3620.000000000027,5495.971269619004,20501.729966101113,              57P    728
-3619.999999999962,5496.211260374786,20533.388279940962,              57P    729
-3620.0000000000255,5496.079367738479,20565.055101310503,             57P    730
-3620.0000000000005,5495.589562722285,20591.444119118456,             57P    731
-3619.999999999999,5495.181391875458,20617.839044933393,              57P    732
-3620.000000000009,5494.524670764839,20644.269846959738,              57P    733
-3619.999999999986,5493.627484466927,20670.758881261416,              57P    734
-3620.0000000000064,5492.4872055757505,20697.235419287717,            57P    735
-3619.999999999999,5491.10722959722,20730.250926550543,               57P    736
-3619.9999999999973,5489.386504854959,20763.17091242114,              57P    737
-3620.0000000000014,5487.297247709743,20795.692571262258,             57P    738
-3620.000000000001,5484.859740610447,20827.84904527124,               57P    739
-3619.999999999997,5482.079502595889,20860.00942448005,               57P    740
-3620.0000000000005,5478.947289294815,20892.163389537975,             57P    741
-3619.999999999997,5475.815389378818,20924.283630110665,              57P    742
-3620.000000000005,5472.333352702187,20956.61052560267,               57P    743
-3619.999999999973,5468.498223487666,20989.38515696815,               57P    744
-3620.0000000000387,5464.3086621421235,21022.11595546161,-3620.,      57P    745
5459.800775617573,21064.55619560131,-3620.000000000001,               57P    746
5453.955645176895,21106.922740000173,-3619.9999999999873,             57P    747
5447.575317999874,21147.704809999723,-3620.000000000054,              57P    748
5440.798577000296,21189.894810000278,-3619.999999999917,              57P    749
5433.345199999625,21232.,-3620.,5425.44,0.,14.,0.,0.,0.,0,0;          57P    750
126,1,1,0,0,1,0,0.,0.,1.,1.,1.,1.,21232.,-3620.,5425.44,20752.,       59P    751
0.,5426.4,0.,1.,0.,0.,0.,0,0;                                         59P    752
126,75,5,0,0,1,0,0.,0.,0.,0.,0.,0.,1.,1.,1.,1.,1.,2.,2.,2.,2.,        61P    753
2.,3.,3.,3.,3.,3.,4.,4.,4.,4.,4.,5.,5.,5.,5.,5.,6.,6.,6.,6.,6.,       61P    754
7.,7.,7.,7.,7.,8.,8.,8.,8.,8.,9.,9.,9.,9.,9.,10.,10.,10.,10.,         61P    755
10.,11.,11.,11.,11.,11.,12.,12.,12.,12.,12.,13.,13.,13.,13.,13.,      61P    756
14.,14.,14.,14.,14.,15.,15.,15.,15.,15.,15.,1.,1.,1.,1.,1.,1.,        61P    757
1.,1.,1.,1.,1.,1.,1.,1.,1.,1.,1.,1.,1.,1.,1.,1.,1.,1.,1.,1.,1.,       61P    758
1.,1.,1.,1.,1.,1.,1.,1.,1.,1.,1.,1.,1.,1.,1.,1.,1.,1.,1.,1.,1.,       61P    759
1.,1.,1.,1.,1.,1.,1.,1.,1.,1.,1.,1.,1.,1.,1.,1.,1.,1.,1.,1.,1.,       61P    760
1.,1.,1.,1.,1.,1.,1.,20752.,0.,5426.4,20716.91233999998,0.,           61P    761
5432.987666999993,20681.78934249997,0.,5439.387074250002,             61P    762
20646.941997500122,0.,5445.551385750005,20612.214088588924,0.,        61P    763
5451.486373359945,20577.450339025978,0.,5457.202289646959,            61P    764
20542.686589463014,0.,5462.9182059339855,20507.886999247436,0.,       61P    765
5468.415050897971,20472.896291639765,0.,5473.70307710633,             61P    766
20437.56012956611,0.,5478.797017832867,20402.19326170813,0.,          61P    767
5483.667959906603,20347.641929227368,0.,5491.181104175466,            61P    768
20293.017543799928,0.,5498.1637064488295,20239.13938399409,0.,        61P    769
5504.555588279933,20185.6056484917,0.,5510.358982480488,              61P    770
20132.01570556207,0.,5515.578815452267,20078.42576263176,0.,          61P    771
5520.79864842405,20024.779612272403,0.,5525.434920167155,             61P    772
19970.676622748597,0.,5529.492557083293,19915.717331905747,0.,        61P    773
5532.979179164917,19860.725696627658,0.,5535.845382326113,            61P    774
19794.534353193325,0.,5539.295322245873,19728.29614906755,0.,         61P    775
5541.846397815579,19662.408927953125,0.,5543.479510015322,            61P    776
19596.48513966689,0.,5544.22637705411,19530.43359209158,0.,           61P    777
5543.957728392633,19499.608866457616,0.,5543.832490221887,            61P    778
19468.75880263834,0.,5543.485608748015,19437.867878558784,0.,         61P    779
5542.905170830677,19406.947624685916,0.,5542.069083266742,            61P    780
19376.036624028646,0.,5540.945072790294,19346.98114679003,0.,         61P    781
5539.888488639311,19317.9349307831,0.,5538.577294941692,              61P    782
19289.22615033517,0.,5536.998040156935,19260.696203374235,0.,         61P    783
5535.135949310024,19232.189108777176,0.,5532.966461788342,            61P    784
19203.682014180235,0.,5530.796974266616,19175.19777194786,0.,         61P    785
5528.320090070083,19146.580400958042,0.,5525.511248585749,            61P    786
19117.676541040917,0.,5522.336103562901,19088.824850331453,0.,        61P    787
5518.742060908433,19073.929297301154,0.,5516.886528298866,            61P    788
19059.047649718064,0.,5514.919340571727,19044.392026643214,0.,        61P    789
5512.856366372071,19029.861473278743,0.,5510.66995353118,             61P    790
19015.35392928923,0.,5508.340333167483,19000.84638529957,0.,          61P    791
5506.010712803766,18986.361850684378,0.,5503.53788491717,             61P    792
18971.798265106714,0.,5500.902080625894,18957.052462689695,0.,        61P    793
5498.091414334998,18942.332140331655,0.,5495.1532878363305,           61P    794
18927.70247156941,0.,5492.233255488435,18913.09797000011,0.,          61P    795
5489.187328000013,18896.700109999798,0.,5485.672630999956,            61P    796
18882.197433019577,0.,5482.156540479583,18867.79076086677,0.,         61P    797
5478.2833513605865,18854.795447501427,0.,5474.7896016735895,          61P    798
18841.878249999994,0.,5471.005293000001,18827.740990000006,0.,        61P    799
5466.558372999996,18814.895675707063,0.,5462.48142893512,             61P    800
18802.310330665838,0.,5457.71765457892,18793.668710632333,0.,         61P    801
5454.446649471255,18785.149660000014,0.,5450.851820000001,            61P    802
18778.394679999998,0.,5447.462203999998,18769.89381964438,0.,         61P    803
5443.463837308551,18762.376652879764,0.,5438.090823464069,            61P    804
18760.518839238466,0.,5436.762921778801,18758.72110917233,0.,         61P    805
5435.351057245407,18756.742874347638,0.,5433.648321225227,            61P    806
18754.977036447188,0.,5431.69051929572,18753.69801472041,0.,          61P    807
5429.57142276883,18753.05894446584,0.,5428.511982756445,              61P    808
18752.53974238452,0.,5427.411768048623,18752.179851319204,0.,         61P    809
5426.283762988418,18751.99955939112,0.,5425.141688082267,18752.,      61P    810
0.,5424.,0.,15.,0.,0.,0.,0,0;                                         61P    811
102,4,55,57,59,61;                                                    63P    812
142,0,43,53,63,1,0,0;                                                 65P    813
406,1,10HScaling.13;                                                  67P    814
144,43,1,0,65,0,1,67;                                                 69P    815
128,29,1,5,1,0,0,1,0,0,0.,0.,0.,0.,0.,0.,294.3956755,                 71P    816
294.3956755,294.3956755,748.4838475,748.4838475,748.4838475,          71P    817
1149.300888,1149.300888,1149.300888,1389.056854,1389.056854,          71P    818
1389.056854,1512.838082,1512.838082,1512.838082,1574.347549,          71P    819
1574.347549,1574.347549,1629.831202,1629.831202,1629.831202,          71P    820
1667.92858,1667.92858,1667.92858,1682.051819,1682.051819,             71P    821
1682.051819,1682.051819,1682.051819,1682.051819,0.,0.,                71P    822
3739.217517,3739.217517,1.,1.,1.,1.,1.,1.,1.,1.,1.,1.,1.,1.,1.,       71P    823
1.,1.,1.,1.,1.,1.,1.,1.,1.,1.,1.,1.,1.,1.,1.,1.,1.,1.,1.,1.,1.,       71P    824
1.,1.,1.,1.,1.,1.,1.,1.,1.,1.,1.,1.,1.,1.,1.,1.,1.,1.,1.,1.,1.,       71P    825
1.,1.,1.,1.,1.,20752.,0.,5421.6,20681.82468,0.,5408.424666,           71P    826
20611.50801,0.,5396.002371,20543.53791,0.,5384.707803,                71P    827
20364.01378,0.,5357.671786,20183.69572,0.,5336.401631,                71P    828
20080.56286,0.,5326.101106,19873.74253,0.,5310.636573,                71P    829
19666.46362,0.,5303.968351,19570.43656,0.,5302.83581,                 71P    830
19415.01194,0.,5303.932767,19259.85176,0.,5312.299702,                71P    831
19204.44029,0.,5316.557359,19116.62939,0.,5324.915845,                71P    832
19029.29826,0.,5337.12669,19001.31535,0.,5341.604047,                 71P    833
18957.09247,0.,5349.637141,18913.09797,0.,5358.812672,                71P    834
18896.70011,0.,5362.327369,18869.11552,0.,5369.015094,                71P    835
18841.87825,0.,5376.994707,18827.74099,0.,5381.441627,                71P    836
18806.07555,0.,5388.31797,18785.14966,0.,5397.14818,18778.39468,      71P    837
0.,5400.537796,18766.74243,0.,5406.018414,18756.9384,0.,              71P    838
5414.081798,18753.61007,0.,5417.1498,18752.,0.,5420.574611,           71P    839
18752.,0.,5424.,21232.,-3620.,5422.56,21189.89481,-3620.,             71P    840
5414.6548,21147.70481,-3620.,5407.201423,21106.92274,-3620.,          71P    841
5400.424682,20999.20827,-3620.,5384.203072,20891.01743,-3620.,        71P    842
5371.440979,20829.13772,-3620.,5365.260663,20705.04552,-3620.,        71P    843
5355.981944,20580.67817,-3620.,5351.98101,20523.06194,-3620.,         71P    844
5351.301486,20429.80717,-3620.,5351.95966,20336.71106,-3620.,         71P    845
5356.979821,20303.46417,-3620.,5359.534416,20250.77763,-3620.,        71P    846
5364.549507,20198.37896,-3620.,5371.876014,20181.58921,-3620.,        71P    847
5374.562428,20155.05548,-3620.,5379.382285,20128.65878,-3620.,        71P    848
5384.887603,20118.82007,-3620.,5386.996421,20102.26931,-3620.,        71P    849
5391.009056,20085.92695,-3620.,5395.796824,20077.44459,-3620.,        71P    850
5398.464976,20064.44533,-3620.,5402.590782,20051.8898,-3620.,         71P    851
5407.888908,20047.83681,-3620.,5409.922678,20040.84546,-3620.,        71P    852
5413.211048,20034.96304,-3620.,5418.049079,20032.96604,-3620.,        71P    853
5419.88988,20032.,-3620.,5421.944767,20032.,-3620.,5424.,0.,          71P    854
1682.051819,0.,3739.217517;                                           71P    855
126,1,1,0,0,1,0,0.,0.,1682.051819,1682.051819,1.,1.,0.,0.,0.,         73P    856
1682.051819,0.,0.,0.,1682.051819,0.,0.,0.,0,0;                        73P    857
126,1,1,0,0,1,0,0.,0.,3739.217517,3739.217517,1.,1.,1682.051819,      75P    858
0.,0.,1682.051819,3739.2175169999996,0.,0.,3739.217517,0.,0.,0.,      75P    859
0,0;                                                                  75P    860
126,1,1,0,0,1,0,0.,0.,1682.051819,1682.051819,1.,1.,1682.051819,      77P    861
3739.2175169999996,0.,0.,3739.2175169999996,0.,0.,1682.051819,        77P    862
0.,0.,0.,0,0;                                                         77P    863
126,1,1,0,0,1,0,0.,0.,3739.217517,3739.217517,1.,1.,0.,               79P    864
3739.2175169999996,0.,0.,0.,0.,0.,3739.217517,0.,0.,0.,0,0;           79P    865
102,4,73,75,77,79;                                                    81P    866
126,75,5,0,0,1,0,0.,0.,0.,0.,0.,0.,1.,1.,1.,1.,1.,2.,2.,2.,2.,        83P    867
2.,3.,3.,3.,3.,3.,4.,4.,4.,4.,4.,5.,5.,5.,5.,5.,6.,6.,6.,6.,6.,       83P    868
7.,7.,7.,7.,7.,8.,8.,8.,8.,8.,9.,9.,9.,9.,9.,10.,10.,10.,10.,         83P    869
10.,11.,11.,11.,11.,11.,12.,12.,12.,12.,12.,13.,13.,13.,13.,13.,      83P    870
14.,14.,14.,14.,14.,15.,15.,15.,15.,15.,15.,1.,1.,1.,1.,1.,1.,        83P    871
1.,1.,1.,1.,1.,1.,1.,1.,1.,1.,1.,1.,1.,1.,1.,1.,1.,1.,1.,1.,1.,       83P    872
1.,1.,1.,1.,1.,1.,1.,1.,1.,1.,1.,1.,1.,1.,1.,1.,1.,1.,1.,1.,1.,       83P    873
1.,1.,1.,1.,1.,1.,1.,1.,1.,1.,1.,1.,1.,1.,1.,1.,1.,1.,1.,1.,1.,       83P    874
1.,1.,1.,1.,1.,1.,1.,20752.,0.,5421.6,20716.912339999868,0.,          83P    875
5415.012332999979,20681.789342500168,0.,5408.612925750031,            83P    876
20646.94199749991,0.,5402.448614249979,20612.21408858906,0.,          83P    877
5396.513626640054,20577.450339025978,0.,5390.797710353041,            83P    878
20542.6865894628,0.,5385.081794065992,20507.886999247916,0.,          83P    879
5379.584949102027,20472.89629163925,0.,5374.296922893704,             83P    880
20437.560129566387,0.,5369.202982167101,20402.19326170813,0.,         83P    881
5364.332040093396,20347.641929227542,0.,5356.818895824484,            83P    882
20293.01754380007,0.,5349.836293551234,20239.13938399351,0.,          83P    883
5343.444411720019,20185.605648492343,0.,5337.641017519534,            83P    884
20132.01570556207,0.,5332.421184547734,20078.425762631618,0.,         83P    885
5327.201351575865,20024.779612272498,0.,5322.565079832953,            83P    886
19970.676622748637,0.,5318.507442916623,19915.717331905656,0.,        83P    887
5315.020820835135,19860.725696627658,0.,5312.154617673886,            83P    888
19798.94710942283,0.,5308.934673748823,19737.12770134754,0.,          83P    889
5306.497740546321,19675.590934069813,0.,5304.859346277323,            83P    890
19614.064285223616,0.,5303.996457281967,19552.445394470407,0.,        83P    891
5303.997488682028,19517.233724523478,0.,5303.9979066841515,           83P    892
19481.995581565097,0.,5304.281135180837,19446.701655263816,0.,        83P    893
5304.861672145286,19411.364117832563,0.,5305.770468318587,            83P    894
19376.036624028646,0.,5307.054927209707,19346.981146790044,0.,        83P    895
5308.111511360683,19317.934930783027,0.,5309.422705058319,            83P    896
19289.22615033529,0.,5311.00195984306,19260.696203374126,0.,          83P    897
5312.864050689965,19232.189108777176,0.,5315.033538211658,            83P    898
19203.682014180384,0.,5317.203025733388,19175.197771947685,0.,        83P    899
5319.679909929919,19146.580400958162,0.,5322.4887514142365,           83P    900
19117.6765410409,0.,5325.663896437111,19088.824850331453,0.,          83P    901
5329.257939091567,19073.92929730095,0.,5331.113471701097,             83P    902
19059.047649718428,0.,5333.080659428298,19044.39202664287,0.,         83P    903
5335.143633627931,19029.86147327891,0.,5337.3300464688045,            83P    904
19015.35392928923,0.,5339.659666832517,19000.829053726455,0.,         83P    905
5341.992142979574,18986.37658252149,0.,5344.459687666999,             83P    906
18971.791332477515,0.,5347.099061687434,18957.054195846988,0.,        83P    907
5349.908300086674,18942.332140331655,0.,5352.846712163668,            83P    908
18927.70247156947,0.,5355.766744511485,18913.097969999984,0.,         83P    909
5358.812672000081,18896.700110000005,0.,5362.327368999959,            83P    910
18882.1974330194,0.,5365.843459520486,18867.79076086677,0.,           83P    911
5369.716648639413,18854.795447501358,0.,5373.210398326404,            83P    912
18841.878250000143,0.,5376.99470700002,18827.740989999846,0.,         83P    913
5381.441626999969,18814.895675707143,0.,5385.518571064898,            83P    914
18802.310330665838,0.,5390.282345421081,18793.668710632362,0.,        83P    915
5393.55335052874,18785.149659999966,0.,5397.148180000003,             83P    916
18778.394680000016,0.,5400.537795999999,18769.8938196444,0.,          83P    917
5404.536162691446,18762.376652879764,0.,5409.909176535931,            83P    918
18760.761860860614,0.,5411.068438359483,18759.15303917819,0.,         83P    919
5412.301819298805,18757.489765003498,0.,5413.723178567196,            83P    920
18755.873579313746,0.,5415.3555414404,18754.567986892318,0.,          83P    921
5417.131099256613,18753.63301129734,0.,5418.399946837626,             83P    922
18752.846404369186,0.,5419.744333816539,18752.279526041697,0.,        83P    923
5421.145609513902,18751.99999999997,0.,5422.572754583324,18752.,      83P    924
0.,5424.,0.,15.,0.,0.,0.,0,0;                                         83P    925
126,1,1,0,0,1,0,0.,0.,1.,1.,1.,1.,18752.,0.,5424.,20032.,-3620.,      85P    926
5424.,0.,1.,0.,0.,0.,0,0;                                             85P    927
126,70,5,0,0,1,0,0.,0.,0.,0.,0.,0.,1.,1.,1.,1.,1.,2.,2.,2.,2.,        87P    928
2.,3.,3.,3.,3.,3.,4.,4.,4.,4.,4.,5.,5.,5.,5.,5.,6.,6.,6.,6.,6.,       87P    929
7.,7.,7.,7.,7.,8.,8.,8.,8.,8.,9.,9.,9.,9.,9.,10.,10.,10.,10.,         87P    930
10.,11.,11.,11.,11.,11.,12.,12.,12.,12.,12.,13.,13.,13.,13.,13.,      87P    931
14.,14.,14.,14.,14.,14.,1.,1.,1.,1.,1.,1.,1.,1.,1.,1.,1.,1.,1.,       87P    932
1.,1.,1.,1.,1.,1.,1.,1.,1.,1.,1.,1.,1.,1.,1.,1.,1.,1.,1.,1.,1.,       87P    933
1.,1.,1.,1.,1.,1.,1.,1.,1.,1.,1.,1.,1.,1.,1.,1.,1.,1.,1.,1.,1.,       87P    934
1.,1.,1.,1.,1.,1.,1.,1.,1.,1.,1.,1.,1.,1.,1.,1.,20032.,-3620.,        87P    935
5424.,20031.999735633264,-3619.9999999999964,5423.314987283675,       87P    936
20032.107910572355,-3620.0000000000027,5422.629742385364,             87P    937
20032.32384498323,-3620.000000000003,5421.952939355382,               87P    938
20032.635366095004,-3619.9999999999973,5421.2928105246665,            87P    939
20033.018808199915,-3619.9999999999995,5420.657146504773,             87P    940
20033.777761408066,-3619.999999999998,5419.387766975351,              87P    941
20034.864053596855,-3620.0000000000027,5418.206504137352,             87P    942
20036.014336421762,-3620.0000000000023,5417.193868979924,             87P    943
20037.119763950574,-3619.999999999998,5416.340168539426,              87P    944
20038.22599266338,-3620.,5415.545505899418,20042.736293786635,        87P    945
-3620.000000000003,5412.321697431225,20047.83681,                     87P    946
-3619.999999999989,5409.922678000008,20051.889799999994,              87P    947
-3620.000000000012,5407.888907999995,20057.001228751004,              87P    948
-3619.9999999999973,5405.73201031725,20062.186199142656,-3620.,       87P    949
5403.769407219501,20069.737403795843,-3620.000000000005,              87P    950
5400.9111425575165,20077.444589999937,-3619.9999999999877,            87P    951
5398.464975999979,20085.926950000066,-3620.000000000017,              87P    952
5395.796824000022,20093.67726755234,-3619.9999999999927,              87P    953
5393.526238700989,20101.47445642236,-3619.9999999999995,              87P    954
5391.4299888389305,20110.118460657053,-3619.9999999999486,            87P    955
5389.106075312318,20118.820070000096,-3620.0000000000505,             87P    956
5386.996420999969,20128.658779999925,-3619.9999999999754,             87P    957
5384.887603000017,20137.42148094172,-3620.0000000000086,              87P    958
5383.060046706113,20146.199282419388,-3620.,5381.308027364317,        87P    959
20155.03147605588,-3619.9999999999945,5379.545151532451,              87P    960
20163.878957951187,-3620.000000000002,5377.858751691415,              87P    961
20172.617110187086,-3620.0000000000005,5376.277269058267,             87P    962
20181.30783181426,-3619.9999999999986,5374.793572297081,              87P    963
20190.012358742286,-3620.,5373.395800072628,20198.727284565313,       87P    964
-3620.0000000000223,5371.996314372964,20207.42637883857,              87P    965
-3619.9999999999973,5370.6876366144115,20216.232750896816,            87P    966
-3619.999999999989,5369.447710284239,20225.156538869047,              87P    967
-3620.000000000006,5368.268254402994,20234.09490967849,-3620.,        87P    968
5367.154763524501,20251.405922364404,-3619.999999999991,              87P    969
5364.998337999192,20268.748237444663,-3620.000000000013,              87P    970
5363.093251118068,20285.91866060371,-3619.999999999991,               87P    971
5361.407946243273,20303.00920727239,-3620.0000000000005,              87P    972
5359.921815657938,20320.11346552128,-3620.,5358.620123049465,         87P    973
20337.21772377001,-3620.000000000002,5357.318430440956,               87P    974
20354.33569359922,-3619.999999999998,5356.201175809413,               87P    975
20371.56096307814,-3620.0000000000027,5355.253622841932,              87P    976
20388.988692916733,-3619.999999999997,5354.466906630442,              87P    977
20406.42197935397,-3620.,5353.832956153841,20432.91694342681,         87P    978
-3620.000000000002,5352.869483479803,20459.4247419471,                87P    979
-3620.0000000000036,5352.258864031331,20485.870531900902,             87P    980
-3619.99999999999,5351.943203805816,20512.274425098625,               87P    981
-3620.0000000000073,5351.895403756371,20538.666015702907,             87P    982
-3619.999999999999,5352.102424397717,20570.335924427978,              87P    983
-3619.999999999979,5352.350849167311,20601.988117418863,              87P    984
-3620.00000000003,5352.966215731697,20633.673733388147,               87P    985
-3619.9999999999773,5353.925991860064,20665.463573656125,             87P    986
-3620.0000000000055,5355.236799228552,20697.235419287714,             87P    987
-3619.9999999999995,5356.892770402778,20730.230401267967,             87P    988
-3620.000000000053,5358.612492312807,20763.205976445715,              87P    989
-3619.9999999999527,5360.704465462029,20795.66776987895,              87P    990
-3620.0000000000186,5363.139047633893,20827.855459422117,             87P    991
-3619.999999999998,5365.920810789199,20860.009424480053,              87P    992
-3620.000000000001,5369.052710705186,20892.16338953823,               87P    993
-3619.999999999966,5372.184610621209,20924.283630110505,              87P    994
-3620.0000000000437,5375.666647297802,20956.610525602715,             87P    995
-3619.9999999999686,5379.501776512307,20989.385156968103,             87P    996
-3620.000000000009,5383.691337857914,21022.115955461606,              87P    997
-3619.9999999999995,5388.199224382426,21064.556195601297,             87P    998
-3619.999999999982,5394.044354823098,21106.922740000082,              87P    999
-3620.000000000025,5400.4246820000535,21147.704809999937,             87P   1000
-3619.999999999981,5407.201422999962,21189.894810000013,              87P   1001
-3620.0000000000027,5414.6548000000075,21232.,-3620.,5422.56,0.,      87P   1002
14.,0.,0.,0.,0,0;                                                     87P   1003
126,1,1,0,0,1,0,0.,0.,1.,1.,1.,1.,21232.,-3620.,5422.56,20752.,       89P   1004
0.,5421.6,0.,1.,0.,0.,0.,0,0;                                         89P   1005
102,4,83,85,87,89;                                                    91P   1006
142,0,71,81,91,1,0,0;                                                 93P   1007
406,1,10HScaling.14;                                                  95P   1008
144,71,1,0,93,0,1,95;                                                 97P   1009
128,32,1,5,1,0,0,1,0,0,0.,0.,0.,0.,0.,0.,57.83616559,                 99P   1010
57.83616559,57.83616559,130.6299151,130.6299151,130.6299151,          99P   1011
236.0606576,236.0606576,236.0606576,301.1763538,301.1763538,          99P   1012
301.1763538,335.4962608,335.4962608,335.4962608,359.1261037,          99P   1013
359.1261037,359.1261037,377.9412171,377.9412171,377.9412171,          99P   1014
386.6322823,386.6322823,386.6322823,394.7943063,394.7943063,          99P   1015
394.7943063,397.6520381,397.6520381,397.6520381,397.6520381,          99P   1016
397.6520381,397.6520381,0.,0.,601.814516,601.814516,1.,1.,1.,1.,      99P   1017
1.,1.,1.,1.,1.,1.,1.,1.,1.,1.,1.,1.,1.,1.,1.,1.,1.,1.,1.,1.,1.,       99P   1018
1.,1.,1.,1.,1.,1.,1.,1.,1.,1.,1.,1.,1.,1.,1.,1.,1.,1.,1.,1.,1.,       99P   1019
1.,1.,1.,1.,1.,1.,1.,1.,1.,1.,1.,1.,1.,1.,1.,1.,1.,1.,1.,1.,          99P   1020
21108.,-2.8223999368,5424.,21039.789296,-15.62887888,5424.,           99P   1021
20971.465008,-27.830377,5424.,20902.648592,-39.535039664,5424.,       99P   1022
20747.79732,-63.942190376,5424.,20592.3854,-84.52475656,5424.,        99P   1023
20503.568824,-95.24814792,5424.,20290.866936,-117.77786064,           99P   1024
5424.,20077.441512,-132.30731296,5424.,19949.830872,                  99P   1025
-138.06325584,5424.0000016,19745.177184,-143.03316248,                99P   1026
5423.9999992,19540.524512,-139.92279408,5424.0000008,                 99P   1027
19461.740592,-137.4664788,5424.,19342.558328,-130.96812264,           99P   1028
5424.,19223.743792,-119.86832496,5424.,19182.10784,-115.3944636,      99P   1029
5424.,19113.070272,-106.92734472,5424.,19044.395792,                  99P   1030
-95.94783784,5424.,19018.040416,-91.21988384,5424.,18968.011128,      99P   1031
-81.63821704,5424.,18918.257408,-70.722148448,5424.,18900.52732,      99P   1032
-66.48691924,5424.,18868.74684,-57.538726048,5424.,18837.306736,      99P   1033
-47.482759592,5424.,18825.51284,-43.620444408,5424.,                  99P   1034
18806.506896,-36.664416064,5424.,18788.09784,-28.256372824,           99P   1035
5424.,18781.994256,-25.002574304,5424.,18769.860472,                  99P   1036
-18.99797532,5424.,18760.180536,-9.9318344,5424.,18757.372176,        99P   1037
-6.8579745152,5424.,18755.999992,-3.4292330808,5424.,18756.,0.,       99P   1038
5424.,19560.317464,-4.5119998992,1200.,19451.273136,                  99P   1039
-24.984942432,1200.,19342.04724,-44.490738736,1200.,19232.0346,       99P   1040
-63.202274296,1200.,18984.48324,-102.2205084,1200.,18736.035624,      99P   1041
-135.1246108,1200.,18594.049944,-152.26744744,1200.,                  99P   1042
18254.016296,-188.28433504,1200.,17912.826,-211.5116908,1200.,        99P   1043
17708.8226,-220.71336816,1200.0000008,17381.655144,                   99P   1044
-228.65845696,1200.,17054.489296,-223.68609944,1200.,                 99P   1045
16928.542224,-219.7593368,1200.,16738.012752,-209.37080832,           99P   1046
1200.,16548.071136,-191.62623384,1200.,16481.510264,                  99P   1047
-184.47414248,1200.,16371.144088,-170.93827216,1200.,                 99P   1048
16261.35836,-153.38599928,1200.,16219.225616,-145.82770544,           99P   1049
1200.,16139.246816,-130.5100748,1200.,16059.708552,                   99P   1050
-113.05921688,1200.,16031.364576,-106.28862336,1200.,                 99P   1051
15980.559008,-91.98368024,1200.,15930.297576,-75.907801384,           99P   1052
1200.,15911.443688,-69.733464304,1200.,15881.059608,                  99P   1053
-58.613117504,1200.,15851.630248,-45.171706224,1200.,                 99P   1054
15841.873912,-39.970684736,1200.,15822.475376,-30.37101936,           99P   1055
1200.,15807.0004,-15.87719628,1200.,15802.511104,-10.963033832,       99P   1056
1200.,15800.317456,-5.482108256,1200.,15800.317464,0.,1200.,0.,       99P   1057
397.6520381,0.,601.814516;                                            99P   1058
126,1,1,0,0,1,0,0.,0.,499.6607898,499.6607898,1.,1.,0.,              101P   1059
499.6607898,0.,0.,0.,0.,0.,499.6607898,0.,0.,0.,0,0;                 101P   1060
126,1,1,0,0,1,0,0.,0.,397.6520381,397.6520381,1.,1.,0.,0.,0.,        103P   1061
397.6520381,0.,0.,0.,397.6520381,0.,0.,0.,0,0;                       103P   1062
126,1,1,0,0,1,0,0.,0.,458.8141401,458.8141401,1.,1.,397.6520381,     105P   1063
0.,0.,397.6520381,458.8141400999999,0.,0.,458.8141401,0.,0.,0.,      105P   1064
0,0;                                                                 105P   1065
126,146,5,0,0,1,0,0.,0.,0.,0.,0.,0.,0.5131748441,0.5131748441,       107P   1066
0.5131748441,1.304561027,1.304561027,1.304561027,2.192490537,        107P   1067
2.192490537,2.192490537,3.314180871,3.314180871,3.314180871,         107P   1068
4.076675637,4.076675637,4.076675637,4.457937442,4.457937442,         107P   1069
4.457937442,4.839195353,4.839195353,4.839195353,6.952682588,         107P   1070
6.952682588,6.952682588,9.848395987,9.848395987,9.848395987,         107P   1071
11.73626561,11.73626561,11.73626561,13.62413524,13.62413524,         107P   1072
13.62413524,17.57066986,17.57066986,17.57066986,18.09785486,         107P   1073
18.09785486,18.09785486,21.26088396,21.26088396,21.26088396,         107P   1074
23.99774729,23.99774729,23.99774729,26.73461063,26.73461063,         107P   1075
26.73461063,31.26584107,31.26584107,31.26584107,32.97693663,         107P   1076
32.97693663,32.97693663,33.83248462,33.83248462,33.83248462,         107P   1077
38.11020598,38.11020598,38.11020598,44.2829606,44.2829606,           107P   1078
44.2829606,52.48970147,52.48970147,52.48970147,59.65670197,          107P   1079
59.65670197,59.65670197,63.9105108,63.9105108,63.9105108,            107P   1080
66.05458558,66.05458558,66.05458558,79.84110715,79.84110715,         107P   1081
79.84110715,95.87184278,95.87184278,95.87184278,107.1585719,         107P   1082
107.1585719,107.1585719,109.0523254,109.0523254,109.0523254,         107P   1083
122.3085488,122.3085488,122.3085488,140.501084,140.501084,           107P   1084
140.501084,166.2174559,166.2174559,166.2174559,171.6768693,          107P   1085
171.6768693,171.6768693,228.4263078,228.4263078,228.4263078,         107P   1086
279.7309254,279.7309254,279.7309254,293.8554554,293.8554554,         107P   1087
293.8554554,307.975203,307.975203,307.975203,395.3400179,            107P   1088
395.3400179,395.3400179,451.4446468,451.4446468,451.4446468,         107P   1089
469.333444,469.333444,469.333444,478.0786012,478.0786012,            107P   1090
478.0786012,486.8237583,486.8237583,486.8237583,536.7382015,         107P   1091
536.7382015,536.7382015,584.4007829,584.4007829,584.4007829,         107P   1092
606.7463175,606.7463175,606.7463175,614.0491207,614.0491207,         107P   1093
614.0491207,668.0096632,668.0096632,668.0096632,713.324555,          107P   1094
713.324555,713.324555,713.324555,713.324555,713.324555,1.,1.,1.,     107P   1095
1.,1.,1.,1.,1.,1.,1.,1.,1.,1.,1.,1.,1.,1.,1.,1.,1.,1.,1.,1.,1.,      107P   1096
1.,1.,1.,1.,1.,1.,1.,1.,1.,1.,1.,1.,1.,1.,1.,1.,1.,1.,1.,1.,1.,      107P   1097
1.,1.,1.,1.,1.,1.,1.,1.,1.,1.,1.,1.,1.,1.,1.,1.,1.,1.,1.,1.,1.,      107P   1098
1.,1.,1.,1.,1.,1.,1.,1.,1.,1.,1.,1.,1.,1.,1.,1.,1.,1.,1.,1.,1.,      107P   1099
1.,1.,1.,1.,1.,1.,1.,1.,1.,1.,1.,1.,1.,1.,1.,1.,1.,1.,1.,1.,1.,      107P   1100
1.,1.,1.,1.,1.,1.,1.,1.,1.,1.,1.,1.,1.,1.,1.,1.,1.,1.,1.,1.,1.,      107P   1101
1.,1.,1.,1.,1.,1.,1.,1.,1.,1.,1.,1.,1.,1.,1.,1.,1.,1.,               107P   1102
397.6520381,458.8141400999999,0.,397.5794882,458.8141400999999,      107P   1103
0.,397.5069374,458.8142826999999,0.,397.4346191,                     107P   1104
458.81456819999994,0.,397.2518327,458.81564309999993,0.,             107P   1105
397.072702,458.8175462,0.,396.9657853,458.81897319999996,0.,         107P   1106
396.7431409,458.82247559999996,0.,396.5282953,458.8268317,0.,        107P   1107
396.4165631,458.8293244999999,0.,396.1672798,458.83530129999997,     107P   1108
0.,395.9236597,458.841904,0.,395.7886239,458.84572909999997,0.,      107P   1109
395.5621983,458.85233109999996,0.,395.3353783,                       107P   1110
458.85916839999993,0.,395.2433656,458.8619685,0.,395.1050904,        107P   1111
458.86620809999994,0.,394.9665864,458.8705088,0.,394.9204025,        107P   1112
458.87194919999996,0.,394.8280654,458.87484349999994,0.,             107P   1113
394.7359105,458.87776649999995,0.,394.6899072,458.8792356999999,     107P   1114
0.,394.3891699999999,458.88889199999994,0.,394.0901465,              107P   1115
458.89882579999994,0.,393.8368693,458.90738239999996,0.,             107P   1116
393.2343369,458.9279462,0.,392.6248946,458.94904979999995,0.,        107P   1117
392.2697096,458.96136409999997,0.,391.6772805,                       107P   1118
458.98193639999994,0.,391.0801279,459.0028898,0.,390.8440462,        107P   1119
459.01122359999994,0.,390.3720868,459.02803549999993,0.,             107P   1120
389.9023017,459.0451713,0.,389.66838860000007,                       107P   1121
459.05382929999996,0.,388.9499467,459.08088309999994,0.,             107P   1122
388.2473921,459.1088895,0.,387.7810763,459.12832169999996,0.,        107P   1123
387.2626266,459.1507859999999,0.,386.7475342,459.17355799999996,     107P   1124
0.,386.6868731,459.17624549999994,0.,386.2622754,                    107P   1125
459.19507859999993,0.,385.8385253,459.21407129999994,0.,             107P   1126
385.4778277,459.23048459999995,0.,384.8109028,459.261356,0.,         107P   1127
384.1542507,459.29271439999997,0.,383.85173339999994,                107P   1128
459.30736749999994,0.,383.2501218,459.3368747999999,0.,              107P   1129
382.6532182,459.36676829999993,0.,382.3554258,459.3818065,0.,        107P   1130
381.5647869,459.42196419999993,0.,380.7707769,                       107P   1131
459.46265529999994,0.,380.269385,459.4883319,0.,379.5739793,         107P   1132
459.52368609999996,0.,378.869117,459.55929299999997,0.,              107P   1133
378.6752516,459.56907319999993,0.,378.3836824,                       107P   1134
459.58377629999995,0.,378.0914919,459.5985401,0.,377.9940504,        107P   1135
459.6034685999999,0.,377.4095323,459.63309169999997,0.,              107P   1136
376.8249188,459.66300329999996,0.,376.3366539,                       107P   1137
459.68809139999996,0.,375.139703,459.74968739999997,0.,              107P   1138
373.9305864,459.81185259999995,0.,373.2110568,                       107P   1139
459.84868279999995,0.,371.5234165,459.93456359999993,0.,             107P   1140
369.81472270000006,460.0205409999999,0.,368.8369387,                 107P   1141
460.06950059999997,0.,367.0041815,460.1615178,0.,365.1886382,        107P   1142
460.2543199,0.,364.3499578,460.2977763999999,0.,363.0236701,         107P   1143
460.3677316999999,0.,361.7153806,460.43870749999996,0.,              107P   1144
361.2304325,460.46529229999993,0.,360.5040269,                       107P   1145
460.50549609999996,0.,359.7804778,460.54599809999996,0.,             107P   1146
359.547942,460.55905809999996,0.,357.7488051,460.6603458999999,      107P   1147
0.,355.9500457,460.7630386999999,0.,354.387248,                      107P   1148
460.85278919999996,0.,350.9939379,461.0484304,0.,347.5821131,        107P   1149
461.2468718999999,0.,345.7483304,461.35405099999997,0.,              107P   1150
342.6297428,461.5378923999999,0.,339.534573,461.72317879999997,      107P   1151
0.,338.2604234,461.79995529999997,0.,336.7772986,                    107P   1152
461.88982949999996,0.,335.2952165,461.97982279999997,0.,             107P   1153
335.0822749,461.99275479999994,0.,333.3788905,                       107P   1154
462.09622929999995,0.,331.6765407,462.19985379999997,0.,             107P   1155
330.1883988,462.2906703,0.,326.6618019,462.5065144999999,0.,         107P   1156
323.1435237,462.72337239999996,0.,321.1107102,                       107P   1157
462.84919669999994,0.,316.2076369,463.1537561999999,0.,              107P   1158
311.3061817,463.4602393999999,0.,308.4319771,463.640385,0.,          107P   1159
304.9434122,463.85910789999997,0.,301.4543391,464.0784373999999,     107P   1160
0.,300.8439379,464.11683029999995,0.,293.88300460000005,             107P   1161
464.5549401999999,0.,286.9306546,464.99554939999996,0.,              107P   1162
280.5996949,465.3992673999999,0.,268.5685836,466.17311759999996,     107P   1163
0.,256.5522839,466.963534,0.,250.8462247,467.3438282999999,0.,       107P   1164
243.5647592,467.83697689999997,0.,236.2841778,                       107P   1165
468.34261369999996,0.,234.7152936,468.45219149999997,0.,             107P   1166
231.57322719999996,468.67294589999995,0.,228.4322176,                107P   1167
468.89632819999997,0.,226.8622774,469.00868189999994,0.,             107P   1168
215.5808783,469.8212846,0.,204.3175648,470.67162619999993,0.,        107P   1169
194.6369173,471.43772529999995,0.,178.7562619,                       107P   1170
472.76093419999995,0.,162.8794114,474.20986189999996,0.,             107P   1171
156.66905909999997,474.79755279999995,0.,148.4757708,                107P   1172
475.60294749999997,0.,140.279722,476.45271769999994,0.,              107P   1173
138.2980788,476.66083569999995,0.,135.3475885,                       107P   1174
476.97480099999996,0.,132.3971073,477.29508769999995,0.,             107P   1175
131.4283457,477.4009454999999,0.,129.4908145,477.61406479999994,     107P   1176
0.,127.5535826,477.8300497999999,0.,126.58510390000001,              107P   1177
477.93877249999997,0.,120.0901603,478.67303639999994,0.,             107P   1178
113.60551470000001,479.44138369999996,0.,108.1004944,                107P   1179
480.1226545999999,0.,97.3605871,481.5119649,0.,86.63348984,          107P   1180
483.02210919999993,0.,81.39188079000002,483.79030019999993,0.,       107P   1181
73.68008281,484.96575069999994,0.,65.95409084,                       107P   1182
486.21439159999994,0.,63.48674316,486.6206045,0.,60.2122157,         107P   1183
487.17001469999997,0.,56.93856101000001,487.7338103999999,0.,        107P   1184
56.13230874,487.87356489999996,0.,49.369465420000004,                107P   1185
489.05343099999993,0.,42.61456789,490.2965707,0.,                    107P   1186
36.67651347000001,491.44404449999996,0.,25.76630661,493.6588692,     107P   1187
0.,14.879177870000001,496.07617479999993,0.,9.914248636000002,       107P   1188
497.22373209999995,0.,4.952686997000001,498.41774239999995,0.,       107P   1189
0.,499.6607898,0.,0.,713.324555,0.,0.,0.,0,0;                        107P   1190
102,4,101,103,105,107;                                               109P   1191
126,1,1,0,0,1,0,0.,0.,1.,1.,1.,1.,19823.02554734418,                 111P   1192
-4.225202343877257,1916.9939042626884,21108.,-2.8223999368,          111P   1193
5424.,0.,1.,0.,0.,0.,0,0;                                            111P   1194
126,85,5,0,0,1,0,0.,0.,0.,0.,0.,0.,1.,1.,1.,1.,1.,2.,2.,2.,2.,       113P   1195
2.,3.,3.,3.,3.,3.,4.,4.,4.,4.,4.,5.,5.,5.,5.,5.,6.,6.,6.,6.,6.,      113P   1196
7.,7.,7.,7.,7.,8.,8.,8.,8.,8.,9.,9.,9.,9.,9.,10.,10.,10.,10.,        113P   1197
10.,11.,11.,11.,11.,11.,12.,12.,12.,12.,12.,13.,13.,13.,13.,13.,     113P   1198
14.,14.,14.,14.,14.,15.,15.,15.,15.,15.,16.,16.,16.,16.,16.,17.,     113P   1199
17.,17.,17.,17.,17.,1.,1.,1.,1.,1.,1.,1.,1.,1.,1.,1.,1.,1.,1.,       113P   1200
1.,1.,1.,1.,1.,1.,1.,1.,1.,1.,1.,1.,1.,1.,1.,1.,1.,1.,1.,1.,1.,      113P   1201
1.,1.,1.,1.,1.,1.,1.,1.,1.,1.,1.,1.,1.,1.,1.,1.,1.,1.,1.,1.,1.,      113P   1202
1.,1.,1.,1.,1.,1.,1.,1.,1.,1.,1.,1.,1.,1.,1.,1.,1.,1.,1.,1.,1.,      113P   1203
1.,1.,1.,1.,1.,1.,1.,1.,1.,21108.,-2.8223999368,5424.,               113P   1204
21068.21042266696,-10.292845987000202,5424.000000000044,             113P   1205
21028.382195221726,-17.557430507082998,5423.999999999931,            113P   1206
20988.440178435507,-24.637619851766416,5424.000000000044,            113P   1207
20948.43972251027,-31.49585701468116,5423.999999999989,              113P   1208
20908.415263930565,-38.10716287261728,5424.,20879.826364945,         113P   1209
-42.82952419971452,5424.000000000009,20851.225219706954,             113P   1210
-47.42590016712845,5423.999999999983,20822.624377954944,             113P   1211
-51.88718759584676,5424.000000000008,20794.030945414437,             113P   1212
-56.207557433042325,5424.000000000003,20765.418432736784,            113P   1213
-60.397767888758665,5423.999999999999,20722.20369899113,             113P   1214
-66.72642665503805,5424.0000000000055,20678.945440806674,            113P   1215
-72.75817382284765,5423.999999999993,20635.388794059305,             113P   1216
-78.54818021908946,5424.000000000015,20591.665947954534,             113P   1217
-84.07558695478781,5423.999999999995,20547.908381753597,             113P   1218
-89.31157896285265,5424.000000000002,20504.150815552523,             113P   1219
-94.54757097091712,5423.999999999998,20460.358529254714,             113P   1220
-99.49214825134612,5424.0000000000255,20416.66300212035,             113P   1221
-104.11649573704607,5423.999999999974,20373.19500346203,             113P   1222
-108.38384218279913,5424.00000000002,20329.696829367374,             113P   1223
-112.31753370301259,5424.,20266.69629947208,-118.01489124447411,     113P   1224
5424.000000000006,20203.63247013004,-123.01233605872132,             113P   1225
5423.999999999991,20140.367443262272,-127.30493434760207,            113P   1226
5424.0000002,20076.985481801497,-130.8999406893755,                  113P   1227
5424.000000407273,20013.571116299525,-133.7932053419759,             113P   1228
5424.000000523219,19950.15675079747,-136.68646999457619,             113P   1229
5424.000000639161,19886.709981254106,-138.8779929580053,             113P   1230
5424.000000663792,19823.315338220364,-140.36362449019725,            113P   1231
5424.000000498504,19760.057619865383,-141.12781052877048,            113P   1232
5424.000000138827,19696.79999857986,-141.11999999429165,             113P   1233
5424.000000161323,19657.73108990787,-141.1151760845081,              113P   1234
5424.000000175237,19618.66221826258,-140.8158746059332,              113P   1235
5424.000000334809,19579.512583786232,-140.21073969481014,            113P   1236
5424.000000391191,19540.328243788535,-139.26094372469902,            113P   1237
5424.000000357288,19501.157350190948,-137.92505757468868,            113P   1238
5424.000000284589,19461.986456593102,-136.58917142467672,            113P   1239
5424.000000211818,19422.829009394532,-134.86719509475967,            113P   1240
5424.000000099998,19383.73316051447,-132.7176994640127,              113P   1241
5423.9999999999945,19344.74915648019,-130.09665391701375,            113P   1242
5424.000000000007,19305.80457586235,-126.98229661200162,5424.,       113P   1243
19264.75228085653,-123.69938759588703,5423.999999999994,             113P   1244
19223.743791999965,-119.8683249599997,5424.000000000004,             113P   1245
19182.107840000026,-115.39446360000046,5423.999999999995,            113P   1246
19141.22133199341,-110.37993406327192,5424.000000000003,             113P   1247
19100.462174578923,-104.48420189967521,5424.,19072.398797646078,     113P   1248
-100.42488947769586,5424.0000000000055,19044.395792000018,           113P   1249
-95.94783783999999,5423.999999999961,19018.040415999934,             113P   1250
-91.21988384000095,5424.000000000087,18990.188244178244,             113P   1251
-85.885603846779,5423.999999999897,18962.42148030105,                113P   1252
-80.13774711551378,5424.,18950.516574571466,-77.6733730589647,       113P   1253
5423.999999999995,18938.62736884192,-75.13297381651981,              113P   1254
5423.9999999999945,18927.420617125586,-72.65173293188157,            113P   1255
5424.00000000004,18916.50347729057,-70.08277824135138,               113P   1256
5423.999999999946,18905.559966800378,-67.32363116858376,             113P   1257
5424.000000000001,18896.179814951425,-64.95864796335351,             113P   1258
5424.000000000006,18886.780288742684,-62.45393157933089,             113P   1259
5423.9999999999645,18877.16240208653,-59.74494740283921,             113P   1260
5424.00000000005,18867.168655786954,-56.79112337295606,              113P   1261
5423.999999999969,18857.208835115278,-53.72688643751432,5424.,       113P   1262
18847.24079473389,-50.66012062746273,5424.000000000001,              113P   1263
18837.306736000115,-47.48275959199901,5423.9999999999845,            113P   1264
18825.512839999883,-43.62044440799948,5424.000000000038,             113P   1265
18815.711556892125,-40.03325068029397,5423.999999999949,             113P   1266
18806.06901138978,-36.05990516565455,5424.,18801.54121842078,        113P   1267
-34.194164850487,5424.000000000004,18797.048425573354,               113P   1268
-32.243281765077924,5423.999999999991,18792.924632968134,            113P   1269
-30.35210894344547,5424.0000000000255,18788.98086748499,             113P   1270
-28.467329608865274,5423.999999999966,18785.076835286585,            113P   1271
-26.48422913567223,5424.,18781.172803088186,-24.501128662487282,     113P   1272
5423.999999999989,18777.308504174645,-22.419707050712148,            113P   1273
5424.000000000049,18773.343644708628,-20.13524967473942,             113P   1274
5423.999999999893,18769.186610136003,-17.49164406008183,             113P   1275
5424.000000000134,18765.366117709582,-14.428151845407779,            113P   1276
5424.000000000001,18763.582582531082,-12.998009988281526,            113P   1277
5423.999999999996,18761.8723912752,-11.47636063159063,               113P   1278
5424.000000000002,18760.098327680098,-9.710059078713906,             113P   1279
5424.000000000006,18758.557222286934,-7.720723502499366,             113P   1280
5423.999999999996,18757.453782498473,-5.586450724784321,5424.,       113P   1281
18756.902370906933,-4.519383643087501,5423.999999999999,             113P   1282
18756.459091121927,-3.415793481182588,5424.,18756.153128433627,      113P   1283
-2.2862509253367644,5424.000000000001,18755.999689030643,            113P   1284
-1.1430083864389897,5424.,18756.,0.,5424.,0.,17.,0.,0.,0.,0,0;       113P   1285
126,1,1,0,0,1,0,0.,0.,1.,1.,1.,1.,18756.,0.,5424.,                   115P   1286
16502.633048705942,0.,2203.6873018888764,0.,1.,0.,0.,0.,0,0;         115P   1287
126,285,5,0,0,1,0,0.,0.,0.,0.,0.,0.,1.,1.,1.,1.,1.,2.,2.,2.,2.,      117P   1288
2.,3.,3.,3.,3.,3.,4.,4.,4.,4.,4.,5.,5.,5.,5.,5.,6.,6.,6.,6.,6.,      117P   1289
7.,7.,7.,7.,7.,8.,8.,8.,8.,8.,9.,9.,9.,9.,9.,10.,10.,10.,10.,        117P   1290
10.,11.,11.,11.,11.,11.,12.,12.,12.,12.,12.,13.,13.,13.,13.,13.,     117P   1291
14.,14.,14.,14.,14.,15.,15.,15.,15.,15.,16.,16.,16.,16.,16.,17.,     117P   1292
17.,17.,17.,17.,18.,18.,18.,18.,18.,19.,19.,19.,19.,19.,20.,20.,     117P   1293
20.,20.,20.,21.,21.,21.,21.,21.,22.,22.,22.,22.,22.,23.,23.,23.,     117P   1294
23.,23.,24.,24.,24.,24.,24.,25.,25.,25.,25.,25.,26.,26.,26.,26.,     117P   1295
26.,27.,27.,27.,27.,27.,28.,28.,28.,28.,28.,29.,29.,29.,29.,29.,     117P   1296
30.,30.,30.,30.,30.,31.,31.,31.,31.,31.,32.,32.,32.,32.,32.,33.,     117P   1297
33.,33.,33.,33.,34.,34.,34.,34.,34.,35.,35.,35.,35.,35.,36.,36.,     117P   1298
36.,36.,36.,37.,37.,37.,37.,37.,38.,38.,38.,38.,38.,39.,39.,39.,     117P   1299
39.,39.,40.,40.,40.,40.,40.,41.,41.,41.,41.,41.,42.,42.,42.,42.,     117P   1300
42.,43.,43.,43.,43.,43.,44.,44.,44.,44.,44.,45.,45.,45.,45.,45.,     117P   1301
46.,46.,46.,46.,46.,47.,47.,47.,47.,47.,48.,48.,48.,48.,48.,49.,     117P   1302
49.,49.,49.,49.,50.,50.,50.,50.,50.,51.,51.,51.,51.,51.,52.,52.,     117P   1303
52.,52.,52.,53.,53.,53.,53.,53.,54.,54.,54.,54.,54.,55.,55.,55.,     117P   1304
55.,55.,56.,56.,56.,56.,56.,57.,57.,57.,57.,57.,57.,1.,1.,1.,1.,     117P   1305
1.,1.,1.,1.,1.,1.,1.,1.,1.,1.,1.,1.,1.,1.,1.,1.,1.,1.,1.,1.,1.,      117P   1306
1.,1.,1.,1.,1.,1.,1.,1.,1.,1.,1.,1.,1.,1.,1.,1.,1.,1.,1.,1.,1.,      117P   1307
1.,1.,1.,1.,1.,1.,1.,1.,1.,1.,1.,1.,1.,1.,1.,1.,1.,1.,1.,1.,1.,      117P   1308
1.,1.,1.,1.,1.,1.,1.,1.,1.,1.,1.,1.,1.,1.,1.,1.,1.,1.,1.,1.,1.,      117P   1309
1.,1.,1.,1.,1.,1.,1.,1.,1.,1.,1.,1.,1.,1.,1.,1.,1.,1.,1.,1.,1.,      117P   1310
1.,1.,1.,1.,1.,1.,1.,1.,1.,1.,1.,1.,1.,1.,1.,1.,1.,1.,1.,1.,1.,      117P   1311
1.,1.,1.,1.,1.,1.,1.,1.,1.,1.,1.,1.,1.,1.,1.,1.,1.,1.,1.,1.,1.,      117P   1312
1.,1.,1.,1.,1.,1.,1.,1.,1.,1.,1.,1.,1.,1.,1.,1.,1.,1.,1.,1.,1.,      117P   1313
1.,1.,1.,1.,1.,1.,1.,1.,1.,1.,1.,1.,1.,1.,1.,1.,1.,1.,1.,1.,1.,      117P   1314
1.,1.,1.,1.,1.,1.,1.,1.,1.,1.,1.,1.,1.,1.,1.,1.,1.,1.,1.,1.,1.,      117P   1315
1.,1.,1.,1.,1.,1.,1.,1.,1.,1.,1.,1.,1.,1.,1.,1.,1.,1.,1.,1.,1.,      117P   1316
1.,1.,1.,1.,1.,1.,1.,1.,1.,1.,1.,1.,1.,1.,1.,1.,1.,1.,1.,1.,1.,      117P   1317
1.,1.,1.,1.,1.,1.,1.,1.,1.,1.,1.,1.,1.,1.,1.,1.,1.,1.,1.,1.,1.,      117P   1318
1.,1.,1.,1.,1.,1.,1.,1.,1.,16502.633048705942,0.,                    117P   1319
2203.6873018888764,16502.633040991943,-0.6339585263236169,           117P   1320
2203.6873020408857,16502.66456762312,-1.267910946646213,             117P   1321
2203.686300543022,16502.727706302037,-1.8987549795573044,            117P   1322
2203.6842978865116,16502.821348466372,-2.5238506301095955,           117P   1323
2203.681328773507,16502.943199288922,-3.1410201898189793,            117P   1324
2203.6774621170866,16503.131082356667,-4.092754906765051,            117P   1325
2203.6715004065777,16503.386617831504,-5.0257860913010814,           117P   1326
2203.6633886351483,16503.701205173886,-5.932922147798944,            117P   1327
2203.6533898114376,16504.065608394,-6.810658434061329,               117P   1328
2203.6417862250905,16504.469956051784,-7.659177261321749,            117P   1329
2203.628879446757,16504.92393174555,-8.611298838172484,              117P   1330
2203.61438906753,16505.429422556954,-9.52705162355876,               117P   1331
2203.598220722347,16505.9748991039,-10.406881690217052,              117P   1332
2203.5807286776226,16506.55142286447,-11.252457586313646,            117P   1333
2203.5621887348184,16507.152646176954,-12.06667033544466,            117P   1334
2203.5427982304473,16507.912264939925,-13.095290629090881,           117P   1335
2203.518299566267,16508.71152877877,-14.074047904953218,             117P   1336
2203.492435011067,16509.53829750348,-15.008266376642027,             117P   1337
2203.465583241944,16510.38423167166,-15.902857998931168,             117P   1338
2203.4380021539705,16511.24479258853,-16.762322467758015,            117P   1339
2203.4098288601917,16511.82991732132,-17.346556467890412,            117P   1340
2203.390673115201,16512.421329087232,-17.914686911807955,            117P   1341
2203.3712584965792,16513.018098235134,-18.468082007195157,           117P   1342
2203.3516127990456,16513.619295113884,-19.00810996173654,            117P   1343
2203.3317638173194,16514.223990072333,-19.53613898311661,            117P   1344
2203.3117393461207,16514.52516105328,-19.799190288355764,            117P   1345
2203.3017244721423,16514.829994475174,-20.061415873581705,           117P   1346
2203.29166276373,16515.13555918242,-20.320653143767103,              117P   1347
2203.2815533564076,16515.438924019425,-20.57473950388461,            117P   1348
2203.2713953856983,16515.737157830583,-20.8215123589069,             117P   1349
2203.2611879871265,16515.78382844247,-20.859994139122023,            117P   1350
2203.259570708864,16515.83049905435,-20.898475919337145,             117P   1351
2203.2579534306005,16515.877169666237,-20.936957699552266,           117P   1352
2203.2563361523376,16515.92384027812,-20.97543947976739,             117P   1353
2203.2547188740746,16515.97051089,-21.01392125998251,                117P   1354
2203.253101595811,16516.2416143074,-21.236106602518575,              117P   1355
2203.244481870808,16516.506267308923,-21.450784940493282,            117P   1356
2203.2358249859562,16516.767199361642,-21.66027563657154,            117P   1357
2203.227132767899,16517.027139932616,-21.866898053418254,            117P   1358
2203.218407043283,16517.28881848891,-22.072971553698324,             117P   1359
2203.2096496387526,16519.010299509813,-23.428398595539576,           117P   1360
2203.1519771625035,16520.759298833484,-24.719110318989536,           117P   1361
2203.0929202939283,16522.524484367204,-25.955733766791205,           117P   1362
2203.032842441885,16524.29885950768,-27.14628717946953,              117P   1363
2202.97196889671,16526.07976314103,-28.29617999533142,               117P   1364
2202.910386830222,16528.519573237405,-29.87172051279348,             117P   1365
2202.8260194215827,16530.968639270697,-31.37043292334053,            117P   1366
2202.7404247988984,16533.41694598325,-32.806683056045614,            117P   1367
2202.6539329498137,16535.862792527492,-34.19267466474144,            117P   1368
2202.5665934951135,16538.312792465942,-35.53844942802034,            117P   1369
2202.4781756887264,16539.909510046327,-36.41562763666887,            117P   1370
2202.420551259459,16541.506779758853,-37.27529817787877,             117P   1371
2202.362510755908,16543.105642292106,-38.120113605306436,            117P   1372
2202.3040168521593,16544.707587727335,-38.95231737667544,            117P   1373
2202.2450183340698,16546.31455553844,-39.77374385377651,             117P   1374
2202.1854500992677,16547.921350748362,-40.59499287213998,            117P   1375
2202.1258884440376,16549.533501038197,-41.40592460839288,            117P   1376
2202.0657435552494,16551.152335857834,-42.20775046548698,            117P   1377
2202.0049738491207,16552.779184657138,-43.00168184637409,            117P   1378
2201.9435377418663,16554.415376885983,-43.78893015400602,            117P   1379
2201.881393649703,16557.835416700607,-45.43436448246196,             117P   1380
2201.751495288902,16561.296692081494,-47.050460735502895,            117P   1381
2201.618499057615,16564.80704381846,-48.64332840346158,              117P   1382
2201.482169034298,16568.35740552882,-50.20994008865905,              117P   1383
2201.3430101443696,16571.921803657387,-51.738131505404624,           117P   1384
2201.202268160213,16572.286019624284,-51.89427919968851,             117P   1385
2201.187903525166,16572.648700538284,-52.0493523595965,              117P   1386
2201.1735210836323,16573.015303283915,-52.20558492841852,            117P   1387
2201.159122414456,16573.391284745692,-52.36521084944449,             117P   1388
2201.1447090964807,16573.782101808138,-52.53046406596434,            117P   1389
2201.1302827085497,16573.89134228679,-52.57677391597939,             117P   1390
2201.125823705792,16574.001281262677,-52.623328624931816,            117P   1391
2201.1213634394276,16574.111918735794,-52.67012819282163,            117P   1392
2201.1169019094564,16574.223254706143,-52.71717261964883,            117P   1393
2201.112439115878,16574.335289173723,-52.76446190541341,             117P   1394
2201.1079750586923,16577.169593827683,-53.96096695212897,            117P   1395
2200.994537474114,16580.039149254637,-55.14352030758077,             117P   1396
2200.880272669926,16582.92673391766,-56.30411997794333,              117P   1397
2200.76507800751,16585.82644323927,-57.44178526804286,               117P   1398
2200.6489052997904,16588.74368960146,-58.56255678135726,             117P   1399
2200.531760811235,16591.26690578869,-59.53175639116273,              117P   1400
2200.43040435236,16593.801945465035,-60.48731717554842,              117P   1401
2200.32829211176,16596.34696408564,-61.430245968513056,              117P   1402
2200.225448776764,16598.900117105626,-62.36154960405537,             117P   1403
2200.1218990346997,16601.459559980136,-63.28223491617411,            117P   1404
2200.0176675728935,16604.01895483286,-64.20281771310246,             117P   1405
2199.9134408984464,16606.584556261387,-65.1128676677827,             117P   1406
2199.8085275577055,16609.154100125645,-66.0128773410086,             117P   1407
2199.7029784924657,16611.72532228556,-66.90333929357396,             117P   1408
2199.5968446445218,16614.295958601062,-67.78474608627255,            117P   1409
2199.490176955668,16618.550593071657,-69.24350486491956,             117P   1410
2199.31363621173,16622.810905795428,-70.67968223186065,              117P   1411
2199.135335383644,16627.065816231057,-72.09407277963795,             117P   1412
2198.9555920436333,16631.30163565022,-73.48513073991639,             117P   1413
2198.774937984921,16635.502067137608,-74.84896998348367,             117P   1414
2198.5941192217306,16637.0898538808,-75.36446821182541,              117P   1415
2198.5257655726737,16638.67584332987,-75.87720885499118,             117P   1416
2198.4572579113646,16640.260035484825,-76.387191912981,              117P   1417
2198.3885962378035,16641.84243034566,-76.89441738579485,             117P   1418
2198.319780551989,16643.423027912377,-77.39888527343274,             117P   1419
2198.250810853922,16643.990719805603,-77.58008602093624,             117P   1420
2198.2260200770434,16644.560329380198,-77.76159000343557,            117P   1421
2198.201205056422,16645.125956591037,-77.94158790021433,             117P   1422
2198.176363839053,16645.681701392994,-78.11827039055615,             117P   1423
2198.1514944719306,16646.22166374094,-78.28982815374465,             117P   1424
2198.1265950020493,16646.450550915808,-78.36237612831155,            117P   1425
2198.1168493192627,16646.67788853695,-78.43440347092586,             117P   1426
2198.1070990968374,16646.903676604372,-78.50591018158758,            117P   1427
2198.097344334775,16647.127915118068,-78.57689626029673,             117P   1428
2198.087585033074,16647.350604078045,-78.64736170705329,             117P   1429
2198.077821191736,16651.32705442373,-79.90547324057181,              117P   1430
2197.904275542065,16655.28165123467,-81.1431768569723,               117P   1431
2197.7293220205192,16659.231008809067,-82.36535506705405,            117P   1432
2197.553236939383,16663.17931503958,-83.57280559694628,              117P   1433
2197.376267874915,16667.11833141331,-84.76224138810801,              117P   1434
2197.1986336673463,16672.803653437713,-86.47903501617616,            117P   1435
2196.942308460462,16678.47606223488,-88.16054067436264,              117P   1436
2196.684574285388,16684.13158343837,-89.80360336078787,              117P   1437
2196.426095004767,16689.770442589463,-91.40683499599535,             117P   1438
2196.1673113605293,16695.397065137124,-92.97061442295154,            117P   1439
2195.908440973894,16702.87873312657,-95.05002375344492,              117P   1440
2195.5642125740815,16710.334671799763,-97.05877128700124,            117P   1441
2195.2199754223066,16717.777835273904,-98.99934867402456,            117P   1442
2194.876008748363,16725.229366116484,-100.880454556599,              117P   1443
2194.531613701799,16732.71859534526,-102.71699456848883,             117P   1444
2194.1851133519203,16739.254894245656,-104.31974462053346,           117P   1445
2193.882660562787,16745.81075861651,-105.8859536095648,              117P   1446
2193.579120816762,16752.392643184852,-107.4224020343543,             117P   1447
2193.27378912016,16759.007002677714,-108.93587039367343,             117P   1448
2192.9659604792932,16765.660291822125,-110.43313918629359,           117P   1449
2192.654929900475,16769.607689470944,-111.32133723653907,            117P   1450
2192.470401233784,16773.566642703983,-112.2034002717031,             117P   1451
2192.28482161586,16777.535255798033,-113.07959306335034,             117P   1452
2192.0982214048254,16781.511633029877,-113.9501803830454,            117P   1453
2191.910630958802,16785.4938786763,-114.81542700235288,              117P   1454
2191.7220806359123,16787.38744912692,-115.22683336337498,            117P   1455
2191.632479586803,16789.257056129292,-115.63153208495196,            117P   1456
2191.5436071915233,16791.115897668875,-116.03243656755043,           117P   1457
2191.455665201782,16792.994964819034,-116.43616596913904,            117P   1458
2191.367566312657,16794.943041741044,-116.8530452051884,             117P   1459
2191.276934162597,16795.06128260544,-116.87836182092244,             117P   1460
2191.2712625579634,16795.17952346983,-116.90367843665645,            117P   1461
2191.2655909533296,16795.297764334224,-116.92899505239046,           117P   1462
2191.259919348695,16795.416005198615,-116.95431166812449,            117P   1463
2191.2542477440606,16795.534246063005,-116.97962828385849,           117P   1464
2191.248576139427,16808.385672569406,-119.72997034667196,            117P   1465
2190.6321965868287,16821.3141572136,-122.43024292238678,             117P   1466
2190.008410731009,16834.23402333055,-125.06725223449624,             117P   1467
2189.378504585317,16847.119417364444,-127.63549964887005,            117P   1468
2188.7435637664885,16860.004308868716,-130.13718167375433,           117P   1469
2188.1044734946463,16874.984350567764,-133.04573595728425,           117P   1470
2187.3612667497982,16889.9417121764,-135.8611021606671,              117P   1471
2186.6127058399343,16904.89721248219,-138.58090324689005,            117P   1472
2185.8599307125355,16919.877436433027,-141.20625994096713,           117P   1473
2185.103286692671,16934.914735137172,-143.74179072993928,            117P   1474
2184.3423244830024,16945.497632984283,-145.52639666196137,           117P   1475
2183.806733236567,16956.100138928927,-147.26527431284515,            117P   1476
2183.2694269856597,16966.72247723482,-148.95893334755385,            117P   1477
2182.730524639648,16977.36552269479,-150.60870101292983,             117P   1478
2182.1903797858567,16988.030800630808,-152.2167221376948,            117P   1479
2181.649580689569,16988.404479676185,-152.27294723460153,            117P   1480
2181.6306526728895,16988.77815872156,-152.32917233150823,            117P   1481
2181.611724656209,16989.151837766934,-152.38539742841496,            117P   1482
2181.5927966395293,16989.52551681231,-152.4416225253217,             117P   1483
2181.573868622849,16989.899195857688,-152.49784762222842,            117P   1484
2181.5549406061687,16991.29762201947,-152.7079543875376,             117P   1485
2181.4831200395047,16992.70428866335,-152.91847401908853,            117P   1486
2181.4112900989567,16994.11636930453,-153.12899615547713,            117P   1487
2181.3394504806256,16995.53103745821,-153.33911043529918,            117P   1488
2181.2676008806106,16996.9454666396,-153.54840649715055,             117P   1489
2181.195740995013,17009.453413601335,-155.3991395109847,             117P   1490
2180.5601633558363,17021.968885834453,-157.19074672846062,           117P   1491
2179.923735424358,17034.492134177093,-158.92657430931578,            117P   1492
2179.2863112795326,17047.02340946739,-160.60996841328756,            117P   1493
2178.647745000315,17059.562962543485,-162.24427520011344,            117P   1494
2178.007890665659,17076.771714165396,-164.4870391875394,             117P   1495
2177.129780172101,17093.995504067163,-166.63683013884778,            117P   1496
2176.2492776405816,17111.231735591384,-168.70057197893004,           117P   1497
2175.366162600809,17128.476235029993,-170.68298415199195,            117P   1498
2174.4804691234963,17145.723251624266,-172.58658162155342,           117P   1499
2173.5924858203616,17170.103427782247,-175.27750906019233,           117P   1500
2172.337249372881,17194.49011887535,-177.81126971179393,             117P   1501
2171.0773815206435,17218.881463749058,-180.19692978517733,           117P   1502
2169.8129802904377,17243.247216345768,-182.4336202099478,            117P   1503
2168.5466476478437,17267.61347945879,-184.52750302699596,            117P   1504
2167.277418006916,17270.155059393644,-184.74589739516347,            117P   1505
2167.1450514395183,17272.695799673136,-184.96267966277918,           117P   1506
2167.012664501671,17275.23570029727,-185.1778498298432,              117P   1507
2166.880257193375,17277.77476126605,-185.3914078963555,              117P   1508
2166.74782951463,17280.31298257947,-185.60335386231606,              117P   1509
2166.6153814654367,17282.945662283255,-185.82317106731318,           117P   1510
2166.4782193833335,17285.578153312024,-186.04132789428633,           117P   1511
2166.341006582267,17288.21045566578,-186.25782434323548,             117P   1512
2166.2037430622377,17290.84256934452,-186.47266041416063,            117P   1513
2166.0664288232456,17293.47449434826,-186.6858361070618,             117P   1514
2165.929063865291,17347.254008798354,-191.04180307669841,            117P   1515
2163.1225249222316,17401.067919328456,-194.71507351137987,           117P   1516
2160.3013878124702,17454.964030196017,-197.73713241386068,           117P   1517
2157.4677824861637,17508.856883467844,-200.1733878876919,            117P   1518
2154.6151971785484,17562.748237802036,-202.08232669582907,           117P   1519
2151.730539931447,17611.468974767988,-203.80811690286745,            117P   1520
2149.122650921757,17660.188306866905,-205.10288432531513,            117P   1521
2146.4885490165098,17708.889599150978,-206.00935268025603,           117P   1522
2143.8193493211384,17757.549678005536,-206.56407339316885,           117P   1523
2141.1052592959722,17806.184093772823,-206.78323395379957,           117P   1524
2138.337276407983,17811.922392181692,-206.80904570031137,            117P   1525
2138.0107029989435,17817.65960410354,-206.83023383463367,            117P   1526
2137.6834057598785,17823.395729538373,-206.84679835676656,           117P   1527
2137.355384690788,17829.13076848619,-206.85873926670996,             117P   1528
2137.0266397916716,17834.864720946993,-206.86605656446395,           117P   1529
2136.6971710625303,17842.507554654207,-206.87576650120542,           117P   1530
2136.2579893413126,17850.151698767404,-206.8773730927765,            117P   1531
2135.8172512177352,17857.79715328658,-206.8708763391773,             117P   1532
2135.3749566917986,17865.443918211742,-206.85627624040777,           117P   1533
2134.9311057635023,17873.091993542883,-206.83357279646793,           117P   1534
2134.485698432846,17886.470661022486,-206.7938966819277,             117P   1535
2133.706505584104,17899.84805216758,-206.7296063641469,              117P   1536
2132.9227032946815,17913.224180598234,-206.6409088826498,            117P   1537
2132.1341195541063,17926.599059934513,-206.52801127696063,           117P   1538
2131.340582351905,17939.972703796477,-206.39112058660365,            117P   1539
2130.5419196776047,18022.72102936284,-205.5441148694969,             117P   1540
2125.6002549746268,18105.422301630708,-203.77813459669733,           117P   1541
2120.4622887535797,18188.09230593879,-201.13792128325915,            117P   1542
2115.08521238965,18270.641164514476,-197.63613620508832,             117P   1543
2109.4297669481293,18353.045556849906,-193.26809957154043,           117P   1544
2103.4471196273507,18405.96438039335,-190.46296845934907,            117P   1545
2099.60517303319,18458.824904415305,-187.30079431803094,             117P   1546
2095.628097265146,18511.615007459972,-183.77983123276204,            117P   1547
2091.503522600355,18564.32601672942,-179.89831015844047,             117P   1548
2087.2169624594057,18616.95270808355,-175.6544389196863,             117P   1549
2082.7518134063384,18633.73292567078,-174.30135200527138,            117P   1550
2081.328054765307,18650.504926196852,-172.9114356295069,             117P   1551
2079.8861159681715,18667.268752154505,-171.48471739645746,           117P   1552
2078.4253935365377,18684.024446036485,-170.02122491018758,           117P   1553
2076.9452839920114,18700.772050335538,-168.52098577476195,           117P   1554
2075.445183856198,18707.03132573476,-167.96028526990384,             117P   1555
2074.884549829124,18713.288695881627,-167.39452883963088,            117P   1556
2074.3211197278915,18719.54636018261,-166.8235201168082,             117P   1557
2073.7548597195046,18725.806518044174,-166.2470627343008,            117P   1558
2073.1857359709675,18732.071368872777,-165.66496032497372,           117P   1559
2072.613714649283,18733.99539225837,-165.48617253390054,             117P   1560
2072.4374955119106,18735.919744182193,-165.30686101385672,           117P   1561
2072.260999797982,18737.844424644245,-165.1270257648423,             117P   1562
2072.0842275074974,18739.76943364453,-164.94666678685726,            117P   1563
2071.9071786404566,18741.694771183047,-164.76578407990164,           117P   1564
2071.729853196859,18749.87038225621,-163.99770278247126,             117P   1565
2070.9769066836175,18758.047134929344,-163.2205835259424,            117P   1566
2070.2189315974465,18766.22399390876,-162.43453869617736,            117P   1567
2069.455831994842,18774.39992390077,-161.63968067903852,             117P   1568
2068.687511932299,18782.573889611693,-160.8361218603883,             117P   1569
2067.9138754663127,18829.22938410315,-156.24958047722197,            117P   1570
2063.498215563378,18875.846272485935,-151.37744750267845,            117P   1571
2058.9093434815222,18922.461492919527,-146.2218409369487,            117P   1572
2054.1276570896057,18969.019007778297,-140.8042907832484,            117P   1573
2049.1395109820373,19015.50528138104,-135.13483730910846,            117P   1574
2043.929439111053,19059.89421814848,-129.7212183997948,              117P   1575
2038.9544508104054,19104.218512434054,-124.07769531911315,           117P   1576
2033.7769356619933,19148.447891721848,-118.21609853205287,           117P   1577
2028.3854469578453,19192.562536589627,-112.14042923640004,           117P   1578
2022.7682703750993,19236.553080708876,-105.8468593627375,            117P   1579
2016.913423976003,19257.177437384005,-102.89616397461039,            117P   1580
2014.1684531508786,19277.774321899484,-99.8975653719032,             117P   1581
2011.3711113731729,19298.346085338828,-96.85010479646397,            117P   1582
2008.5200494011478,19318.88935096572,-93.75340403508892,             117P   1583
2005.6136355318426,19339.395014224014,-90.60766541952246,            117P   1584
2002.6499556010742,19340.58746716782,-90.42436192298895,             117P   1585
2002.4771549612553,19341.779920111625,-90.24105842645545,            117P   1586
2002.3043543214362,19342.97237305543,-90.05775492992194,             117P   1587
2002.131553681617,19344.164825999236,-89.87445143338844,             117P   1588
2001.958753041798,19345.357278943044,-89.69114793685493,             117P   1589
2001.7859524019786,19350.88341069146,-88.84010735127508,             117P   1590
2000.986190682604,19356.400015521904,-87.98649666130791,             117P   1591
2000.182262595421,19361.90996218226,-87.12987918814672,              117P   1592
1999.3741362526484,19367.416119420395,-86.26981825298483,            117P   1593
1998.5617797665047,19372.92135598418,-85.40587717701561,             117P   1594
1997.7451612492082,19422.407832632394,-77.63992917091872,            117P   1595
1990.4044690771211,19471.767330526127,-69.56775219887359,            117P   1596
1982.719240602693,19520.999660119465,-61.178186386217554,            117P   1597
1974.66538147777,19570.08339816136,-52.49899479465179,               117P   1598
1966.2158015117411,19618.993923792194,-43.553288861711046,           117P   1599
1957.3463520375074,19660.067905203312,-36.04090988144969,            117P   1600
1949.897980975451,19701.01967988787,-28.340630745068957,             117P   1601
1942.153506361733,19741.831138398193,-20.46728594615709,             117P   1602
1934.099061169223,19782.50099485022,-12.430341353993388,             117P   1603
1925.7185728740333,19823.02554734418,-4.225202343877257,             117P   1604
1916.9939042626884,0.,57.,0.,0.,0.,0,0;                              117P   1605
102,4,111,113,115,117;                                               119P   1606
142,0,99,109,119,1,0,0;                                              121P   1607
406,1,13HSplit.half vt;                                              123P   1608
144,99,1,0,121,0,1,123;                                              125P   1609
128,32,1,5,1,0,0,1,0,0,0.,0.,0.,0.,0.,0.,57.83616559,                127P   1610
57.83616559,57.83616559,130.6299151,130.6299151,130.6299151,         127P   1611
236.0606576,236.0606576,236.0606576,301.1763538,301.1763538,         127P   1612
301.1763538,335.4962608,335.4962608,335.4962608,359.1261037,         127P   1613
359.1261037,359.1261037,377.9412171,377.9412171,377.9412171,         127P   1614
386.6322823,386.6322823,386.6322823,394.7943063,394.7943063,         127P   1615
394.7943063,397.6520381,397.6520381,397.6520381,397.6520381,         127P   1616
397.6520381,397.6520381,0.,0.,601.814516,601.814516,1.,1.,1.,1.,     127P   1617
1.,1.,1.,1.,1.,1.,1.,1.,1.,1.,1.,1.,1.,1.,1.,1.,1.,1.,1.,1.,1.,      127P   1618
1.,1.,1.,1.,1.,1.,1.,1.,1.,1.,1.,1.,1.,1.,1.,1.,1.,1.,1.,1.,1.,      127P   1619
1.,1.,1.,1.,1.,1.,1.,1.,1.,1.,1.,1.,1.,1.,1.,1.,1.,1.,1.,1.,         127P   1620
21108.,2.8223999368,5424.,21039.789296,15.62887888,5424.,            127P   1621
20971.465008,27.830377,5424.,20902.648592,39.535039664,5424.,        127P   1622
20747.79732,63.942190376,5424.,20592.3854,84.52475656,5424.,         127P   1623
20503.568824,95.24814792,5424.,20290.866936,117.77786064,5424.,      127P   1624
20077.441512,132.30731296,5424.,19949.830872,138.06325584,           127P   1625
5424.0000016,19745.177184,143.03316248,5423.9999992,                 127P   1626
19540.524512,139.92279408,5424.0000008,19461.740592,137.4664788,     127P   1627
5424.,19342.558328,130.96812264,5424.,19223.743792,119.86832496,     127P   1628
5424.,19182.10784,115.3944636,5424.,19113.070272,106.92734472,       127P   1629
5424.,19044.395792,95.94783784,5424.,19018.040416,91.21988384,       127P   1630
5424.,18968.011128,81.63821704,5424.,18918.257408,70.722148448,      127P   1631
5424.,18900.52732,66.48691924,5424.,18868.74684,57.538726048,        127P   1632
5424.,18837.306736,47.482759592,5424.,18825.51284,43.620444408,      127P   1633
5424.,18806.506896,36.664416064,5424.,18788.09784,28.256372824,      127P   1634
5424.,18781.994256,25.002574304,5424.,18769.860472,18.99797532,      127P   1635
5424.,18760.180536,9.9318344,5424.,18757.372176,6.8579745152,        127P   1636
5424.,18755.999992,3.4292330808,5424.,18756.,0.,5424.,               127P   1637
19560.317464,4.5119998992,1200.,19451.273136,24.984942432,1200.,     127P   1638
19342.04724,44.490738736,1200.,19232.0346,63.202274296,1200.,        127P   1639
18984.48324,102.2205084,1200.,18736.035624,135.1246108,1200.,        127P   1640
18594.049944,152.26744744,1200.,18254.016296,188.28433504,1200.,     127P   1641
17912.826,211.5116908,1200.,17708.8226,220.71336816,                 127P   1642
1200.0000008,17381.655144,228.65845696,1200.,17054.489296,           127P   1643
223.68609944,1200.,16928.542224,219.7593368,1200.,16738.012752,      127P   1644
209.37080832,1200.,16548.071136,191.62623384,1200.,16481.510264,     127P   1645
184.47414248,1200.,16371.144088,170.93827216,1200.,16261.35836,      127P   1646
153.38599928,1200.,16219.225616,145.82770544,1200.,16139.246816,     127P   1647
130.5100748,1200.,16059.708552,113.05921688,1200.,16031.364576,      127P   1648
106.28862336,1200.,15980.559008,91.98368024,1200.,15930.297576,      127P   1649
75.907801384,1200.,15911.443688,69.733464304,1200.,15881.059608,     127P   1650
58.613117504,1200.,15851.630248,45.171706224,1200.,15841.873912,     127P   1651
39.970684736,1200.,15822.475376,30.37101936,1200.,15807.0004,        127P   1652
15.87719628,1200.,15802.511104,10.963033832,1200.,15800.317456,      127P   1653
5.482108256,1200.,15800.317464,0.,1200.,0.,397.6520381,0.,           127P   1654
601.814516;                                                          127P   1655
126,146,5,0,0,1,0,0.,0.,0.,0.,0.,0.,0.5131748000000016,              129P   1656
0.5131748000000016,0.5131748000000016,1.3045610000000352,            129P   1657
1.3045610000000352,1.3045610000000352,2.1924905000000763,            129P   1658
2.1924905000000763,2.1924905000000763,3.314180800000031,             129P   1659
3.314180800000031,3.314180800000031,4.076675600000044,               129P   1660
4.076675600000044,4.076675600000044,4.457937399999992,               129P   1661
4.457937399999992,4.457937399999992,4.8391953000000285,              129P   1662
4.8391953000000285,4.8391953000000285,6.952682500000037,             129P   1663
6.952682500000037,6.952682500000037,9.848395900000014,               129P   1664
9.848395900000014,9.848395900000014,11.736265600000024,              129P   1665
11.736265600000024,11.736265600000024,13.624135200000069,            129P   1666
13.624135200000069,13.624135200000069,17.57066980000002,             129P   1667
17.57066980000002,17.57066980000002,18.09785480000005,               129P   1668
18.09785480000005,18.09785480000005,21.260883900000067,              129P   1669
21.260883900000067,21.260883900000067,23.99774720000005,             129P   1670
23.99774720000005,23.99774720000005,26.734610599999996,              129P   1671
26.734610599999996,26.734610599999996,31.265841000000023,            129P   1672
31.265841000000023,31.265841000000023,32.976936600000045,            129P   1673
32.976936600000045,32.976936600000045,33.83248460000004,             129P   1674
33.83248460000004,33.83248460000004,38.11020589999998,               129P   1675
38.11020589999998,38.11020589999998,44.282960600000024,              129P   1676
44.282960600000024,44.282960600000024,52.48970140000006,             129P   1677
52.48970140000006,52.48970140000006,59.65670190000003,               129P   1678
59.65670190000003,59.65670190000003,63.9105108,63.9105108,           129P   1679
63.9105108,66.05458550000003,66.05458550000003,                      129P   1680
66.05458550000003,79.84110710000004,79.84110710000004,               129P   1681
79.84110710000004,95.8718427,95.8718427,95.8718427,                  129P   1682
107.15857190000008,107.15857190000008,107.15857190000008,            129P   1683
109.05232540000009,109.05232540000009,109.05232540000009,            129P   1684
122.30854880000004,122.30854880000004,122.30854880000004,            129P   1685
140.501084,140.501084,140.501084,166.2174559,166.2174559,            129P   1686
166.2174559,171.67686930000002,171.67686930000002,                   129P   1687
171.67686930000002,228.42630780000002,228.42630780000002,            129P   1688
228.42630780000002,279.7309253,279.7309253,279.7309253,              129P   1689
293.85545540000004,293.85545540000004,293.85545540000004,            129P   1690
307.97520290000006,307.97520290000006,307.97520290000006,            129P   1691
395.34001780000006,395.34001780000006,395.34001780000006,            129P   1692
451.44464680000004,451.44464680000004,451.44464680000004,            129P   1693
469.33344400000004,469.33344400000004,469.33344400000004,            129P   1694
478.0786011,478.0786011,478.0786011,486.82375820000004,              129P   1695
486.82375820000004,486.82375820000004,536.7382015000001,             129P   1696
536.7382015000001,536.7382015000001,584.4007828,584.4007828,         129P   1697
584.4007828,606.7463174000001,606.7463174000001,                     129P   1698
606.7463174000001,614.04912069,614.04912069,614.04912069,            129P   1699
668.0096632,668.0096632,668.0096632,713.324555,713.324555,           129P   1700
713.324555,713.324555,713.324555,713.324555,1.,1.,1.,1.,1.,1.,       129P   1701
1.,1.,1.,1.,1.,1.,1.,1.,1.,1.,1.,1.,1.,1.,1.,1.,1.,1.,1.,1.,1.,      129P   1702
1.,1.,1.,1.,1.,1.,1.,1.,1.,1.,1.,1.,1.,1.,1.,1.,1.,1.,1.,1.,1.,      129P   1703
1.,1.,1.,1.,1.,1.,1.,1.,1.,1.,1.,1.,1.,1.,1.,1.,1.,1.,1.,1.,1.,      129P   1704
1.,1.,1.,1.,1.,1.,1.,1.,1.,1.,1.,1.,1.,1.,1.,1.,1.,1.,1.,1.,1.,      129P   1705
1.,1.,1.,1.,1.,1.,1.,1.,1.,1.,1.,1.,1.,1.,1.,1.,1.,1.,1.,1.,1.,      129P   1706
1.,1.,1.,1.,1.,1.,1.,1.,1.,1.,1.,1.,1.,1.,1.,1.,1.,1.,1.,1.,1.,      129P   1707
1.,1.,1.,1.,1.,1.,1.,1.,1.,1.,1.,1.,1.,1.,1.,397.6520381,            129P   1708
458.8141400999999,0.,397.5794882,458.8141400999999,0.,               129P   1709
397.5069374,458.8142826999999,0.,397.4346191,458.81456819999994,     129P   1710
0.,397.2518327,458.81564309999993,0.,397.072702,458.8175462,0.,      129P   1711
396.9657853,458.81897319999996,0.,396.7431409,                       129P   1712
458.82247559999996,0.,396.5282953,458.8268317,0.,396.4165631,        129P   1713
458.8293244999999,0.,396.1672798,458.83530129999997,0.,              129P   1714
395.9236597,458.841904,0.,395.7886239,458.84572909999997,0.,         129P   1715
395.5621983,458.85233109999996,0.,395.3353783,                       129P   1716
458.85916839999993,0.,395.2433656,458.8619685,0.,395.1050904,        129P   1717
458.86620809999994,0.,394.9665864,458.8705088,0.,394.9204025,        129P   1718
458.87194919999996,0.,394.8280654,458.87484349999994,0.,             129P   1719
394.7359105,458.87776649999995,0.,394.6899072,458.8792356999999,     129P   1720
0.,394.3891699999999,458.88889199999994,0.,394.0901465,              129P   1721
458.89882579999994,0.,393.8368693,458.90738239999996,0.,             129P   1722
393.2343369,458.9279462,0.,392.6248946,458.94904979999995,0.,        129P   1723
392.2697096,458.96136409999997,0.,391.6772805,                       129P   1724
458.98193639999994,0.,391.0801279,459.0028898,0.,390.8440462,        129P   1725
459.01122359999994,0.,390.3720868,459.02803549999993,0.,             129P   1726
389.9023017,459.0451713,0.,389.66838860000007,                       129P   1727
459.05382929999996,0.,388.9499467,459.08088309999994,0.,             129P   1728
388.2473921,459.1088895,0.,387.7810763,459.12832169999996,0.,        129P   1729
387.2626266,459.1507859999999,0.,386.7475342,459.17355799999996,     129P   1730
0.,386.6868731,459.17624549999994,0.,386.2622754,                    129P   1731
459.19507859999993,0.,385.8385253,459.21407129999994,0.,             129P   1732
385.4778277,459.23048459999995,0.,384.8109028,459.261356,0.,         129P   1733
384.1542507,459.29271439999997,0.,383.85173339999994,                129P   1734
459.30736749999994,0.,383.2501218,459.3368747999999,0.,              129P   1735
382.6532182,459.36676829999993,0.,382.3554258,459.3818065,0.,        129P   1736
381.5647869,459.42196419999993,0.,380.7707769,                       129P   1737
459.46265529999994,0.,380.269385,459.4883319,0.,379.5739793,         129P   1738
459.52368609999996,0.,378.869117,459.55929299999997,0.,              129P   1739
378.6752516,459.56907319999993,0.,378.3836824,                       129P   1740
459.58377629999995,0.,378.0914919,459.5985401,0.,377.9940504,        129P   1741
459.6034685999999,0.,377.4095323,459.63309169999997,0.,              129P   1742
376.8249188,459.66300329999996,0.,376.3366539,                       129P   1743
459.68809139999996,0.,375.139703,459.74968739999997,0.,              129P   1744
373.9305864,459.81185259999995,0.,373.2110568,                       129P   1745
459.84868279999995,0.,371.5234165,459.93456359999993,0.,             129P   1746
369.81472270000006,460.0205409999999,0.,368.8369387,                 129P   1747
460.06950059999997,0.,367.0041815,460.1615178,0.,365.1886382,        129P   1748
460.2543199,0.,364.3499578,460.2977763999999,0.,363.0236701,         129P   1749
460.3677316999999,0.,361.7153806,460.43870749999996,0.,              129P   1750
361.2304325,460.46529229999993,0.,360.5040269,                       129P   1751
460.50549609999996,0.,359.7804778,460.54599809999996,0.,             129P   1752
359.547942,460.55905809999996,0.,357.7488051,460.6603458999999,      129P   1753
0.,355.9500457,460.7630386999999,0.,354.387248,                      129P   1754
460.85278919999996,0.,350.9939379,461.0484304,0.,347.5821131,        129P   1755
461.2468718999999,0.,345.7483304,461.35405099999997,0.,              129P   1756
342.6297428,461.5378923999999,0.,339.534573,461.72317879999997,      129P   1757
0.,338.2604234,461.79995529999997,0.,336.7772986,                    129P   1758
461.88982949999996,0.,335.2952165,461.97982279999997,0.,             129P   1759
335.0822749,461.99275479999994,0.,333.3788905,                       129P   1760
462.09622929999995,0.,331.6765407,462.19985379999997,0.,             129P   1761
330.1883988,462.2906703,0.,326.6618019,462.5065144999999,0.,         129P   1762
323.1435237,462.72337239999996,0.,321.1107102,                       129P   1763
462.84919669999994,0.,316.2076369,463.1537561999999,0.,              129P   1764
311.3061817,463.4602393999999,0.,308.4319771,463.640385,0.,          129P   1765
304.9434122,463.85910789999997,0.,301.4543391,464.0784373999999,     129P   1766
0.,300.8439379,464.11683029999995,0.,293.88300460000005,             129P   1767
464.5549401999999,0.,286.9306546,464.99554939999996,0.,              129P   1768
280.5996949,465.3992673999999,0.,268.5685836,466.17311759999996,     129P   1769
0.,256.5522839,466.963534,0.,250.8462247,467.3438282999999,0.,       129P   1770
243.5647592,467.83697689999997,0.,236.2841778,                       129P   1771
468.34261369999996,0.,234.7152936,468.45219149999997,0.,             129P   1772
231.57322719999996,468.67294589999995,0.,228.4322176,                129P   1773
468.89632819999997,0.,226.8622774,469.00868189999994,0.,             129P   1774
215.5808783,469.8212846,0.,204.3175648,470.67162619999993,0.,        129P   1775
194.6369173,471.43772529999995,0.,178.7562619,                       129P   1776
472.76093419999995,0.,162.8794114,474.20986189999996,0.,             129P   1777
156.66905909999997,474.79755279999995,0.,148.4757708,                129P   1778
475.60294749999997,0.,140.279722,476.45271769999994,0.,              129P   1779
138.2980788,476.66083569999995,0.,135.3475885,                       129P   1780
476.97480099999996,0.,132.3971073,477.29508769999995,0.,             129P   1781
131.4283457,477.4009454999999,0.,129.4908145,477.61406479999994,     129P   1782
0.,127.5535826,477.8300497999999,0.,126.58510390000001,              129P   1783
477.93877249999997,0.,120.0901603,478.67303639999994,0.,             129P   1784
113.60551470000001,479.44138369999996,0.,108.1004944,                129P   1785
480.1226545999999,0.,97.3605871,481.5119649,0.,86.63348984,          129P   1786
483.02210919999993,0.,81.39188079000002,483.79030019999993,0.,       129P   1787
73.68008281,484.96575069999994,0.,65.95409084,                       129P   1788
486.21439159999994,0.,63.48674316,486.6206045,0.,60.2122157,         129P   1789
487.17001469999997,0.,56.93856101000001,487.7338103999999,0.,        129P   1790
56.13230874,487.87356489999996,0.,49.369465420000004,                129P   1791
489.05343099999993,0.,42.61456789,490.2965707,0.,                    129P   1792
36.67651347000001,491.44404449999996,0.,25.76630661,493.6588692,     129P   1793
0.,14.879177870000001,496.07617479999993,0.,9.914248636000002,       129P   1794
497.22373209999995,0.,4.952686997000001,498.41774239999995,0.,       129P   1795
0.,499.6607898,0.,0.,713.324555,0.,0.,0.,0,0;                        129P   1796
126,1,1,0,0,1,0,0.,0.,499.6607898,499.6607898,1.,1.,0.,              131P   1797
499.6607898,0.,0.,0.,0.,0.,499.6607898,0.,0.,0.,0,0;                 131P   1798
126,1,1,0,0,1,0,0.,0.,397.6520381,397.6520381,1.,1.,0.,0.,0.,        133P   1799
397.6520381,0.,0.,0.,397.6520381,0.,0.,0.,0,0;                       133P   1800
126,1,1,0,0,1,0,0.,0.,458.8141401,458.8141401,1.,1.,397.6520381,     135P   1801
0.,0.,397.6520381,458.8141400999999,0.,0.,458.8141401,0.,0.,0.,      135P   1802
0,0;                                                                 135P   1803
102,4,129,131,133,135;                                               137P   1804
126,285,5,0,0,1,0,0.,0.,0.,0.,0.,0.,1.,1.,1.,1.,1.,2.,2.,2.,2.,      139P   1805
2.,3.,3.,3.,3.,3.,4.,4.,4.,4.,4.,5.,5.,5.,5.,5.,6.,6.,6.,6.,6.,      139P   1806
7.,7.,7.,7.,7.,8.,8.,8.,8.,8.,9.,9.,9.,9.,9.,10.,10.,10.,10.,        139P   1807
10.,11.,11.,11.,11.,11.,12.,12.,12.,12.,12.,13.,13.,13.,13.,13.,     139P   1808
14.,14.,14.,14.,14.,15.,15.,15.,15.,15.,16.,16.,16.,16.,16.,17.,     139P   1809
17.,17.,17.,17.,18.,18.,18.,18.,18.,19.,19.,19.,19.,19.,20.,20.,     139P   1810
20.,20.,20.,21.,21.,21.,21.,21.,22.,22.,22.,22.,22.,23.,23.,23.,     139P   1811
23.,23.,24.,24.,24.,24.,24.,25.,25.,25.,25.,25.,26.,26.,26.,26.,     139P   1812
26.,27.,27.,27.,27.,27.,28.,28.,28.,28.,28.,29.,29.,29.,29.,29.,     139P   1813
30.,30.,30.,30.,30.,31.,31.,31.,31.,31.,32.,32.,32.,32.,32.,33.,     139P   1814
33.,33.,33.,33.,34.,34.,34.,34.,34.,35.,35.,35.,35.,35.,36.,36.,     139P   1815
36.,36.,36.,37.,37.,37.,37.,37.,38.,38.,38.,38.,38.,39.,39.,39.,     139P   1816
39.,39.,40.,40.,40.,40.,40.,41.,41.,41.,41.,41.,42.,42.,42.,42.,     139P   1817
42.,43.,43.,43.,43.,43.,44.,44.,44.,44.,44.,45.,45.,45.,45.,45.,     139P   1818
46.,46.,46.,46.,46.,47.,47.,47.,47.,47.,48.,48.,48.,48.,48.,49.,     139P   1819
49.,49.,49.,49.,50.,50.,50.,50.,50.,51.,51.,51.,51.,51.,52.,52.,     139P   1820
52.,52.,52.,53.,53.,53.,53.,53.,54.,54.,54.,54.,54.,55.,55.,55.,     139P   1821
55.,55.,56.,56.,56.,56.,56.,57.,57.,57.,57.,57.,57.,1.,1.,1.,1.,     139P   1822
1.,1.,1.,1.,1.,1.,1.,1.,1.,1.,1.,1.,1.,1.,1.,1.,1.,1.,1.,1.,1.,      139P   1823
1.,1.,1.,1.,1.,1.,1.,1.,1.,1.,1.,1.,1.,1.,1.,1.,1.,1.,1.,1.,1.,      139P   1824
1.,1.,1.,1.,1.,1.,1.,1.,1.,1.,1.,1.,1.,1.,1.,1.,1.,1.,1.,1.,1.,      139P   1825
1.,1.,1.,1.,1.,1.,1.,1.,1.,1.,1.,1.,1.,1.,1.,1.,1.,1.,1.,1.,1.,      139P   1826
1.,1.,1.,1.,1.,1.,1.,1.,1.,1.,1.,1.,1.,1.,1.,1.,1.,1.,1.,1.,1.,      139P   1827
1.,1.,1.,1.,1.,1.,1.,1.,1.,1.,1.,1.,1.,1.,1.,1.,1.,1.,1.,1.,1.,      139P   1828
1.,1.,1.,1.,1.,1.,1.,1.,1.,1.,1.,1.,1.,1.,1.,1.,1.,1.,1.,1.,1.,      139P   1829
1.,1.,1.,1.,1.,1.,1.,1.,1.,1.,1.,1.,1.,1.,1.,1.,1.,1.,1.,1.,1.,      139P   1830
1.,1.,1.,1.,1.,1.,1.,1.,1.,1.,1.,1.,1.,1.,1.,1.,1.,1.,1.,1.,1.,      139P   1831
1.,1.,1.,1.,1.,1.,1.,1.,1.,1.,1.,1.,1.,1.,1.,1.,1.,1.,1.,1.,1.,      139P   1832
1.,1.,1.,1.,1.,1.,1.,1.,1.,1.,1.,1.,1.,1.,1.,1.,1.,1.,1.,1.,1.,      139P   1833
1.,1.,1.,1.,1.,1.,1.,1.,1.,1.,1.,1.,1.,1.,1.,1.,1.,1.,1.,1.,1.,      139P   1834
1.,1.,1.,1.,1.,1.,1.,1.,1.,1.,1.,1.,1.,1.,1.,1.,1.,1.,1.,1.,1.,      139P   1835
1.,1.,1.,1.,1.,1.,1.,1.,1.,16502.633048705942,0.,                    139P   1836
2203.6873018888764,16502.633020329926,0.6339576717227795,            139P   1837
2203.6873024969414,16502.664579676177,1.2679114481459814,            139P   1838
2203.6863002769755,16502.727718355032,1.8987554716015773,            139P   1839
2203.6842976205035,16502.82132780105,2.5238497404923685,             139P   1840
2203.68132922974,16502.943199273024,3.1410201092919876,              139P   1841
2203.6774621175914,16503.13115343493,4.092778350892523,              139P   1842
2203.6714982637804,16503.386398631672,5.025713684651036,             139P   1843
2203.663395243175,16503.701548781395,5.933035650702748,              139P   1844
2203.653379452898,16504.065324034716,6.810564516112267,              139P   1845
2203.641794797479,16504.469956065845,7.659177290818299,              139P   1846
2203.6288794463053,16504.923878697486,8.611267499046795,             139P   1847
2203.614390717528,16505.429453507244,9.527069912966256,              139P   1848
2203.5982197596954,16505.974930053002,10.406899978861734,            139P   1849
2203.5807277149884,16506.55136981378,11.252426243226061,             139P   1850
2203.562190384859,16507.152646189737,12.066670352759864,             139P   1851
2203.542798230034,16507.912321178665,13.095282886433738,             139P   1852
2203.518297952919,16508.711495979416,14.074052428632683,             139P   1853
2203.4924359519828,16509.538264696916,15.008270891741557,            139P   1854
2203.465584183102,16510.384287882993,15.902850225230347,             139P   1855
2203.4380005415305,16511.244792536367,16.76232241565419,             139P   1856
2203.4098288619,16511.829784409456,17.346549427384062,               139P   1857
2203.3906773477365,16512.421267164264,17.914687589540343,            139P   1858
2203.371260455313,16513.018173738452,18.468093904609454,             139P   1859
2203.3516103683164,16513.61943706968,19.008125375077814,             139P   1860
2203.331759270434,16514.22399009561,19.53613900343183,               139P   1861
2203.3117393453517,16514.526025470514,19.799873707707704,            139P   1862
2203.3017247508715,16514.830404905122,20.06174169837315,             139P   1863
2203.291662894663,16515.135083426245,20.320279672835674,             139P   1864
2203.2815531998567,16515.43801606069,20.57402432850278,              139P   1865
2203.271395089582,16515.73715783526,20.821512362781974,              139P   1866
2203.2611879869664,16515.783828446212,20.85999414222208,             139P   1867
2203.2595707087357,16515.83049905716,20.89847592166219,              139P   1868
2203.257953430505,16515.877169668107,20.936957701102298,             139P   1869
2203.2563361522743,16515.923840279058,20.975439480542406,            139P   1870
2203.2547188740436,16515.970510890005,21.013921259982514,            139P   1871
2203.2531015958125,16516.241543997567,21.23609082508418,             139P   1872
2203.2444817046994,16516.506196087903,21.450739839369046,            139P   1873
2203.2358248991472,16516.7671623837,21.660209099965414,              139P   1874
2203.2271328434663,16517.027138107653,21.86683940400159,             139P   1875
2203.2184072019695,16517.28881848244,22.07297154860587,              139P   1876
2203.2096496389677,16519.010549936967,23.428411907637244,            139P   1877
2203.151969200403,16520.759152750044,24.719102553008703,             139P   1878
2203.092924938518,16522.524338280607,25.955725998328347,             139P   1879
2203.032847086583,16524.299109922857,27.14630048312668,              139P   1880
2202.9719609350245,16526.07976310623,28.2961799728566,               139P   1881
2202.9103868314255,16528.52022324892,29.871951883782614,             139P   1882
2202.8259964724625,16530.96826008882,31.370297952173157,             139P   1883
2202.740438186186,16533.416566796244,32.806548081316805,             139P   1884
2202.6539463372746,16535.86344252008,34.19290602451293,              139P   1885
2202.5665705466645,16538.31279238777,35.53844938507169,              139P   1886
2202.478175691549,16539.909519903842,36.41562350333181,              139P   1887
2202.4205509399108,16541.506773979796,37.275300573928384,            139P   1888
2202.3625109433597,16543.105636532207,38.12011601146237,             139P   1889
2202.3040170389086,16544.707597657012,38.952313281452085,            139P   1890
2202.245018011877,16546.314555629517,39.7737439003332,               139P   1891
2202.185450095892,16547.921449321126,40.59510357673674,              139P   1892
2202.125884680303,16549.53355081215,41.40598091377414,               139P   1893
2202.0657416529757,16551.152287580615,42.20769703682443,             139P   1894
2202.0049756889157,16552.779087104565,43.00157307126666,             139P   1895
2201.9435414631266,16554.415376862024,43.78893014247986,             139P   1896
2201.881393650613,16557.834499206652,45.43390151467563,              139P   1897
2201.7515180997943,16561.297227278126,47.050730796400956,            139P   1898
2201.618485751561,16564.8075790176,48.64359846542123,                139P   1899
2201.482155728155,16568.35648804382,50.20947712493591,               139P   1900
2201.343032954936,16571.92180365313,51.73813150357851,               139P   1901
2201.2022681603817,16572.28534302769,51.89398391187147,              139P   1902
2201.187903511645,16572.6483317024,52.04919138813665,                139P   1903
2201.1735210762536,16573.015580505336,52.205705916493926,            139P   1904
2201.159122420048,16573.391900264563,52.3654794810632,               139P   1905
2201.1447091088667,16573.782101808138,52.53046406596435,             139P   1906
2201.1302827085483,16573.891342286806,52.57677391598503,             139P   1907
2201.125823705792,16574.001281262696,52.62332862494024,              139P   1908
2201.1213634394276,16574.11191873581,52.67012819282998,              139P   1909
2201.1169019094564,16574.223254706154,52.71717261965424,             139P   1910
2201.112439115878,16574.33528917372,52.76446190541303,               139P   1911
2201.1079750586914,16577.170229941432,53.96137810494828,             139P   1912
2200.994539967053,16580.038778187223,55.143280468013465,             139P   1913
2200.8802712157544,16582.926362853505,56.30388013973838,             139P   1914
2200.7650765532026,16585.827079365474,57.442196425865546,            139P   1915
2200.6489077922197,16588.743689631126,58.56255679275013,             139P   1916
2200.531760810045,16591.267039633563,59.53181648740397,              139P   1917
2200.430400222621,16593.802018185663,60.48734844465967,              139P   1918
2200.3282898876123,16596.34690876303,61.430218363903336,             139P   1919
2200.225450522943,16598.899994841264,62.36149194452102,              139P   1920
2200.1219028465375,16601.459559895968,63.282234885898795,            139P   1921
2200.0176675763205,16604.01895306433,64.20286253455382,              139P   1922
2199.9134388911207,16606.58455703441,65.11289058883787,              139P   1923
2199.808526505707,16609.154104300673,66.01285594221122,              139P   1924
2199.7029794004193,16611.72532735759,66.9032954881341,               139P   1925
2199.596846555596,16614.295958699626,67.78474612006679,              139P   1926
2199.4901769515777,16618.546303174982,69.24209149025982,             139P   1927
2199.3138161756706,16622.8134082697,70.68050671178737,               139P   1928
2199.1352304032152,16627.068318685506,72.09489725302889,             139P   1929
2198.9554870640377,16631.297345679333,73.48371734060387,             139P   1930
2198.775117951986,16635.502067063346,74.84896995937177,              139P   1931
2198.594119224926,16637.090064603624,75.36454856972318,              139P   1932
2198.5257584460956,16638.676159459897,75.87732940669825,             139P   1933
2198.4572472195264,16640.26035163217,76.38731247029695,              139P   1934
2198.388585545218,16641.842641120435,76.89449776051929,              139P   1935
2198.3197734231712,16643.4230279247,77.39888527736527,               139P   1936
2198.2508108533852,16643.991382844226,77.58029704647998,             139P   1937
2198.22602020621,16644.56072827743,77.7617169606011,                 139P   1938
2198.2012051343363,16645.125759832496,77.94152527780282,             139P   1939
2198.176363800915,16645.6811731176,78.11810225615932,                139P   1940
2198.151494369098,16646.22166374093,78.28982815374476,               139P   1941
2198.1265950020356,16646.45055092175,78.36237613019983,              139P   1942
2198.116849318996,16646.67788854928,78.43440347483671,               139P   1943
2198.1070990962976,16646.90367662352,78.5059101876554,               139P   1944
2198.09734433394,16647.127915144472,78.57689626865589,               139P   1945
2198.0875850319235,16647.350604112133,78.64736171783817,             139P   1946
2198.0778211902484,16651.326357334645,79.90523451232269,             139P   1947
2197.904276534416,16655.2820578856,81.14331611994038,                139P   1948
2197.7293214409538,16659.231415441656,82.36549432426749,             139P   1949
2197.5532363606317,16663.17861788187,83.57256684744496,              139P   1950
2197.3762688703246,16667.118331287704,84.76224135017837,             139P   1951
2197.1986336730097,16672.80358056945,86.4789800176743,               139P   1952
2196.942317392443,16678.476104695932,88.16057274375673,              139P   1953
2196.6845690771643,16684.13162592949,89.8036354389491,               139P   1954
2196.4260897951663,16689.770369834063,91.40678003028577,             139P   1955
2196.167320287353,16695.39706527515,92.970614461312,                 139P   1956
2195.9084409675443,16702.88148103076,95.050780252893,                139P   1957
2195.5640874002966,16710.333068902415,97.05833000760931,             139P   1958
2195.2200484381665,16717.776232354456,98.99890738902442,             139P   1959
2194.8760817652587,16725.23211393696,100.88121103423912,             139P   1960
2194.531488531907,16732.718595285733,102.71699455389145,             139P   1961
2194.1851133546743,16739.256105890716,104.32008024774271,            139P   1962
2193.882624149355,16745.81119976531,105.88607628157962,              139P   1963
2193.5791113253845,16752.391707982904,107.42214392989638,            139P   1964
2193.273824759035,16759.00546161687,108.93544446718718,              139P   1965
2192.966014326579,16765.660291740594,110.43313916794615,             139P   1966
2192.6549299042877,16769.607890713498,111.3214333622985,             139P   1967
2192.470386163387,16773.566744883807,112.20344837082996,             139P   1968
2192.2848140796095,16777.535158275583,113.07954506874381,            139P   1969
2192.098228938765,16781.511434912893,113.95008433124346,             139P   1970
2191.9106460266644,16785.493878819805,114.81542703353216,            139P   1971
2191.722080629117,16787.403249203468,115.230208797284,               139P   1972
2191.631895603661,16789.249788001445,115.62997936581917,             139P   1973
2191.5438758260543,16791.106796406402,116.0304922284696,             139P   1974
2191.4560015903803,16793.007098597627,116.43875815691611,            139P   1975
2191.367117839009,16794.943041741044,116.85304520518842,             139P   1976
2191.2769341625963,16795.061282578117,116.87836181507586,            139P   1977
2191.2712625592726,16795.17952341519,116.90367842496327,             139P   1978
2191.265590955949,16795.297764252264,116.92899503485069,             139P   1979
2191.2599193526257,16795.41600508934,116.95431164473813,             139P   1980
2191.2542477493025,16795.53424592641,116.97962825462554,             139P   1981
2191.248576145979,16808.384859058613,119.7298468907759,              139P   1982
2190.63219250779,16821.31666532691,122.43062353489559,               139P   1983
2190.008423318255,16834.23009169395,125.0666555991455,               139P   1984
2189.378484853965,16847.12267116084,127.6359934217991,               139P   1985
2188.7435800945,16860.004308924777,130.13718168463976,               139P   1986
2188.1044734918655,16874.98284468412,133.0455324152898,              139P   1987
2187.361331076082,16889.946355403823,135.86172976420022,             139P   1988
2186.6125074962465,16904.889933909515,138.57991943566043,            139P   1989
2185.860241629667,16919.883460024314,141.20707411943445,             139P   1990
2185.103029384747,16934.914735025883,143.74179071117345,             139P   1991
2184.342324488634,16945.497158332822,145.5263696683566,              139P   1992
2183.8067235933227,16956.10041577132,147.26529005322521,             139P   1993
2183.269432612776,16966.722754092538,148.9589490902859,              139P   1994
2182.7305302659947,16977.365048100582,150.60867402843735,            139P   1995
2182.1903701397264,16988.03080065253,152.21672214097,                139P   1996
2181.6495806884664,16988.404479693563,152.27294723722167,            139P   1997
2181.6306526720064,16988.778158734596,152.32917233347337,            139P   1998
2181.611724655547,16989.15183777563,152.38539742972506,              139P   1999
2181.5927966390873,16989.52551681666,152.44162252597675,             139P   2000
2181.5738686226277,16989.899195857688,152.49784762222842,            139P   2001
2181.5549406061673,16991.297197582066,152.7078967294077,             139P   2002
2181.4831199538994,16992.70408109772,152.91844582207494,             139P   2003
2181.411290057282,16994.116590829373,153.12902624864472,             139P   2004
2181.3394505256833,16995.53147120176,153.33916935753172,             139P   2005
2181.267600968471,16996.9454666396,153.5484064971505,                139P   2006
2181.195740995013,17009.453702526134,155.39927670387388,             139P   2007
2180.5601521367826,17021.969036073326,157.19081556514774,            139P   2008
2179.923729758814,17034.49200126764,158.9265061933562,               139P   2009
2179.2863167770247,17047.023132095543,160.60983170088338,            139P   2010
2178.6477561073334,17059.562962543485,162.24427520011344,            139P   2011
2178.007890665659,17076.77152919227,164.48700434479542,              139P   2012
2177.129786716293,17093.995611968123,166.6368504637813,              139P   2013
2176.2492738231294,17111.231843492373,168.7005923038639,             139P   2014
2175.3661587833612,17128.476050056925,170.68294930924867,            139P   2015
2174.4804756676976,17145.723251624266,172.58658162155342,            139P   2016
2173.5924858203616,17170.10342778235,175.27750906019335,             139P   2017
2172.3372493728907,17194.49011887514,177.81126971179174,             139P   2018
2171.0773815206358,17218.88146374923,180.19692978517912,             139P   2019
2169.8129802904436,17243.247216345702,182.43362020994704,            139P   2020
2168.5466476478405,17267.61347945879,184.52750302699596,             139P   2021
2167.277418006916,17270.154964516438,184.74589555236605,             139P   2022
2167.1450474522308,17272.695657357333,184.96267689858308,            139P   2023
2167.012658520741,17275.23555798147,185.17784706564711,              139P   2024
2166.8802512124457,17277.77466638885,185.3914060535581,              139P   2025
2166.7478255273445,17280.31298257947,185.60335386231603,             139P   2026
2166.615381465438,17282.94594220197,185.82319640868275,              139P   2027
2166.478215543381,17285.578573190098,186.04136590634067,             139P   2028
2166.3410008223373,17288.210875543853,186.25786235528983,            139P   2029
2166.203737302308,17290.842849263245,186.47268575553022,             139P   2030
2166.066424983293,17293.47449434826,186.6858361070618,               139P   2031
2165.929063865291,17347.254008798358,191.04180307674866,             139P   2032
2163.122524922234,17401.067919328467,194.71507351119106,             139P   2033
2160.301387812462,17454.964030195926,197.7371324143541,              139P   2034
2157.4677824861756,17508.856883517663,200.17338789028116,            139P   2035
2154.615197175903,17562.74823790179,202.0823266993624,               139P   2036
2151.730539926107,17611.468974817926,203.80811690382484,             139P   2037
2149.1226509190647,17660.18830686684,205.10288432523015,             139P   2038
2146.488549016504,17708.889599150978,206.0093526797672,              139P   2039
2143.819349321143,17757.549677910647,206.56407339160174,             139P   2040
2141.1052593012582,17806.184093583233,206.78323395294518,            139P   2041
2138.3372764187734,17811.92264964852,206.80906929778,                139P   2042
2138.010679274598,17817.659990417542,206.83026923134935,             139P   2043
2137.683370166884,17823.39611589029,206.8468337536532,               139P   2044
2137.355349095632,17829.13102606677,206.85876286469153,              139P   2045
2137.0266160608408,17834.864720946982,206.86605656446432,            139P   2046
2136.697171062511,17842.50802510137,206.8757927480931,               139P   2047
2136.2579350122096,17850.15240445711,206.87741246305166,             139P   2048
2135.8171697229886,17857.79785901419,206.87091570933998,             139P   2049
2135.3748751948488,17865.44438877262,206.8563024869581,              139P   2050
2134.931051427789,17873.091993732392,206.833572795906,               139P   2051
2134.48569842181,17886.470669768634,206.79390067713186,              139P   2052
2133.706505900277,17899.848057164156,206.7296083556866,              139P   2053
2132.922703416498,17913.224177531658,206.64090687286512,             139P   2054
2132.1341193200387,17926.59905248384,206.52800726996227,             139P   2055
2131.340581960465,17939.972703633404,206.39112058827297,             139P   2056
2130.541919687343,18022.721029281245,205.54411487181108,             139P   2057
2125.600254979691,18105.42230163045,203.77813459763618,              139P   2058
2120.4622887535797,18188.09230593899,201.13792128244316,             139P   2059
2115.085212389643,18270.641164456956,197.63613620718775,             139P   2060
2109.429766952081,18353.04555673503,193.26809957762958,              139P   2061
2103.447119635691,18405.96357892548,190.4628636660334,               139P   2062
2099.605284799729,18458.825371898965,187.30085545024394,             139P   2063
2095.628032070963,18511.615474961916,183.77989236365482,             139P   2064
2091.503457404757,18564.32521533016,179.89820536053503,              139P   2065
2087.2170742206763,18616.95270812891,175.65443891602882,             139P   2066
2082.7518134024895,18633.732911913845,174.30134312850984,            139P   2067
2081.328062662233,18650.504921325602,172.911431080489,               139P   2068
2079.8861197208953,18667.26876307813,171.48472161097442,             139P   2069
2078.42538919393,18684.024463885384,170.02123355897416,              139P   2070
2076.9452756967917,18700.772050461303,168.52098576349633,            139P   2071
2075.445183844933,18707.031257917035,167.9602879405146,              139P   2072
2074.8845493328945,18713.28865897064,167.39453029268518,             139P   2073
2074.321119456992,18719.546388137525,166.82351901249433,             139P   2074
2073.7548599175457,18725.8065799331,166.2470602924284,               139P   2075
2073.185736414874,18732.071368872785,165.66496032497355,             139P   2076
2072.613714649296,18733.995392240868,165.4861725355274,              139P   2077
2072.4374955135254,18735.919744146588,165.30686101717535,            139P   2078
2072.2609998012576,18737.844424589945,165.1270257699174,             139P   2079
2072.0842275124924,18739.76943357094,164.94666679375354,             139P   2080
2071.9071786472296,18741.69477108957,164.76578408868372,             139P   2081
2071.7298532054688,18749.86986608964,163.99774583298208,             139P   2082
2070.976906738974,18758.046864795313,163.22060603962012,             139P   2083
2070.2189316121767,18766.224227850376,162.43451915155342,            139P   2084
2069.4558319449743,18774.400415898617,161.63963961173755,            139P   2085
2068.6875118572666,18782.573889583822,160.8361218631281,             139P   2086
2067.9138754689498,18829.229384089198,156.24958047879045,            139P   2087
2063.498215564754,18875.846272485927,151.37744750255845,             139P   2088
2058.909343481515,18922.461492919254,146.2218409374162,              139P   2089
2054.127657089602,18969.0190078715,140.80429077275903,               139P   2090
2049.1395109720474,19015.505281567308,135.13483728639181,            139P   2091
2043.929439090177,19059.89383327769,129.72134586199627,              139P   2092
2038.9545531983144,19104.218737005016,124.07762095761683,            139P   2093
2033.776875928308,19148.448116264895,118.21602417440432,             139P   2094
2028.385387227538,19192.562151613984,112.14055671252632,             139P   2095
2022.7683727755082,19236.553080649956,105.84685937116703,            139P   2096
2016.9134239838459,19257.177794294344,102.89609998650141,            139P   2097
2014.168473814306,19277.77411368706,99.8976027005239,                139P   2098
2011.3710993215045,19298.34587711882,96.85014212610503,              139P   2099
2008.5200373505395,19318.88970784778,93.75334005115431,              139P   2100
2005.6136561994203,19339.395014099522,90.60766543862024,             139P   2101
2002.6499556190672,19340.587467068224,90.42436193826724,             139P   2102
2002.4771549756433,19341.779920036926,90.24105843791423,             139P   2103
2002.3043543322196,19342.97237300563,90.05775493756121,              139P   2104
2002.1315536887957,19344.16482597433,89.8744514372082,               139P   2105
2001.958753045372,19345.35727894303,89.69114793685517,               139P   2106
2001.7859524019477,19350.883097597634,88.84015533972953,             139P   2107
2000.9861907333202,19356.40033249856,87.986448077619,                139P   2108
2000.182262532772,19361.910299675823,87.12982745972937,              139P   2109
1999.3741361838365,19367.41584738903,86.26985994748746,              139P   2110
1998.5617798006529,19372.92135612739,85.40587715454123,              139P   2111
1997.745161227965,19422.40783270391,77.63992915891825,               139P   2112
1990.4044690660012,19471.767330526283,69.56775219845578,             139P   2113
1982.7192406026938,19520.999660119385,61.178186386410395,            139P   2114
1974.6653814777703,19570.08339816553,52.498994793887285,             139P   2115
1966.2158015110244,19618.99392380048,43.55328886019761,              139P   2116
1957.3463520360076,19660.06790520732,36.040909880660685,             139P   2117
1949.8979809746509,19701.01967988813,28.34063074505337,              139P   2118
1942.1535063617644,19741.83113839793,20.467285946163766,             139P   2119
1934.0990611691975,19782.50099485033,12.430341353991441,             139P   2120
1925.7185728740433,19823.02554734418,4.225202343877257,              139P   2121
1916.9939042626884,0.,57.,0.,0.,0.,0,0;                              139P   2122
126,1,1,0,0,1,0,0.,0.,1.,1.,1.,1.,19823.02554734418,                 141P   2123
4.225202343877257,1916.9939042626884,21108.,2.8223999368,5424.,      141P   2124
0.,1.,0.,0.,0.,0,0;                                                  141P   2125
126,85,5,0,0,1,0,0.,0.,0.,0.,0.,0.,1.,1.,1.,1.,1.,2.,2.,2.,2.,       143P   2126
2.,3.,3.,3.,3.,3.,4.,4.,4.,4.,4.,5.,5.,5.,5.,5.,6.,6.,6.,6.,6.,      143P   2127
7.,7.,7.,7.,7.,8.,8.,8.,8.,8.,9.,9.,9.,9.,9.,10.,10.,10.,10.,        143P   2128
10.,11.,11.,11.,11.,11.,12.,12.,12.,12.,12.,13.,13.,13.,13.,13.,     143P   2129
14.,14.,14.,14.,14.,15.,15.,15.,15.,15.,16.,16.,16.,16.,16.,17.,     143P   2130
17.,17.,17.,17.,17.,1.,1.,1.,1.,1.,1.,1.,1.,1.,1.,1.,1.,1.,1.,       143P   2131
1.,1.,1.,1.,1.,1.,1.,1.,1.,1.,1.,1.,1.,1.,1.,1.,1.,1.,1.,1.,1.,      143P   2132
1.,1.,1.,1.,1.,1.,1.,1.,1.,1.,1.,1.,1.,1.,1.,1.,1.,1.,1.,1.,1.,      143P   2133
1.,1.,1.,1.,1.,1.,1.,1.,1.,1.,1.,1.,1.,1.,1.,1.,1.,1.,1.,1.,1.,      143P   2134
1.,1.,1.,1.,1.,1.,1.,1.,1.,21108.,2.8223999368,5424.,                143P   2135
21068.210422666674,10.292845987000124,5424.000000000038,             143P   2136
21028.38219522217,17.557430507083026,5423.999999999927,              143P   2137
20988.440178435238,24.63761985176655,5424.000000000058,              143P   2138
20948.43972251034,31.495857014680972,5423.999999999982,              143P   2139
20908.415263930565,38.10716287261724,5424.,20879.826364945053,       143P   2140
42.8295241997144,5423.999999999998,20851.225219706823,               143P   2141
47.425900167128354,5424.00000000001,20822.624377955093,              143P   2142
51.88718759584702,5423.999999999994,20794.030945414368,              143P   2143
56.20755743304211,5423.999999999998,20765.418432736784,              143P   2144
60.397767888758665,5423.999999999999,20722.203698991027,             143P   2145
66.72642665503797,5423.999999999982,20678.945440806856,              143P   2146
72.758173822848,5424.000000000027,20635.388794059087,                143P   2147
78.5481802190888,5423.999999999985,20591.665947954665,               143P   2148
84.07558695478812,5424.000000000003,20547.908381753594,              143P   2149
89.31157896285265,5424.000000000003,20504.15081555218,               143P   2150
94.54757097091607,5423.999999999978,20460.358529255216,              143P   2151
99.49214825134727,5424.0000000000355,20416.663002119923,             143P   2152
104.1164957370453,5423.999999999981,20373.19500346221,               143P   2153
108.38384218279919,5424.000000000005,20329.696829367374,             143P   2154
112.31753370301259,5424.,20266.696299472067,118.01489124447424,      143P   2155
5424.000000000015,20203.632470130076,123.01233605872083,             143P   2156
5423.9999999999645,20140.36744326222,127.30493434760268,             143P   2157
5424.000000200037,20076.985481801537,130.89994068937517,             143P   2158
5424.000000407256,20013.57111629952,133.7932053419759,               143P   2159
5424.000000523218,19950.15675079752,136.68646999457627,              143P   2160
5424.000000639169,19886.709981254007,138.8779929580053,              143P   2161
5424.000000663776,19823.315338220462,140.36362449019714,             143P   2162
5424.000000498522,19760.057619865333,141.12781052877054,             143P   2163
5424.000000138816,19696.79999857986,141.11999999429165,              143P   2164
5424.000000161323,19657.73108990791,141.11517608450848,              143P   2165
5424.000000175218,19618.662218262674,140.8158746059334,              143P   2166
5424.000000334888,19579.512583785974,140.21073969480898,             143P   2167
5424.000000391075,19540.32824378875,139.26094372470024,              143P   2168
5424.000000357363,19501.157350190948,137.92505757468868,             143P   2169
5424.000000284589,19461.98645659306,136.58917142467595,              143P   2170
5424.000000211798,19422.82900939455,134.86719509476052,              143P   2171
5424.000000100033,19383.73316051453,132.71769946401247,              143P   2172
5423.999999999978,19344.74915648014,130.09665391701364,              143P   2173
5424.000000000009,19305.80457586235,126.98229661200162,5424.,        143P   2174
19264.752280856505,123.69938759588689,5424.,19223.743791999994,      143P   2175
119.86832496000032,5423.999999999994,19182.107840000044,             143P   2176
115.39446359999987,5424.00000000001,19141.221331993365,              143P   2177
110.37993406327193,5423.999999999992,19100.462174578923,             143P   2178
104.48420189967521,5424.,19072.39879764527,100.42488947769068,       143P   2179
5424.000000000032,19044.395792000665,95.94783784000406,              143P   2180
5423.99999999998,19018.040415999687,91.21988383999835,               143P   2181
5423.9999999999945,18990.188244178225,85.88560384678141,             143P   2182
5424.000000000007,18962.42148030105,80.13774711551378,5424.,         143P   2183
18952.217275389998,78.02542649561451,5424.000000000013,              143P   2184
18942.024605172814,75.85725063709826,5423.999999999972,              143P   2185
18932.26334972777,73.71834970159544,5424.000000000025,               143P   2186
18922.781445524783,71.5416072048467,5423.999999999991,               143P   2187
18913.380682999694,69.25869647269388,5424.,18902.413126719825,       143P   2188
66.59530061851207,5423.999999999915,18891.55601328067,               143P   2189
63.78739799948442,5424.000000000079,18880.494593231047,              143P   2190
60.726488387644636,5423.999999999965,18868.82862589909,              143P   2191
57.30182952886285,5424.000000000005,18857.208835115278,              143P   2192
53.72688643751432,5424.,18847.240794733632,50.6601206274596,         143P   2193
5423.999999999889,18837.306736000275,47.48275959200144,              143P   2194
5424.000000000101,18825.51283999989,43.62044440799988,               143P   2195
5423.999999999951,18815.711556892144,40.03325068029129,              143P   2196
5424.000000000013,18806.06901138978,36.05990516565455,5424.,         143P   2197
18801.541218420818,34.194164850496655,5423.999999999914,             143P   2198
18797.04842557331,32.243281765068616,5424.000000000064,              143P   2199
18792.92463296815,30.352108943454265,5423.999999999973,              143P   2200
18788.980867484956,28.46732960885666,5424.000000000007,              143P   2201
18785.07683528658,26.484229135671818,5423.999999999999,              143P   2202
18781.172803088357,24.501128662461806,5424.0000000000555,            143P   2203
18777.308504174485,22.419707050735234,5423.999999999947,             143P   2204
18773.343644708693,20.13524967472481,5424.000000000026,              143P   2205
18769.18661013602,17.4916440600901,5423.999999999998,                143P   2206
18765.366117709582,14.428151845407779,5424.000000000001,             143P   2207
18763.813077844545,13.17847574585302,5423.9999999999945,             143P   2208
18762.288181335374,11.852442372638519,5424.000000000004,             143P   2209
18760.770002557383,10.363304980810844,5424.0000000000055,            143P   2210
18759.345041352244,8.693824992712418,5423.999999999999,              143P   2211
18758.207723027965,6.896271997981516,5423.999999999999,              143P   2212
18757.393666765944,5.611926549638664,5423.999999999993,              143P   2213
18756.71930180559,4.2606494414769935,5424.000000000022,              143P   2214
18756.238221111045,2.8576088787196854,5423.999999999969,             143P   2215
18755.9999966667,1.428847117000705,5424.000000000012,18756.,0.,      143P   2216
5424.,0.,17.,0.,0.,0.,0,0;                                           143P   2217
126,1,1,0,0,1,0,0.,0.,1.,1.,1.,1.,18756.,0.,5424.,                   145P   2218
16502.633048705942,0.,2203.6873018888764,0.,1.,0.,0.,0.,0,0;         145P   2219
102,4,139,141,143,145;                                               147P   2220
142,0,127,137,147,1,0,0;                                             149P   2221
406,1,10HSymmetry.3;                                                 151P   2222
144,127,1,0,149,0,1,151;                                             153P   2223
308,0,9HIGES file,5,41,69,97,125,153,0,0;                            155P   2224
408,155,0.,0.,0.,1.,0,0;                                             157P   2225
S      1G      2D    158P   2225                                        T      1
