                                                                        S      1
,,,13HSMI-L1-PN.igs,4HANSA,6H25.1.2,32,38,6,308,24,,1.,2,2HMM,1,1.,15H20G      1
260928.161448,0.0002,0.,,,11,1,15H20260928.161448,;                     G      2
     406       1       0       0       8       0       0       000000000D      1
     406       0       0       1      15       0       0    NAME       8D      2
     314       2       0       0       0       0       0       000000200D      3
     314       0       2       1       0       0       0     Red       0D      4
     406       3       0       0       9       0       0       000000000D      5
     406       0       0       1      15       0       0    NAME       9D      6
     314       4       0       0       0       0       0       000000200D      7
     314       0       6       1       0       0       0 Magenta       0D      8
     406       5       0       0      10       0       0       000000000D      9
     406       0       0       1      15       0       0    NAME      10D     10
     314       6       0       0       0       0       0       000000200D     11
     314       0       5       1       0       0       0  Yellow       0D     12
     314       7       0       0       0       0       0       000000200D     13
     314       0       5       1       0       0       0  Yellow       0D     14
     128       8       0       0       0       0       0       001010001D     15
     128       0       0       6       0       0       0 BSPSURF       1D     16
     126      14       0       0       0       0       0       000010500D     17
     126       0       0      52       0       0       0               0D     18
     126      66       0       0       0       0       0       000010500D     19
     126       0       0      33       0       0       0               0D     20
     126      99       0       0       0       0       0       000010500D     21
     126       0       0      39       0       0       0               0D     22
     126     138       0       0       0       0       0       000010500D     23
     126       0       0      54       0       0       0               0D     24
     102     192       0       0       0       0       0       000010501D     25
     102       0       0       1       0       0       0               0D     26
     126     193       0       0       0       0       0       000010000D     27
     126       0       0      74       0       0       0               1D     28
     126     267       0       0       0       0       0       000010000D     29
     126       0       0      46       0       0       0               2D     30
     126     313       0       0       0       0       0       000010000D     31
     126       0       0      51       0       0       0               3D     32
     126     364       0       0       0       0       0       000010000D     33
     126       0       0      74       0       0       0               4D     34
     102     438       0       0       0       0       0       000010001D     35
     102       0       0       1       0       0       0               0D     36
     142     439       0       0       0       0       0       000010000D     37
     142       0       0       1       0       0       0    CONS       1D     38
     144     440       0       0      10       0       0       000010001D     39
     144       0     -11       1       0       0       0               1D     40
     128     441       0       0       0       0       0       001010001D     41
     128       0       0      44       0       0       0 BSPSURF       2D     42
     126     485       0       0       0       0       0       000010500D     43
     126       0       0       2       0       0       0               0D     44
     126     487       0       0       0       0       0       000010500D     45
     126       0       0       2       0       0       0               0D     46
     126     489       0       0       0       0       0       000010500D     47
     126       0       0       2       0       0       0               0D     48
     126     491       0       0       0       0       0       000010500D     49
     126       0       0       2       0       0       0               0D     50
     102     493       0       0       0       0       0       000010501D     51
     102       0       0       1       0       0       0               0D     52
     126     494       0       0       0       0       0       000010000D     53
     126       0       0      21       0       0       0               5D     54
     126     515       0       0       0       0       0       000010000D     55
     126       0       0      60       0       0       0               6D     56
     126     575       0       0       0       0       0       000010000D     57
     126       0       0      23       0       0       0               7D     58
     126     598       0       0       0       0       0       000010000D     59
     126       0       0      69       0       0       0               8D     60
     102     667       0       0       0       0       0       000010001D     61
     102       0       0       1       0       0       0               0D     62
     142     668       0       0       0       0       0       000010000D     63
     142       0       0       1       0       0       0    CONS       2D     64
     406     669       0       0       0       0       0       000000000D     65
     406       0       0       1      15       0       0    NAME       0D     66
     144     670       0       0       8       0       0       000010001D     67
     144       0      -3       1       0       0       0               2D     68
     128     671       0       0       0       0       0       001010001D     69
     128       0       0     107       0       0       0 BSPSURF       3D     70
     126     778       0       0       0       0       0       000010500D     71
     126       0       0      79       0       0       0               0D     72
     126     857       0       0       0       0       0       000010500D     73
     126       0       0       2       0       0       0               0D     74
     126     859       0       0       0       0       0       000010500D     75
     126       0       0       2       0       0       0               0D     76
     126     861       0       0       0       0       0       000010500D     77
     126       0       0       2       0       0       0               0D     78
     102     863       0       0       0       0       0       000010501D     79
     102       0       0       1       0       0       0               0D     80
     126     864       0       0       0       0       0       000010000D     81
     126       0       0     118       0       0       0               9D     82
     126     982       0       0       0       0       0       000010000D     83
     126       0       0      51       0       0       0              10D     84
     126    1033       0       0       0       0       0       000010000D     85
     126       0       0      59       0       0       0              11D     86
     126    1092       0       0       0       0       0       000010000D     87
     126       0       0      60       0       0       0              12D     88
     102    1152       0       0       0       0       0       000010001D     89
     102       0       0       1       0       0       0               0D     90
     142    1153       0       0       0       0       0       000010000D     91
     142       0       0       1       0       0       0    CONS       3D     92
     406    1154       0       0       0       0       0       000000000D     93
     406       0       0       1      15       0       0    NAME       0D     94
     144    1155       0       0      10       0       0       000010001D     95
     144       0     -11       1       0       0       0               3D     96
     128    1156       0       0       0       0       0       001010001D     97
     128       0       0      78       0       0       0 BSPSURF       4D     98
     126    1234       0       0       0       0       0       000010500D     99
     126       0       0       2       0       0       0               0D    100
     126    1236       0       0       0       0       0       000010500D    101
     126       0       0       3       0       0       0               0D    102
     126    1239       0       0       0       0       0       000010500D    103
     126       0       0       3       0       0       0               0D    104
     126    1242       0       0       0       0       0       000010500D    105
     126       0       0       3       0       0       0               0D    106
     102    1245       0       0       0       0       0       000010501D    107
     102       0       0       1       0       0       0               0D    108
     126    1246       0       0       0       0       0       000010000D    109
     126       0       0      34       0       0       0              13D    110
     126    1280       0       0       0       0       0       000010000D    111
     126       0       0      22       0       0       0              14D    112
     126    1302       0       0       0       0       0       000010000D    113
     126       0       0      72       0       0       0              15D    114
     126    1374       0       0       0       0       0       000010000D    115
     126       0       0      23       0       0       0              16D    116
     102    1397       0       0       0       0       0       000010001D    117
     102       0       0       1       0       0       0               0D    118
     142    1398       0       0       0       0       0       000010000D    119
     142       0       0       1       0       0       0    CONS       4D    120
     406    1399       0       0       0       0       0       000000000D    121
     406       0       0       1      15       0       0    NAME       0D    122
     144    1400       0       0      10       0       0       000010001D    123
     144       0     -11       1       0       0       0               4D    124
     128    1401       0       0       0       0       0       001010001D    125
     128       0       0      78       0       0       0 BSPSURF       5D    126
     126    1479       0       0       0       0       0       000010500D    127
     126       0       0       2       0       0       0               0D    128
     126    1481       0       0       0       0       0       000010500D    129
     126       0       0       2       0       0       0               0D    130
     126    1483       0       0       0       0       0       000010500D    131
     126       0       0       3       0       0       0               0D    132
     126    1486       0       0       0       0       0       000010500D    133
     126       0       0       2       0       0       0               0D    134
     102    1488       0       0       0       0       0       000010501D    135
     102       0       0       1       0       0       0               0D    136
     126    1489       0       0       0       0       0       000010000D    137
     126       0       0      23       0       0       0              17D    138
     126    1512       0       0       0       0       0       000010000D    139
     126       0       0      72       0       0       0              18D    140
     126    1584       0       0       0       0       0       000010000D    141
     126       0       0      23       0       0       0              19D    142
     126    1607       0       0       0       0       0       000010000D    143
     126       0       0      34       0       0       0              20D    144
     102    1641       0       0       0       0       0       000010001D    145
     102       0       0       1       0       0       0               0D    146
     142    1642       0       0       0       0       0       000010000D    147
     142       0       0       1       0       0       0    CONS       5D    148
     406    1643       0       0       0       0       0       000000000D    149
     406       0       0       1      15       0       0    NAME       0D    150
     144    1644       0       0      10       0       0       000010001D    151
     144       0     -11       1       0       0       0               5D    152
     128    1645       0       0       0       0       0       001010001D    153
     128       0       0      32       0       0       0 BSPSURF       6D    154
     126    1677       0       0       0       0       0       000010500D    155
     126       0       0       2       0       0       0               0D    156
     126    1679       0       0       0       0       0       000010500D    157
     126       0       0       3       0       0       0               0D    158
     126    1682       0       0       0       0       0       000010500D    159
     126       0       0       3       0       0       0               0D    160
     126    1685       0       0       0       0       0       000010500D    161
     126       0       0       2       0       0       0               0D    162
     102    1687       0       0       0       0       0       000010501D    163
     102       0       0       1       0       0       0               0D    164
     126    1688       0       0       0       0       0       000010000D    165
     126       0       0       3       0       0       0              21D    166
     126    1691       0       0       0       0       0       000010000D    167
     126       0       0      70       0       0       0              22D    168
     126    1761       0       0       0       0       0       000010000D    169
     126       0       0       4       0       0       0              23D    170
     126    1765       0       0       0       0       0       000010000D    171
     126       0       0      72       0       0       0              24D    172
     102    1837       0       0       0       0       0       000010001D    173
     102       0       0       1       0       0       0               0D    174
     142    1838       0       0       0       0       0       000010000D    175
     142       0       0       1       0       0       0    CONS       6D    176
     406    1839       0       0       0       0       0       000000000D    177
     406       0       0       1      15       0       0    NAME       0D    178
     144    1840       0       0       8       0       0       000010001D    179
     144       0      -3       1       0       0       0               6D    180
     128    1841       0       0       0       0       0       001010001D    181
     128       0       0      96       0       0       0 BSPSURF       7D    182
     126    1937       0       0       0       0       0       000010500D    183
     126       0       0       2       0       0       0               0D    184
     126    1939       0       0       0       0       0       000010500D    185
     126       0       0       2       0       0       0               0D    186
     126    1941       0       0       0       0       0       000010500D    187
     126       0       0       3       0       0       0               0D    188
     126    1944       0       0       0       0       0       000010500D    189
     126       0       0       3       0       0       0               0D    190
     126    1947       0       0       0       0       0       000010500D    191
     126       0       0       2       0       0       0               0D    192
     102    1949       0       0       0       0       0       000010501D    193
     102       0       0       1       0       0       0               0D    194
     126    1950       0       0       0       0       0       000010000D    195
     126       0       0      60       0       0       0              25D    196
     126    2010       0       0       0       0       0       000010000D    197
     126       0       0      79       0       0       0              26D    198
     126    2089       0       0       0       0       0       000010000D    199
     126       0       0       4       0       0       0              27D    200
     126    2093       0       0       0       0       0       000010000D    201
     126       0       0      37       0       0       0              28D    202
     126    2130       0       0       0       0       0       000010000D    203
     126       0       0      33       0       0       0              29D    204
     102    2163       0       0       0       0       0       000010001D    205
     102       0       0       1       0       0       0               0D    206
     142    2164       0       0       0       0       0       000010000D    207
     142       0       0       1       0       0       0    CONS       7D    208
     406    2165       0       0       0       0       0       000000000D    209
     406       0       0       1      15       0       0    NAME       0D    210
     144    2166       0       0      10       0       0       000010001D    211
     144       0     -11       1       0       0       0               7D    212
     128    2167       0       0       0       0       0       001010001D    213
     128       0       0      44       0       0       0 BSPSURF       8D    214
     126    2211       0       0       0       0       0       000010500D    215
     126       0       0       2       0       0       0               0D    216
     126    2213       0       0       0       0       0       000010500D    217
     126       0       0       2       0       0       0               0D    218
     126    2215       0       0       0       0       0       000010500D    219
     126       0       0       2       0       0       0               0D    220
     126    2217       0       0       0       0       0       000010500D    221
     126       0       0       2       0       0       0               0D    222
     102    2219       0       0       0       0       0       000010501D    223
     102       0       0       1       0       0       0               0D    224
     126    2220       0       0       0       0       0       000010000D    225
     126       0       0      58       0       0       0              30D    226
     126    2278       0       0       0       0       0       000010000D    227
     126       0       0      23       0       0       0              31D    228
     126    2301       0       0       0       0       0       000010000D    229
     126       0       0      69       0       0       0              32D    230
     126    2370       0       0       0       0       0       000010000D    231
     126       0       0      22       0       0       0              33D    232
     102    2392       0       0       0       0       0       000010001D    233
     102       0       0       1       0       0       0               0D    234
     142    2393       0       0       0       0       0       000010000D    235
     142       0       0       1       0       0       0    CONS       8D    236
     406    2394       0       0       0       0       0       000000000D    237
     406       0       0       1      15       0       0    NAME       0D    238
     144    2395       0       0       8       0       0       000010001D    239
     144       0      -3       1       0       0       0               8D    240
     128    2396       0       0       0       0       0       001010001D    241
     128       0       0     107       0       0       0 BSPSURF       9D    242
     126    2503       0       0       0       0       0       000010500D    243
     126       0       0      79       0       0       0               0D    244
     126    2582       0       0       0       0       0       000010500D    245
     126       0       0       3       0       0       0               0D    246
     126    2585       0       0       0       0       0       000010500D    247
     126       0       0       2       0       0       0               0D    248
     126    2587       0       0       0       0       0       000010500D    249
     126       0       0       2       0       0       0               0D    250
     102    2589       0       0       0       0       0       000010501D    251
     102       0       0       1       0       0       0               0D    252
     126    2590       0       0       0       0       0       000010000D    253
     126       0       0     118       0       0       0              34D    254
     126    2708       0       0       0       0       0       000010000D    255
     126       0       0      51       0       0       0              35D    256
     126    2759       0       0       0       0       0       000010000D    257
     126       0       0      58       0       0       0              36D    258
     126    2817       0       0       0       0       0       000010000D    259
     126       0       0      59       0       0       0              37D    260
     102    2876       0       0       0       0       0       000010001D    261
     102       0       0       1       0       0       0               0D    262
     142    2877       0       0       0       0       0       000010000D    263
     142       0       0       1       0       0       0    CONS       9D    264
     406    2878       0       0       0       0       0       000000000D    265
     406       0       0       1      15       0       0    NAME       0D    266
     144    2879       0       0      10       0       0       000010001D    267
     144       0     -11       1       0       0       0               9D    268
     128    2880       0       0       0       0       0       001010001D    269
     128       0       0      44       0       0       0 BSPSURF      10D    270
     126    2924       0       0       0       0       0       000010500D    271
     126       0       0       2       0       0       0               0D    272
     126    2926       0       0       0       0       0       000010500D    273
     126       0       0       2       0       0       0               0D    274
     126    2928       0       0       0       0       0       000010500D    275
     126       0       0       2       0       0       0               0D    276
     126    2930       0       0       0       0       0       000010500D    277
     126       0       0       2       0       0       0               0D    278
     102    2932       0       0       0       0       0       000010501D    279
     102       0       0       1       0       0       0               0D    280
     126    2933       0       0       0       0       0       000010000D    281
     126       0       0      21       0       0       0              38D    282
     126    2954       0       0       0       0       0       000010000D    283
     126       0       0      60       0       0       0              39D    284
     126    3014       0       0       0       0       0       000010000D    285
     126       0       0      23       0       0       0              40D    286
     126    3037       0       0       0       0       0       000010000D    287
     126       0       0      69       0       0       0              41D    288
     102    3106       0       0       0       0       0       000010001D    289
     102       0       0       1       0       0       0               0D    290
     142    3107       0       0       0       0       0       000010000D    291
     142       0       0       1       0       0       0    CONS      10D    292
     406    3108       0       0       0       0       0       000000000D    293
     406       0       0       1      15       0       0    NAME       0D    294
     144    3109       0       0      10       0       0       000010001D    295
     144       0     -11       1       0       0       0              10D    296
     128    3110       0       0       0       0       0       001010001D    297
     128       0       0      46       0       0       0 BSPSURF      11D    298
     126    3156       0       0       0       0       0       000010500D    299
     126       0       0       2       0       0       0               0D    300
     126    3158       0       0       0       0       0       000010500D    301
     126       0       0       2       0       0       0               0D    302
     126    3160       0       0       0       0       0       000010500D    303
     126       0       0       2       0       0       0               0D    304
     126    3162       0       0       0       0       0       000010500D    305
     126       0       0       2       0       0       0               0D    306
     102    3164       0       0       0       0       0       000010501D    307
     102       0       0       1       0       0       0               0D    308
     126    3165       0       0       0       0       0       000010000D    309
     126       0       0      84       0       0       0              42D    310
     126    3249       0       0       0       0       0       000010000D    311
     126       0       0      23       0       0       0              43D    312
     126    3272       0       0       0       0       0       000010000D    313
     126       0       0      79       0       0       0              44D    314
     126    3351       0       0       0       0       0       000010000D    315
     126       0       0      14       0       0       0              45D    316
     102    3365       0       0       0       0       0       000010001D    317
     102       0       0       1       0       0       0               0D    318
     142    3366       0       0       0       0       0       000010000D    319
     142       0       0       1       0       0       0    CONS      11D    320
     406    3367       0       0       0       0       0       000000000D    321
     406       0       0       1      15       0       0    NAME       0D    322
     144    3368       0       0      10       0       0       000010001D    323
     144       0     -11       1       0       0       0              11D    324
     128    3369       0       0       0       0       0       001010001D    325
     128       0       0      49       0       0       0 BSPSURF      12D    326
     126    3418       0       0       0       0       0       000010500D    327
     126       0       0       3       0       0       0               0D    328
     126    3421       0       0       0       0       0       000010500D    329
     126       0       0       3       0       0       0               0D    330
     126    3424       0       0       0       0       0       000010500D    331
     126       0       0       2       0       0       0               0D    332
     126    3426       0       0       0       0       0       000010500D    333
     126       0       0       2       0       0       0               0D    334
     102    3428       0       0       0       0       0       000010501D    335
     102       0       0       1       0       0       0               0D    336
     126    3429       0       0       0       0       0       000010000D    337
     126       0       0      57       0       0       0              46D    338
     126    3486       0       0       0       0       0       000010000D    339
     126       0       0      37       0       0       0              47D    340
     126    3523       0       0       0       0       0       000010000D    341
     126       0       0      85       0       0       0              48D    342
     126    3608       0       0       0       0       0       000010000D    343
     126       0       0      12       0       0       0              49D    344
     102    3620       0       0       0       0       0       000010001D    345
     102       0       0       1       0       0       0               0D    346
     142    3621       0       0       0       0       0       000010000D    347
     142       0       0       1       0       0       0    CONS      12D    348
     406    3622       0       0       0       0       0       000000000D    349
     406       0       0       1      15       0       0    NAME       0D    350
     144    3623       0       0      10       0       0       000010001D    351
     144       0     -11       1       0       0       0              12D    352
     128    3624       0       0       0       0       0       001010001D    353
     128       0       0      49       0       0       0 BSPSURF      13D    354
     126    3673       0       0       0       0       0       000010500D    355
     126       0       0       2       0       0       0               0D    356
     126    3675       0       0       0       0       0       000010500D    357
     126       0       0       2       0       0       0               0D    358
     126    3677       0       0       0       0       0       000010500D    359
     126       0       0       2       0       0       0               0D    360
     126    3679       0       0       0       0       0       000010500D    361
     126       0       0       2       0       0       0               0D    362
     102    3681       0       0       0       0       0       000010501D    363
     102       0       0       1       0       0       0               0D    364
     126    3682       0       0       0       0       0       000010000D    365
     126       0       0      12       0       0       0              50D    366
     126    3694       0       0       0       0       0       000010000D    367
     126       0       0      45       0       0       0              51D    368
     126    3739       0       0       0       0       0       000010000D    369
     126       0       0      37       0       0       0              52D    370
     126    3776       0       0       0       0       0       000010000D    371
     126       0       0      84       0       0       0              53D    372
     102    3860       0       0       0       0       0       000010001D    373
     102       0       0       1       0       0       0               0D    374
     142    3861       0       0       0       0       0       000010000D    375
     142       0       0       1       0       0       0    CONS      13D    376
     406    3862       0       0       0       0       0       000000000D    377
     406       0       0       1      15       0       0    NAME       0D    378
     144    3863       0       0      10       0       0       000010001D    379
     144       0     -11       1       0       0       0              13D    380
     128    3864       0       0       0       0       0       001010001D    381
     128       0       0      46       0       0       0 BSPSURF      14D    382
     126    3910       0       0       0       0       0       000010500D    383
     126       0       0       2       0       0       0               0D    384
     126    3912       0       0       0       0       0       000010500D    385
     126       0       0       2       0       0       0               0D    386
     126    3914       0       0       0       0       0       000010500D    387
     126       0       0       2       0       0       0               0D    388
     126    3916       0       0       0       0       0       000010500D    389
     126       0       0       2       0       0       0               0D    390
     102    3918       0       0       0       0       0       000010501D    391
     102       0       0       1       0       0       0               0D    392
     126    3919       0       0       0       0       0       000010000D    393
     126       0       0      14       0       0       0              54D    394
     126    3933       0       0       0       0       0       000010000D    395
     126       0       0      85       0       0       0              55D    396
     126    4018       0       0       0       0       0       000010000D    397
     126       0       0      23       0       0       0              56D    398
     126    4041       0       0       0       0       0       000010000D    399
     126       0       0      85       0       0       0              57D    400
     102    4126       0       0       0       0       0       000010001D    401
     102       0       0       1       0       0       0               0D    402
     142    4127       0       0       0       0       0       000010000D    403
     142       0       0       1       0       0       0    CONS      14D    404
     406    4128       0       0       0       0       0       000000000D    405
     406       0       0       1      15       0       0    NAME       0D    406
     144    4129       0       0      10       0       0       000010001D    407
     144       0     -11       1       0       0       0              14D    408
     128    4130       0       0       0       0       0       001010001D    409
     128       0       0      96       0       0       0 BSPSURF      15D    410
     126    4226       0       0       0       0       0       000010500D    411
     126       0       0       2       0       0       0               0D    412
     126    4228       0       0       0       0       0       000010500D    413
     126       0       0       3       0       0       0               0D    414
     126    4231       0       0       0       0       0       000010500D    415
     126       0       0       3       0       0       0               0D    416
     126    4234       0       0       0       0       0       000010500D    417
     126       0       0       2       0       0       0               0D    418
     126    4236       0       0       0       0       0       000010500D    419
     126       0       0       2       0       0       0               0D    420
     102    4238       0       0       0       0       0       000010501D    421
     102       0       0       1       0       0       0               0D    422
     126    4239       0       0       0       0       0       000010000D    423
     126       0       0      83       0       0       0              58D    424
     126    4322       0       0       0       0       0       000010000D    425
     126       0       0       4       0       0       0              59D    426
     126    4326       0       0       0       0       0       000010000D    427
     126       0       0      37       0       0       0              60D    428
     126    4363       0       0       0       0       0       000010000D    429
     126       0       0      33       0       0       0              61D    430
     126    4396       0       0       0       0       0       000010000D    431
     126       0       0      58       0       0       0              62D    432
     102    4454       0       0       0       0       0       000010001D    433
     102       0       0       1       0       0       0               0D    434
     142    4455       0       0       0       0       0       000010000D    435
     142       0       0       1       0       0       0    CONS      15D    436
     406    4456       0       0       0       0       0       000000000D    437
     406       0       0       1      15       0       0    NAME       0D    438
     144    4457       0       0       8       0       0       000010001D    439
     144       0      -3       1       0       0       0              15D    440
     128    4458       0       0       0       0       0       001010001D    441
     128       0       0      32       0       0       0 BSPSURF      16D    442
     126    4490       0       0       0       0       0       000010500D    443
     126       0       0       2       0       0       0               0D    444
     126    4492       0       0       0       0       0       000010500D    445
     126       0       0       3       0       0       0               0D    446
     126    4495       0       0       0       0       0       000010500D    447
     126       0       0       2       0       0       0               0D    448
     126    4497       0       0       0       0       0       000010500D    449
     126       0       0       2       0       0       0               0D    450
     102    4499       0       0       0       0       0       000010501D    451
     102       0       0       1       0       0       0               0D    452
     126    4500       0       0       0       0       0       000010000D    453
     126       0       0      72       0       0       0              63D    454
     126    4572       0       0       0       0       0       000010000D    455
     126       0       0       3       0       0       0              64D    456
     126    4575       0       0       0       0       0       000010000D    457
     126       0       0      69       0       0       0              65D    458
     126    4644       0       0       0       0       0       000010000D    459
     126       0       0       4       0       0       0              66D    460
     102    4648       0       0       0       0       0       000010001D    461
     102       0       0       1       0       0       0               0D    462
     142    4649       0       0       0       0       0       000010000D    463
     142       0       0       1       0       0       0    CONS      16D    464
     406    4650       0       0       0       0       0       000000000D    465
     406       0       0       1      15       0       0    NAME       0D    466
     144    4651       0       0      10       0       0       000010001D    467
     144       0     -11       1       0       0       0              16D    468
     128    4652       0       0       0       0       0       001010001D    469
     128       0       0      23       0       0       0 BSPSURF      17D    470
     126    4675       0       0       0       0       0       000010500D    471
     126       0       0       4       0       0       0               0D    472
     126    4679       0       0       0       0       0       000010500D    473
     126       0       0       2       0       0       0               0D    474
     126    4681       0       0       0       0       0       000010500D    475
     126       0       0       2       0       0       0               0D    476
     126    4683       0       0       0       0       0       000010500D    477
     126       0       0       2       0       0       0               0D    478
     102    4685       0       0       0       0       0       000010501D    479
     102       0       0       1       0       0       0               0D    480
     126    4686       0       0       0       0       0       000010000D    481
     126       0       0      23       0       0       0              67D    482
     126    4709       0       0       0       0       0       000010000D    483
     126       0       0       2       0       0       0              68D    484
     126    4711       0       0       0       0       0       000010000D    485
     126       0       0      22       0       0       0              69D    486
     126    4733       0       0       0       0       0       000010000D    487
     126       0       0       2       0       0       0              70D    488
     102    4735       0       0       0       0       0       000010001D    489
     102       0       0       1       0       0       0               0D    490
     142    4736       0       0       0       0       0       000010000D    491
     142       0       0       1       0       0       0    CONS      17D    492
     406    4737       0       0       0       0       0       000000000D    493
     406       0       0       1      15       0       0    NAME       0D    494
     144    4738       0       0       9       0       0       000010001D    495
     144       0      -7       1       0       0       0              17D    496
     128    4739       0       0       0       0       0       001010001D    497
     128       0       0      23       0       0       0 BSPSURF      18D    498
     126    4762       0       0       0       0       0       000010500D    499
     126       0       0       2       0       0       0               0D    500
     126    4764       0       0       0       0       0       000010500D    501
     126       0       0       2       0       0       0               0D    502
     126    4766       0       0       0       0       0       000010500D    503
     126       0       0       2       0       0       0               0D    504
     126    4768       0       0       0       0       0       000010500D    505
     126       0       0       4       0       0       0               0D    506
     102    4772       0       0       0       0       0       000010501D    507
     102       0       0       1       0       0       0               0D    508
     126    4773       0       0       0       0       0       000010000D    509
     126       0       0       2       0       0       0              71D    510
     126    4775       0       0       0       0       0       000010000D    511
     126       0       0      22       0       0       0              72D    512
     126    4797       0       0       0       0       0       000010000D    513
     126       0       0       2       0       0       0              73D    514
     126    4799       0       0       0       0       0       000010000D    515
     126       0       0      22       0       0       0              74D    516
     102    4821       0       0       0       0       0       000010001D    517
     102       0       0       1       0       0       0               0D    518
     142    4822       0       0       0       0       0       000010000D    519
     142       0       0       1       0       0       0    CONS      18D    520
     406    4823       0       0       0       0       0       000000000D    521
     406       0       0       1      15       0       0    NAME       0D    522
     144    4824       0       0       9       0       0       000010001D    523
     144       0      -7       1       0       0       0              18D    524
     128    4825       0       0       0       0       0       001010001D    525
     128       0       0      94       0       0       0 BSPSURF      19D    526
     126    4919       0       0       0       0       0       000010500D    527
     126       0       0       3       0       0       0               0D    528
     126    4922       0       0       0       0       0       000010500D    529
     126       0       0       4       0       0       0               0D    530
     126    4926       0       0       0       0       0       000010500D    531
     126       0       0       3       0       0       0               0D    532
     102    4929       0       0       0       0       0       000010501D    533
     102       0       0       1       0       0       0               0D    534
     126    4930       0       0       0       0       0       000010000D    535
     126       0       0      22       0       0       0              75D    536
     126    4952       0       0       0       0       0       000010000D    537
     126       0       0      50       0       0       0              76D    538
     126    5002       0       0       0       0       0       000010000D    539
     126       0       0      52       0       0       0              77D    540
     102    5054       0       0       0       0       0       000010001D    541
     102       0       0       1       0       0       0               0D    542
     142    5055       0       0       0       0       0       000010000D    543
     142       0       0       1       0       0       0    CONS      19D    544
     406    5056       0       0       0       0       0       000000000D    545
     406       0       0       1      15       0       0    NAME       0D    546
     144    5057       0       0       9       0       0       000010001D    547
     144       0      -7       1       0       0       0              19D    548
     128    5058       0       0       0       0       0       001010001D    549
     128       0       0      94       0       0       0 BSPSURF      20D    550
     126    5152       0       0       0       0       0       000010500D    551
     126       0       0       3       0       0       0               0D    552
     126    5155       0       0       0       0       0       000010500D    553
     126       0       0       3       0       0       0               0D    554
     126    5158       0       0       0       0       0       000010500D    555
     126       0       0       3       0       0       0               0D    556
     102    5161       0       0       0       0       0       000010501D    557
     102       0       0       1       0       0       0               0D    558
     126    5162       0       0       0       0       0       000010000D    559
     126       0       0      52       0       0       0              78D    560
     126    5214       0       0       0       0       0       000010000D    561
     126       0       0      51       0       0       0              79D    562
     126    5265       0       0       0       0       0       000010000D    563
     126       0       0      22       0       0       0              80D    564
     102    5287       0       0       0       0       0       000010001D    565
     102       0       0       1       0       0       0               0D    566
     142    5288       0       0       0       0       0       000010000D    567
     142       0       0       1       0       0       0    CONS      20D    568
     406    5289       0       0       0       0       0       000000000D    569
     406       0       0       1      15       0       0    NAME       0D    570
     144    5290       0       0       9       0       0       000010001D    571
     144       0      -7       1       0       0       0              20D    572
     128    5291       0       0       0       0       0       001010001D    573
     128       0       0      78       0       0       0 BSPSURF      21D    574
     126    5369       0       0       0       0       0       000010500D    575
     126       0       0       2       0       0       0               0D    576
     126    5371       0       0       0       0       0       000010500D    577
     126       0       0       3       0       0       0               0D    578
     126    5374       0       0       0       0       0       000010500D    579
     126       0       0       3       0       0       0               0D    580
     126    5377       0       0       0       0       0       000010500D    581
     126       0       0       3       0       0       0               0D    582
     102    5380       0       0       0       0       0       000010501D    583
     102       0       0       1       0       0       0               0D    584
     126    5381       0       0       0       0       0       000010000D    585
     126       0       0      34       0       0       0              81D    586
     126    5415       0       0       0       0       0       000010000D    587
     126       0       0      22       0       0       0              82D    588
     126    5437       0       0       0       0       0       000010000D    589
     126       0       0      72       0       0       0              83D    590
     126    5509       0       0       0       0       0       000010000D    591
     126       0       0      23       0       0       0              84D    592
     102    5532       0       0       0       0       0       000010001D    593
     102       0       0       1       0       0       0               0D    594
     142    5533       0       0       0       0       0       000010000D    595
     142       0       0       1       0       0       0    CONS      21D    596
     406    5534       0       0       0       0       0       000000000D    597
     406       0       0       1      15       0       0    NAME       0D    598
     144    5535       0       0       8       0       0       000010001D    599
     144       0      -3       1       0       0       0              21D    600
     128    5536       0       0       0       0       0       001010001D    601
     128       0       0      32       0       0       0 BSPSURF      22D    602
     126    5568       0       0       0       0       0       000010500D    603
     126       0       0       2       0       0       0               0D    604
     126    5570       0       0       0       0       0       000010500D    605
     126       0       0       3       0       0       0               0D    606
     126    5573       0       0       0       0       0       000010500D    607
     126       0       0       2       0       0       0               0D    608
     126    5575       0       0       0       0       0       000010500D    609
     126       0       0       2       0       0       0               0D    610
     102    5577       0       0       0       0       0       000010501D    611
     102       0       0       1       0       0       0               0D    612
     126    5578       0       0       0       0       0       000010000D    613
     126       0       0      72       0       0       0              85D    614
     126    5650       0       0       0       0       0       000010000D    615
     126       0       0       3       0       0       0              86D    616
     126    5653       0       0       0       0       0       000010000D    617
     126       0       0      69       0       0       0              87D    618
     126    5722       0       0       0       0       0       000010000D    619
     126       0       0       4       0       0       0              88D    620
     102    5726       0       0       0       0       0       000010001D    621
     102       0       0       1       0       0       0               0D    622
     142    5727       0       0       0       0       0       000010000D    623
     142       0       0       1       0       0       0    CONS      22D    624
     406    5728       0       0       0       0       0       000000000D    625
     406       0       0       1      15       0       0    NAME       0D    626
     144    5729       0       0       8       0       0       000010001D    627
     144       0      -3       1       0       0       0              22D    628
     128    5730       0       0       0       0       0       001010001D    629
     128       0       0      96       0       0       0 BSPSURF      23D    630
     126    5826       0       0       0       0       0       000010500D    631
     126       0       0       2       0       0       0               0D    632
     126    5828       0       0       0       0       0       000010500D    633
     126       0       0       3       0       0       0               0D    634
     126    5831       0       0       0       0       0       000010500D    635
     126       0       0       3       0       0       0               0D    636
     126    5834       0       0       0       0       0       000010500D    637
     126       0       0       2       0       0       0               0D    638
     126    5836       0       0       0       0       0       000010500D    639
     126       0       0       2       0       0       0               0D    640
     102    5838       0       0       0       0       0       000010501D    641
     102       0       0       1       0       0       0               0D    642
     126    5839       0       0       0       0       0       000010000D    643
     126       0       0      83       0       0       0              89D    644
     126    5922       0       0       0       0       0       000010000D    645
     126       0       0       4       0       0       0              90D    646
     126    5926       0       0       0       0       0       000010000D    647
     126       0       0      37       0       0       0              91D    648
     126    5963       0       0       0       0       0       000010000D    649
     126       0       0      33       0       0       0              92D    650
     126    5996       0       0       0       0       0       000010000D    651
     126       0       0      58       0       0       0              93D    652
     102    6054       0       0       0       0       0       000010001D    653
     102       0       0       1       0       0       0               0D    654
     142    6055       0       0       0       0       0       000010000D    655
     142       0       0       1       0       0       0    CONS      23D    656
     406    6056       0       0       0       0       0       000000000D    657
     406       0       0       1      15       0       0    NAME       0D    658
     144    6057       0       0      10       0       0       000010001D    659
     144       0     -11       1       0       0       0              23D    660
     128    6058       0       0       0       0       0       001010001D    661
     128       0       0     107       0       0       0 BSPSURF      24D    662
     126    6165       0       0       0       0       0       000010500D    663
     126       0       0      42       0       0       0               0D    664
     126    6207       0       0       0       0       0       000010500D    665
     126       0       0       2       0       0       0               0D    666
     126    6209       0       0       0       0       0       000010500D    667
     126       0       0       2       0       0       0               0D    668
     126    6211       0       0       0       0       0       000010500D    669
     126       0       0       2       0       0       0               0D    670
     102    6213       0       0       0       0       0       000010501D    671
     102       0       0       1       0       0       0               0D    672
     126    6214       0       0       0       0       0       000010000D    673
     126       0       0      96       0       0       0              94D    674
     126    6310       0       0       0       0       0       000010000D    675
     126       0       0      46       0       0       0              95D    676
     126    6356       0       0       0       0       0       000010000D    677
     126       0       0      59       0       0       0              96D    678
     126    6415       0       0       0       0       0       000010000D    679
     126       0       0      66       0       0       0              97D    680
     102    6481       0       0       0       0       0       000010001D    681
     102       0       0       1       0       0       0               0D    682
     142    6482       0       0       0       0       0       000010000D    683
     142       0       0       1       0       0       0    CONS      24D    684
     406    6483       0       0       0       0       0       000000000D    685
     406       0       0       1      15       0       0    NAME       0D    686
     144    6484       0       0       8       0       0       000010001D    687
     144       0      -3       1       0       0       0              24D    688
     128    6485       0       0       0       0       0       001010001D    689
     128       0       0      44       0       0       0 BSPSURF      25D    690
     126    6529       0       0       0       0       0       000010500D    691
     126       0       0       2       0       0       0               0D    692
     126    6531       0       0       0       0       0       000010500D    693
     126       0       0       2       0       0       0               0D    694
     126    6533       0       0       0       0       0       000010500D    695
     126       0       0       2       0       0       0               0D    696
     126    6535       0       0       0       0       0       000010500D    697
     126       0       0       2       0       0       0               0D    698
     102    6537       0       0       0       0       0       000010501D    699
     102       0       0       1       0       0       0               0D    700
     126    6538       0       0       0       0       0       000010000D    701
     126       0       0      58       0       0       0              98D    702
     126    6596       0       0       0       0       0       000010000D    703
     126       0       0      23       0       0       0              99D    704
     126    6619       0       0       0       0       0       000010000D    705
     126       0       0      69       0       0       0             100D    706
     126    6688       0       0       0       0       0       000010000D    707
     126       0       0      22       0       0       0             101D    708
     102    6710       0       0       0       0       0       000010001D    709
     102       0       0       1       0       0       0               0D    710
     142    6711       0       0       0       0       0       000010000D    711
     142       0       0       1       0       0       0    CONS      25D    712
     406    6712       0       0       0       0       0       000000000D    713
     406       0       0       1      15       0       0    NAME       0D    714
     144    6713       0       0      10       0       0       000010001D    715
     144       0     -11       1       0       0       0              25D    716
     128    6714       0       0       0       0       0       001010001D    717
     128       0       0     107       0       0       0 BSPSURF      26D    718
     126    6821       0       0       0       0       0       000010500D    719
     126       0       0       2       0       0       0               0D    720
     126    6823       0       0       0       0       0       000010500D    721
     126       0       0       2       0       0       0               0D    722
     126    6825       0       0       0       0       0       000010500D    723
     126       0       0      44       0       0       0               0D    724
     126    6869       0       0       0       0       0       000010500D    725
     126       0       0       3       0       0       0               0D    726
     102    6872       0       0       0       0       0       000010501D    727
     102       0       0       1       0       0       0               0D    728
     126    6873       0       0       0       0       0       000010000D    729
     126       0       0      58       0       0       0             102D    730
     126    6931       0       0       0       0       0       000010000D    731
     126       0       0      65       0       0       0             103D    732
     126    6996       0       0       0       0       0       000010000D    733
     126       0       0     113       0       0       0             104D    734
     126    7109       0       0       0       0       0       000010000D    735
     126       0       0      40       0       0       0             105D    736
     102    7149       0       0       0       0       0       000010001D    737
     102       0       0       1       0       0       0               0D    738
     142    7150       0       0       0       0       0       000010000D    739
     142       0       0       1       0       0       0    CONS      26D    740
     406    7151       0       0       0       0       0       000000000D    741
     406       0       0       1      15       0       0    NAME       0D    742
     144    7152       0       0       8       0       0       000010001D    743
     144       0      -3       1       0       0       0              26D    744
     128    7153       0       0       0       0       0       001010001D    745
     128       0       0      46       0       0       0 BSPSURF      27D    746
     126    7199       0       0       0       0       0       000010500D    747
     126       0       0       3       0       0       0               0D    748
     126    7202       0       0       0       0       0       000010500D    749
     126       0       0       2       0       0       0               0D    750
     126    7204       0       0       0       0       0       000010500D    751
     126       0       0       2       0       0       0               0D    752
     126    7206       0       0       0       0       0       000010500D    753
     126       0       0       2       0       0       0               0D    754
     126    7208       0       0       0       0       0       000010500D    755
     126       0       0       3       0       0       0               0D    756
     126    7211       0       0       0       0       0       000010500D    757
     126       0       0      40       0       0       0               0D    758
     126    7251       0       0       0       0       0       000010500D    759
     126       0       0      56       0       0       0               0D    760
     102    7307       0       0       0       0       0       000010501D    761
     102       0       0       1       0       0       0               0D    762
     126    7308       0       0       0       0       0       000010000D    763
     126       0       0      10       0       0       0             106D    764
     126    7318       0       0       0       0       0       000010000D    765
     126       0       0      23       0       0       0             107D    766
     126    7341       0       0       0       0       0       000010000D    767
     126       0       0      85       0       0       0             108D    768
     126    7426       0       0       0       0       0       000010000D    769
     126       0       0      14       0       0       0             109D    770
     126    7440       0       0       0       0       0       000010000D    771
     126       0       0      37       0       0       0             110D    772
     126    7477       0       0       0       0       0       000010000D    773
     126       0       0      95       0       0       0             111D    774
     126    7572       0       0       0       0       0       000010000D    775
     126       0       0     118       0       0       0             112D    776
     102    7690       0       0       0       0       0       000010001D    777
     102       0       0       1       0       0       0               0D    778
     142    7691       0       0       0       0       0       000010000D    779
     142       0       0       1       0       0       0    CONS      27D    780
     406    7692       0       0       0       0       0       000000000D    781
     406       0       0       1      15       0       0    NAME       0D    782
     144    7693       0       0       8       0       0       000010001D    783
     144       0      -3       1       0       0       0              27D    784
     128    7694       0       0       0       0       0       001010001D    785
     128       0       0      49       0       0       0 BSPSURF      28D    786
     126    7743       0       0       0       0       0       000010500D    787
     126       0       0      55       0       0       0               0D    788
     126    7798       0       0       0       0       0       000010500D    789
     126       0       0       2       0       0       0               0D    790
     126    7800       0       0       0       0       0       000010500D    791
     126       0       0       3       0       0       0               0D    792
     102    7803       0       0       0       0       0       000010501D    793
     102       0       0       1       0       0       0               0D    794
     126    7804       0       0       0       0       0       000010000D    795
     126       0       0     113       0       0       0             113D    796
     126    7917       0       0       0       0       0       000010000D    797
     126       0       0      28       0       0       0             114D    798
     126    7945       0       0       0       0       0       000010000D    799
     126       0       0      10       0       0       0             115D    800
     102    7955       0       0       0       0       0       000010001D    801
     102       0       0       1       0       0       0               0D    802
     142    7956       0       0       0       0       0       000010000D    803
     142       0       0       1       0       0       0    CONS      28D    804
     406    7957       0       0       0       0       0       000000000D    805
     406       0       0       1      15       0       0    NAME       0D    806
     144    7958       0       0       8       0       0       000010001D    807
     144       0      -3       1       0       0       0              28D    808
     128    7959       0       0       0       0       0       001010001D    809
     128       0       0      49       0       0       0 BSPSURF      29D    810
     126    8008       0       0       0       0       0       000010500D    811
     126       0       0      38       0       0       0               0D    812
     126    8046       0       0       0       0       0       000010500D    813
     126       0       0       2       0       0       0               0D    814
     126    8048       0       0       0       0       0       000010500D    815
     126       0       0       2       0       0       0               0D    816
     102    8050       0       0       0       0       0       000010501D    817
     102       0       0       1       0       0       0               0D    818
     126    8051       0       0       0       0       0       000010000D    819
     126       0       0      96       0       0       0             116D    820
     126    8147       0       0       0       0       0       000010000D    821
     126       0       0      37       0       0       0             117D    822
     126    8184       0       0       0       0       0       000010000D    823
     126       0       0       6       0       0       0             118D    824
     102    8190       0       0       0       0       0       000010001D    825
     102       0       0       1       0       0       0               0D    826
     142    8191       0       0       0       0       0       000010000D    827
     142       0       0       1       0       0       0    CONS      29D    828
     406    8192       0       0       0       0       0       000000000D    829
     406       0       0       1      15       0       0    NAME       0D    830
     144    8193       0       0       8       0       0       000010001D    831
     144       0      -3       1       0       0       0              29D    832
     128    8194       0       0       0       0       0       001010001D    833
     128       0       0      49       0       0       0 BSPSURF      30D    834
     126    8243       0       0       0       0       0       000010500D    835
     126       0       0       2       0       0       0               0D    836
     126    8245       0       0       0       0       0       000010500D    837
     126       0       0       2       0       0       0               0D    838
     126    8247       0       0       0       0       0       000010500D    839
     126       0       0      41       0       0       0               0D    840
     102    8288       0       0       0       0       0       000010501D    841
     102       0       0       1       0       0       0               0D    842
     126    8289       0       0       0       0       0       000010000D    843
     126       0       0      37       0       0       0             119D    844
     126    8326       0       0       0       0       0       000010000D    845
     126       0       0       6       0       0       0             120D    846
     126    8332       0       0       0       0       0       000010000D    847
     126       0       0      96       0       0       0             121D    848
     102    8428       0       0       0       0       0       000010001D    849
     102       0       0       1       0       0       0               0D    850
     142    8429       0       0       0       0       0       000010000D    851
     142       0       0       1       0       0       0    CONS      30D    852
     406    8430       0       0       0       0       0       000000000D    853
     406       0       0       1      15       0       0    NAME       0D    854
     144    8431       0       0       8       0       0       000010001D    855
     144       0      -3       1       0       0       0              30D    856
     128    8432       0       0       0       0       0       001010001D    857
     128       0       0      49       0       0       0 BSPSURF      31D    858
     126    8481       0       0       0       0       0       000010500D    859
     126       0       0       3       0       0       0               0D    860
     126    8484       0       0       0       0       0       000010500D    861
     126       0       0       3       0       0       0               0D    862
     126    8487       0       0       0       0       0       000010500D    863
     126       0       0      47       0       0       0               0D    864
     102    8534       0       0       0       0       0       000010501D    865
     102       0       0       1       0       0       0               0D    866
     126    8535       0       0       0       0       0       000010000D    867
     126       0       0      33       0       0       0             122D    868
     126    8568       0       0       0       0       0       000010000D    869
     126       0       0      10       0       0       0             123D    870
     126    8578       0       0       0       0       0       000010000D    871
     126       0       0     113       0       0       0             124D    872
     102    8691       0       0       0       0       0       000010001D    873
     102       0       0       1       0       0       0               0D    874
     142    8692       0       0       0       0       0       000010000D    875
     142       0       0       1       0       0       0    CONS      31D    876
     406    8693       0       0       0       0       0       000000000D    877
     406       0       0       1      15       0       0    NAME       0D    878
     144    8694       0       0       8       0       0       000010001D    879
     144       0      -3       1       0       0       0              31D    880
     128    8695       0       0       0       0       0       001010001D    881
     128       0       0      96       0       0       0 BSPSURF      32D    882
     126    8791       0       0       0       0       0       000010500D    883
     126       0       0       2       0       0       0               0D    884
     126    8793       0       0       0       0       0       000010500D    885
     126       0       0       2       0       0       0               0D    886
     126    8795       0       0       0       0       0       000010500D    887
     126       0       0       3       0       0       0               0D    888
     126    8798       0       0       0       0       0       000010500D    889
     126       0       0       3       0       0       0               0D    890
     126    8801       0       0       0       0       0       000010500D    891
     126       0       0       2       0       0       0               0D    892
     102    8803       0       0       0       0       0       000010501D    893
     102       0       0       1       0       0       0               0D    894
     126    8804       0       0       0       0       0       000010000D    895
     126       0       0      60       0       0       0             125D    896
     126    8864       0       0       0       0       0       000010000D    897
     126       0       0      79       0       0       0             126D    898
     126    8943       0       0       0       0       0       000010000D    899
     126       0       0       4       0       0       0             127D    900
     126    8947       0       0       0       0       0       000010000D    901
     126       0       0      37       0       0       0             128D    902
     126    8984       0       0       0       0       0       000010000D    903
     126       0       0      33       0       0       0             129D    904
     102    9017       0       0       0       0       0       000010001D    905
     102       0       0       1       0       0       0               0D    906
     142    9018       0       0       0       0       0       000010000D    907
     142       0       0       1       0       0       0    CONS      32D    908
     406    9019       0       0       0       0       0       000000000D    909
     406       0       0       1      15       0       0    NAME       0D    910
     144    9020       0       0       8       0       0       000010001D    911
     144       0      -3       1       0       0       0              32D    912
     128    9021       0       0       0       0       0       001010001D    913
     128       0       0      46       0       0       0 BSPSURF      33D    914
     126    9067       0       0       0       0       0       000010500D    915
     126       0       0       3       0       0       0               0D    916
     126    9070       0       0       0       0       0       000010500D    917
     126       0       0       2       0       0       0               0D    918
     126    9072       0       0       0       0       0       000010500D    919
     126       0       0       2       0       0       0               0D    920
     126    9074       0       0       0       0       0       000010500D    921
     126       0       0       2       0       0       0               0D    922
     126    9076       0       0       0       0       0       000010500D    923
     126       0       0       2       0       0       0               0D    924
     126    9078       0       0       0       0       0       000010500D    925
     126       0       0      40       0       0       0               0D    926
     126    9118       0       0       0       0       0       000010500D    927
     126       0       0      51       0       0       0               0D    928
     102    9169       0       0       0       0       0       000010501D    929
     102       0       0       1       0       0       0               0D    930
     126    9170       0       0       0       0       0       000010000D    931
     126       0       0      11       0       0       0             130D    932
     126    9181       0       0       0       0       0       000010000D    933
     126       0       0      23       0       0       0             131D    934
     126    9204       0       0       0       0       0       000010000D    935
     126       0       0      79       0       0       0             132D    936
     126    9283       0       0       0       0       0       000010000D    937
     126       0       0      14       0       0       0             133D    938
     126    9297       0       0       0       0       0       000010000D    939
     126       0       0      41       0       0       0             134D    940
     126    9338       0       0       0       0       0       000010000D    941
     126       0       0      91       0       0       0             135D    942
     126    9429       0       0       0       0       0       000010000D    943
     126       0       0     142       0       0       0             136D    944
     102    9571       0       0       0       0       0       000010001D    945
     102       0       0       1       0       0       0               0D    946
     142    9572       0       0       0       0       0       000010000D    947
     142       0       0       1       0       0       0    CONS      33D    948
     406    9573       0       0       0       0       0       000000000D    949
     406       0       0       1      15       0       0    NAME       0D    950
     144    9574       0       0       8       0       0       000010001D    951
     144       0      -3       1       0       0       0              33D    952
     128    9575       0       0       0       0       0       001010001D    953
     128       0       0      32       0       0       0 BSPSURF      34D    954
     126    9607       0       0       0       0       0       000010500D    955
     126       0       0       2       0       0       0               0D    956
     126    9609       0       0       0       0       0       000010500D    957
     126       0       0       3       0       0       0               0D    958
     126    9612       0       0       0       0       0       000010500D    959
     126       0       0       3       0       0       0               0D    960
     126    9615       0       0       0       0       0       000010500D    961
     126       0       0       2       0       0       0               0D    962
     102    9617       0       0       0       0       0       000010501D    963
     102       0       0       1       0       0       0               0D    964
     126    9618       0       0       0       0       0       000010000D    965
     126       0       0       3       0       0       0             137D    966
     126    9621       0       0       0       0       0       000010000D    967
     126       0       0      70       0       0       0             138D    968
     126    9691       0       0       0       0       0       000010000D    969
     126       0       0       4       0       0       0             139D    970
     126    9695       0       0       0       0       0       000010000D    971
     126       0       0      72       0       0       0             140D    972
     102    9767       0       0       0       0       0       000010001D    973
     102       0       0       1       0       0       0               0D    974
     142    9768       0       0       0       0       0       000010000D    975
     142       0       0       1       0       0       0    CONS      34D    976
     406    9769       0       0       0       0       0       000000000D    977
     406       0       0       1      15       0       0    NAME       0D    978
     144    9770       0       0      10       0       0       000010001D    979
     144       0     -11       1       0       0       0              34D    980
     128    9771       0       0       0       0       0       001010001D    981
     128       0       0      78       0       0       0 BSPSURF      35D    982
     126    9849       0       0       0       0       0       000010500D    983
     126       0       0       2       0       0       0               0D    984
     126    9851       0       0       0       0       0       000010500D    985
     126       0       0       2       0       0       0               0D    986
     126    9853       0       0       0       0       0       000010500D    987
     126       0       0       3       0       0       0               0D    988
     126    9856       0       0       0       0       0       000010500D    989
     126       0       0       2       0       0       0               0D    990
     102    9858       0       0       0       0       0       000010501D    991
     102       0       0       1       0       0       0               0D    992
     126    9859       0       0       0       0       0       000010000D    993
     126       0       0      23       0       0       0             141D    994
     126    9882       0       0       0       0       0       000010000D    995
     126       0       0      72       0       0       0             142D    996
     126    9954       0       0       0       0       0       000010000D    997
     126       0       0      23       0       0       0             143D    998
     126    9977       0       0       0       0       0       000010000D    999
     126       0       0      34       0       0       0             144D   1000
     102   10011       0       0       0       0       0       000010001D   1001
     102       0       0       1       0       0       0               0D   1002
     142   10012       0       0       0       0       0       000010000D   1003
     142       0       0       1       0       0       0    CONS      35D   1004
     406   10013       0       0       0       0       0       000000000D   1005
     406       0       0       1      15       0       0    NAME       0D   1006
     144   10014       0       0       8       0       0       000010001D   1007
     144       0      -3       1       0       0       0              35D   1008
     308   10015       0       0       0       0       0       000010201D   1009
     308       0     -13       3       0       0       0               0D   1010
     408   10018       0       0       0       0       0       000000000D   1011
     408       0     -13       1       0       0       0               0D   1012
406,1,31HNacelleTrimmed-L1|ANSA_Thick=1.;                              1P      1
314,59.6078431372549,34.11764705882353,39.6078431372549,;              3P      2
406,1,24HSpinner-L1|ANSA_Thick=1.;                                     5P      3
314,58.03921568627451,46.666666666666664,80.,;                         7P      4
406,1,27HNacelleIso-L1|ANSA_Thick=1.;                                  9P      5
314,68.62745098039215,96.47058823529412,30.980392156862745,;          11P      6
314,78.82352941176471,92.54901960784314,46.27450980392157,;           13P      7
128,1,1,1,1,0,0,1,0,0,0.,0.,1.,1.,0.,0.,1.,1.,1.,1.,1.,1.,            15P      8
10977.149895191384,-3229.291929866878,-82.11943907482504,             15P      9
10977.149895191384,-3229.579637365789,50.474013219885165,             15P     10
10977.149895191384,-3778.52556026543,-83.31119199614415,              15P     11
10977.149895191384,-3778.813267764341,49.28226029856606,0.,1.,        15P     12
0.,1.;                                                                15P     13
126,65,5,0,0,1,0,0.,0.,0.,0.,0.,0.,1.,1.,1.,1.,1.,2.,2.,2.,2.,        17P     14
2.,3.,3.,3.,3.,3.,4.,4.,4.,4.,4.,5.,5.,5.,5.,5.,6.,6.,6.,6.,6.,       17P     15
7.,7.,7.,7.,7.,8.,8.,8.,8.,8.,9.,9.,9.,9.,9.,10.,10.,10.,10.,         17P     16
10.,11.,11.,11.,11.,11.,12.,12.,12.,12.,12.,13.,13.,13.,13.,13.,      17P     17
13.,1.,1.,1.,1.,1.,1.,1.,1.,1.,1.,1.,1.,1.,1.,1.,1.,1.,1.,1.,1.,      17P     18
1.,1.,1.,1.,1.,1.,1.,1.,1.,1.,1.,1.,1.,1.,1.,1.,1.,1.,1.,1.,1.,       17P     19
1.,1.,1.,1.,1.,1.,1.,1.,1.,1.,1.,1.,1.,1.,1.,1.,1.,1.,1.,1.,1.,       17P     20
1.,1.,1.,1.,0.9545454545454486,0.49966612577721053,0.,                17P     21
0.9545309928602586,0.5082511108330479,0.,0.9545221369218687,          17P     22
0.5168363403502548,0.,0.9541165496546097,0.5254209505573485,0.,       17P     23
0.9532654878659392,0.5340042943515175,0.,0.952273802246443,           17P     24
0.5425859412986218,0.,0.950162057139056,0.5608601308175499,0.,        17P     25
0.9469516084276127,0.5791282734202108,0.,0.9425480816447128,          17P     26
0.5973822662424115,0.,0.9368571023229555,0.6156140064199591,0.,       17P     27
0.9297842959949402,0.6338153910886605,0.,0.9170505800749864,          17P     28
0.6665847404773187,0.,0.8998375886696552,0.699245616665496,0.,        17P     29
0.8774340452964956,0.7317600265381802,0.,0.8487203296496094,          17P     30
0.7639901696466165,0.,0.8121684775996518,0.7956984382083071,0.,       17P     31
0.798389597763096,0.8076514418957709,0.,0.7836561858631435,           17P     32
0.8195408964570103,0.,0.7674766988654463,0.8313270748455004,0.,       17P     33
0.7495190268255997,0.8429647677501086,0.,0.7296104928891398,          17P     34
0.8544032835950951,0.,0.7208221900569477,0.859452632859958,0.,        17P     35
0.711751935325891,0.8644746509842831,0.,0.7023359913184526,           17P     36
0.8694593600599305,0.,0.6925106206571157,0.8743967821787609,0.,       17P     37
0.6822120859643636,0.8792769394326342,0.,0.6582225714784601,          17P     38
0.8906448288099136,0.,0.6316736928854177,0.901698382804331,0.,        17P     39
0.6025942576492042,0.9123855818590136,0.,0.5691723400071012,          17P     40
0.9224109323865424,0.,0.5310341907091617,0.9312425973063063,0.,       17P     41
0.527925353057135,0.9319625119570711,0.,0.5247762895864372,           17P     42
0.9326722879844789,0.,0.5215964583584957,0.9333741569304573,0.,       17P     43
0.518395317434737,0.9340703503369341,0.,0.5151823248765879,           17P     44
0.934763099745837,0.,0.511940785063273,0.9354620041936276,0.,         17P     45
0.508647378763003,0.9361468674436724,0.,0.5053083648201206,           17P     46
0.9368189103788315,0.,0.5019300020789682,0.9374793538819653,0.,       17P     47
0.49851854938388734,0.9381294188359346,0.,0.48932716545549776,        17P     48
0.9398808711069682,0.,0.47978213456689145,0.9415199336935838,0.,      17P     49
0.4702201065001919,0.9431622655321577,0.,0.4601518755976862,          17P     50
0.9446092152616549,0.,0.4499980612760687,0.9460172203761874,0.,       17P     51
0.4478462259820469,0.9463156102229631,0.,0.44567520636339913,         17P     52
0.9466060477667916,0.,0.44348542777797667,0.9468882328686417,0.,      17P     53
0.4412773155836306,0.9471618653894818,0.,0.4390512951382118,          17P     54
0.9474266451902805,0.,0.43337646695268167,0.9481016524120806,0.,      17P     55
0.42765629978559033,0.9487558333954413,0.,0.42188152918302396,        17P     56
0.949381191086578,0.,0.4160428906910685,0.9499697284317052,0.,        17P     57
0.41013111985580974,0.9505134483770382,0.,0.4044080033260859,         17P     58
0.9510398173269502,0.,0.3986180210739437,0.9515250738110471,0.,       17P     59
0.3927687356713893,0.9519680669002204,0.,0.38686770969042916,         17P     60
0.9523676456653601,0.,0.3809225057030694,0.9527226591773573,0.,       17P     61
0.36922486447628006,0.9534211752758536,0.,0.35733280361462905,        17P     62
0.9538938300103821,0.,0.3453838107133672,0.9544474827077898,0.,       17P     63
0.33330030023801105,0.9544009089554447,0.,0.3212650105989376,         17P     64
0.9545454545454517,0.,0.,13.,0.,0.,0.,0,0;                            17P     65
126,40,5,0,0,1,0,0.,0.,0.,0.,0.,0.,1.,1.,1.,1.,1.,2.,2.,2.,2.,        19P     66
2.,3.,3.,3.,3.,3.,4.,4.,4.,4.,4.,5.,5.,5.,5.,5.,6.,6.,6.,6.,6.,       19P     67
7.,7.,7.,7.,7.,8.,8.,8.,8.,8.,8.,1.,1.,1.,1.,1.,1.,1.,1.,1.,1.,       19P     68
1.,1.,1.,1.,1.,1.,1.,1.,1.,1.,1.,1.,1.,1.,1.,1.,1.,1.,1.,1.,1.,       19P     69
1.,1.,1.,1.,1.,1.,1.,1.,1.,1.,0.32126501059893764,                    19P     70
0.9545454545454496,0.,0.31448987127467576,0.9544959184812173,0.,      19P     71
0.30770988565861723,0.954481191598735,0.,0.3009486795680658,          19P     72
0.9543237391193543,0.,0.294190301073682,0.9541841975837783,0.,        19P     73
0.28749077664042555,0.9539355293895567,0.,0.2784595674960749,         19P     74
0.9536003153766911,0.,0.26952222109773144,0.9531090640003986,0.,      19P     75
0.2607476527723922,0.9524629753017837,0.,0.25220477784705425,         19P     76
0.951663249321951,0.,0.24396251164871477,0.9507110861020043,0.,       19P     77
0.20609722567743505,0.9463368118736518,0.,0.1741363101519079,         19P     78
0.9386669196013215,0.,0.15700335131132637,0.9291242927494274,0.,      19P     79
0.14144258742858049,0.9197519275294891,0.,0.12954635167815237,        19P     80
0.9100334423358749,0.,0.11021033526522378,0.8942371187630379,0.,      19P     81
0.09890205946585262,0.877876855309711,0.,0.09004212463470675,         19P     82
0.8615958906839627,0.,0.08335841587258022,0.8451779275476012,0.,      19P     83
0.07777362752394945,0.8287615824664789,0.,0.07591250388927538,        19P     84
0.8232908562870466,0.,0.07418217352735869,0.8178174577747457,0.,      19P     85
0.07258447712687131,0.8123416577635563,0.,0.0711212553764851,         19P     86
0.8068637270874586,0.,0.06979434896487195,0.8013839365804327,0.,      19P     87
0.06581882489428806,0.78496601978406,0.,0.06255901465476987,          19P     88
0.7685386784027823,0.,0.05988641021434485,0.7521045721774983,0.,      19P     89
0.05767250354104044,0.7356663608491064,0.,0.055788786602884124,       19P     90
0.7192267041585048,0.,0.05453396557225077,0.7082755752845727,0.,      19P     91
0.05343798595649903,0.6973233814132137,0.,0.05248659004874959,        19P     92
0.686370354716712,0.,0.05166552014212312,0.6754167273673523,0.,       19P     93
0.05096051852974032,0.6644627315374182,0.,0.04884555240835995,        19P     94
0.6316013455956901,0.,0.047445879626627954,0.5987373222731298,        19P     95
0.,0.04624523805721303,0.5658728266560934,0.,                         19P     96
0.04601553980842756,0.5330074121931059,0.,0.04545454545453906,        19P     97
0.5001423389172335,0.,0.,8.,0.,0.,0.,0,0;                             19P     98
126,45,5,0,0,1,0,0.,0.,0.,0.,0.,0.,1.,1.,1.,1.,1.,2.,2.,2.,2.,        21P     99
2.,3.,3.,3.,3.,3.,4.,4.,4.,4.,4.,5.,5.,5.,5.,5.,6.,6.,6.,6.,6.,       21P    100
7.,7.,7.,7.,7.,8.,8.,8.,8.,8.,9.,9.,9.,9.,9.,9.,1.,1.,1.,1.,1.,       21P    101
1.,1.,1.,1.,1.,1.,1.,1.,1.,1.,1.,1.,1.,1.,1.,1.,1.,1.,1.,1.,1.,       21P    102
1.,1.,1.,1.,1.,1.,1.,1.,1.,1.,1.,1.,1.,1.,1.,1.,1.,1.,1.,1.,          21P    103
0.04545454545453904,0.500142338917235,0.,0.04539702349925873,         21P    104
0.4694146502537779,0.,0.044984230828804005,0.4386868184750975,        21P    105
0.,0.0457176090550983,0.40795959747662597,0.,                         21P    106
0.046091227157959144,0.3772312749374324,0.,0.047496629369385146,      21P    107
0.3465054563375255,0.,0.04796509992099268,0.33626344798499364,        21P    108
0.,0.048505022686092546,0.32602158198207626,0.,                       21P    109
0.04912350342536051,0.3157799605222549,0.,0.04982764789947239,        21P    110
0.3055386857990111,0.,0.05062456186910399,0.29529786000582664,        21P    111
0.,0.051421460727225005,0.2850572284046796,0.,                        21P    112
0.05243895329539826,0.2748176899431887,0.,0.0535397697581135,         21P    113
0.2645784989943998,0.,0.05474145923799182,0.2543400312859414,0.,      21P    114
0.05621638979578576,0.24410378390002488,0.,0.05919416519285133,       21P    115
0.22343755967476434,0.,0.06247832498606869,0.20277094231624254,       21P    116
0.,0.0680386820973253,0.1821380694835215,0.,0.0738513249210645,       21P    117
0.16148963343309675,0.,0.08373170386790026,0.14094894031272961,       21P    118
0.,0.08514339640965199,0.1380141193472119,0.,                         21P    119
0.08663171199726805,0.1350813366878206,0.,0.08819563559824678,        21P    120
0.13215078886466183,0.,0.08983415218008652,0.12922267240784174,       21P    121
0.,0.09154624671028555,0.12629718384746644,0.,                        21P    122
0.09571653082181661,0.1191713398904855,0.,0.10074913925148303,        21P    123
0.11207747129537868,0.,0.10640918258993133,0.10500358112416713,       21P    124
0.,0.11297158795131142,0.09797626415336547,0.,                        21P    125
0.12122109897327661,0.09106070687398192,0.,0.13308121002422788,       21P    126
0.08111838700868113,0.,0.1479853995924047,0.07142501883303935,        21P    127
0.,0.16534682287073152,0.061746469148087006,0.,                       21P    128
0.19775956029729058,0.05379366572998505,0.,0.23636927298771346,       21P    129
0.049302889983836196,0.,0.24684017689715115,0.04808499743711381,      21P    130
0.,0.25780680388965793,0.04709555411254587,0.,                        21P    131
0.26913639096986897,0.046408651106815114,0.,0.2806747809690838,       21P    132
0.045997512817984545,0.,0.2922464225452664,0.04573449694549736,       21P    133
0.,0.29640459075855696,0.04563998449163618,0.,                        21P    134
0.30057195474052206,0.04556378861457007,0.,0.3047452351468322,        21P    135
0.04551866955530282,0.,0.308920683288261,0.04549375607491122,0.,      21P    136
0.3130940811306852,0.045454545454544984,0.,0.,9.,0.,0.,0.,0,0;        21P    137
126,65,5,0,0,1,0,0.,0.,0.,0.,0.,0.,1.,1.,1.,1.,1.,2.,2.,2.,2.,        23P    138
2.,3.,3.,3.,3.,3.,4.,4.,4.,4.,4.,5.,5.,5.,5.,5.,6.,6.,6.,6.,6.,       23P    139
7.,7.,7.,7.,7.,8.,8.,8.,8.,8.,9.,9.,9.,9.,9.,10.,10.,10.,10.,         23P    140
10.,11.,11.,11.,11.,11.,12.,12.,12.,12.,12.,13.,13.,13.,13.,13.,      23P    141
13.,1.,1.,1.,1.,1.,1.,1.,1.,1.,1.,1.,1.,1.,1.,1.,1.,1.,1.,1.,1.,      23P    142
1.,1.,1.,1.,1.,1.,1.,1.,1.,1.,1.,1.,1.,1.,1.,1.,1.,1.,1.,1.,1.,       23P    143
1.,1.,1.,1.,1.,1.,1.,1.,1.,1.,1.,1.,1.,1.,1.,1.,1.,1.,1.,1.,1.,       23P    144
1.,1.,1.,1.,0.31309408113068515,0.04545454545454507,0.,               23P    145
0.3251318454428327,0.045586479945647525,0.,0.3372143944805771,        23P    146
0.04552724606553291,0.,0.349173217260315,0.046068374960309404,        23P    147
0.,0.3610736520022422,0.04652856586662254,0.,                         23P    148
0.37278372972473617,0.04721481926025839,0.,0.378735259672157,         23P    149
0.04756360068772044,0.,0.3846434131783042,0.04795699320743278,        23P    150
0.,0.39050060706083944,0.048393853826372714,0.,                       23P    151
0.39629925813742445,0.04887303955151751,0.,0.40203178322572114,       23P    152
0.04939340738984447,0.,0.4079532825554663,0.049930929294836196,       23P    153
0.,0.41380245564205437,0.050513344956302206,0.,                       23P    154
0.4195884231256573,0.05113264765715563,0.,0.42532030564644685,        23P    155
0.051780830680309566,0.,0.4310072238445948,0.052449887308677084,      23P    156
0.,0.4332379830146592,0.05271233247792697,0.,                         23P    157
0.43545099320714514,0.052983649060958087,0.,0.4376458236890301,       23P    158
0.05326353735938481,0.,0.43982204372729167,0.05355169767482152,       23P    159
0.,0.441979222588907,0.053847830308882565,0.,                         23P    160
0.45215825148359623,0.05524518436811457,0.,0.4622523979130289,        23P    161
0.056681572305541904,0.,0.4718438582414888,0.058313870927098166,      23P    162
0.,0.48141826298349244,0.05994291805828232,0.,                        23P    163
0.49064104435527206,0.0616847243393179,0.,0.49406415053226427,        23P    164
0.06233120912513107,0.,0.4974543536262932,0.06298810703109296,        23P    165
0.,0.5008054168002017,0.06365664548518107,0.,0.504111103216833,       23P    166
0.06433805191537292,0.,0.5073651760390298,0.06503355374964598,        23P    167
0.,0.510590591194305,0.06572293050282864,0.,0.5138042167359904,       23P    168
0.06641576363767192,0.,0.5169966348057844,0.06711429458397178,        23P    169
0.,0.5201584275453858,0.06782076477152414,0.,0.5232801770964929,      23P    170
0.068537415630125,0.,0.5615767249989128,0.07732904144327976,0.,       23P    171
0.5951785432906943,0.08731928264839317,0.,0.624449817600283,          23P    172
0.09797591558739085,0.,0.6511971444494745,0.10900155122614744,        23P    173
0.,0.6753907817621282,0.12034420063971846,0.,0.6857769449455898,      23P    174
0.12521352252876447,0.,0.6956909779446708,0.13014060446017447,        23P    175
0.,0.705196438176689,0.13511540184420673,0.,0.714356883058962,        23P    176
0.14012787009111957,0.,0.7232358700088077,0.14516796461117115,        23P    177
0.,0.7433498347947046,0.1565855153144828,0.,0.7615165364647385,       23P    178
0.16820428504812815,0.,0.7779077390069055,0.17997340180776872,        23P    179
0.,0.7928547365543152,0.19184730876877534,0.,0.806848353385191,       23P    180
0.20378576428622772,0.,0.8439698478049787,0.23545544019833098,        23P    181
0.,0.8732626608580233,0.2676551974740177,0.,0.8962504710292887,       23P    182
0.30014582977769766,0.,0.9140504109689519,0.33278836497312686,        23P    183
0.,0.9273730674924033,0.3655440651234077,0.,0.9347729945803165,       23P    184
0.3837378684687805,0.,0.9407916533368238,0.4019634747276711,0.,       23P    185
0.9455232716836027,0.42021268223939034,0.,0.9490620775423312,         23P    186
0.4384772893432495,0.,0.9515022988346865,0.45674909437855915,0.,      23P    187
0.9526482384436041,0.4653296215553277,0.,0.9536535860483901,          23P    188
0.47391199288970315,0.,0.9542134860869562,0.4824960973326418,0.,      23P    189
0.9543766696628888,0.4910812367209353,0.,0.9545454545454477,          23P    190
0.49966612577721076,0.,0.,13.,0.,0.,0.,0,0;                           23P    191
102,4,17,19,21,23;                                                    25P    192
126,65,5,0,0,1,0,0.,0.,0.,0.,0.,0.,1.,1.,1.,1.,1.,2.,2.,2.,2.,        27P    193
2.,3.,3.,3.,3.,3.,4.,4.,4.,4.,4.,5.,5.,5.,5.,5.,6.,6.,6.,6.,6.,       27P    194
7.,7.,7.,7.,7.,8.,8.,8.,8.,8.,9.,9.,9.,9.,9.,10.,10.,10.,10.,         27P    195
10.,11.,11.,11.,11.,11.,12.,12.,12.,12.,12.,13.,13.,13.,13.,13.,      27P    196
13.,1.,1.,1.,1.,1.,1.,1.,1.,1.,1.,1.,1.,1.,1.,1.,1.,1.,1.,1.,1.,      27P    197
1.,1.,1.,1.,1.,1.,1.,1.,1.,1.,1.,1.,1.,1.,1.,1.,1.,1.,1.,1.,1.,       27P    198
1.,1.,1.,1.,1.,1.,1.,1.,1.,1.,1.,1.,1.,1.,1.,1.,1.,1.,1.,1.,1.,       27P    199
1.,1.,1.,1.,10977.149895191384,-3503.999999999999,                    27P    200
43.85155955050007,10977.149895191389,-3508.7151583483915,             27P    201
43.83941084471502,10977.149895191382,-3513.4304525760203,             27P    202
43.82800513291335,10977.149895191382,-3518.1452925151234,             27P    203
43.76399618264801,10977.149895191393,-3522.85930873129,               27P    204
43.640921736930665,10977.149895191384,-3527.572352523459,             27P    205
43.4992035142317,10977.149895191384,-3537.6085444106284,              27P    206
43.19742162133289,10977.149895191384,-3547.6410990227564,             27P    207
42.74996603095373,10977.149895191382,-3557.665538842084,              27P    208
42.144332963265185,10977.149895191384,-3567.6773863508547,            27P    209
41.368018638438244,10977.149895191384,-3577.672164031309,             27P    210
40.40851927664386,10977.149895191396,-3595.6665291762815,             27P    211
38.68105895441354,10977.149895191382,-3613.6000284704055,             27P    212
36.35980530505123,10977.149895191375,-3631.4515901776144,             27P    213
33.35049300261893,10977.149895191385,-3649.1452075340117,             27P    214
29.50483194958578,10977.149895191384,-3666.5499387478694,             27P    215
24.62050727682802,10977.149895191382,-3673.110966070241,              27P    216
22.779273003482018,10977.149895191389,-3679.636815449289,             27P    217
20.811549763381155,10977.149895191389,-3686.1055260343883,            27P    218
18.65220951347344,10977.149895191385,-3692.4921718009355,             27P    219
16.257270528017393,10977.149895191384,-3698.7688615503444,            27P    220
13.603897398582037,10977.149895191382,-3701.539605517608,             27P    221
12.432608409513174,10977.149895191382,-3704.2952571836545,            27P    222
11.223967016759346,10977.149895191378,-3707.030318008052,             27P    223
9.969533952596562,10977.14989519138,-3709.7392894503682,              27P    224
8.660869949300837,10977.149895191384,-3712.4166729701715,             27P    225
7.289535739148178,10977.149895191407,-3718.653398159616,              27P    226
4.095135479213684,10977.149895191349,-3724.7167434373036,             27P    227
0.5617549067453766,10977.14989519142,-3730.5781462013388,             27P    228
-3.306724302698964,10977.14989519137,-3736.0747901312393,             27P    229
-7.750199485953243,10977.149895191384,-3740.9144648860424,            27P    230
-12.817593527966341,10977.149895191382,-3741.3089717873536,           27P    231
-13.230663005260505,10977.149895191382,-3741.697898642482,            27P    232
-13.649054079989611,10977.149895191382,-3742.0824738104566,           27P    233
-14.071515334583673,10977.149895191385,-3742.4639256503065,           27P    234
-14.496795351472699,10977.149895191384,-3742.8434825210616,           27P    235
-14.923642713086696,10977.149895191382,-3743.226411732911,            27P    236
-15.354282589102278,10977.149895191385,-3743.601614124371,            27P    237
-15.791782888043151,10977.149895191387,-3743.969762046082,            27P    238
-16.23531518312132,10977.149895191389,-3744.331527848687,             27P    239
-16.684051047548788,10977.149895191384,-3744.6875838828264,           27P    240
-17.137162054537555,10977.149895191387,-3745.646895942031,            27P    241
-18.35796667932945,10977.149895191378,-3746.5443780599717,            27P    242
-19.62552863473499,10977.149895191378,-3747.4436508707986,            27P    243
-20.895348200804364,10977.149895191384,-3748.235467618214,            27P    244
-22.232054101234716,10977.149895191384,-3749.0058700503632,           27P    245
-23.580061390306046,10977.149895191384,-3749.1691366900322,           27P    246
-23.865736267681584,10977.149895191384,-3749.328030138008,            27P    247
-24.153945383708948,10977.149895191382,-3749.4823856702205,           27P    248
-24.444631981030625,10977.149895191384,-3749.6320385626,              27P    249
-24.73773930228911,10977.149895191384,-3749.7768240910746,            27P    250
-25.033210590126895,10977.14989519138,-3750.1459280674253,            27P    251
-25.786460092254156,10977.149895191384,-3750.5035805288658,           27P    252
-26.54569642673964,10977.149895191387,-3750.84538655906,              27P    253
-27.312138468999212,10977.149895191389,-3751.166951241672,            27P    254
-28.08700509444874,10977.149895191384,-3751.463879660365,             27P    255
-28.871515178504087,10977.149895191384,-3751.751332606112,            27P    256
-29.630990258798832,10977.149895191382,-3752.0161859652344,           27P    257
-30.399282300167982,10977.149895191382,-3752.257809784568,            27P    258
-31.175387183457868,10977.149895191382,-3752.4755741109498,           27P    259
-31.958300789514816,10977.149895191384,-3752.668848991215,            27P    260
-32.74701899918515,10977.149895191396,-3753.0491320247893,            27P    261
-34.298882091751096,10977.149895191347,-3753.3053084654516,           27P    262
-35.87625478395675,10977.14989519141,-3753.605955331596,              27P    263
-37.46127282139966,10977.149895191369,-3753.5768989439134,            27P    264
-39.063411686760986,10977.149895191384,-3753.6528256,                 27P    265
-40.659384552001654,0.,13.,0.,0.,0.,0,0;                              27P    266
126,40,5,0,0,1,0,0.,0.,0.,0.,0.,0.,1.,1.,1.,1.,1.,2.,2.,2.,2.,        29P    267
2.,3.,3.,3.,3.,3.,4.,4.,4.,4.,4.,5.,5.,5.,5.,5.,6.,6.,6.,6.,6.,       29P    268
7.,7.,7.,7.,7.,8.,8.,8.,8.,8.,8.,1.,1.,1.,1.,1.,1.,1.,1.,1.,1.,       29P    269
1.,1.,1.,1.,1.,1.,1.,1.,1.,1.,1.,1.,1.,1.,1.,1.,1.,1.,1.,1.,1.,       29P    270
1.,1.,1.,1.,1.,1.,1.,1.,1.,1.,10977.149895191384,-3753.6528256,       29P    271
-40.659384552001654,10977.149895191385,-3753.623669469215,            29P    272
-41.55766463003397,10977.149895191384,-3753.6136303173853,            29P    273
-42.45662877857035,10977.149895191382,-3753.5252068708137,            29P    274
-43.35293279134037,10977.14989519138,-3753.446621530474,              29P    275
-44.24888322879231,10977.149895191384,-3753.3081170919763,            29P    276
-45.13689995108368,10977.14989519138,-3753.1214079361353,             29P    277
-46.333979657649564,10977.149895191378,-3752.849024817715,            29P    278
-47.5184278206968,10977.149895191378,-3752.491646667106,              29P    279
-48.681108149255344,10977.149895191378,-3752.0499524147,              29P    280
-49.81288435235511,10977.149895191384,-3751.5246209908864,            29P    281
-50.904620139026015,10977.14989519138,-3749.111228349367,             29P    282
-55.920096073994095,10977.149895191373,-3744.8894701767977,           29P    283
-60.148763585501705,10977.149895191404,-3739.6434093066623,           29P    284
-62.40910929276973,10977.149895191367,-3734.491314183031,             29P    285
-64.46119515269527,10977.149895191384,-3729.1501726419365,            29P    286
-66.02697608703605,10977.149895191415,-3720.4687373821607,            29P    287
-68.5719799420894,10977.149895191338,-3711.479877015654,              29P    288
-70.05188587806465,10977.149895191404,-3702.535274638181,             29P    289
-71.20725233727791,10977.149895191378,-3693.516054187915,             29P    290
-72.07390220065066,10977.149895191384,-3684.4980385956474,            29P    291
-72.79484434092316,10977.149895191384,-3681.492796335976,             29P    292
-73.0350973948858,10977.149895191387,-3678.4861239714264,             29P    293
-73.25800493251612,10977.149895191389,-3675.478170782709,             29P    294
-73.4633232133157,10977.149895191389,-3672.4690860505343,             29P    295
-73.6508084967861,10977.149895191384,-3669.459019055611,              29P    296
-73.82021704242887,10977.149895191384,-3660.4406032218703,            29P    297
-74.32777940332426,10977.149895191382,-3651.4172170053835,            29P    298
-74.74043156472698,10977.149895191382,-3642.390284252576,             29P    299
-75.07521601999784,10977.149895191384,-3633.361228809873,             29P    300
-75.34917526249768,10977.149895191384,-3624.3314745237,               29P    301
-75.57935178558736,10977.149895191382,-3618.316385233887,             29P    302
-75.73268179822378,10977.149895191382,-3612.300756711538,             29P    303
-75.8649492100799,10977.149895191382,-3606.284712371429,              29P    304
-75.97804477642462,10977.149895191385,-3600.2683756283377,            29P    305
-76.07385925252689,10977.149895191384,-3594.251869897042,             29P    306
-76.1542833936556,10977.149895191373,-3576.202683104724,              29P    307
-76.3955514004811,10977.149895191405,-3558.1522535694185,             29P    308
-76.54197305089303,10977.149895191367,-3540.1016218968725,            29P    309
-76.66200390289092,10977.149895191385,-3522.0507649109036,            29P    310
-76.6532929329868,10977.149895191384,-3504.,-76.68851006400087,       29P    311
0.,8.,0.,0.,0.,0,0;                                                   29P    312
126,45,5,0,0,1,0,0.,0.,0.,0.,0.,0.,1.,1.,1.,1.,1.,2.,2.,2.,2.,        31P    313
2.,3.,3.,3.,3.,3.,4.,4.,4.,4.,4.,5.,5.,5.,5.,5.,6.,6.,6.,6.,6.,       31P    314
7.,7.,7.,7.,7.,8.,8.,8.,8.,8.,9.,9.,9.,9.,9.,9.,1.,1.,1.,1.,1.,       31P    315
1.,1.,1.,1.,1.,1.,1.,1.,1.,1.,1.,1.,1.,1.,1.,1.,1.,1.,1.,1.,1.,       31P    316
1.,1.,1.,1.,1.,1.,1.,1.,1.,1.,1.,1.,1.,1.,1.,1.,1.,1.,1.,1.,          31P    317
10977.149895191384,-3504.,-76.68851006400087,10977.149895191378,      31P    318
-3487.1233034521147,-76.65951728590406,10977.149895191384,            31P    319
-3470.2464260864863,-76.67763090787372,10977.149895191398,            31P    320
-3453.3702139438597,-76.54377050162273,10977.149895191376,            31P    321
-3436.4932932923252,-76.45761061937108,10977.149895191384,            31P    322
-3419.6180447404863,-76.23464590421919,10977.149895191378,            31P    323
-3413.992924092943,-76.1603238331088,10977.14989519138,               31P    324
-3408.3679021859343,-76.07652783598297,10977.149895191382,            31P    325
-3402.7430371919363,-75.9823158572919,10977.149895191385,             31P    326
-3397.118387283426,-75.87674584148571,10977.149895191384,             31P    327
-3391.4940106328804,-75.75887573301462,10977.149895191355,            31P    328
-3385.8697406347796,-75.64100785965952,10977.149895191389,            31P    329
-3380.2461344922194,-75.49389200748718,10977.1498951914,              31P    330
-3374.622743188226,-75.33572836662785,10977.149895191378,             31P    331
-3368.9997781340603,-75.16419048610287,10977.149895191384,            31P    332
-3363.3781111692183,-74.95642527382458,10977.149895191373,            31P    333
-3352.0283825396546,-74.53696272067634,10977.149895191405,            31P    334
-3340.678526137192,-74.07687513419523,10977.149895191367,             31P    335
-3329.3478582421453,-73.31501890234898,10977.149895191385,            31P    336
-3318.0087150890517,-72.51969268940925,10977.149895191384,            31P    337
-3306.729918294767,-71.18513970383634,10977.14989519138,              31P    338
-3305.1184220758364,-70.99446093468754,10977.149895191382,            31P    339
-3303.5080674082037,-70.79362488051959,10977.149895191382,            31P    340
-3301.898961940781,-70.58276636221134,10977.149895191385,             31P    341
-3300.29121332248,-70.36202020064175,10977.149895191384,              31P    342
-3298.684929202211,-70.13152121668962,10977.149895191369,             31P    343
-3294.772375878074,-69.57007660393931,10977.149895191387,             31P    344
-3290.8776325952003,-68.89433153958075,10977.149895191389,            31P    345
-3286.994042652338,-68.13541652392156,10977.149895191375,             31P    346
-3283.136291893734,-67.25690971616983,10977.149895191384,             31P    347
-3279.340408709134,-66.15483693443399,10977.149895191471,             31P    348
-3273.883164517834,-64.57041507684613,10977.149895191273,             31P    349
-3268.563528771005,-62.582665028504785,10977.149895191444,            31P    350
-3263.2527388022454,-60.26911953942156,10977.149895191369,            31P    351
-3258.894117096682,-55.96192500900545,10977.149895191384,             31P    352
-3256.4387403341916,-50.837178016161026,10977.149895191375,           31P    353
-3255.7728453468885,-49.44735329116199,10977.149895191384,            31P    354
-3255.2325649784934,-47.99207118622476,10977.149895191385,            31P    355
-3254.8585543540885,-46.48902350352232,10977.14989519138,             31P    356
-3254.636063060441,-44.95861856434677,10977.149895191384,             31P    357
-3254.4949351460014,-43.42398120910939,10977.149895191395,            31P    358
-3254.4442220640294,-42.8725226949941,10977.149895191376,             31P    359
-3254.4035717077095,-42.31986671099757,10977.14989519137,             31P    360
-3254.379991487055,-41.766463283760345,10977.149895191387,            31P    361
-3254.3675094735195,-41.212796509097785,10977.149895191384,           31P    362
-3254.3471744,-40.65938455200009,0.,9.,0.,0.,0.,0,0;                  31P    363
126,65,5,0,0,1,0,0.,0.,0.,0.,0.,0.,1.,1.,1.,1.,1.,2.,2.,2.,2.,        33P    364
2.,3.,3.,3.,3.,3.,4.,4.,4.,4.,4.,5.,5.,5.,5.,5.,6.,6.,6.,6.,6.,       33P    365
7.,7.,7.,7.,7.,8.,8.,8.,8.,8.,9.,9.,9.,9.,9.,10.,10.,10.,10.,         33P    366
10.,11.,11.,11.,11.,11.,12.,12.,12.,12.,12.,13.,13.,13.,13.,13.,      33P    367
13.,1.,1.,1.,1.,1.,1.,1.,1.,1.,1.,1.,1.,1.,1.,1.,1.,1.,1.,1.,1.,      33P    368
1.,1.,1.,1.,1.,1.,1.,1.,1.,1.,1.,1.,1.,1.,1.,1.,1.,1.,1.,1.,1.,       33P    369
1.,1.,1.,1.,1.,1.,1.,1.,1.,1.,1.,1.,1.,1.,1.,1.,1.,1.,1.,1.,1.,       33P    370
1.,1.,1.,1.,10977.149895191384,-3254.3471744,-40.65938455200009,      33P    371
10977.149895191378,-3254.423100614591,-39.06341305725761,             33P    372
10977.149895191407,-3254.394043615522,-37.46127557567338,             33P    373
10977.14989519135,-3254.694690445922,-35.87625886986823,              33P    374
10977.149895191395,-3254.950866612377,-34.29888757748533,             33P    375
10977.149895191384,-3255.331149132315,-32.74702579010705,             33P    376
10977.149895191384,-3255.5244239217323,-31.95830754922823,            33P    377
10977.149895191382,-3255.742188143573,-31.175393905845674,            33P    378
10977.149895191382,-3255.983811845894,-30.399288978119714,            33P    379
10977.149895191384,-3256.2486650767482,-29.63099688421067,            33P    380
10977.149895191384,-3256.5361178841913,-28.871521742278855,           33P    381
10977.149895191384,-3256.8330466512502,-28.08701029668768,            33P    382
10977.149895191382,-3257.154611770358,-27.312142339633624,            33P    383
10977.149895191382,-3257.496418307297,-26.545698991920702,            33P    384
10977.149895191384,-3257.8540713278517,-25.78646137435291,            33P    385
10977.149895191384,-3258.2231758978023,-25.033210607734247,           33P    386
10977.149895191384,-3258.367961417032,-24.73773931793447,             33P    387
10977.149895191384,-3258.5176143085446,-24.444631998879807,           33P    388
10977.149895191384,-3258.671969843984,-24.15394540578231,             33P    389
10977.149895191385,-3258.830863294992,-23.865736293854024,            33P    390
10977.149895191384,-3258.994129933212,-23.580061418307,               33P    391
10977.149895191378,-3259.7645323590605,-22.23205413693471,            33P    392
10977.149895191398,-3260.556349082221,-20.895348233408594,            33P    393
10977.149895191362,-3261.4556219150863,-19.62552869256088,            33P    394
10977.149895191393,-3262.353104013088,-18.3579667358295,              33P    395
10977.149895191384,-3263.3124160636303,-17.137162116709618,           33P    396
10977.149895191384,-3263.6684721028564,-16.68405110126296,            33P    397
10977.149895191385,-3264.030237911402,-16.235315229043902,            33P    398
10977.149895191385,-3264.398385839606,-15.791782926613372,            33P    399
10977.149895191384,-3264.7735882378083,-15.354282620532297,           33P    400
10977.149895191384,-3265.156517456348,-14.9236427373616,              33P    401
10977.149895191382,-3265.5360743293386,-14.496795373599475,           33P    402
10977.149895191382,-3265.9175261714154,-14.071515354557391,           33P    403
10977.149895191382,-3266.3021013416155,-13.649054097811264,           33P    404
10977.149895191385,-3266.691028198975,-13.230663020937016,            33P    405
10977.149895191384,-3267.0855351025284,-12.817593541510565,           33P    406
10977.14989519138,-3271.925209869005,-7.750199489904944,              33P    407
10977.1498951914,-3277.4218538097552,-3.3067242983590925,             33P    408
10977.149895191347,-3283.283256571768,0.5617549419784614,             33P    409
10977.149895191407,-3289.3466018676245,4.095135515085717,             33P    410
10977.149895191384,-3295.5833270742505,7.289535774362555,             33P    411
10977.149895191384,-3298.260710589985,8.660869978367888,              33P    412
10977.149895191387,-3300.9696820280824,9.96953397559436,              33P    413
10977.149895191389,-3303.704742848,11.22396703409228,                 33P    414
10977.149895191389,-3306.460394509195,12.432608421911967,             33P    415
10977.149895191384,-3309.231138471123,13.603897407103734,             33P    416
10977.149895191369,-3315.5078282326576,16.25727053799496,             33P    417
10977.149895191387,-3321.8944740105417,18.652209526460688,            33P    418
10977.149895191389,-3328.3631846069125,20.811549779508834,            33P    419
10977.149895191375,-3334.889033997395,22.779273022452188,             33P    420
10977.149895191384,-3341.4500613310993,24.62050729890841,             33P    421
10977.149895191384,-3358.854792538157,29.504831969581335,             33P    422
10977.149895191382,-3376.5484098866227,33.35049302490909,             33P    423
10977.149895191382,-3394.39997158609,36.35980533024922,               33P    424
10977.149895191385,-3412.3334708730827,38.68105898080918,             33P    425
10977.149895191384,-3430.3278360110576,40.40851930164633,             33P    426
10977.14989519138,-3440.3226136877083,41.36801866267514,              33P    427
10977.149895191384,-3450.334461192752,42.144332985882386,             33P    428
10977.149895191387,-3460.358901008391,42.74996605105895,              33P    429
10977.149895191389,-3470.3914556168297,43.19742163799572,             33P    430
10977.149895191384,-3480.427647500271,43.49920352648357,              33P    431
10977.149895191382,-3485.140691287715,43.640921747021835,             33P    432
10977.149895191389,-3489.8547074991748,43.76399619058702,             33P    433
10977.149895191385,-3494.56954743353,43.82800513809367,               33P    434
10977.149895191378,-3499.284841656371,43.83941084683842,              33P    435
10977.149895191384,-3503.999999999999,43.85155955050007,0.,13.,       33P    436
0.,0.,0.,0,0;                                                         33P    437
102,4,27,29,31,33;                                                    35P    438
142,0,15,25,35,1,0,0;                                                 37P    439
144,15,1,0,37,0,0;                                                    39P    440
128,8,5,5,5,0,0,0,0,0,0.,0.,0.,0.,0.,0.,104.8264474,104.8264474,      41P    441
104.8264474,188.6808437,188.6808437,188.6808437,188.6808437,          41P    442
188.6808437,188.6808437,0.,0.,0.,0.,0.,0.,102.3132198,                41P    443
102.3132198,102.3132198,102.3132198,102.3132198,102.3132198,1.,       41P    444
1.,1.,1.,1.,1.,1.,1.,1.,1.072870394,1.07286219,1.072817278,           41P    445
1.072723927,1.072442217,1.071811492,1.071437229,1.070938631,          41P    446
1.070208209,1.1126244,1.112611347,1.112539903,1.112391369,            41P    447
1.111943147,1.110940212,1.110345279,1.109552795,1.108393058,          41P    448
1.1126244,1.112611347,1.112539903,1.112391369,1.111943147,            41P    449
1.110940212,1.110345279,1.109552795,1.108393058,1.072870394,          41P    450
1.07286219,1.072817278,1.072723927,1.072442217,1.071811492,           41P    451
1.071437229,1.070938631,1.070208209,1.,1.,1.,1.,1.,1.,1.,1.,1.,       41P    452
7310.8,-3504.,1148.4,7478.522316,-3504.,1148.4,7646.244632,           41P    453
-3504.,1141.3107464,7813.6498128,-3504.,1128.4240104,8115.53916,      41P    454
-3504.,1095.5350784,8417.428512,-3504.,1046.2324664,8551.395928,      41P    455
-3504.,1021.2602248,8685.562968,-3504.,993.193476,8819.73,            41P    456
-3504.,962.0282496,7310.8,-3762.7778504,1148.4,7478.5235984,          41P    457
-3762.7738744,1148.4,7646.2580648,-3762.7520736,1141.3103792,         41P    458
7813.6780968,-3762.7068528,1128.4220048,8115.62616,-3762.570252,      41P    459
1095.5224496,8417.485464,-3762.2639176,1046.223076,8551.475264,       41P    460
-3762.0818976,1021.2453368,8685.654472,-3761.8391728,993.17222,       41P    461
8819.73,-3761.4826992,962.0282496,7310.8,-3920.6491256,               41P    462
1106.3534152,7478.524284,-3920.645952,1106.0905968,7646.2651848,      41P    463
-3920.6286064,1099.1770536,7813.6932248,-3920.5924584,                41P    464
1086.776744,8115.6726,-3920.483408,1055.1630224,8417.515872,          41P    465
-3920.2387352,1007.5902768,8551.51768,-3920.0932752,983.4139488,      41P    466
8685.7032,-3919.8992216,956.1374336,8819.73,-3919.6140288,            41P    467
925.7874144,7310.8,-4010.9972384,1014.600368,7478.524284,             41P    468
-4010.9959744,1013.764896,7646.2651848,-4010.9891224,                 41P    469
1007.2407256,7813.6932248,-4010.974664,995.917284,8115.6726,          41P    470
-4010.931224,967.1507992,8417.515872,-4010.8337032,923.4008144,       41P    471
8551.51768,-4010.775712,901.0134264,8685.7032,-4010.6983328,          41P    472
875.5260104,8819.73,-4010.5845024,846.9447344,7310.8,-4052.4,         41P    473
854.2741568,7478.5235984,-4052.4,852.4406296,7646.2580648,            41P    474
-4052.400048,846.611084,7813.6780968,-4052.4,837.1994392,             41P    475
8115.62616,-4052.4,813.498728,8417.485464,-4052.4,776.60207808,       41P    476
8551.475264,-4052.4000024,757.44314728,8685.654472,-4052.4,           41P    477
735.21422272,8819.73,-4052.4,709.89479672,7310.8,-4052.4,             41P    478
591.47224912,7478.522316,-4052.4,588.00813432,7646.244632,            41P    479
-4052.4,583.34674336,7813.6498128,-4052.4,577.1297304,                41P    480
8115.53916,-4052.4,561.91023504,8417.428512,-4052.4,                  41P    481
536.61263776,8551.395928,-4052.4,522.95311448,8685.562968,            41P    482
-4052.4,506.33384576,8819.73,-4052.4,486.7385872,0.,188.6808437,      41P    483
0.,102.3132198;                                                       41P    484
126,1,1,0,0,1,0,0.,0.,188.6808437,188.6808437,1.,1.,0.,0.,0.,         43P    485
188.6808437,0.,0.,0.,188.6808437,0.,0.,0.,0,0;                        43P    486
126,1,1,0,0,1,0,0.,0.,102.3132198,102.3132198,1.,1.,188.6808437,      45P    487
0.,0.,188.6808437,102.3132198,0.,0.,102.3132198,0.,0.,0.,0,0;         45P    488
126,1,1,0,0,1,0,0.,0.,188.6808437,188.6808437,1.,1.,188.6808437,      47P    489
102.3132198,0.,0.,102.3132198,0.,0.,188.6808437,0.,0.,0.,0,0;         47P    490
126,1,1,0,0,1,0,0.,0.,102.3132198,102.3132198,1.,1.,0.,               49P    491
102.3132198,0.,0.,0.,0.,0.,102.3132198,0.,0.,0.,0,0;                  49P    492
102,4,43,45,47,49;                                                    51P    493
126,20,4,0,0,1,0,0.,0.,0.,0.,0.,1.,1.,1.,1.,2.,2.,2.,2.,3.,3.,        53P    494
3.,3.,4.,4.,4.,4.,5.,5.,5.,5.,5.,1.,1.,1.,1.,1.,1.,1.,1.,1.,1.,       53P    495
1.,1.,1.,1.,1.,1.,1.,1.,1.,1.,1.,7310.8,-3504.,1148.4,                53P    496
7389.420343728668,-3503.999999999996,1148.3997898120872,              53P    497
7468.038287272383,-3504.0000000000077,1146.7390286993368,             53P    498
7546.620992473842,-3503.999999999997,1143.5843072109435,              53P    499
7625.192064391178,-3504.,1139.0307862623304,7703.763412136215,        53P    500
-3503.9999999999977,1134.477151211707,7782.319294043694,              53P    501
-3504.0000000000027,1128.5263021182627,7860.885666965855,             53P    502
-3503.9999999999973,1121.2724270276515,7939.474377145916,-3504.,      53P    503
1112.767470444713,7991.866824790875,-3504.00000000001,                53P    504
1107.0975100656374,8044.268073137383,-3503.999999999993,              53P    505
1100.8719796622984,8096.681206344279,-3504.,1094.1064463566108,       53P    506
8149.0944429392575,-3504.,1086.8131293342526,8232.950186987735,       53P    507
-3503.999999999995,1075.144496835604,8316.799564854287,               53P    508
-3504.0000000000064,1062.1263627580383,8400.603992952309,             53P    509
-3503.9999999999986,1047.8104290665037,8484.412220872411,             53P    510
-3503.9999999999995,1032.2017017217015,8568.221180435445,             53P    511
-3504.000000000002,1016.5928252623146,8652.02377383479,               53P    512
-3503.999999999998,999.6932270575911,8735.87498887965,-3504.,         53P    513
981.5066416701779,8819.73,-3504.,962.0282496,0.,5.,0.,0.,0.,0,0;      53P    514
126,56,4,0,0,1,0,0.,0.,0.,0.,0.,1.,1.,1.,1.,2.,2.,2.,2.,3.,3.,        55P    515
3.,3.,4.,4.,4.,4.,5.,5.,5.,5.,6.,6.,6.,6.,7.,7.,7.,7.,8.,8.,8.,       55P    516
8.,9.,9.,9.,9.,10.,10.,10.,10.,11.,11.,11.,11.,12.,12.,12.,12.,       55P    517
13.,13.,13.,13.,14.,14.,14.,14.,14.,1.,1.,1.,1.,1.,1.,1.,1.,1.,       55P    518
1.,1.,1.,1.,1.,1.,1.,1.,1.,1.,1.,1.,1.,1.,1.,1.,1.,1.,1.,1.,1.,       55P    519
1.,1.,1.,1.,1.,1.,1.,1.,1.,1.,1.,1.,1.,1.,1.,1.,1.,1.,1.,1.,1.,       55P    520
1.,1.,1.,1.,1.,1.,8819.73,-3504.,962.0282496,8819.730000000009,       55P    521
-3527.9201176687316,962.0282462519855,8819.72999999999,               55P    522
-3550.7245669429512,961.7053962690505,8819.73,                        55P    523
-3572.4958185555406,961.0655514668417,8819.73,                        55P    524
-3593.3020170801315,960.1111351736382,8819.730000000012,              55P    525
-3614.1081996514763,959.1567176975641,8819.729999999987,              55P    526
-3633.949476634664,957.8877424560786,8819.729999999994,               55P    527
-3652.893885333108,956.3066282862027,8819.73,                         55P    528
-3670.9978087575114,954.4126263192974,8819.729999999989,              55P    529
-3683.6703740677185,953.0867690156541,8819.73,                        55P    530
-3695.9317069384824,951.6077757500398,8819.73000000001,               55P    531
-3707.799891859483,949.9749996566636,8819.729999999998,               55P    532
-3719.2930133204018,948.1877938697345,8819.72999999999,               55P    533
-3734.0694426763303,945.8898094112132,8819.73,                        55P    534
-3748.2263825975283,943.3367412117871,8819.730000000009,              55P    535
-3761.7970633648038,940.5255025888112,8819.729999999998,              55P    536
-3774.8147152589618,937.4530068596404,8819.729999999981,              55P    537
-3792.17113252401,933.3562031153957,8819.730000000007,                55P    538
-3808.54255823442,928.7942103726967,8819.73,-3824.0008201747155,      55P    539
923.7574056176743,8819.729999999998,-3838.6033080706425,              55P    540
918.2297519842461,8819.730000000021,-3853.2057687444503,              55P    541
912.702106460852,8819.729999999978,-3866.952607198175,                55P    542
906.6835761673292,8819.730000000009,-3879.901018551297,               55P    543
900.1581988053371,8819.73,-3892.0963093338937,893.103115304405,       55P    544
8819.730000000001,-3906.324144175092,884.8721880091427,               55P    545
8819.729999999996,-3919.5269922803336,875.9202261484422,              55P    546
8819.730000000005,-3931.776695476349,866.2110372458234,               55P    547
8819.730000000001,-3943.126329352008,855.694227492634,                55P    548
8819.730000000003,-3956.0973459490233,843.6750284878003,              55P    549
8819.729999999996,-3967.893027829919,830.6007092599851,8819.73,       55P    550
-3978.5927470388965,816.3962796834891,8819.729999999998,              55P    551
-3988.249156805166,800.9572720580979,8819.729999999998,               55P    552
-4000.3196413727173,781.6587770764154,8819.730000000012,              55P    553
-4010.760340801375,760.4296821260284,8819.729999999987,               55P    554
-4019.6740742823845,737.068790880488,8819.73,                         55P    555
-4027.1065999454277,711.2775897935451,8819.730000000003,              55P    556
-4030.0795471262595,700.9609317673237,8819.73,                        55P    557
-4032.8157933526645,690.2559407846968,8819.73,                        55P    558
-4035.3175724389916,679.1418119783934,8819.73,-4037.58711819959,      55P    559
667.597740481142,8819.729999999992,-4039.2892019408955,               55P    560
658.9395131448109,8819.729999999996,-4040.860588389215,               55P    561
650.0393145301714,8819.73,-4042.30169046815,640.887134729915,         55P    562
8819.73,-4043.612921101302,631.472963836733,8819.729999999996,        55P    563
-4044.9241002483595,622.0586595535282,8819.730000000001,              55P    564
-4046.105409752069,612.3823851882731,8819.730000000005,               55P    565
-4047.1567994078277,602.4329311081194,8819.73,                        55P    566
-4048.0782190110313,592.1990876802187,8819.729999999996,              55P    567
-4049.153108678593,580.2593164124423,8819.73,                         55P    568
-4050.0511820577726,567.9327402396807,8819.730000000003,              55P    569
-4050.771501728276,555.1991216254942,8819.73,-4051.313130269807,      55P    570
542.0382230334435,8819.73,-4051.854647571233,528.8769765847735,       55P    571
8819.730000000003,-4052.217550019841,515.2887217991702,               55P    572
8819.730000000003,-4052.3999600259804,501.2503086723426,8819.73,      55P    573
-4052.4,486.7385872,0.,14.,0.,0.,0.,0,0;                              55P    574
126,20,5,0,0,1,0,0.,0.,0.,0.,0.,0.,1.,1.,1.,1.,1.,2.,2.,2.,2.,        57P    575
2.,3.,3.,3.,3.,3.,4.,4.,4.,4.,4.,4.,1.,1.,1.,1.,1.,1.,1.,1.,1.,       57P    576
1.,1.,1.,1.,1.,1.,1.,1.,1.,1.,1.,1.,8819.73,-4052.4,486.7385872,      57P    577
8752.646484000006,-4052.400000000003,496.53621648,                    57P    578
8685.562965999983,-4052.399999999988,505.58984829999923,              57P    579
8618.504400000027,-4052.400000000017,513.9015132100013,               57P    580
8551.458310312215,-4052.3999999999933,521.5061699273662,              57P    581
8484.412220872415,-4052.4,528.4515849234625,8417.3661314326,          57P    582
-4052.399999999998,535.3969999195581,8350.320042240772,               57P    583
-4052.4000000000074,541.6831731943844,8283.261477232592,              57P    584
-4052.3999999999946,547.3578712192997,8216.177959967437,              57P    585
-4052.3999999999987,552.4816682196687,8149.0944429392575,             57P    586
-4052.4000000000005,557.1078257614699,8093.186958454107,              57P    587
-4052.399999999997,560.9632711696023,8037.279778482014,               57P    588
-4052.4000000000033,564.4730562357264,7981.383486318645,              57P    589
-4052.4000000000024,567.6695667169965,7925.500247521709,              57P    590
-4052.399999999995,570.5826153408665,7869.62380991096,-4052.4,        57P    591
573.2394418050891,7757.866878749633,-4052.399999999998,               57P    592
578.5533832563434,7646.16084562846,-4052.4000000000005,               57P    593
582.8407506258002,7534.419575053019,-4052.4000000000015,              57P    594
586.32203078457,7422.619575616558,-4052.3999999999987,                57P    595
589.1625050368654,7310.8,-4052.4,591.47224912,0.,4.,0.,0.,0.,0,       57P    596
0;                                                                    57P    597
126,64,4,0,0,1,0,0.,0.,0.,0.,0.,1.,1.,1.,1.,2.,2.,2.,2.,3.,3.,        59P    598
3.,3.,4.,4.,4.,4.,5.,5.,5.,5.,6.,6.,6.,6.,7.,7.,7.,7.,8.,8.,8.,       59P    599
8.,9.,9.,9.,9.,10.,10.,10.,10.,11.,11.,11.,11.,12.,12.,12.,12.,       59P    600
13.,13.,13.,13.,14.,14.,14.,14.,15.,15.,15.,15.,16.,16.,16.,16.,      59P    601
16.,1.,1.,1.,1.,1.,1.,1.,1.,1.,1.,1.,1.,1.,1.,1.,1.,1.,1.,1.,1.,      59P    602
1.,1.,1.,1.,1.,1.,1.,1.,1.,1.,1.,1.,1.,1.,1.,1.,1.,1.,1.,1.,1.,       59P    603
1.,1.,1.,1.,1.,1.,1.,1.,1.,1.,1.,1.,1.,1.,1.,1.,1.,1.,1.,1.,1.,       59P    604
1.,1.,1.,7310.8,-4052.4,591.47224912,7310.7999999999965,              59P    605
-4052.3999327861443,611.0520126888807,7310.799999999999,              59P    606
-4052.1631985289914,629.889694623143,7310.800000000002,               59P    607
-4051.692579991856,648.0273880482816,7310.8,-4050.9908599380506,      59P    608
665.5071860897916,7310.8,-4050.2889587027526,682.9863048598608,       59P    609
7310.800000000001,-4049.3558353300014,699.8069936410901,              59P    610
7310.800000000001,-4048.1926310286835,716.0052557090369,              59P    611
7310.800000000001,-4046.8004870076834,731.6170943392581,              59P    612
7310.799999999999,-4045.756269300943,743.3255984249561,               59P    613
7310.799999999999,-4044.583163855199,754.703835809414,                59P    614
7310.799999999999,-4043.281060918618,765.7650108049504,7310.8,        59P    615
-4041.849850739366,776.5223277238839,7310.799999999998,               59P    616
-4039.941477353994,790.8651390264251,7310.8,-4037.8036617529197,      59P    617
804.6679529860107,7310.800000000002,-4035.434884715032,               59P    618
817.9582792197356,7310.8,-4032.83362701922,830.7636273446943,         59P    619
7310.799999999996,-4029.581925737445,846.769933752878,                59P    620
7310.800000000008,-4025.966432291634,862.0170237322795,               59P    621
7310.799999999998,-4021.9826570345076,876.5541920423748,7310.8,       59P    622
-4017.622517421354,890.4222247525537,7310.799999999982,               59P    623
-4013.26237934868,904.290249158545,7310.800000000014,                 59P    624
-4008.525868726755,917.4892146137079,7310.800000000006,               59P    625
-4003.4049208661418,930.0598511589484,7310.8,                         59P    626
-3997.8877563054334,942.0357684714642,7310.800000000005,              59P    627
-3990.163729070154,958.802045540629,7310.800000000004,                59P    628
-3981.6630810709967,974.4027990094851,7310.799999999995,              59P    629
-3972.3535917959243,988.9300627103482,7310.8,                         59P    630
-3962.1876691005505,1002.4529339497749,7310.799999999997,             59P    631
-3950.569484148089,1017.9076517974158,7310.800000000011,              59P    632
-3937.8324507790176,1032.0508978984146,7310.799999999988,             59P    633
-3923.905767914863,1044.9859951728617,7310.799999999999,              59P    634
-3908.687694730255,1056.7848456732768,7310.799999999997,              59P    635
-3891.5674538906806,1070.0585380645157,7310.800000000006,             59P    636
-3872.8119967113144,1081.8945874552978,7310.799999999996,             59P    637
-3852.2775773147587,1092.3954227516492,7310.8,                        59P    638
-3829.756739876123,1101.6214932404846,7310.799999999997,              59P    639
-3820.998522798208,1105.2093710135691,7310.799999999997,              59P    640
-3811.9401829997523,1108.6046571009488,7310.799999999999,             59P    641
-3802.56854809713,1111.8104866852782,7310.800000000001,               59P    642
-3792.870445706712,1114.8299949492111,7310.800000000001,              59P    643
-3785.943148928277,1116.986747253321,7310.8,-3778.849179964156,       59P    644
1119.048381629381,7310.799999999999,-3771.5831791052524,              59P    645
1121.0157758393925,7310.8,-3764.139786642468,1122.8898076453559,      59P    646
7310.800000000001,-3755.2076009942953,1125.1385977182106,             59P    647
7310.799999999997,-3746.020019146507,1127.2529587208792,              59P    648
7310.799999999995,-3736.5667042191353,1129.233955051042,              59P    649
7310.799999999998,-3726.8373193322122,1131.0826511063785,             59P    650
7310.799999999995,-3717.10779500878,1132.9312946012046,7310.8,        59P    651
-3707.1022222662123,1134.647638405395,7310.800000000005,              59P    652
-3696.80901010658,1136.232274118997,7310.800000000001,                59P    653
-3686.216567531955,1137.6857933420577,7310.799999999996,              59P    654
-3673.8584183378966,1139.381465982679,7310.800000000001,              59P    655
-3661.0932751403843,1140.898759630612,7310.800000000005,              59P    656
-3647.900190075977,1142.2377544889605,7310.799999999999,              59P    657
-3634.2582152812333,1143.3985307608295,7310.799999999994,             59P    658
-3620.615878527362,1144.5591979633693,7310.799999999997,              59P    659
-3606.5249338627928,1145.5417189131965,7310.800000000002,             59P    660
-3591.961402163152,1146.3452499623852,7310.8,                         59P    661
-3576.9013043040663,1146.9689474630095,7310.8,                        59P    662
-3559.689361666452,1147.681633392265,7310.799999999999,               59P    663
-3541.829191949073,1148.1595161304745,7310.799999999998,              59P    664
-3523.2797523331737,1148.399877669199,7310.8,-3504.,1148.4,0.,        59P    665
16.,0.,0.,0.,0,0;                                                     59P    666
102,4,53,55,57,59;                                                    61P    667
142,0,41,51,61,1,0,0;                                                 63P    668
406,1,7HSweep.1;                                                      65P    669
144,41,1,0,63,0,1,65;                                                 67P    670
128,20,5,5,5,0,0,0,0,0,0.,0.,0.,0.,0.,0.,70.91149956,                 69P    671
70.91149956,70.91149956,119.5156581,119.5156581,119.5156581,          69P    672
161.1251982,161.1251982,161.1251982,187.3142551,187.3142551,          69P    673
187.3142551,236.233223,236.233223,236.233223,283.5712871,             69P    674
283.5712871,283.5712871,283.5712871,283.5712871,283.5712871,0.,       69P    675
0.,0.,0.,0.,0.,102.3132198,102.3132198,102.3132198,102.3132198,       69P    676
102.3132198,102.3132198,1.,1.,1.,1.,1.,1.,1.,1.,1.,1.,1.,1.,1.,       69P    677
1.,1.,1.,1.,1.,1.,1.,1.,1.070208209,1.069590526,1.068806959,          69P    678
1.06778849,1.065508611,1.061285076,1.059121914,1.053921074,           69P    679
1.045898386,1.041529808,1.033280131,1.023749794,1.019913866,          69P    680
1.008629979,0.9967790533,0.9890485676,0.9740003177,0.9594605519,      69P    681
0.9525487892,0.9457376058,0.9391036258,1.108393058,1.107412327,       69P    682
1.106168801,1.104554086,1.100939815,1.094272012,1.0908622,            69P    683
1.082680313,1.070150355,1.063350378,1.050578706,1.035964113,          69P    684
1.030104311,1.012937741,0.9951181034,0.9835923667,0.9613375359,       69P    685
0.9401706121,0.9301862268,0.9204191572,0.9109731689,1.108393058,      69P    686
1.107412327,1.106168801,1.104554086,1.100939815,1.094272012,          69P    687
1.0908622,1.082680313,1.070150355,1.063350378,1.050578706,            69P    688
1.035964113,1.030104311,1.012937741,0.9951181034,0.9835923667,        69P    689
0.9613375359,0.9401706121,0.9301862268,0.9204191572,                  69P    690
0.9109731689,1.070208209,1.069590526,1.068806959,1.06778849,          69P    691
1.065508611,1.061285076,1.059121914,1.053921074,1.045898386,          69P    692
1.041529808,1.033280131,1.023749794,1.019913866,1.008629979,          69P    693
0.9967790533,0.9890485676,0.9740003177,0.9594605519,                  69P    694
0.9525487892,0.9457376058,0.9391036258,1.,1.,1.,1.,1.,1.,1.,1.,       69P    695
1.,1.,1.,1.,1.,1.,1.,1.,1.,1.,1.,1.,1.,8819.73,-3504.,                69P    696
962.0282496,8933.1884,-3504.,935.6733656,9046.646808,-3504.,          69P    697
907.1026424,9159.682472,-3504.,876.4090224,9350.907528,-3504.,        69P    698
820.600096,9542.132576,-3504.,757.85945304,9620.538032,-3504.,        69P    699
730.93135808,9764.879944,-3504.,679.03514592,9909.221864,-3504.,      69P    700
622.55074976,9975.228608,-3504.,595.70383616,10083.70636,-3504.,      69P    701
549.80214152,10192.18412,-3504.,500.73494536,10234.13752,-3504.,      69P    702
481.26114536,10354.31036,-3504.,423.9733296,10474.4832,-3504.,        69P    703
362.06603896,10552.753544,-3504.,319.53911032,10706.764792,           69P    704
-3504.,230.9119256,10860.776048,-3504.,130.0485196,10935.725296,      69P    705
-3504.,77.375116976,11011.466184,-3504.,19.959745024,                 69P    706
11087.207088,-3504.,-44.472751784,8819.73,-3761.4826992,              69P    707
962.0282496,8933.25392,-3761.180868,935.6581456,9046.780392,          69P    708
-3759.7973912,907.0687128,9159.86172,-3757.3224384,876.3604216,       69P    709
9351.316368,-3751.2166664,820.4697104,9542.333144,-3741.5548152,      69P    710
757.79254472,9620.816568,-3736.947628,730.83381848,9765.464784,       69P    711
-3727.1205168,678.8129692,9909.59428,-3714.747916,622.40383256,       69P    712
9975.69864,-3708.4995568,595.50851096,10084.324888,                   69P    713
-3697.3847432,549.52761104,10192.414048,-3685.2410864,                69P    714
500.6302332,10234.378568,-3680.3898096,481.14737072,10355.20768,      69P    715
-3666.1141232,423.537018,10475.401784,-3651.2252152,                  69P    716
361.58599288,10553.666568,-3641.3989976,319.02540784,                 69P    717
10708.226328,-3621.9259808,230.01171048,10861.617896,                 69P    718
-3602.7487208,129.48574072,10936.544712,-3593.4844808,                69P    719
76.777088864,11011.99748,-3584.3067736,19.50777624,11087.207088,      69P    720
-3575.3529368,-44.472751784,8819.73,-3919.6140288,925.7874144,        69P    721
8933.28888,-3919.3723888,900.0723032,9046.851616,-3917.450004,        69P    722
872.124256,9159.957672,-3913.8534952,842.0371096,9351.53276,          69P    723
-3904.8711896,787.15507056,9542.439584,-3890.8102576,                 69P    724
725.52668056,9620.964416,-3884.1361824,698.96381568,9765.771224,      69P    725
-3870.0549288,647.60815936,9909.789936,-3852.6903352,                 69P    726
591.92003616,9975.943,-3843.974224,565.30562264,10084.64168,          69P    727
-3828.5123792,519.81402784,10192.532192,-3811.5543416,                69P    728
471.68633864,10234.501136,-3804.7350816,452.5002848,                  69P    729
10355.665672,-3784.47938,395.73173736,10475.863408,-3762.917784,      69P    730
335.2641508,10554.114752,-3748.3976408,293.97453472,                  69P    731
10708.937408,-3718.9056824,208.08017168,10862.02336,                  69P    732
-3688.5282336,113.02784184,10936.931304,-3673.439852,                 69P    733
63.541654296,11012.243496,-3658.1006552,10.36412828,                  69P    734
11087.207088,-3642.7138608,-48.171842696,8819.73,-4010.5845024,       69P    735
846.9447344,8933.28888,-4010.4880552,822.728252,9046.851616,          69P    736
-4008.3967872,796.2657584,9159.957672,-4004.3364432,767.6330108,      69P    737
9351.53276,-3994.1048176,715.22584352,9542.439584,-3978.2141344,      69P    738
656.13116392,9620.964416,-3970.7090768,630.62929136,9765.771224,      69P    739
-3955.0329328,581.25122592,9909.789936,-3936.0425624,                 69P    740
527.62486952,9975.943,-3926.5863824,501.987266,10084.64168,           69P    741
-3909.8798944,458.22271,10192.532192,-3891.5056656,412.19692864,      69P    742
10234.501136,-3884.0953832,393.90575728,10355.665672,                 69P    743
-3861.977992,340.001652,10475.863408,-3838.0296168,283.35330416,      69P    744
10554.114752,-3821.6480952,245.10846432,10708.937408,                 69P    745
-3787.7802744,166.60029976,10862.02336,-3751.5757336,82.3755836,      69P    746
10936.931304,-3733.2400032,39.27050712,11012.243496,                  69P    747
-3714.2171488,-6.205145652,11087.207088,-3694.7260088,                69P    748
-55.006871472,8819.73,-4052.4,709.89479672,8933.25392,-4052.4,        69P    749
688.45642856,9046.780392,-4050.2704568,664.78795024,9159.86172,       69P    750
-4046.0474352,638.94415384,9351.316368,-4035.36306,591.429126,        69P    751
9542.333144,-4018.8168616,537.65803544,9620.816568,                   69P    752
-4011.0338288,514.49137856,9765.464784,-3994.8815824,                 69P    753
469.73008088,9909.59428,-3975.486752,421.2813016,9975.69864,          69P    754
-3965.8943984,398.2314624,10084.324888,-3948.9971608,                 69P    755
359.07616664,10192.414048,-3930.35148,318.25384088,10234.378568,      69P    756
-3922.8367072,302.14384696,10355.20768,-3900.41102,255.06747392,      69P    757
10475.401784,-3875.846488,206.36905976,10553.666568,                  69P    758
-3858.898912,173.9584536,10708.226328,-3823.5782784,108.6349984,      69P    759
10861.617896,-3784.9091624,40.978762784,10936.544712,                 69P    760
-3765.156968,7.1709555152,11011.99748,-3744.4075488,                  69P    761
-27.696412128,11087.207088,-3722.87478,-63.858916152,8819.73,         69P    762
-4052.4,486.7385872,8933.1884,-4052.4,470.16784992,9046.646808,       69P    763
-4050.2732576,451.46887496,9159.682472,-4046.0530392,                 69P    764
430.69074272,9350.907528,-4035.3936096,392.27402,9542.132576,         69P    765
-4018.8342008,349.1078224,9620.538032,-4011.0625264,330.701758,       69P    766
9764.879944,-3994.9550264,295.68429072,9909.221864,                   69P    767
-3975.5374904,258.83705192,9975.228608,-3965.965296,241.650188,       69P    768
10083.70636,-3949.1007648,212.91894552,10192.18412,                   69P    769
-3930.3915456,183.48491424,10234.13752,-3922.8808768,                 69P    770
172.00501952,10354.31036,-3900.58168,138.86723328,10474.4832,         69P    771
-3876.0374536,105.05533272,10552.753544,-3859.1040104,                69P    772
82.7907324,10706.764792,-3823.929708,38.56872352,10860.776048,        69P    773
-3785.1247224,-6.3627257416,10935.725296,-3765.3793568,               69P    774
-28.374209144,11011.466184,-3744.55966,-50.74736396,                  69P    775
11087.207088,-3722.87478,-73.235559824,0.,283.5712871,0.,             69P    776
102.3132198;                                                          69P    777
126,100,5,0,0,1,0,0.,0.,0.,0.,0.,0.,1.,1.,1.,1.,1.,2.,2.,2.,2.,       71P    778
2.,3.,3.,3.,3.,3.,4.,4.,4.,4.,4.,5.,5.,5.,5.,5.,6.,6.,6.,6.,6.,       71P    779
7.,7.,7.,7.,7.,8.,8.,8.,8.,8.,9.,9.,9.,9.,9.,10.,10.,10.,10.,         71P    780
10.,11.,11.,11.,11.,11.,12.,12.,12.,12.,12.,13.,13.,13.,13.,13.,      71P    781
14.,14.,14.,14.,14.,15.,15.,15.,15.,15.,16.,16.,16.,16.,16.,17.,      71P    782
17.,17.,17.,17.,18.,18.,18.,18.,18.,19.,19.,19.,19.,19.,20.,20.,      71P    783
20.,20.,20.,20.,1.,1.,1.,1.,1.,1.,1.,1.,1.,1.,1.,1.,1.,1.,1.,1.,      71P    784
1.,1.,1.,1.,1.,1.,1.,1.,1.,1.,1.,1.,1.,1.,1.,1.,1.,1.,1.,1.,1.,       71P    785
1.,1.,1.,1.,1.,1.,1.,1.,1.,1.,1.,1.,1.,1.,1.,1.,1.,1.,1.,1.,1.,       71P    786
1.,1.,1.,1.,1.,1.,1.,1.,1.,1.,1.,1.,1.,1.,1.,1.,1.,1.,1.,1.,1.,       71P    787
1.,1.,1.,1.,1.,1.,1.,1.,1.,1.,1.,1.,1.,1.,1.,1.,1.,1.,1.,1.,1.,       71P    788
1.,269.7991824858646,0.,0.,269.79917124986673,                        71P    789
0.6909160414236014,0.,269.7991593636819,1.3818320828229345,0.,        71P    790
269.79914730522296,2.0727481242156274,0.,269.7991355524024,           71P    791
2.763664165619309,0.,269.79912458313294,3.454580207051605,0.,         71P    792
269.7989803539479,12.539073752892946,0.,269.79885858324724,           71P    793
21.623567299472498,0.,269.79876668794526,30.708060846683424,0.,       71P    794
269.79871208495643,39.792554394418886,0.,269.7987021911953,           71P    795
48.87704794257204,0.,269.7987016911932,49.33615194975586,0.,          71P    796
269.79870574639364,49.79525595705579,0.,269.7987096857893,            71P    797
50.2543599643554,0.,269.7987088383729,50.71346397153828,0.,           71P    798
269.798698533137,51.172567978488026,0.,269.7986801861237,             71P    799
51.98993765717002,0.,269.7985766671002,52.807307333429804,0.,         71P    800
269.7985795892753,53.624677010306364,0.,269.79868660311223,           71P    801
54.44204668873891,0.,269.79870139632845,55.25941636756702,0.,         71P    802
269.7987097506333,55.72101683160888,0.,269.7987142721658,             71P    803
56.18261729588544,0.,269.7987146890553,56.64421776023868,0.,          71P    804
269.79871072943143,57.105818224510514,0.,269.79870212142356,          71P    805
57.56741868854291,0.,269.79867173901226,59.19666152424964,0.,         71P    806
269.79836617467294,60.825904350082645,0.,269.79905104557025,          71P    807
62.455147201623106,0.,269.7986596112704,64.08439002537258,0.,         71P    808
269.79866150518683,65.71363286165172,0.,269.7986625844113,            71P    809
66.64203643919741,0.,269.7987038848507,67.57044001565627,0.,          71P    810
269.7987557427774,68.49884359170635,0.,269.79878849446425,            71P    811
69.42724716802569,0.,269.79877247618373,70.3556507452923,0.,          71P    812
269.79876262031576,70.92688701776811,0.,269.79865012084997,           71P    813
71.49812329305841,0.,269.7986514440688,72.06935956218038,0.,          71P    814
269.7987694995675,72.64059582659536,0.,269.7987936402534,             71P    815
73.2118320982088,0.,269.79882353463694,73.91921697687451,0.,          71P    816
269.7988281285554,74.6266018567636,0.,269.79882016488284,             71P    817
75.33398673726774,0.,269.79881238649324,76.04137161777857,0.,         71P    818
269.7988175362606,76.74875649768775,0.,269.79881992572956,            71P    819
77.07697991384235,0.,269.7988007202575,77.40520332872443,0.,          71P    820
269.7987753227884,77.7334267431487,0.,269.7987591362663,              71P    821
78.06165015792988,0.,269.79876756363524,78.38987357388261,0.,         71P    822
269.7987765826772,78.7411410691789,0.,269.7988925695081,              71P    823
79.09240854838286,0.,269.7989210465596,79.44367604028204,0.,          71P    824
269.79885126676277,79.794943546616,0.,269.79885621354765,             71P    825
80.14621104207644,0.,269.79886294227697,80.6240130721943,0.,          71P    826
269.7988691556892,81.10181510230703,0.,269.79887472775516,            71P    827
81.57961713242865,0.,269.7988795324457,82.05741916257321,0.,          71P    828
269.7988834437315,82.53522119275472,0.,269.79888527532734,            71P    829
82.75896864121201,0.,269.79889509934924,82.98271609006785,0.,         71P    830
269.79890502815766,83.20646353892087,0.,269.7989071741131,            71P    831
83.4302109873697,0.,269.7988936495758,83.65395843501292,0.,           71P    832
269.79888741855166,83.75704334954163,0.,269.7988647238683,            71P    833
83.8601282617568,0.,269.79883827988766,83.96321317323557,0.,          71P    834
269.7988208009718,84.06629808555498,0.,269.79882500148256,            71P    835
84.16938300029207,0.,269.7988308860593,84.31379665365448,0.,          71P    836
269.7988544603889,84.45821030220546,0.,269.7988834935549,             71P    837
84.60262394918072,0.,269.79890575464094,84.74703759781605,0.,         71P    838
269.7989090127306,84.89145125134712,0.,269.79892901047765,            71P    839
85.77784420200443,0.,269.79894345170453,86.6642371525799,0.,          71P    840
269.79895364653856,87.5506301031983,0.,269.7989609051071,             71P    841
88.43702305398445,0.,269.79896653753747,89.3234160050631,0.,          71P    842
269.798967962836,89.54771966637804,0.,269.7991155945462,              71P    843
89.7720233318643,0.,269.7987093000535,89.99632698743814,0.,           71P    844
269.79895685986804,90.22063062459065,0.,269.7989812891753,            71P    845
90.44493428321593,0.,269.79912460099774,91.7607868280328,0.,          71P    846
269.79879734346514,93.07663942969204,0.,269.79918961900086,           71P    847
94.39249194723678,0.,269.7990610626453,95.7083445235744,0.,           71P    848
269.7990876234568,97.02419708368015,0.,269.79909674990324,            71P    849
97.47633153123927,0.,269.7991034701752,97.92846597889032,0.,          71P    850
269.7991095341409,98.38060042656574,0.,269.79911669166813,            71P    851
98.832734874198,0.,269.7991266926248,99.2848693217196,0.,             71P    852
269.7991400897028,99.89053941755893,0.,269.7991570864062,             71P    853
100.49620951321498,0.,269.7991758829224,101.10187960877944,0.,        71P    854
269.7991946794386,101.7075497043439,0.,269.79921167614197,            71P    855
102.31321979999998,0.,0.,20.,0.,0.,0.,0,0;                            71P    856
126,1,1,0,0,1,0,0.,0.,269.799211,269.799211,1.,1.,269.799211,         73P    857
102.3132198,0.,0.,102.3132198,0.,0.,269.799211,0.,0.,0.,0,0;          73P    858
126,1,1,0,0,1,0,0.,0.,102.3132198,102.3132198,1.,1.,0.,               75P    859
102.3132198,0.,0.,0.,0.,0.,102.3132198,0.,0.,0.,0,0;                  75P    860
126,1,1,0,0,1,0,0.,0.,283.5712871,283.5712871,1.,1.,0.,0.,0.,         77P    861
283.5712871,0.,0.,0.,268.6272457645336,0.,0.,0.,0,0;                  77P    862
102,4,71,73,75,77;                                                    79P    863
126,105,5,0,0,1,0,0.,0.,0.,0.,0.,0.,1.,1.,1.,1.,1.,2.,2.,2.,2.,       81P    864
2.,3.,3.,3.,3.,3.,4.,4.,4.,4.,4.,5.,5.,5.,5.,5.,6.,6.,6.,6.,6.,       81P    865
7.,7.,7.,7.,7.,8.,8.,8.,8.,8.,9.,9.,9.,9.,9.,10.,10.,10.,10.,         81P    866
10.,11.,11.,11.,11.,11.,12.,12.,12.,12.,12.,13.,13.,13.,13.,13.,      81P    867
14.,14.,14.,14.,14.,15.,15.,15.,15.,15.,16.,16.,16.,16.,16.,17.,      81P    868
17.,17.,17.,17.,18.,18.,18.,18.,18.,19.,19.,19.,19.,19.,20.,20.,      81P    869
20.,20.,20.,21.,21.,21.,21.,21.,21.,1.,1.,1.,1.,1.,1.,1.,1.,1.,       81P    870
1.,1.,1.,1.,1.,1.,1.,1.,1.,1.,1.,1.,1.,1.,1.,1.,1.,1.,1.,1.,1.,       81P    871
1.,1.,1.,1.,1.,1.,1.,1.,1.,1.,1.,1.,1.,1.,1.,1.,1.,1.,1.,1.,1.,       81P    872
1.,1.,1.,1.,1.,1.,1.,1.,1.,1.,1.,1.,1.,1.,1.,1.,1.,1.,1.,1.,1.,       81P    873
1.,1.,1.,1.,1.,1.,1.,1.,1.,1.,1.,1.,1.,1.,1.,1.,1.,1.,1.,1.,1.,       81P    874
1.,1.,1.,1.,1.,1.,1.,1.,1.,1.,1.,1.,1.,10977.150026423216,            81P    875
-3503.9999999999995,43.85155955050095,10977.150034739176,             81P    876
-3506.71131224765,43.851615294201736,10977.150041739458,              81P    877
-3509.4204104475834,43.84061502166729,10977.150047424064,             81P    878
-3512.1272945998,43.818558732897614,10977.150051792996,               81P    879
-3514.8319647043,43.785446427892694,10977.150054846252,               81P    880
-3517.5344207610824,43.74127810665254,10977.150104860539,             81P    881
-3535.295640675711,43.45051130504005,10977.150135245241,              81P    882
-3552.9224730229234,42.6793428108259,10977.150148850616,              81P    883
-3570.2408117995788,41.41724721454865,10977.150149460713,             81P    884
-3587.0795232950154,39.66625481560406,10977.150141793369,             81P    885
-3603.2704460910486,37.440951622245024,10977.150134122756,            81P    886
-3619.4608891877315,35.21574295103475,10977.15011821455,              81P    887
-3635.006581809972,32.51599362878686,10977.150098788996,              81P    888
-3649.7374706418414,29.356959404068522,10977.150081769752,            81P    889
-3663.5046811864263,25.765696034519948,10977.150074283874,            81P    890
-3676.180517765828,21.781059286854404,10977.150103340306,             81P    891
-3677.4618291685633,21.378261171698707,10977.150115752622,            81P    892
-3678.731824164737,20.971509879928185,10977.150111520821,             81P    893
-3679.990502754349,20.560805411542844,10977.150090644904,             81P    894
-3681.2378649374,20.146147766542683,10977.150053124871,               81P    895
-3682.473910713889,19.7275369449277,10977.149906709456,               81P    896
-3684.6742610419233,18.98240307468653,10977.149078198721,             81P    897
-3686.838252068735,18.22532425544762,10977.149096312076,              81P    898
-3688.9648486223987,17.455599735503522,10977.149942305981,            81P    899
-3691.0533887712168,16.673491958946133,10977.15004997395,             81P    900
-3693.103583823718,15.880226565666685,10977.150112513005,             81P    901
-3694.2614976703503,15.432199766927106,10977.150140616184,            81P    902
-3695.4069823663285,14.980553450849,10977.150134283482,               81P    903
-3696.540037911654,14.525287617432365,10977.150093514898,             81P    904
-3697.6606643063265,14.066402266677205,10977.150018310434,            81P    905
-3698.7688615503444,13.603897398583515,10977.14974368963,             81P    906
-3702.6798330953106,11.971684887704884,10977.147263403242,            81P    907
-3706.434239888941,10.296273796755957,10977.152674802981,             81P    908
-3710.024965867328,8.574055659930604,10977.14948912965,               81P    909
-3713.4517536958806,6.816751305490472,10977.149431437332,             81P    910
-3716.7082938597055,5.019903590197653,10977.149398563359,             81P    911
-3718.563996897764,3.9960036182681016,10977.149683316966,             81P    912
-3720.3645453439626,2.9596883316689633,10977.150049050173,            81P    913
-3722.1093945717275,1.9115319838212612,10977.150259114997,            81P    914
-3723.797999954484,0.8521088281460173,10977.150076863452,             81P    915
-3725.429816865655,-0.21800688193574683,10977.149964727065,           81P    916
-3726.433867273182,-0.8764317179127252,10977.149032455782,            81P    917
-3727.4166099282875,-1.5385720304903496,10977.149007074251,           81P    918
-3728.3774828189153,-2.20519899454711,10977.149911801054,             81P    919
-3729.3163641544957,-2.876211816957684,10977.150066048702,            81P    920
-3730.233572365946,-3.550637736592934,10977.150257059599,             81P    921
-3731.369391144266,-4.385807528578357,10977.150244368628,             81P    922
-3732.4717269101648,-5.226706356380581,10977.150129650887,            81P    923
-3733.5403732500163,-6.0731768971301605,10977.150014581479,           81P    924
-3734.575123750195,-6.925061827957646,10977.150000835503,             81P    925
-3735.575771997073,-7.782203825993591,10977.14999445771,              81P    926
-3736.0400715074993,-8.179912478691122,10977.14981539742,             81P    927
-3736.4970824910106,-8.578659044338776,10977.149586544741,            81P    928
-3736.9467584275785,-8.978481143434713,10977.14943078978,             81P    929
-3737.389052797177,-9.379416396477094,10977.149471022638,             81P    930
-3737.8239190797776,-9.781502423964076,10977.149514079749,            81P    931
-3738.2893174009996,-10.21182073268202,10977.150410114358,            81P    932
-3738.7460433774895,-10.643740564108853,10977.150607525595,           81P    933
-3739.1944861209795,-11.076517745416542,10977.150020570984,           81P    934
-3739.634653057098,-11.510088241252571,10977.150029366456,            81P    935
-3740.066169925368,-11.945068153739944,10977.150042132092,            81P    936
-3740.6531540789597,-12.53679012520509,10977.150048567448,            81P    937
-3741.224377415325,-13.130508566872175,10977.150048672524,            81P    938
-3741.779839934463,-13.7262234787412,10977.15004244732,               81P    939
-3742.319541636375,-14.323934860812168,10977.15002989183,             81P    940
-3742.8434825210616,-14.923642713085071,10977.150073793235,           81P    941
-3743.08880832486,-15.204466792242775,10977.15009318246,              81P    942
-3743.330670429098,-15.485685460469849,10977.150088059501,            81P    943
-3743.5690688337754,-15.767298717766298,10977.150058424364,           81P    944
-3743.804003538892,-16.04930656413212,10977.150004277048,             81P    945
-3744.035474544448,-16.33170899956731,10977.149944538573,             81P    946
-3744.142125759454,-16.461798491021707,10977.14975340982,             81P    947
-3744.248074460502,-16.591914900720138,10977.149532330583,            81P    948
-3744.3532935287,-16.72210155554182,10977.149382740641,               81P    949
-3744.457755845155,-16.852401782365984,10977.149406079783,            81P    950
-3744.561434290974,-16.98285890807185,10977.149438776078,             81P    951
-3744.7066794174034,-17.165618608006895,10977.149612534886,           81P    952
-3744.8504386022464,-17.348598984031202,10977.1498297736,             81P    953
-3744.992737272627,-17.531756210663502,10977.14999290961,             81P    954
-3745.133600855671,-17.715046462422514,10977.15000436031,             81P    955
-3745.273054778501,-17.89842591382696,10977.15007464301,              81P    956
-3746.129012268422,-19.023987806359525,10977.150097860791,            81P    957
-3746.930334203794,-20.15535837507273,10977.150084492672,             81P    958
-3747.676958921391,-21.2921115451674,10977.150045017675,              81P    959
-3748.3688247579894,-22.433821241844353,10977.149989914824,           81P    960
-3749.0058700503632,-23.580061390304397,10977.149975970537,           81P    961
-3749.1670802400004,-23.870121851493337,10977.151128357204,           81P    962
-3749.324467470661,-24.16092123357401,10977.14786110531,              81P    963
-3749.479538247824,-24.450286935291548,10977.149810422332,            81P    964
-3749.6296951810386,-24.74196399742635,10977.149979338648,            81P    965
-3749.7768240910746,-25.033210590125247,10977.150970267838,           81P    966
-3750.6399395157264,-26.741775303481653,10977.148200973026,           81P    967
-3751.383364783574,-28.458208295929722,10977.151166749023,            81P    968
-3752.0046165130757,-30.184640207368826,10977.14997148273,            81P    969
-3752.506716786281,-31.915940170961836,10977.150008307057,            81P    970
-3752.8887959893414,-33.652773897697095,10977.150009788764,           81P    971
-3753.0200624387912,-34.24959682772739,10977.150010975367,            81P    972
-3753.1372339252684,-34.84693588656627,10977.150011866865,            81P    973
-3753.240310448773,-35.44479107421377,10977.150012463257,             81P    974
-3753.329292009305,-36.04316239066986,10977.150012764541,             81P    975
-3753.404178606863,-36.64204983593455,10977.150035618146,             81P    976
-3753.5045351359595,-37.44422376919696,10977.1500860499,              81P    977
-3753.57966796195,-38.2471697573438,10977.150149710618,               81P    978
-3753.629663960283,-39.05074854462303,10977.150212251114,             81P    979
-3753.654610006406,-39.85482087528263,10977.1502539275,               81P    980
-3753.6545944486647,-40.659245901888504,0.,21.,0.,0.,0.,0,0;          81P    981
126,45,5,0,0,1,0,0.,0.,0.,0.,0.,0.,1.,1.,1.,1.,1.,2.,2.,2.,2.,        83P    982
2.,3.,3.,3.,3.,3.,4.,4.,4.,4.,4.,5.,5.,5.,5.,5.,6.,6.,6.,6.,6.,       83P    983
7.,7.,7.,7.,7.,8.,8.,8.,8.,8.,9.,9.,9.,9.,9.,9.,1.,1.,1.,1.,1.,       83P    984
1.,1.,1.,1.,1.,1.,1.,1.,1.,1.,1.,1.,1.,1.,1.,1.,1.,1.,1.,1.,1.,       83P    985
1.,1.,1.,1.,1.,1.,1.,1.,1.,1.,1.,1.,1.,1.,1.,1.,1.,1.,1.,1.,          83P    986
10977.1502539275,-3753.6545944486647,-40.659245901888504,             83P    987
10923.588005229285,-3768.27854031314,-24.855942859884454,             83P    988
10870.128755197826,-3782.439620224897,-9.147461409287924,             83P    989
10816.705403270296,-3796.1545278302947,6.479980204246832,             83P    990
10762.999821195544,-3809.5051510316875,22.112722829025934,            83P    991
10709.294240093677,-3822.414282787886,37.659197431476194,             83P    992
10631.023890393804,-3841.228012537798,60.316701531598056,             83P    993
10552.753544956448,-3859.104009249848,82.79054768091068,              83P    994
10474.483199256083,-3876.037454494559,105.05547639040253,             83P    995
10396.212851434973,-3892.0234710860614,127.07746912627674,            83P    996
10317.94250230316,-3907.0571230820897,148.81374830995097,             83P    997
10276.048810026821,-3915.103901621133,160.44796114495003,             83P    998
10234.123944592484,-3922.883307121371,172.0087264528372,              83P    999
10192.194678650296,-3930.389655350043,183.48203107001527,             83P   1000
10150.277604762898,-3937.6192117953524,194.85570981279335,            83P   1001
10108.37913540542,-3944.5701916664652,206.1194454773868,              83P   1002
10075.09057046199,-3950.09280596188,215.06855112712935,               83P   1003
10041.807475992628,-3955.440924071436,223.95005568351183,             83P   1004
10008.582207463955,-3960.60686654861,232.74614863729718,              83P   1005
9975.409253423199,-3965.591194147395,241.45357861100922,              83P   1006
9942.225235498196,-3970.402707822295,250.08365335893245,              83P   1007
9909.04326871848,-3975.213924056967,258.71319419656896,               83P   1008
9875.866771528697,-3979.8499288192825,267.2610761679228,              83P   1009
9842.641502476577,-3984.3181981027356,275.73622869963754,             83P   1010
9809.36195058952,-3988.6189902230076,284.13439319430165,              83P   1011
9776.071335374601,-3992.745345817969,292.438123030448,                83P   1012
9740.729461001272,-3997.126073971551,301.2535176413616,               83P   1013
9705.361378572346,-4001.3107991005536,309.96551047396156,             83P   1014
9669.963468502177,-4005.299206679543,318.56714622860903,              83P   1015
9634.53211120511,-4009.090982183083,327.0514696056652,                83P   1016
9599.063687095491,-4012.685811085738,335.4115253054911,               83P   1017
9556.527280969754,-4016.99713364236,345.43738629825884,               83P   1018
9513.94872223435,-4021.0239179738323,355.28149250767376,              83P   1019
9471.439732130146,-4024.754295055939,364.9033255042941,               83P   1020
9429.016417618877,-4028.186137770755,374.28507681921127,              83P   1021
9386.599271383144,-4031.3270609066435,383.43164794404976,             83P   1022
9334.233856790748,-4035.2046687530387,394.72343286837736,             83P   1023
9281.868441598563,-4038.6398410641227,405.65905781483264,             83P   1024
9229.544587855393,-4041.629895075969,416.20475567115614,              83P   1025
9177.246310100478,-4044.173876300785,426.33945235468974,              83P   1026
9124.953196394192,-4046.270837971938,436.04921527174304,              83P   1027
9063.94355951982,-4048.7173257808645,447.3773769564111,               83P   1028
9002.946842896068,-4050.555179489762,458.1265408744864,               83P   1029
8941.91048183052,-4051.7835483550657,468.2766885418717,               83P   1030
8880.82619810989,-4052.3998959170845,477.81554667683304,8819.73,      83P   1031
-4052.4,486.7385872,0.,9.,0.,0.,0.,0,0;                               83P   1032
126,56,4,0,0,1,0,0.,0.,0.,0.,0.,1.,1.,1.,1.,2.,2.,2.,2.,3.,3.,        85P   1033
3.,3.,4.,4.,4.,4.,5.,5.,5.,5.,6.,6.,6.,6.,7.,7.,7.,7.,8.,8.,8.,       85P   1034
8.,9.,9.,9.,9.,10.,10.,10.,10.,11.,11.,11.,11.,12.,12.,12.,12.,       85P   1035
13.,13.,13.,13.,14.,14.,14.,14.,14.,1.,1.,1.,1.,1.,1.,1.,1.,1.,       85P   1036
1.,1.,1.,1.,1.,1.,1.,1.,1.,1.,1.,1.,1.,1.,1.,1.,1.,1.,1.,1.,1.,       85P   1037
1.,1.,1.,1.,1.,1.,1.,1.,1.,1.,1.,1.,1.,1.,1.,1.,1.,1.,1.,1.,1.,       85P   1038
1.,1.,1.,1.,1.,1.,8819.73,-4052.4,486.7385872,8819.730000000003,      85P   1039
-4052.3999253682764,501.2501972788307,8819.730000000003,              85P   1040
-4052.217549999078,515.2887216635795,8819.730000000003,               85P   1041
-4051.854682197792,528.8770877748993,8819.73,-4051.313130269807,      85P   1042
542.0382230334432,8819.73,-4050.6941081048085,557.0791966838325,      85P   1043
8819.730000000003,-4049.8417578545395,571.5622798523027,              85P   1044
8819.730000000005,-4048.7573822391864,585.5173973958629,              85P   1045
8819.729999999998,-4047.4422839789345,598.9744741715223,              85P   1046
8819.729999999994,-4046.4558531233065,609.0669749696933,8819.73,      85P   1047
-4045.339534055102,618.8789982871373,8819.730000000005,               85P   1048
-4044.09329889438,628.4215437884859,8819.73,-4042.7171197612,         85P   1049
637.7056111383712,8819.730000000003,-4041.111482559493,               85P   1050
648.5367859328971,8819.729999999998,-4039.329052442057,               85P   1051
659.0163020067821,8819.729999999994,-4037.368962376004,               85P   1052
669.1595408052419,8819.729999999998,-4035.2303453284453,              85P   1053
678.9818837734921,8819.730000000001,-4029.119935092852,               85P   1054
707.045121870066,8819.729999999994,-4021.550906015568,                85P   1055
732.4876226537104,8819.730000000005,-4012.494178752589,               85P   1056
755.6411832068454,8819.73,-4001.864299672205,776.7340161155709,       85P   1057
8819.729999999952,-3995.48637682499,789.3897392961602,                85P   1058
8819.730000000029,-3988.542059985823,801.3039081459273,               85P   1059
8819.729999999996,-3981.0129314917876,812.5260927767561,8819.73,      85P   1060
-3972.8726160283973,823.0955596467666,8819.729999999994,              85P   1061
-3963.375585308507,835.426600510548,8819.730000000007,                85P   1062
-3953.046608536872,846.8693014811255,8819.729999999992,               85P   1063
-3941.843926012194,857.4859267413398,8819.730000000001,               85P   1064
-3929.709392214457,867.3224760700201,8819.729999999998,               85P   1065
-3915.841367597791,878.5642523244252,8819.729999999994,               85P   1066
-3900.7559213131253,888.7873844557616,8819.730000000009,              85P   1067
-3884.366528051583,898.0606629674139,8819.729999999998,               85P   1068
-3866.552650611035,906.4297215848363,8819.72999999998,                85P   1069
-3846.512147203369,915.8449091276285,8819.730000000021,               85P   1070
-3824.667811496275,924.1159100640365,8819.729999999994,               85P   1071
-3800.849330283512,931.3078031107402,8819.73,-3774.814715258962,      85P   1072
937.4530068596404,8819.730000000014,-3760.351014264115,               85P   1073
940.8670132993306,8819.729999999981,-3745.2031140330228,              85P   1074
943.9579818871757,8819.730000000003,-3729.3293713605553,              85P   1075
946.7315054845777,8819.73,-3712.6793960089926,949.1901575930275,      85P   1076
8819.730000000007,-3702.6893367823945,950.6653268355644,              85P   1077
8819.730000000003,-3692.4200856035977,952.0272227879543,              85P   1078
8819.729999999994,-3681.8600928146275,953.276203324448,               85P   1079
8819.729999999994,-3670.9978087575096,954.4126263192968,              85P   1080
8819.730000000001,-3660.135370791964,955.5490046919597,               85P   1081
8819.730000000003,-3648.970665801088,956.5728270851216,               85P   1082
8819.730000000003,-3637.4907598564046,957.4840499870812,8819.73,      85P   1083
-3625.682719029434,958.2826298861374,8819.73,-3611.906339940994,      85P   1084
959.2142198796955,8819.73,-3597.6836565764825,959.9925659736477,      85P   1085
8819.73,-3582.9913184076468,960.6168557202533,8819.730000000001,      85P   1086
-3567.805974906233,961.0862766717709,8819.729999999996,               85P   1087
-3552.6202300399755,961.5556012132311,8819.729999999996,              85P   1088
-3536.9417932666,961.8701230669543,8819.729999999996,                 85P   1089
-3520.7439535864823,962.0282149551431,8819.73,-3504.,                 85P   1090
962.0282496,0.,14.,0.,0.,0.,0,0;                                      85P   1091
126,55,5,0,0,1,0,0.,0.,0.,0.,0.,0.,1.,1.,1.,1.,1.,2.,2.,2.,2.,        87P   1092
2.,3.,3.,3.,3.,3.,4.,4.,4.,4.,4.,5.,5.,5.,5.,5.,6.,6.,6.,6.,6.,       87P   1093
7.,7.,7.,7.,7.,8.,8.,8.,8.,8.,9.,9.,9.,9.,9.,10.,10.,10.,10.,         87P   1094
10.,11.,11.,11.,11.,11.,11.,1.,1.,1.,1.,1.,1.,1.,1.,1.,1.,1.,1.,      87P   1095
1.,1.,1.,1.,1.,1.,1.,1.,1.,1.,1.,1.,1.,1.,1.,1.,1.,1.,1.,1.,1.,       87P   1096
1.,1.,1.,1.,1.,1.,1.,1.,1.,1.,1.,1.,1.,1.,1.,1.,1.,1.,1.,1.,1.,       87P   1097
1.,1.,8819.73,-3504.,962.0282496,8872.098366552986,                   87P   1098
-3503.99999999999,949.8636839449205,8924.458323980209,                87P   1099
-3503.999999999998,937.2293083689449,8976.785868496521,               87P   1100
-3504.0000000000036,924.1296610002378,9029.082671756341,              87P   1101
-3504.000000000002,910.559968375765,9081.376080853659,                87P   1102
-3504.0000000000005,896.5061454412936,9142.385718047903,              87P   1103
-3503.999999999998,880.1098458241459,9203.382433882332,               87P   1104
-3504.0000000000005,863.0567655948546,9264.418792904211,              87P   1105
-3504.000000000002,845.3221444700811,9325.503074197555,               87P   1106
-3504.0000000000005,826.8880314388304,9386.599271383144,              87P   1107
-3504.0000000000005,807.7432847624508,9421.941145822597,-3504.,       87P   1108
796.6688008564875,9457.309228482443,-3503.999999999999,               87P   1109
785.3486983564403,9492.707138830701,-3503.9999999999986,              87P   1110
773.7768443708128,9528.138496335381,-3503.999999999999,               87P   1111
761.9471060081082,9563.606920464503,-3504.,749.8533503768298,         87P   1112
9606.143326648426,-3503.999999999994,735.3494805065264,               87P   1113
9648.72188527009,-3504.0000000000014,720.4685371287139,               87P   1114
9691.23087505747,-3504.000000000003,705.239467454078,                 87P   1115
9733.654189205206,-3503.999999999998,689.6565950210935,               87P   1116
9776.071335374601,-3504.,673.6796196960245,9809.359899444236,         87P   1117
-3503.999999999996,661.1410449940735,9842.642994218604,               87P   1118
-3504.0000000000014,648.3606530935326,9875.868263270724,              87P   1119
-3504.0000000000027,635.3536201860678,9909.041217573196,              87P   1120
-3503.999999999999,622.1102796209982,9942.225235498196,               87P   1121
-3504.0000000000005,608.5961219052964,9975.407202277895,              87P   1122
-3503.9999999999973,595.0827894533508,10008.583699205978,             87P   1123
-3503.999999999999,581.3052919768234,10041.808967734658,              87P   1124
-3504.0000000000014,567.232796157605,10075.088519316703,              87P   1125
-3504.000000000002,552.8525145426677,10108.37913540542,-3504.,        87P   1126
538.169705544064,10150.281627105873,-3503.9999999999995,              87P   1127
519.6884878965463,10192.184120000005,-3504.0000000000036,             87P   1128
500.7349453600011,10234.137519999998,-3503.9999999999986,             87P   1129
481.2611453599986,10276.04001115158,-3504.,461.2857316727089,         87P   1130
10317.94250230316,-3504.,440.7486758960696,10357.077676727376,        87P   1131
-3504.,421.56792463545605,10396.21285115156,-3503.999999999998,       87P   1132
401.89726540143783,10435.348024969753,-3504.0000000000036,            87P   1133
381.7059279025757,10474.483198370197,-3503.9999999999977,             87P   1134
360.95923537134513,10513.61837166323,-3503.9999999999995,             87P   1135
339.61001915162103,10552.753544975621,-3503.999999999992,             87P   1136
318.2610502483063,10591.888718111968,-3504.0000000000045,             87P   1137
296.30868144978723,10631.023891553537,-3504.000000000007,             87P   1138
273.70792755052537,10670.159065544847,-3503.999999999997,             87P   1139
250.39673256968845,10709.294240093677,-3503.999999999999,             87P   1140
226.2959697511501,10736.14700783329,-3503.9999999999773,              87P   1141
209.75905047414193,10762.999775816159,-3504.000000000016,             87P   1142
192.85015039207232,10789.817265242102,-3503.999999999999,             87P   1143
175.56434168913353,10816.601719644286,-3503.999999999997,             87P   1144
157.87202756175498,10843.366299156367,-3504.0000000000005,            87P   1145
139.72430968916038,10870.130878668742,-3504.0000000000914,            87P   1146
121.57659181656996,10896.875583290159,-3503.9999999999113,            87P   1147
102.97347019874917,10923.613573156126,-3504.000000000041,             87P   1148
83.86604651493633,10950.368924999448,-3503.999999999992,              87P   1149
64.18612092710184,10977.150026423216,-3503.9999999999995,             87P   1150
43.85155955050095,0.,11.,0.,0.,0.,0,0;                                87P   1151
102,4,81,83,85,87;                                                    89P   1152
142,0,69,79,89,1,0,0;                                                 91P   1153
406,1,6HJoin.1;                                                       93P   1154
144,69,1,0,91,0,1,93;                                                 95P   1155
128,14,5,5,5,0,0,0,0,0,0.,0.,0.,0.,0.,0.,36.35657736,                 97P   1156
36.35657736,36.35657736,59.49258113,59.49258113,59.49258113,          97P   1157
84.29008459,84.29008459,84.29008459,118.9549531,118.9549531,          97P   1158
118.9549531,118.9549531,118.9549531,118.9549531,0.,0.,0.,0.,0.,       97P   1159
0.,102.3132198,102.3132198,102.3132198,102.3132198,102.3132198,       97P   1160
102.3132198,1.,1.,1.,1.,1.,1.,1.,1.,1.,1.,1.,1.,1.,1.,1.,             97P   1161
0.9391036258,0.9518866968,0.9651320226,0.9787335229,1.001068241,      97P   1162
1.021554087,1.029058452,1.043153742,1.053847142,1.058340115,          97P   1163
1.066919299,1.07102799,1.072322273,1.072871561,1.072871561,           97P   1164
0.9109731689,0.9291747221,0.9482897958,0.968202854,1.001424695,       97P   1165
1.032563457,1.044069251,1.065832983,1.082558144,1.089624231,          97P   1166
1.103157663,1.109694154,1.111752297,1.112626257,1.112626257,          97P   1167
0.9109731689,0.9291747221,0.9482897958,0.968202854,1.001424695,       97P   1168
1.032563457,1.044069251,1.065832983,1.082558144,1.089624231,          97P   1169
1.103157663,1.109694154,1.111752297,1.112626257,1.112626257,          97P   1170
0.9391036258,0.9518866968,0.9651320226,0.9787335229,1.001068241,      97P   1171
1.021554087,1.029058452,1.043153742,1.053847142,1.058340115,          97P   1172
1.066919299,1.07102799,1.072322273,1.072871561,1.072871561,1.,        97P   1173
1.,1.,1.,1.,1.,1.,1.,1.,1.,1.,1.,1.,1.,1.,6310.8,-3504.,965.6,        97P   1174
6368.970524,-3504.,986.7723392,6427.1410472,-3504.,1006.4256968,      97P   1175
6485.3115712,-3504.,1024.5561552,6580.4997008,-3504.,                 97P   1176
1051.7256968,6675.6878312,-3504.,1074.7961808,6712.7054368,           97P   1177
-3504.,1083.1470928,6789.3990488,-3504.,1099.1600256,6866.09266,      97P   1178
-3504.,1112.4987704,6905.6972416,-3504.,1118.6717376,                 97P   1179
7000.8370368,-3504.,1131.779648,7095.976832,-3504.,1140.75028,        97P   1180
7151.7537128,-3504.,1144.5886752,7207.2175088,-3504.,                 97P   1181
1146.9892272,7262.6812984,-3504.,1147.9731128,6310.8,                 97P   1182
-3623.1851968,965.6,6368.1893408,-3636.1798608,986.488012,            97P   1183
6425.92964,-3649.5457016,1006.0257392,6484.0742208,                   97P   1184
-3663.0827328,1024.193932,6579.2114616,-3684.8075784,                 97P   1185
1051.3960072,6675.2598672,-3704.682664,1074.6949664,6712.324084,      97P   1186
-3711.9281352,1083.0659184,6788.8242352,-3725.7139008,                97P   1187
1099.04856,6865.797388,-3736.9190784,1112.4498792,6905.4814784,       97P   1188
-3741.9095584,1118.6412488,7000.4405328,-3752.0514336,                97P   1189
1131.729868,7095.8301128,-3758.2726136,1140.7409,7151.6969,           97P   1190
-3760.7129864,1144.586932,7207.2175088,-3762.1127024,                 97P   1191
1146.9892264,7262.6812984,-3762.5769768,1147.9731128,6310.8,          97P   1192
-3735.7022888,918.5813768,6367.8310248,-3754.5482376,939.185,         97P   1193
6425.3541784,-3773.2347168,958.92288,6483.458536,-3791.5561752,       97P   1194
977.6859056,6578.5559056,-3820.0811768,1006.1753856,                  97P   1195
6675.0422848,-3845.474224,1030.9566008,6712.1259608,                  97P   1196
-3854.6159712,1039.8350616,6788.52588,-3871.9398248,                  97P   1197
1056.6909568,6865.6417,-3886.145624,1070.6850664,6905.366828,         97P   1198
-3892.5380448,1077.0693704,7000.2310416,-3905.6747184,                97P   1199
1090.376864,7095.750572,-3914.1143728,1099.2660232,7151.6664968,      97P   1200
-3917.5394528,1102.9642472,7207.2175088,-3919.5777344,                97P   1201
1105.2012552,7262.6812984,-3920.3252464,1106.0310496,6310.8,          97P   1202
-3822.5813768,831.7022888,6367.8310248,-3843.185,850.5482376,         97P   1203
6425.3541784,-3862.9290712,869.2170856,6483.458536,                   97P   1204
-3881.7035896,887.5048096,6578.5559056,-3910.218932,915.9516768,      97P   1205
6675.0422848,-3935.0373616,941.2284064,6712.1259608,                  97P   1206
-3943.931684,950.3200584,6788.52588,-3960.8237816,967.5286088,        97P   1207
6865.6417,-3974.8629136,981.5895352,6905.366828,-3981.273008,         97P   1208
987.8987552,7000.2310416,-3994.6494376,1000.8129768,7095.750572,      97P   1209
-4003.6280392,1008.9647688,7151.6664968,-4007.3867568,                97P   1210
1012.1957704,7207.2175088,-4009.693152,1014.0124264,                  97P   1211
7262.6812984,-4010.6027584,1014.505964,6310.8,-3869.6,                97P   1212
719.18519648,6368.1893408,-3890.488012,732.17986088,6425.92964,       97P   1213
-3910.0257552,745.51285144,6484.0742208,-3928.1939056,                97P   1214
758.98446912,6579.2114616,-3955.3959912,780.55078952,                 97P   1215
6675.2598672,-3978.6950224,800.1781024,6712.324084,                   97P   1216
-3987.0660104,807.3146432,6788.8242352,-4003.0487248,                 97P   1217
820.8459872,6865.797388,-4016.4500856,831.7276544,6905.4814784,       97P   1218
-4022.6414592,836.5315384,7000.4405328,-4035.73004,846.1737544,       97P   1219
7095.8301128,-4044.7409656,851.7525312,7151.6969,-4048.586928,        97P   1220
853.7617752,7207.2175088,-4050.9892232,854.6717496,7262.6812984,      97P   1221
-4051.973112,854.5777216,6310.8,-3869.6,600.,6368.970524,             97P   1222
-3890.7723392,600.,6427.1410472,-3910.425712,599.94990864,            97P   1223
6485.3115712,-3928.5561256,599.84514208,6580.4997008,                 97P   1224
-3955.7255928,599.57547048,6675.6878312,-3978.7959984,                97P   1225
599.12761064,6712.7054368,-3987.1468832,598.92481528,                 97P   1226
6789.3990488,-4003.1597752,598.44147408,6866.09266,                   97P   1227
-4016.4985208,597.81812864,6905.6972416,-4022.6715008,                97P   1228
597.45625752,7000.8370368,-4035.7794696,596.48388864,                 97P   1229
7095.976832,-4044.7501952,595.24486328,7151.7537128,                  97P   1230
-4048.5886448,594.41783608,7207.2175088,-4050.9892192,                97P   1231
593.4845392,7262.6812984,-4051.9731104,592.42738872,0.,               97P   1232
118.9549531,0.,102.3132198;                                           97P   1233
126,1,1,0,0,1,0,0.,0.,102.3132198,102.3132198,1.,1.,0.,               99P   1234
102.31321980000001,0.,0.,0.,0.,0.,102.3132198,0.,0.,0.,0,0;           99P   1235
126,1,1,0,0,1,0,-59.47747654,-59.47747654,59.47747654,               101P   1236
59.47747654,1.,1.,0.,0.,0.,118.9549531,0.,0.,-59.47747654,           101P   1237
59.47747654,0.,0.,0.,0,0;                                            101P   1238
126,1,1,0,0,1,0,0.,0.,102.3132198,102.3132198,1.,1.,118.9549531,     103P   1239
0.,0.,118.9549531,102.31321980000001,0.,0.,102.3132198,0.,0.,0.,     103P   1240
0,0;                                                                 103P   1241
126,1,1,0,0,1,0,0.,0.,118.9549531,118.9549531,1.,1.,118.9549531,     105P   1242
102.31321980000001,0.,0.,102.31321980000001,0.,0.,118.9549531,       105P   1243
0.,0.,0.,0,0;                                                        105P   1244
102,4,99,101,103,105;                                                107P   1245
126,30,5,0,0,1,0,0.,0.,0.,0.,0.,0.,1.,1.,1.,1.,1.,2.,2.,2.,2.,       109P   1246
2.,3.,3.,3.,3.,3.,4.,4.,4.,4.,4.,5.,5.,5.,5.,5.,6.,6.,6.,6.,6.,      109P   1247
6.,1.,1.,1.,1.,1.,1.,1.,1.,1.,1.,1.,1.,1.,1.,1.,1.,1.,1.,1.,1.,      109P   1248
1.,1.,1.,1.,1.,1.,1.,1.,1.,1.,1.,6310.8,-3869.6,600.,                109P   1249
6310.800000000004,-3869.599983161771,623.3181871238689,              109P   1250
6310.800000000002,-3867.7410034794616,646.8212112743156,             109P   1251
6310.799999999989,-3863.963709950738,670.2899248295997,              109P   1252
6310.800000000004,-3858.254643945337,693.4831699185967,              109P   1253
6310.800000000001,-3850.654930059773,716.1624700385372,              109P   1254
6310.7999999999965,-3843.0552703309622,738.841404837762,             109P   1255
6310.800000000001,-3833.5645356163764,761.0082205878475,             109P   1256
6310.800000000001,-3822.224290047596,782.4192064106924,              109P   1257
6310.799999999999,-3809.1276005058144,802.8471601685786,             109P   1258
6310.800000000001,-3794.4190366218413,822.0813884641728,             109P   1259
6310.800000000001,-3783.632670929669,836.1868824649829,              109P   1260
6310.800000000001,-3771.97883409319,849.6519837864145,               109P   1261
6310.800000000001,-3759.5144342184167,862.3952106332827,             109P   1262
6310.800000000003,-3746.307954081668,874.346033624549,               109P   1263
6310.799999999998,-3732.4394511295704,885.4448757933216,             109P   1264
6310.800000000008,-3714.7890986269394,899.5705963580817,             109P   1265
6310.799999999997,-3696.0636695954627,912.3176348185982,             109P   1266
6310.799999999995,-3676.4308866812407,923.5633269993184,             109P   1267
6310.800000000003,-3656.0726441546426,933.2236769725795,             109P   1268
6310.799999999998,-3635.185007910304,941.2533570586094,              109P   1269
6310.799999999999,-3623.2491079768406,945.8417799852903,             109P   1270
6310.800000000003,-3611.1398994121087,949.8978151498983,             109P   1271
6310.800000000002,-3598.8935770925236,953.4131654864393,             109P   1272
6310.7999999999965,-3586.5463164149655,956.3837890744935,6310.8,     109P   1273
-3574.134273296779,958.8098991392158,6310.799999999996,              109P   1274
-3560.1707529925543,961.5392937043282,6310.799999999999,             109P   1275
-3546.124942334558,963.5794353168139,6310.799999999999,              109P   1276
-3532.048434792258,964.9307721722757,6310.799999999997,              109P   1277
-3517.990883248599,965.5999875874088,6310.8,-3504.,965.6,0.,6.,      109P   1278
0.,0.,0.,0,0;                                                        109P   1279
126,20,5,0,0,1,0,0.,0.,0.,0.,0.,0.,1.,1.,1.,1.,1.,2.,2.,2.,2.,       111P   1280
2.,3.,3.,3.,3.,3.,4.,4.,4.,4.,4.,4.,1.,1.,1.,1.,1.,1.,1.,1.,1.,      111P   1281
1.,1.,1.,1.,1.,1.,1.,1.,1.,1.,1.,1.,6310.8,-3504.,965.6,             111P   1282
6368.970523793272,-3504.000000000001,986.7723329713358,              111P   1283
6427.141047456201,-3504.,1006.4257017389529,6485.311571102147,       111P   1284
-3503.999999999998,1024.5561592028605,6543.482094844475,             111P   1285
-3503.9999999999977,1041.1597582630689,6601.652618796544,-3504.,     111P   1286
1056.2325518195873,6638.670225026606,-3504.0000000000014,            111P   1287
1065.8243249437196,6675.687831039702,-3504.000000000001,             111P   1288
1074.7961815021054,6712.705436967579,-3503.9999999999995,            111P   1289
1083.1470935869677,6749.723042941981,-3503.999999999999,             111P   1290
1090.8760332905288,6786.7406490946505,-3504.0000000000005,           111P   1291
1097.981972705011,6826.416654654378,-3503.999999999999,              111P   1292
1105.5982202536702,6866.09266,-3503.999999999999,                    111P   1293
1112.4987703999982,6905.697241600004,-3504.0000000000077,            111P   1294
1118.6717376000036,6945.373247156019,-3503.999999999998,             111P   1295
1124.1381097397,6985.049252712034,-3504.,1128.8849563524723,         111P   1296
7040.5130423560095,-3503.999999999999,1135.520657157363,             111P   1297
7095.97683200003,-3503.9999999999995,1140.7502800000038,             111P   1298
7151.753712799969,-3504.0000000000005,1144.5886751999963,            111P   1299
7207.217508800013,-3504.0000000000005,1146.9892272000016,            111P   1300
7262.6812984,-3504.,1147.9731128,0.,4.,0.,0.,0.,0,0;                 111P   1301
126,64,4,0,0,1,0,0.,0.,0.,0.,0.,1.,1.,1.,1.,2.,2.,2.,2.,3.,3.,       113P   1302
3.,3.,4.,4.,4.,4.,5.,5.,5.,5.,6.,6.,6.,6.,7.,7.,7.,7.,8.,8.,8.,      113P   1303
8.,9.,9.,9.,9.,10.,10.,10.,10.,11.,11.,11.,11.,12.,12.,12.,12.,      113P   1304
13.,13.,13.,13.,14.,14.,14.,14.,15.,15.,15.,15.,16.,16.,16.,16.,     113P   1305
16.,1.,1.,1.,1.,1.,1.,1.,1.,1.,1.,1.,1.,1.,1.,1.,1.,1.,1.,1.,1.,     113P   1306
1.,1.,1.,1.,1.,1.,1.,1.,1.,1.,1.,1.,1.,1.,1.,1.,1.,1.,1.,1.,1.,      113P   1307
1.,1.,1.,1.,1.,1.,1.,1.,1.,1.,1.,1.,1.,1.,1.,1.,1.,1.,1.,1.,1.,      113P   1308
1.,1.,1.,7262.6812984,-3504.,1147.9731128,7262.681298399994,         113P   1309
-3523.265010745523,1147.9730447093536,7262.681298399999,             113P   1310
-3541.799863746898,1147.7332264170936,7262.681298400005,             113P   1311
-3559.6459761945357,1147.256476983162,7262.681298400002,             113P   1312
-3576.8447652788436,1146.5456154674991,7262.681298400006,            113P   1313
-3594.042885994416,1145.834570406977,7262.681298399997,              113P   1314
-3610.593157320721,1144.8892910702768,7262.681298399991,             113P   1315
-3626.5310043451364,1143.710933550396,7262.681298399999,             113P   1316
-3641.8918521550377,1142.3006539403323,7262.681298399998,            113P   1317
-3653.4121191432305,1141.2428331110686,7262.681298399999,            113P   1318
-3664.60742703262,1140.0544455357037,7262.681298400001,              113P   1319
-3675.4907680695123,1138.7353800305639,7262.6812984,                 113P   1320
-3686.0751345002154,1137.2855254119756,7262.6812984000035,           113P   1321
-3700.187349613551,1135.3522915592907,7262.681298400001,             113P   1322
-3713.7682459812754,1133.186626564855,7262.681298399997,             113P   1323
-3726.8448913815973,1130.786991392094,7262.681298399998,             113P   1324
-3739.444353592725,1128.1518470044339,7262.681298399982,             113P   1325
-3755.1933086891777,1124.8577856732766,7262.6812984000235,           113P   1326
-3770.1952500082307,1121.1951930000816,7262.6812983999935,           113P   1327
-3784.498680543696,1117.159520779669,7262.681298399999,              113P   1328
-3798.143731219217,1112.742581049533,7262.681298399985,              113P   1329
-3811.788773723806,1108.3256428799934,7262.681298400015,             113P   1330
-3824.7755117875668,1103.5274289005126,7262.681298399995,            113P   1331
-3837.1440212048287,1098.3397692370218,7262.6812984,                 113P   1332
-3848.9273717480132,1092.750730792097,7262.6812983999935,            113P   1333
-3865.4240554551516,1084.9260801600385,7262.68129840001,             113P   1334
-3880.773951841266,1076.314690614151,7262.681298399998,              113P   1335
-3895.067616307364,1066.8839214014224,7262.6812984,                  113P   1336
-3908.3730360976397,1056.5855596289493,7262.681298399996,            113P   1337
-3923.579237877293,1044.816015893357,7262.68129840001,               113P   1338
-3937.4950526716116,1031.9130453849436,7262.681298399989,            113P   1339
-3950.2221435005295,1017.8049235646657,7262.681298399999,            113P   1340
-3961.831257228963,1002.3885824993616,7262.681298399996,             113P   1341
-3974.8914959832355,985.0452914890184,7262.681298400009,             113P   1342
-3986.537207562082,966.0454745769122,7262.681298399991,              113P   1343
-3996.869175236973,945.2435108836032,7262.681298400001,              113P   1344
-4005.9468770779126,922.4292382116815,7262.681298399995,             113P   1345
-4009.477056551481,913.5569059486755,7262.681298399999,              113P   1346
-4012.8177413308454,904.3805391755664,7262.681298400003,             113P   1347
-4015.972016227102,894.8867936613022,7262.681298400001,              113P   1348
-4018.942966051345,885.0623251748317,7262.681298399997,              113P   1349
-4021.065034387298,878.0447658448177,7262.6812984,                   113P   1350
-4023.093514393553,870.8583617652955,7262.681298400002,              113P   1351
-4025.0292697295063,863.4976833008014,7262.681298399999,             113P   1352
-4026.8731640545566,855.9573008158712,7262.681298399997,             113P   1353
-4029.085789923033,846.908725644003,7262.681298400001,               113P   1354
-4031.1661485219283,837.6014250156359,7262.681298400003,             113P   1355
-4033.1152871478066,828.0249271818379,7262.681298399999,             113P   1356
-4034.9342530972294,818.1687603936776,7262.681298399998,             113P   1357
-4036.753167330617,808.3124523487434,7262.681298400001,              113P   1358
-4038.4419094623663,798.1764971712871,7262.681298400002,             113P   1359
-4040.00106158771,787.7491526226082,7262.6812984,                    113P   1360
-4041.431205801881,777.018676464006,7262.681298399998,               113P   1361
-4043.0996092019996,764.499484178061,7262.681298399999,              113P   1362
-4044.5925022527217,751.5679917395937,7262.681298399999,             113P   1363
-4045.9099638687203,738.2029779353829,7262.681298400001,             113P   1364
-4047.0520729646705,724.383221552207,7262.681298399995,              113P   1365
-4048.194074743573,710.5630984836439,7262.681298399999,              113P   1366
-4049.160795174195,696.2885183362185,7262.6812984000035,             113P   1367
-4049.9514041626608,681.5351890558521,7262.681298399999,             113P   1368
-4050.565071615094,666.2788185884659,7262.6812984,                   113P   1369
-4051.2662964187894,648.8425591458627,7262.681298400001,             113P   1370
-4051.736494045726,630.749620004852,7262.681298400001,               113P   1371
-4051.972990153573,611.9584226885318,7262.6812984,-4051.9731104,     113P   1372
592.42738872,0.,16.,0.,0.,0.,0,0;                                    113P   1373
126,20,5,0,0,1,0,0.,0.,0.,0.,0.,0.,1.,1.,1.,1.,1.,2.,2.,2.,2.,       115P   1374
2.,3.,3.,3.,3.,3.,4.,4.,4.,4.,4.,4.,1.,1.,1.,1.,1.,1.,1.,1.,1.,      115P   1375
1.,1.,1.,1.,1.,1.,1.,1.,1.,1.,1.,1.,7262.6812984,-4051.9731104,      115P   1376
592.42738872,7207.217508800003,-4050.989219200003,                   115P   1377
593.4845392000002,7151.753712799997,-4048.588644799994,              115P   1378
594.4178360799997,7095.976832000007,-4044.750195200007,              115P   1379
595.244863280001,7040.513042356007,-4039.520517791227,               115P   1380
595.9671797595132,6985.049252712034,-4032.8847743831298,             115P   1381
596.5988714940227,6945.373247156021,-4028.1378972941725,             115P   1382
597.0507519899094,6905.697241599992,-4022.671500799981,              115P   1383
597.4562575199973,6866.09266000001,-4016.4985208000194,              115P   1384
597.8181286400041,6826.416654654367,-4009.597970239797,              115P   1385
598.1406047448861,6786.7406490946505,-4001.981733410758,             115P   1386
598.4256112811144,6749.72304294198,-3994.875803755302,               115P   1387
598.691471586126,6712.705436967577,-3987.146884221129,               115P   1388
598.9248540520064,6675.6878310397005,-3978.7959991528496,            115P   1389
599.1276450222288,6638.670225026605,-3969.824172895078,              115P   1390
599.3017308402669,6601.652618796544,-3960.232429792427,              115P   1391
599.4489978495943,6543.4820949112,-3945.1596863897676,               115P   1392
599.6803375452673,6485.31157102844,-3928.556132484192,               115P   1393
599.845156461884,6427.1410474007,-3910.4257039467957,                115P   1394
599.9498918159101,6368.970523896411,-3890.7723433564897,             115P   1395
600.0000086834007,6310.8,-3869.6,600.,0.,4.,0.,0.,0.,0,0;            115P   1396
102,4,109,111,113,115;                                               117P   1397
142,0,97,107,117,1,0,0;                                              119P   1398
406,1,6HJoin.1;                                                      121P   1399
144,97,1,0,119,0,1,121;                                              123P   1400
128,14,5,5,5,0,0,0,0,0,0.,0.,0.,0.,0.,0.,36.35657736,                125P   1401
36.35657736,36.35657736,59.49258113,59.49258113,59.49258113,         125P   1402
84.29008459,84.29008459,84.29008459,118.9549531,118.9549531,         125P   1403
118.9549531,118.9549531,118.9549531,118.9549531,0.,0.,0.,0.,0.,      125P   1404
0.,102.3132198,102.3132198,102.3132198,102.3132198,102.3132198,      125P   1405
102.3132198,1.,1.,1.,1.,1.,1.,1.,1.,1.,1.,1.,1.,1.,1.,1.,            125P   1406
0.9391036258,0.9518866968,0.9651320226,0.9787335229,1.001068241,     125P   1407
1.021554087,1.029058452,1.043153742,1.053847142,1.058340115,         125P   1408
1.066919299,1.07102799,1.072322273,1.072871561,1.072871561,          125P   1409
0.9109731689,0.9291747221,0.9482897958,0.968202854,1.001424695,      125P   1410
1.032563457,1.044069251,1.065832983,1.082558144,1.089624231,         125P   1411
1.103157663,1.109694154,1.111752297,1.112626257,1.112626257,         125P   1412
0.9109731689,0.9291747221,0.9482897958,0.968202854,1.001424695,      125P   1413
1.032563457,1.044069251,1.065832983,1.082558144,1.089624231,         125P   1414
1.103157663,1.109694154,1.111752297,1.112626257,1.112626257,         125P   1415
0.9391036258,0.9518866968,0.9651320226,0.9787335229,1.001068241,     125P   1416
1.021554087,1.029058452,1.043153742,1.053847142,1.058340115,         125P   1417
1.066919299,1.07102799,1.072322273,1.072871561,1.072871561,1.,       125P   1418
1.,1.,1.,1.,1.,1.,1.,1.,1.,1.,1.,1.,1.,1.,6310.8,-3504.,965.6,       125P   1419
6368.970524,-3504.,986.7723392,6427.1410472,-3504.,1006.4256968,     125P   1420
6485.3115712,-3504.,1024.5561552,6580.4997008,-3504.,                125P   1421
1051.7256968,6675.6878312,-3504.,1074.7961808,6712.7054368,          125P   1422
-3504.,1083.1470928,6789.3990488,-3504.,1099.1600256,6866.09266,     125P   1423
-3504.,1112.4987704,6905.6972416,-3504.,1118.6717376,                125P   1424
7000.8370368,-3504.,1131.779648,7095.976832,-3504.,1140.75028,       125P   1425
7151.7537128,-3504.,1144.5886752,7207.2175088,-3504.,                125P   1426
1146.9892272,7262.6812984,-3504.,1147.9731128,6310.8,                125P   1427
-3384.8148032,965.6,6368.1893408,-3371.8201392,986.488012,           125P   1428
6425.92964,-3358.4542984,1006.0257392,6484.0742208,                  125P   1429
-3344.9172672,1024.193932,6579.2114616,-3323.1924216,                125P   1430
1051.3960072,6675.2598672,-3303.317336,1074.6949664,6712.324084,     125P   1431
-3296.0718648,1083.0659184,6788.8242352,-3282.2860992,               125P   1432
1099.04856,6865.797388,-3271.0809216,1112.4498792,6905.4814784,      125P   1433
-3266.0904416,1118.6412488,7000.4405328,-3255.9485664,               125P   1434
1131.729868,7095.8301128,-3249.7273864,1140.7409,7151.6969,          125P   1435
-3247.2870136,1144.586932,7207.2175088,-3245.8872976,                125P   1436
1146.9892264,7262.6812984,-3245.4230232,1147.9731128,6310.8,         125P   1437
-3272.2977112,918.5813768,6367.8310248,-3253.4517624,939.185,        125P   1438
6425.3541784,-3234.7652832,958.92288,6483.458536,-3216.4438248,      125P   1439
977.6859056,6578.5559056,-3187.9188232,1006.1753856,                 125P   1440
6675.0422848,-3162.525776,1030.9566008,6712.1259608,                 125P   1441
-3153.3840288,1039.8350616,6788.52588,-3136.0601752,                 125P   1442
1056.6909568,6865.6417,-3121.854376,1070.6850664,6905.366828,        125P   1443
-3115.4619552,1077.0693704,7000.2310416,-3102.3252816,               125P   1444
1090.376864,7095.750572,-3093.8856272,1099.2660232,7151.6664968,     125P   1445
-3090.4605472,1102.9642472,7207.2175088,-3088.4222656,               125P   1446
1105.2012552,7262.6812984,-3087.6747536,1106.0310496,6310.8,         125P   1447
-3185.4186232,831.7022888,6367.8310248,-3164.815,850.5482376,        125P   1448
6425.3541784,-3145.0709288,869.2170856,6483.458536,                  125P   1449
-3126.2964104,887.5048096,6578.5559056,-3097.781068,915.9516768,     125P   1450
6675.0422848,-3072.9626384,941.2284064,6712.1259608,                 125P   1451
-3064.068316,950.3200584,6788.52588,-3047.1762184,967.5286088,       125P   1452
6865.6417,-3033.1370864,981.5895352,6905.366828,-3026.726992,        125P   1453
987.8987552,7000.2310416,-3013.3505624,1000.8129768,7095.750572,     125P   1454
-3004.3719608,1008.9647688,7151.6664968,-3000.6132432,               125P   1455
1012.1957704,7207.2175088,-2998.306848,1014.0124264,                 125P   1456
7262.6812984,-2997.3972416,1014.505964,6310.8,-3138.4,               125P   1457
719.18519648,6368.1893408,-3117.511988,732.17986088,6425.92964,      125P   1458
-3097.9742448,745.51285144,6484.0742208,-3079.8060944,               125P   1459
758.98446912,6579.2114616,-3052.6040088,780.55078952,                125P   1460
6675.2598672,-3029.3049776,800.1781024,6712.324084,                  125P   1461
-3020.9339896,807.3146432,6788.8242352,-3004.9512752,                125P   1462
820.8459872,6865.797388,-2991.5499144,831.7276544,6905.4814784,      125P   1463
-2985.3585408,836.5315384,7000.4405328,-2972.26996,846.1737544,      125P   1464
7095.8301128,-2963.2590344,851.7525312,7151.6969,-2959.413072,       125P   1465
853.7617752,7207.2175088,-2957.0107768,854.6717496,7262.6812984,     125P   1466
-2956.026888,854.5777216,6310.8,-3138.4,600.,6368.970524,            125P   1467
-3117.2276608,600.,6427.1410472,-3097.574288,599.94990864,           125P   1468
6485.3115712,-3079.4438744,599.84514208,6580.4997008,                125P   1469
-3052.2744072,599.57547048,6675.6878312,-3029.2040016,               125P   1470
599.12761064,6712.7054368,-3020.8531168,598.92481528,                125P   1471
6789.3990488,-3004.8402248,598.44147408,6866.09266,                  125P   1472
-2991.5014792,597.81812864,6905.6972416,-2985.3284992,               125P   1473
597.45625752,7000.8370368,-2972.2205304,596.48388864,                125P   1474
7095.976832,-2963.2498048,595.24486328,7151.7537128,                 125P   1475
-2959.4113552,594.41783608,7207.2175088,-2957.0107808,               125P   1476
593.4845392,7262.6812984,-2956.0268896,592.42738872,0.,              125P   1477
118.9549531,0.,102.3132198;                                          125P   1478
126,1,1,0,0,1,0,0.,0.,118.9549531,118.9549531,1.,1.,0.,0.,0.,        127P   1479
118.9549531,0.,0.,0.,118.9549531,0.,0.,0.,0,0;                       127P   1480
126,1,1,0,0,1,0,0.,0.,102.3132198,102.3132198,1.,1.,118.9549531,     129P   1481
0.,0.,118.9549531,102.3132198,0.,0.,102.3132198,0.,0.,0.,0,0;        129P   1482
126,1,1,0,0,1,0,-59.47747654,-59.47747654,59.47747654,               131P   1483
59.47747654,1.,1.,118.9549531,102.3132198,0.,0.,102.3132198,0.,      131P   1484
-59.47747654,59.47747654,0.,0.,0.,0,0;                               131P   1485
126,1,1,0,0,1,0,0.,0.,102.3132198,102.3132198,1.,1.,0.,              133P   1486
102.3132198,0.,0.,0.,0.,0.,102.3132198,0.,0.,0.,0,0;                 133P   1487
102,4,127,129,131,133;                                               135P   1488
126,20,5,0,0,1,0,0.,0.,0.,0.,0.,0.,1.,1.,1.,1.,1.,2.,2.,2.,2.,       137P   1489
2.,3.,3.,3.,3.,3.,4.,4.,4.,4.,4.,4.,1.,1.,1.,1.,1.,1.,1.,1.,1.,      137P   1490
1.,1.,1.,1.,1.,1.,1.,1.,1.,1.,1.,1.,6310.8,-3504.,965.6,             137P   1491
6368.970523793269,-3503.9999999999995,986.7723329713356,             137P   1492
6427.1410474562,-3503.999999999999,1006.4257017389527,               137P   1493
6485.311571102149,-3503.999999999999,1024.5561592028607,             137P   1494
6543.482094844478,-3503.999999999999,1041.1597582630693,             137P   1495
6601.652618796544,-3504.,1056.2325518195873,6638.670225026606,       137P   1496
-3504.000000000002,1065.8243249437194,6675.687831039701,             137P   1497
-3504.000000000001,1074.7961815021054,6712.705436967577,             137P   1498
-3503.9999999999995,1083.147093586968,6749.723042941978,             137P   1499
-3503.999999999999,1090.876033290529,6786.7406490946505,             137P   1500
-3504.0000000000005,1097.981972705011,6826.416654654374,             137P   1501
-3503.9999999999973,1105.5982202536704,6866.092659999993,            137P   1502
-3504.0000000000064,1112.4987703999986,6905.697241600008,            137P   1503
-3503.9999999999955,1118.6717376000015,6945.373247156016,            137P   1504
-3503.9999999999995,1124.138109739701,6985.049252712034,-3504.,      137P   1505
1128.8849563524723,7040.513042356016,-3503.9999999999964,            137P   1506
1135.5206571573622,7095.976832000001,-3504.000000000007,             137P   1507
1140.7502800000038,7151.753712800002,-3503.9999999999964,            137P   1508
1144.5886751999983,7207.217508799997,-3503.999999999999,             137P   1509
1146.9892271999997,7262.6812984,-3504.,1147.9731128,0.,4.,0.,0.,     137P   1510
0.,0,0;                                                              137P   1511
126,64,4,0,0,1,0,0.,0.,0.,0.,0.,1.,1.,1.,1.,2.,2.,2.,2.,3.,3.,       139P   1512
3.,3.,4.,4.,4.,4.,5.,5.,5.,5.,6.,6.,6.,6.,7.,7.,7.,7.,8.,8.,8.,      139P   1513
8.,9.,9.,9.,9.,10.,10.,10.,10.,11.,11.,11.,11.,12.,12.,12.,12.,      139P   1514
13.,13.,13.,13.,14.,14.,14.,14.,15.,15.,15.,15.,16.,16.,16.,16.,     139P   1515
16.,1.,1.,1.,1.,1.,1.,1.,1.,1.,1.,1.,1.,1.,1.,1.,1.,1.,1.,1.,1.,     139P   1516
1.,1.,1.,1.,1.,1.,1.,1.,1.,1.,1.,1.,1.,1.,1.,1.,1.,1.,1.,1.,1.,      139P   1517
1.,1.,1.,1.,1.,1.,1.,1.,1.,1.,1.,1.,1.,1.,1.,1.,1.,1.,1.,1.,1.,      139P   1518
1.,1.,1.,7262.6812984,-3504.,1147.9731128,7262.681298399995,         139P   1519
-3484.73519242993,1147.9729907710189,7262.681298399997,              139P   1520
-3466.200136842145,1147.733226340291,7262.681298400001,              139P   1521
-3448.3538215135777,1147.2565308062924,7262.681298400003,            139P   1522
-3431.155234721158,1146.5456154674991,7262.681298399997,             139P   1523
-3416.1068229626394,1145.9234674736786,7262.681298399998,            139P   1524
-3401.5545954663694,1145.1219327401402,7262.681298400001,            139P   1525
-3387.4745913018496,1144.1418528313015,7262.681298400001,            139P   1526
-3373.8428495385824,1142.9840693115796,7262.681298399995,            139P   1527
-3360.211469462426,1141.8261769917824,7262.681298400003,             139P   1528
-3347.0286333959893,1140.4905089058177,7262.681298400008,            139P   1529
-3334.2734093911504,1138.9769850478328,7262.681298399999,            139P   1530
-3321.924865499784,1137.2855254119756,7262.681298400001,             139P   1531
-3311.34065584846,1135.8356175470535,7262.681298400003,              139P   1532
-3301.05544583797,1134.254918973192,7262.681298400003,               139P   1533
-3291.057653287376,1132.5428395506842,7262.6812984,                  139P   1534
-3281.3356960157357,1130.6987891398226,7262.681298399994,            139P   1535
-3271.613878075405,1128.8546862982507,7262.681298399999,             139P   1536
-3262.1679169384106,1126.8786118855717,7262.681298400003,            139P   1537
-3252.9874835956043,1124.7695041320405,7262.6812984,                 139P   1538
-3244.062249037835,1122.5263012679122,7262.681298399996,             139P   1539
-3236.6246490781687,1120.6569255681973,7262.681298399998,            139P   1540
-3229.364303604022,1118.6944194027571,7262.681298400001,             139P   1541
-3222.275856990961,1116.6379071768931,7262.681298399999,             139P   1542
-3215.353953614549,1114.4865132959064,7262.681298399998,             139P   1543
-3205.6634019013527,1111.4745069602502,7262.681298399999,            139P   1544
-3196.2990650949723,1108.2766421279766,7262.681298399999,            139P   1545
-3187.247780858768,1104.8897913577473,7262.681298399999,             139P   1546
-3178.496386856097,1101.3108272082225,7262.6812984000135,            139P   1547
-3155.9930942473666,1092.1076777105927,7262.681298399988,            139P   1548
-3135.474680951638,1081.6329292962232,7262.6812984000035,            139P   1549
-3116.733849479776,1069.826281945172,7262.681298399999,              139P   1550
-3099.62696390236,1056.585559628949,7262.681298400001,               139P   1551
-3084.420762122707,1044.8160158933565,7262.681298400005,             139P   1552
-3070.504947328394,1031.913045384945,7262.6812983999935,             139P   1553
-3057.777856499463,1017.8049235646661,7262.681298400002,             139P   1554
-3046.1687427710367,1002.3885824993619,7262.681298399995,            139P   1555
-3036.0107574048243,988.8992909276542,7262.681298400002,             139P   1556
-3026.7085384962434,974.4080978191042,7262.681298399999,             139P   1557
-3018.2145303402885,958.8460763924244,7262.681298400001,             139P   1558
-3010.4965371097032,942.1214198333845,7262.681298399996,             139P   1559
-3004.983682554034,930.1752314692262,7262.681298400009,              139P   1560
-2999.8667356109922,917.6357977381542,7262.681298399992,             139P   1561
-2995.1339258430417,904.469591866346,7262.6812984,                   139P   1562
-2990.7771947400847,890.6359842395855,7262.681298399997,             139P   1563
-2986.420462097798,876.8023683289898,7262.681298400008,              139P   1564
-2982.439799933424,862.3012742021025,7262.6812983999935,             139P   1565
-2978.82713189492,847.0920163536488,7262.6812984,                    139P   1566
-2975.5779717746846,831.125421511862,7262.6812984,                   139P   1567
-2972.9787469289204,818.3518433844672,7262.681298400001,             139P   1568
-2970.6118210891254,805.0944877248492,7262.681298400001,             139P   1569
-2968.4756761979693,791.3259126967736,7262.681298400001,             139P   1570
-2966.5687941981196,777.0186764640063,7262.681298400001,             139P   1571
-2965.1387025044914,766.2880413594459,7262.681298399999,             139P   1572
-2963.8376171482932,755.2543000255739,7262.681298399997,             139P   1573
-2962.665428461768,743.9042806721902,7262.6812984,                   139P   1574
-2961.6220267771596,732.2248115090946,7262.6812984,                  139P   1575
-2960.230970673736,716.6516873359644,7262.681298399999,              139P   1576
-2959.068675350227,700.4935902166203,7262.681298399998,              139P   1577
-2958.1362811421213,683.7146055133562,7262.6812984,                  139P   1578
-2957.434928384905,666.2788185884663,7262.681298399998,              139P   1579
-2956.73375667069,648.8423540584356,7262.681298399997,               139P   1580
-2956.2635058785163,630.7496206020375,7262.681298399997,             139P   1581
-2956.0269566433108,611.9586286717372,7262.6812984,                  139P   1582
-2956.0268896,592.42738872,0.,16.,0.,0.,0.,0,0;                      139P   1583
126,20,5,0,0,1,0,0.,0.,0.,0.,0.,0.,1.,1.,1.,1.,1.,2.,2.,2.,2.,       141P   1584
2.,3.,3.,3.,3.,3.,4.,4.,4.,4.,4.,4.,1.,1.,1.,1.,1.,1.,1.,1.,1.,      141P   1585
1.,1.,1.,1.,1.,1.,1.,1.,1.,1.,1.,1.,7262.6812984,-2956.0268896,      141P   1586
592.42738872,7207.217508800012,-2957.010780799998,                   141P   1587
593.4845392000003,7151.753712799972,-2959.4113552000003,             141P   1588
594.4178360799988,7095.976832000022,-2963.2498047999998,             141P   1589
595.244863280001,7040.513042356007,-2968.4794822087674,              141P   1590
595.9671797595138,6985.049252712036,-2975.1152256168707,             141P   1591
596.598871494023,6945.373247156007,-2979.862102705827,               141P   1592
597.050751989907,6905.6972416000135,-2985.328499200011,              141P   1593
597.4562575200023,6866.092659999989,-2991.5014791999934,             141P   1594
597.8181286399986,6826.416654654384,-2998.402029760194,              141P   1595
598.1406047448888,6786.7406490946505,-3006.0182665892426,            141P   1596
598.4256112811144,6749.723042941978,-3013.1241962446957,             141P   1597
598.691471586126,6712.705436967577,-3020.85311577887,                141P   1598
598.9248540520064,6675.687831039701,-3029.2040008471504,             141P   1599
599.1276450222288,6638.670225026606,-3038.1758271049234,             141P   1600
599.3017308402669,6601.652618796544,-3047.767570207574,              141P   1601
599.4489978495943,6543.482094952475,-3062.840315266334,              141P   1602
599.6803340854748,6485.311570999301,-3079.4438663467954,             141P   1603
599.8451589040901,6427.141047371562,-3097.5742948841907,             141P   1604
599.9498942581167,6368.970523937689,-3117.2276582996096,             141P   1605
600.0000052236089,6310.8,-3138.4,600.,0.,4.,0.,0.,0.,0,0;            141P   1606
126,30,5,0,0,1,0,0.,0.,0.,0.,0.,0.,1.,1.,1.,1.,1.,2.,2.,2.,2.,       143P   1607
2.,3.,3.,3.,3.,3.,4.,4.,4.,4.,4.,5.,5.,5.,5.,5.,6.,6.,6.,6.,6.,      143P   1608
6.,1.,1.,1.,1.,1.,1.,1.,1.,1.,1.,1.,1.,1.,1.,1.,1.,1.,1.,1.,1.,      143P   1609
1.,1.,1.,1.,1.,1.,1.,1.,1.,1.,1.,6310.8,-3138.4,600.,                143P   1610
6310.799999999999,-3138.4000124125914,613.9908832110352,             143P   1611
6310.7999999999965,-3139.0692278277247,628.048434725808,             143P   1612
6310.799999999999,-3140.4205646831842,642.1249422465567,             143P   1613
6310.800000000005,-3142.4607062955997,656.170752889117,6310.8,       143P   1614
-3145.1901008604527,670.1342731829221,6310.799999999998,             143P   1615
-3147.616210924942,682.5463162918502,6310.799999999999,              143P   1616
-3150.5868345126264,694.8935769641053,6310.800000000001,             143P   1617
-3154.1021848485702,707.1398992815897,6310.800000000001,             143P   1618
-3158.158220012263,719.2491078467517,6310.799999999999,              143P   1619
-3162.746642937619,731.1850077825856,6310.799999999999,              143P   1620
-3170.7763230213277,752.0726440310747,6310.7999999999965,            143P   1621
-3180.4366729910394,772.4308865677907,6310.799999999999,             143P   1622
-3191.682365166422,792.0636694950124,6310.800000000004,              143P   1623
-3204.4294036195597,810.7890985402344,6310.799999999999,             143P   1624
-3218.55512417495,828.439451056168,6310.800000000003,                143P   1625
-3229.6539663363715,842.3079540187165,6310.800000000001,             143P   1626
-3241.604789319115,855.5144341656159,6310.799999999997,              143P   1627
-3254.348016156341,867.9788340496744,6310.799999999996,              143P   1628
-3267.813117467365,879.6326708942707,6310.800000000001,              143P   1629
-3281.918611457657,890.4190365933533,6310.799999999999,              143P   1630
-3301.1528397389043,905.127600486766,6310.799999999999,              143P   1631
-3321.5807934822396,918.2242900356712,6310.800000000002,             143P   1632
-3342.9917792919664,929.5645356092894,6310.800000000003,             143P   1633
-3365.158595033244,939.0552703268147,6310.799999999999,              143P   1634
-3387.837529832087,946.6549300574152,6310.800000000007,              143P   1635
-3410.516829951655,954.2546439447574,6310.799999999992,              143P   1636
-3433.710075048681,959.9637099507457,6310.799999999987,              143P   1637
-3457.1787886245834,963.7410034794627,6310.800000000015,             143P   1638
-3480.681812813521,965.5999831617679,6310.8,-3504.,965.6,0.,6.,      143P   1639
0.,0.,0.,0,0;                                                        143P   1640
102,4,137,139,141,143;                                               145P   1641
142,0,125,135,145,1,0,0;                                             147P   1642
406,1,6HJoin.1;                                                      149P   1643
144,125,1,0,147,0,1,149;                                             151P   1644
128,5,5,5,5,0,0,0,0,0,0.,0.,0.,0.,0.,0.,6.014837738,6.014837738,     153P   1645
6.014837738,6.014837738,6.014837738,6.014837738,0.,0.,0.,0.,0.,      153P   1646
0.,102.3132198,102.3132198,102.3132198,102.3132198,102.3132198,      153P   1647
102.3132198,1.,1.,1.,1.,1.,1.,1.072871561,1.072871561,               153P   1648
1.072871445,1.072871215,1.072870865,1.072870394,1.112626257,         153P   1649
1.112626257,1.112626074,1.112625707,1.112625149,1.1126244,           153P   1650
1.112626257,1.112626257,1.112626074,1.112625707,1.112625149,         153P   1651
1.1126244,1.072871561,1.072871561,1.072871445,1.072871215,           153P   1652
1.072870865,1.072870394,1.,1.,1.,1.,1.,1.,7262.6812984,-3504.,       153P   1653
1147.9731128,7272.3050384,-3504.,1148.1438304,7281.9287792,          153P   1654
-3504.,1148.2718984,7291.5525064,-3504.,1148.357292,7301.17626,      153P   1655
-3504.,1148.4,7310.8,-3504.,1148.4,7262.6812984,-3245.4230232,       153P   1656
1147.9731128,7272.3050384,-3245.3424648,1148.1438304,                153P   1657
7281.9287848,-3245.2820896,1148.2718968,7291.5525144,                153P   1658
-3245.241908,1148.357292,7301.176264,-3245.2219216,1148.4,           153P   1659
7310.8,-3245.2221496,1148.4,7262.6812984,-3087.6747536,              153P   1660
1106.0310496,7272.3050384,-3087.5450496,1106.1750304,                153P   1661
7281.9287768,-3087.4477984,1106.27928,7291.5525144,-3087.383,        153P   1662
1106.3437736,7301.1762664,-3087.3506928,1106.3684952,7310.8,         153P   1663
-3087.3508744,1106.3534152,7262.6812984,-2997.3972416,               153P   1664
1014.505964,7272.3050384,-2997.239412,1014.5915992,7281.9287768,     153P   1665
-2997.1210232,1014.6438896,7291.5525144,-2997.0421232,               153P   1666
1014.6628032,7301.1762664,-2997.0026896,1014.6483056,7310.8,         153P   1667
-2997.0027616,1014.600368,7262.6812984,-2956.026888,854.5777216,     153P   1668
7272.3050384,-2955.8561696,854.5614064,7281.9287848,                 153P   1669
-2955.7281048,854.5229376,7291.5525144,-2955.6427088,                153P   1670
854.4622752,7301.176264,-2955.6,854.3793624,7310.8,-2955.6,          153P   1671
854.2741568,7262.6812984,-2956.0268896,592.42738872,                 153P   1672
7272.3050384,-2955.8561704,592.2439584,7281.9287792,                 153P   1673
-2955.7281048,592.05679752,7291.5525064,-2955.6427064,               153P   1674
591.86584464,7301.17626,-2955.6,591.67101656,7310.8,-2955.6,         153P   1675
591.47224912,0.,6.014837738,0.,102.3132198;                          153P   1676
126,1,1,0,0,1,0,0.,0.,6.014837738,6.014837738,1.,1.,0.,0.,0.,        155P   1677
6.014837738000001,0.,0.,0.,6.014837738,0.,0.,0.,0,0;                 155P   1678
126,1,1,0,0,1,0,0.,0.,102.3132198,102.3132198,1.,1.,                 157P   1679
6.014837738000001,0.,0.,6.014837738000001,102.3132198,0.,0.,         157P   1680
102.3132198,0.,0.,0.,0,0;                                            157P   1681
126,1,1,0,0,1,0,-3.007418869,-3.007418869,3.007418869,               159P   1682
3.007418869,1.,1.,6.014837738000001,102.3132198,0.,0.,               159P   1683
102.3132198,0.,-3.007418869,3.007418869,0.,0.,0.,0,0;                159P   1684
126,1,1,0,0,1,0,0.,0.,102.3132198,102.3132198,1.,1.,0.,              161P   1685
102.3132198,0.,0.,0.,0.,0.,102.3132198,0.,0.,0.,0,0;                 161P   1686
102,4,155,157,159,161;                                               163P   1687
126,2,2,0,0,1,0,0.,0.,0.,1.,1.,1.,1.,1.,1.,7262.6812984,-3504.,      165P   1688
1147.9731128,7286.740640465843,-3504.,1148.3999591484228,7310.8,     165P   1689
-3504.,1148.4,0.,1.,0.,0.,0.,0,0;                                    165P   1690
126,64,4,0,0,1,0,0.,0.,0.,0.,0.,1.,1.,1.,1.,2.,2.,2.,2.,3.,3.,       167P   1691
3.,3.,4.,4.,4.,4.,5.,5.,5.,5.,6.,6.,6.,6.,7.,7.,7.,7.,8.,8.,8.,      167P   1692
8.,9.,9.,9.,9.,10.,10.,10.,10.,11.,11.,11.,11.,12.,12.,12.,12.,      167P   1693
13.,13.,13.,13.,14.,14.,14.,14.,15.,15.,15.,15.,16.,16.,16.,16.,     167P   1694
16.,1.,1.,1.,1.,1.,1.,1.,1.,1.,1.,1.,1.,1.,1.,1.,1.,1.,1.,1.,1.,     167P   1695
1.,1.,1.,1.,1.,1.,1.,1.,1.,1.,1.,1.,1.,1.,1.,1.,1.,1.,1.,1.,1.,      167P   1696
1.,1.,1.,1.,1.,1.,1.,1.,1.,1.,1.,1.,1.,1.,1.,1.,1.,1.,1.,1.,1.,      167P   1697
1.,1.,1.,7310.8,-3504.,1148.4,7310.799999999995,                     167P   1698
-3484.7202476668235,1148.3998776691978,7310.799999999996,            167P   1699
-3466.170808050924,1148.159516130474,7310.799999999998,              167P   1700
-3448.3106383335453,1147.6816333922657,7310.8,                       167P   1701
-3431.098695695934,1146.9689474630095,7310.800000000004,             167P   1702
-3416.0385978368513,1146.3452499623859,7310.7999999999965,           167P   1703
-3401.4750661372054,1145.5417189131958,7310.799999999991,            167P   1704
-3387.384121472632,1144.5591979633678,7310.799999999999,             167P   1705
-3373.741784718766,1143.3985307608295,7310.800000000002,             167P   1706
-3360.099809924027,1142.2377544889605,7310.799999999999,             167P   1707
-3346.9067248596166,1140.8987596306117,7310.799999999997,            167P   1708
-3334.141581662101,1139.3814659826787,7310.800000000001,             167P   1709
-3321.783432468044,1137.6857933420577,7310.800000000003,             167P   1710
-3311.1909898934246,1136.2322741189967,7310.799999999999,            167P   1711
-3300.8977777337886,1134.647638405395,7310.799999999995,             167P   1712
-3290.8922049912167,1132.9312946012049,7310.8,                       167P   1713
-3281.162680667787,1131.0826511063785,7310.799999999995,             167P   1714
-3271.43329578086,1129.2339550510417,7310.799999999997,              167P   1715
-3261.9799808534917,1127.252958720879,7310.8,                        167P   1716
-3252.7923990057066,1125.1385977182103,7310.8,                       167P   1717
-3243.8602133575314,1122.8898076453556,7310.799999999995,            167P   1718
-3236.416820894745,1121.015775839392,7310.8,-3229.150820035844,      167P   1719
1119.0483816293809,7310.800000000005,-3222.0568510717258,            167P   1720
1116.9867472533213,7310.8,-3215.1295542932885,                       167P   1721
1114.8299949492111,7310.800000000003,-3205.431451902872,             167P   1722
1111.8104866852786,7310.799999999999,-3196.059817000246,             167P   1723
1108.604657100949,7310.799999999995,-3187.0014772017885,             167P   1724
1105.209371013569,7310.8,-3178.243260123879,1101.6214932404846,      167P   1725
7310.7999999999865,-3155.7224226852413,1092.3954227516472,           167P   1726
7310.800000000027,-3135.1880032886825,1081.8945874553021,            167P   1727
7310.79999999998,-3116.4325461093217,1070.058538064512,              167P   1728
7310.800000000003,-3099.3123052697447,1056.784845673277,             167P   1729
7310.800000000005,-3084.094232085138,1044.9859951728636,             167P   1730
7310.799999999989,-3070.167549220981,1032.0508978984124,             167P   1731
7310.800000000007,-3057.430515851915,1017.9076517974169,7310.8,      167P   1732
-3045.812330899449,1002.4529339497749,7310.800000000003,             167P   1733
-3035.646408204068,988.930062710348,7310.79999999999,                167P   1734
-3026.3369189290092,974.402799009484,7310.80000000001,               167P   1735
-3017.8362709298463,958.8020455406299,7310.799999999999,             167P   1736
-3010.1122436945666,942.0357684714643,7310.800000000002,             167P   1737
-3004.5950791338537,930.0598511589495,7310.800000000008,             167P   1738
-2999.474131273265,917.489214613706,7310.79999999999,                167P   1739
-2994.737620651303,904.2902491585464,7310.800000000001,              167P   1740
-2990.3774825786454,890.422224752554,7310.800000000004,              167P   1741
-2986.0173429654888,876.554192042374,7310.800000000001,              167P   1742
-2982.0335677083785,862.0170237322803,7310.799999999991,             167P   1743
-2978.4180742625435,846.769933752878,7310.800000000002,              167P   1744
-2975.166372980781,830.7636273446946,7310.8,-2972.565115284969,      167P   1745
817.9582792197356,7310.800000000001,-2970.1963382470813,             167P   1746
804.667952986011,7310.800000000002,-2968.058522646006,               167P   1747
790.8651390264255,7310.8,-2966.1501492606344,776.5223277238841,      167P   1748
7310.799999999994,-2964.7189390813814,765.7650108049497,             167P   1749
7310.799999999999,-2963.4168361448005,754.7038358094143,             167P   1750
7310.800000000004,-2962.243730699057,743.3255984249572,7310.8,       167P   1751
-2961.199512992316,731.6170943392583,7310.799999999998,              167P   1752
-2959.8073689713174,716.0052557090376,7310.799999999998,             167P   1753
-2958.6441646699986,699.8069936410903,7310.799999999998,             167P   1754
-2957.711041297247,682.9863048598605,7310.8,-2957.00914006195,       167P   1755
665.507186089792,7310.800000000002,-2956.307420008146,               167P   1756
648.0273880482823,7310.800000000001,-2955.836801471008,              167P   1757
629.8896946231431,7310.799999999998,-2955.600067213854,              167P   1758
611.0520126888803,7310.8,-2955.6,591.47224912,0.,16.,0.,0.,0.,0,     167P   1759
0;                                                                   167P   1760
126,2,2,0,0,1,0,0.,0.,0.,1.,1.,1.,1.,1.,1.,7310.8,-2955.6,           169P   1761
591.47224912,7286.740642131686,-2955.6000512839505,                  169P   1762
591.9689694895478,7262.6812984,-2956.0268896,592.42738872,0.,1.,     169P   1763
0.,0.,0.,0,0;                                                        169P   1764
126,64,4,0,0,1,0,0.,0.,0.,0.,0.,1.,1.,1.,1.,2.,2.,2.,2.,3.,3.,       171P   1765
3.,3.,4.,4.,4.,4.,5.,5.,5.,5.,6.,6.,6.,6.,7.,7.,7.,7.,8.,8.,8.,      171P   1766
8.,9.,9.,9.,9.,10.,10.,10.,10.,11.,11.,11.,11.,12.,12.,12.,12.,      171P   1767
13.,13.,13.,13.,14.,14.,14.,14.,15.,15.,15.,15.,16.,16.,16.,16.,     171P   1768
16.,1.,1.,1.,1.,1.,1.,1.,1.,1.,1.,1.,1.,1.,1.,1.,1.,1.,1.,1.,1.,     171P   1769
1.,1.,1.,1.,1.,1.,1.,1.,1.,1.,1.,1.,1.,1.,1.,1.,1.,1.,1.,1.,1.,      171P   1770
1.,1.,1.,1.,1.,1.,1.,1.,1.,1.,1.,1.,1.,1.,1.,1.,1.,1.,1.,1.,1.,      171P   1771
1.,1.,1.,7262.6812984,-2956.0268896,592.42738872,                    171P   1772
7262.681298400001,-2956.0270098464266,611.9584226885324,             171P   1773
7262.681298399999,-2956.2635059542745,630.7496200048521,             171P   1774
7262.681298399997,-2956.7337035812106,648.8425591458623,             171P   1775
7262.6812984,-2957.434928384905,666.2788185884664,                   171P   1776
7262.6812983999935,-2958.048595837341,681.5351890558512,             171P   1777
7262.681298400001,-2958.839204825805,696.2885183362187,              171P   1778
7262.681298400007,-2959.8059252564253,710.5630984836453,             171P   1779
7262.681298399999,-2960.9479270353295,724.3832215522073,             171P   1780
7262.681298399994,-2962.0900361312797,738.2029779353825,             171P   1781
7262.681298400001,-2963.407497747279,751.5679917395939,              171P   1782
7262.681298400006,-2964.9003907980014,764.4994841780618,             171P   1783
7262.6812984,-2966.568794198119,777.018676464006,                    171P   1784
7262.681298400003,-2967.9989384122905,787.7491526226079,             171P   1785
7262.681298400001,-2969.5580905376323,798.1764971712871,             171P   1786
7262.681298399997,-2971.24683266938,808.3124523487438,               171P   1787
7262.681298399999,-2973.0657469027706,818.1687603936778,             171P   1788
7262.681298399999,-2974.8847128521948,828.0249271818379,             171P   1789
7262.681298399999,-2976.8338514780717,837.6014250156359,             171P   1790
7262.681298399999,-2978.914210076966,846.908725644003,               171P   1791
7262.681298399999,-2981.1268359454425,855.9573008158712,             171P   1792
7262.681298399996,-2982.970730270493,863.4976833008018,              171P   1793
7262.681298399998,-2984.906485606447,870.8583617652959,              171P   1794
7262.681298400001,-2986.9349656127024,878.0447658448178,             171P   1795
7262.681298400001,-2989.0570339486558,885.0623251748316,             171P   1796
7262.681298399997,-2992.0279837728986,894.8867936613022,             171P   1797
7262.681298399998,-2995.1822586691533,904.3805391755665,             171P   1798
7262.681298400001,-2998.5229434485173,913.5569059486758,             171P   1799
7262.6812984,-3002.053122922088,922.4292382116815,                   171P   1800
7262.681298400001,-3011.130824763024,945.2435108836034,              171P   1801
7262.681298400001,-3021.462792437921,966.045474576914,               171P   1802
7262.681298399999,-3033.10850401676,985.0452914890169,               171P   1803
7262.681298399999,-3046.168742771036,1002.3885824993619,             171P   1804
7262.681298400004,-3057.777856499468,1017.8049235646672,             171P   1805
7262.681298399996,-3070.504947328392,1031.9130453849434,             171P   1806
7262.681298399999,-3084.420762122704,1044.8160158933574,             171P   1807
7262.681298400003,-3099.6269639023603,1056.5855596289493,            171P   1808
7262.681298400003,-3112.932383692637,1066.8839214014233,             171P   1809
7262.681298399996,-3127.2260481587364,1076.3146906141492,            171P   1810
7262.681298400001,-3142.5759445448416,1084.9260801600403,            171P   1811
7262.681298400002,-3159.0726282519877,1092.7507307920973,            171P   1812
7262.681298399995,-3170.8559787951667,1098.3397692370233,            171P   1813
7262.6812984,-3183.224488212444,1103.5274289005097,                  171P   1814
7262.6812984000035,-3196.2112262761825,1108.3256428799955,           171P   1815
7262.6812984,-3209.856268780783,1112.7425810495333,                  171P   1816
7262.681298399997,-3223.5013194563003,1117.159520779669,             171P   1817
7262.681298400008,-3237.80474999178,1121.1951930000814,              171P   1818
7262.6812983999935,-3252.806691310815,1124.8577856732763,            171P   1819
7262.681298399998,-3268.5556464072747,1128.1518470044336,            171P   1820
7262.681298399999,-3281.1551086183968,1130.7869913920943,            171P   1821
7262.681298400003,-3294.2317540187246,1133.1866265648553,            171P   1822
7262.6812984000035,-3307.8126503864546,1135.3522915592907,           171P   1823
7262.681298399999,-3321.924865499784,1137.2855254119754,             171P   1824
7262.681298400006,-3332.509231930489,1138.7353800305648,             171P   1825
7262.681298400003,-3343.3925729673797,1140.0544455357037,            171P   1826
7262.681298399996,-3354.587880856767,1141.2428331110677,             171P   1827
7262.681298399998,-3366.108147844962,1142.3006539403323,             171P   1828
7262.681298399997,-3381.4689956548577,1143.7109335503965,            171P   1829
7262.681298399999,-3397.4068426792774,1144.889291070277,             171P   1830
7262.681298400001,-3413.957114005588,1145.8345704069768,             171P   1831
7262.681298400001,-3431.1552347211577,1146.5456154674987,            171P   1832
7262.681298400001,-3448.354023805467,1147.2564769831613,             171P   1833
7262.681298399998,-3466.2001362531,1147.7332264170936,               171P   1834
7262.681298399997,-3484.734989254473,1147.973044709354,              171P   1835
7262.6812984,-3504.,1147.9731128,0.,16.,0.,0.,0.,0,0;                171P   1836
102,4,165,167,169,171;                                               173P   1837
142,0,153,163,173,1,0,0;                                             175P   1838
406,1,6HJoin.1;                                                      177P   1839
144,153,1,0,175,0,1,177;                                             179P   1840
128,17,5,5,5,0,0,0,0,0,0.,0.,0.,0.,0.,0.,29.48354797,                181P   1841
29.48354797,29.48354797,51.27584917,51.27584917,51.27584917,         181P   1842
71.70448907,71.70448907,71.70448907,90.84965945,90.84965945,         181P   1843
90.84965945,125.003151,125.003151,125.003151,125.003151,             181P   1844
125.003151,125.003151,0.,0.,0.,0.,0.,0.,123.4887794,123.4887794,     181P   1845
123.4887794,123.4887794,123.4887794,123.4887794,1.,1.,1.,1.,1.,      181P   1846
1.,1.,1.,1.,1.,1.,1.,1.,1.,1.,1.,1.,1.,0.9391036258,                 181P   1847
0.9524000767,0.9658668159,0.9794243887,1.002964587,1.02598096,       181P   1848
1.035610326,1.053819785,1.070876864,1.07879379,1.093347259,          181P   1849
1.1061243,1.111838045,1.126270376,1.136292258,1.140648398,           181P   1850
1.142809042,1.142809042,0.9109731689,0.9299057133,0.9493569717,      181P   1851
0.9692279822,1.004239115,1.039304201,1.054123518,1.082418908,        181P   1852
1.109392605,1.122016048,1.145394396,1.166191377,1.175547674,         181P   1853
1.199297909,1.216019804,1.223333411,1.226960076,1.226960076,         181P   1854
0.9109731689,0.9299057133,0.9493569717,0.9692279822,1.004239115,     181P   1855
1.039304201,1.054123518,1.082418908,1.109392605,1.122016048,         181P   1856
1.145394396,1.166191377,1.175547674,1.199297909,1.216019804,         181P   1857
1.223333411,1.226960076,1.226960076,0.9391036258,0.9524000767,       181P   1858
0.9658668159,0.9794243887,1.002964587,1.02598096,1.035610326,        181P   1859
1.053819785,1.070876864,1.07879379,1.093347259,1.1061243,            181P   1860
1.111838045,1.126270376,1.136292258,1.140648398,1.142809042,         181P   1861
1.142809042,1.,1.,1.,1.,1.,1.,1.,1.,1.,1.,1.,1.,1.,1.,1.,1.,1.,      181P   1862
1.,6310.8,-3504.,234.4,6357.9736768,-3504.,184.95394688,             181P   1863
6405.1473536,-3504.,136.50899432,6452.3210304,-3504.,                181P   1864
89.46240488,6534.3623888,-3504.,11.350925592,6616.4037472,           181P   1865
-3504.,-55.618563616,6651.2817184,-3504.,-81.4755748,                181P   1866
6718.8352248,-3504.,-124.82863272,6786.3887304,-3504.,               181P   1867
-155.2335148,6819.0694376,-3504.,-166.91222192,6882.3875336,         181P   1868
-3504.,-184.9776016,6945.7056304,-3504.,-196.1141764,                181P   1869
6976.360388,-3504.,-200.3137056,7061.6382464,-3504.,                 181P   1870
-209.53455352,7146.9161056,-3504.,-213.40396648,7201.50882,          181P   1871
-3504.,-214.78260168,7256.1544136,-3504.,-215.35290152,7310.8,       181P   1872
-3504.,-215.35290152,6310.8,-3384.8148032,234.4,6357.3150856,        181P   1873
-3372.8654768,185.64426288,6404.1566128,-3360.6803344,               181P   1874
137.51972816,6451.3389536,-3348.4198664,90.4219168,6533.159844,      181P   1875
-3327.4818784,12.392844656,6615.9066984,-3307.3741624,               181P   1876
-55.222699776,6650.8018824,-3299.1458784,-81.15351616,               181P   1877
6718.1296528,-3283.8772184,-124.44649216,6786.0149904,               181P   1878
-3269.8695984,-155.07812632,6818.7208288,-3263.4867424,              181P   1879
-166.80754624,6881.8944832,-3251.9488072,-184.86477816,              181P   1880
6945.4546152,-3242.003624,-196.07547256,6976.1383048,                181P   1881
-3237.6181904,-200.2886128,7060.979664,-3226.7143432,                181P   1882
-209.47312104,7146.4963928,-3219.2549224,-213.39638512,              181P   1883
7201.301816,-3216.0401008,-214.78152152,7256.1544136,                181P   1884
-3214.4473856,-215.35290152,7310.8,-3214.4473856,-215.35290152,      181P   1885
6310.8,-3272.2977112,281.41862336,6357.0132376,-3255.7232064,        181P   1886
236.5943344,6403.6846704,-3239.2764952,191.48882992,                 181P   1887
6450.8517328,-3223.1193128,146.56101784,6532.5488424,                181P   1888
-3196.227336,71.23889692,6615.6536264,-3171.2144016,                 181P   1889
4.1532103104,6650.5512696,-3161.1719736,-21.760720688,               181P   1890
6717.7581328,-3142.8219336,-65.518373224,6785.8164992,               181P   1891
-3126.3112456,-97.6614224,6818.5320704,-3118.8832376,                181P   1892
-110.24075504,6881.6265176,-3105.6019752,-130.01232272,              181P   1893
6945.317148,-3094.2986984,-143.04431248,6976.0151144,                181P   1894
-3089.3563512,-148.09026872,7060.6176776,-3077.1788376,              181P   1895
-159.36692144,7146.2586632,-3068.9251472,-164.89569256,              181P   1896
7201.1848296,-3065.3839072,-166.98529248,7256.1544136,               181P   1897
-3063.6323384,-167.94086736,7310.8,-3063.6323384,-168.00709792,      181P   1898
6310.8,-3185.4186232,368.29771096,6357.0132376,-3168.1470104,        181P   1899
331.68431344,6403.6846704,-3151.43486,293.71112896,6450.8517328,     181P   1900
-3135.3724544,254.87161024,6532.5488424,-3109.134648,                181P   1901
188.17538752,6615.6536264,-3085.4019224,126.30419888,                181P   1902
6650.5512696,-3075.9755728,101.93676192,6717.7581328,                181P   1903
-3058.911012,59.823554328,6785.8164992,-3043.8010504,                181P   1904
27.167047216,6818.5320704,-3037.050216,13.918700552,                 181P   1905
6881.6265176,-3025.0490264,-7.6284776024,6945.317148,                181P   1906
-3014.93438,-22.95130116,6976.0151144,-3010.5297648,                 181P   1907
-29.122905928,7060.6176776,-2999.7107688,-43.392736888,              181P   1908
7146.2586632,-2992.4380896,-51.368396888,7201.1848296,               181P   1909
-2989.3243752,-54.586436096,7256.1544136,-2987.7809984,              181P   1910
-56.189630968,7310.8,-2987.7809984,-56.411968536,6310.8,-3138.4,     181P   1911
480.81480352,6357.3150856,-3121.4698936,458.49035616,                181P   1912
6404.1566128,-3105.392256,434.43697856,6451.3389536,                 181P   1913
-3090.1911376,409.0198424,6533.159844,-3065.5848952,                 181P   1914
363.88772152,6615.9066984,-3043.7829112,319.93864136,                181P   1915
6650.8018824,-3035.1369472,302.1271228,6718.1296528,                 181P   1916
-3019.5257032,270.39317128,6786.0149904,-3005.8677176,               181P   1917
244.3169224,6818.7208288,-2999.772052,233.30607488,6881.8944832,     181P   1918
-2988.9430328,214.7210268,6945.4546152,-2979.8827016,                181P   1919
200.56589232,6976.1383048,-2975.9374792,194.65114704,                181P   1920
7060.979664,-2966.2228112,180.50881656,7146.4963928,                 181P   1921
-2959.7489016,171.78758944,7201.301816,-2956.9796096,                181P   1922
168.05298224,7256.1544136,-2955.6,166.00509776,7310.8,-2955.6,       181P   1923
165.47237304,6310.8,-3138.4,600.,6357.9736768,-3121.2301856,         181P   1924
600.,6405.1473536,-3105.059332,599.9670572,6452.3210304,             181P   1925
-3089.8895272,599.8987288,6534.3623888,-3065.2518424,                181P   1926
599.71351688,6616.4037472,-3043.6546784,599.40304488,                181P   1927
6651.2817184,-3035.0234232,599.24710824,6718.8352248,                181P   1928
-3019.373404,598.89588936,6786.3887304,-3005.794472,                 181P   1929
598.44325984,6819.0694376,-2999.7107872,598.19921088,                181P   1930
6882.3875336,-2988.8657472,597.67491752,6945.7056304,                181P   1931
-2979.8482288,597.04474184,6976.360388,-2975.911252,                 181P   1932
596.71348024,7061.6382464,-2966.153444,595.71499328,                 181P   1933
7146.9161056,-2959.7243592,594.48947712,7201.50882,                  181P   1934
-2956.9769768,593.6024404,7256.1544136,-2955.6,592.60089192,         181P   1935
7310.8,-2955.6,591.47224912,0.,125.003151,0.,123.4887794;            181P   1936
126,1,1,0,0,1,0,0.,0.,125.003151,125.003151,1.,1.,0.,0.,0.,          183P   1937
125.003151,0.,0.,0.,125.003151,0.,0.,0.,0,0;                         183P   1938
126,1,1,0,0,1,0,0.,0.,123.4887794,123.4887794,1.,1.,125.003151,      185P   1939
0.,0.,125.003151,123.4887794,0.,0.,123.4887794,0.,0.,0.,0,0;         185P   1940
126,1,1,0,0,1,0,0.,0.,6.015110136,6.015110136,1.,1.,125.003151,      187P   1941
123.4887794,0.,118.98804090000002,123.4887794,0.,0.,6.015110136,     187P   1942
0.,0.,0.,0,0;                                                        187P   1943
126,1,1,0,0,1,0,0.,0.,118.9880409,118.9880409,1.,1.,                 189P   1944
118.98804090000002,123.4887794,0.,0.,123.4887794,0.,0.,              189P   1945
118.9880409,0.,0.,0.,0,0;                                            189P   1946
126,1,1,0,0,1,0,0.,0.,123.4887794,123.4887794,1.,1.,0.,              191P   1947
123.4887794,0.,0.,0.,0.,0.,123.4887794,0.,0.,0.,0,0;                 191P   1948
102,5,183,185,187,189,191;                                           193P   1949
126,55,5,0,0,1,0,0.,0.,0.,0.,0.,0.,1.,1.,1.,1.,1.,2.,2.,2.,2.,       195P   1950
2.,3.,3.,3.,3.,3.,4.,4.,4.,4.,4.,5.,5.,5.,5.,5.,6.,6.,6.,6.,6.,      195P   1951
7.,7.,7.,7.,7.,8.,8.,8.,8.,8.,9.,9.,9.,9.,9.,10.,10.,10.,10.,        195P   1952
10.,11.,11.,11.,11.,11.,11.,1.,1.,1.,1.,1.,1.,1.,1.,1.,1.,1.,1.,     195P   1953
1.,1.,1.,1.,1.,1.,1.,1.,1.,1.,1.,1.,1.,1.,1.,1.,1.,1.,1.,1.,1.,      195P   1954
1.,1.,1.,1.,1.,1.,1.,1.,1.,1.,1.,1.,1.,1.,1.,1.,1.,1.,1.,1.,1.,      195P   1955
1.,1.,6310.8,-3504.,234.4,6334.3868384000625,-3504.000000000012,     195P   1956
209.6769734400027,6357.97367679995,-3504.0000000000005,              195P   1957
185.20422201999685,6381.560515200012,-3503.9999999999864,            195P   1958
161.03140356000202,6405.14735358723,-3504.0000000000086,             195P   1959
137.2292360455538,6428.734191955287,-3504.0000000000005,             195P   1960
113.9044985016832,6452.321030323479,-3504.0000000000637,             195P   1961
90.57976095781248,6475.907868672111,-3503.999999999928,              195P   1962
67.73245338451422,6499.49470699568,-3504.000000000043,               195P   1963
45.4693548068111,6523.081545293381,-3503.9999999999905,              195P   1964
23.933305289186457,6546.668383591202,-3504.,3.318206809500442,       195P   1965
6559.347533251142,-3503.9999999999964,-7.7633431830781285,           195P   1966
6572.026713577074,-3504.000000000001,-18.579363494408582,            195P   1967
6584.7063334610575,-3504.0000000000027,-29.099707301968845,          195P   1968
6597.386458330504,-3503.999999999999,-39.293064253497654,            195P   1969
6610.06681014817,-3503.9999999999986,-49.12696046699457,             195P   1970
6622.747161965846,-3504.000000000003,-58.96085668049144,             195P   1971
6635.42780206365,-3503.999999999998,-68.4364731953614,               195P   1972
6648.1084524043745,-3503.9999999999977,-77.52133612960415,           195P   1973
6660.788884010553,-3504.0000000000027,-86.18936672367086,            195P   1974
6673.468916964468,-3504.0000000000005,-94.4208813404642,             195P   1975
6682.978942024933,-3504.000000000008,-100.59452394640729,            195P   1976
6692.488774841482,-3503.999999999998,-106.52324248553336,            195P   1977
6701.998344945063,-3503.9999999999955,-112.1988375561559,            195P   1978
6711.507715376711,-3504.0000000000023,-117.61740523785299,           195P   1979
6721.017082687542,-3504.,-122.77933709146728,6743.302871744276,      195P   1980
-3503.9999999999973,-134.8766655963655,6765.588660713929,            195P   1981
-3504.0000000000036,-145.56480643842872,6787.872827905482,           195P   1982
-3504.0000000000023,-154.84331496092153,6810.157068770827,           195P   1983
-3503.999999999996,-162.85892989003966,6832.441872554742,-3504.,     195P   1984
-169.77973416824537,6842.841442225036,-3504.,                        195P   1985
-173.00945121673857,6853.241161922631,-3504.,                        195P   1986
-176.00068245839725,6863.64101803267,-3504.,-178.77079391598681,     195P   1987
6874.040996940296,-3504.0000000000005,-181.33715161227272,           195P   1988
6884.441085030654,-3504.0000000000005,-183.71712157002037,           195P   1989
6898.055384537934,-3503.9999999999964,-186.83238323896904,           195P   1990
6911.669866859363,-3504.0000000000027,-189.6273549984141,            195P   1991
6925.285994178579,-3504.000000000002,-192.1399853753821,             195P   1992
6938.903766475862,-3503.9999999999955,-194.40329491309396,           195P   1993
6952.521721528127,-3504.,-196.44537617096486,6969.5439460108555,     195P   1994
-3503.9999999999886,-198.99793103492573,6986.567621252597,           195P   1995
-3504.000000000004,-201.20506484989045,7003.588863227315,            195P   1996
-3504.0000000000064,-203.12142695044645,7020.607072219658,           195P   1997
-3503.9999999999936,-204.7910950975105,7037.624932824956,            195P   1998
-3504.0000000000005,-206.2475754783285,7055.840157246138,            195P   1999
-3504.0000000000036,-207.80647103748976,7074.055272903504,           195P   2000
-3503.9999999999964,-209.12146878484646,7092.268611691167,           195P   2001
-3503.9999999999977,-210.232495524304,7110.479811020469,             195P   2002
-3504.0000000000064,-211.17109430981589,7128.689813819989,           195P   2003
-3504.,-211.96042444538347,7165.1097613922375,                       195P   2004
-3504.000000000002,-213.5392218009929,7201.524487644457,             195P   2005
-3503.999999999997,-214.5219726903692,7237.939214933319,             195P   2006
-3504.0000000000014,-215.09943492444498,7274.369609066678,           195P   2007
-3504.0000000000027,-215.35290151999996,7310.8,-3504.,               195P   2008
-215.35290152,0.,11.,0.,0.,0.,0,0;                                   195P   2009
126,72,4,0,0,1,0,0.,0.,0.,0.,0.,1.,1.,1.,1.,2.,2.,2.,2.,3.,3.,       197P   2010
3.,3.,4.,4.,4.,4.,5.,5.,5.,5.,6.,6.,6.,6.,7.,7.,7.,7.,8.,8.,8.,      197P   2011
8.,9.,9.,9.,9.,10.,10.,10.,10.,11.,11.,11.,11.,12.,12.,12.,12.,      197P   2012
13.,13.,13.,13.,14.,14.,14.,14.,15.,15.,15.,15.,16.,16.,16.,16.,     197P   2013
17.,17.,17.,17.,18.,18.,18.,18.,18.,1.,1.,1.,1.,1.,1.,1.,1.,1.,      197P   2014
1.,1.,1.,1.,1.,1.,1.,1.,1.,1.,1.,1.,1.,1.,1.,1.,1.,1.,1.,1.,1.,      197P   2015
1.,1.,1.,1.,1.,1.,1.,1.,1.,1.,1.,1.,1.,1.,1.,1.,1.,1.,1.,1.,1.,      197P   2016
1.,1.,1.,1.,1.,1.,1.,1.,1.,1.,1.,1.,1.,1.,1.,1.,1.,1.,1.,1.,1.,      197P   2017
1.,7310.8,-3504.,-215.35290152,7310.799999999996,                    197P   2018
-3483.893033440113,-215.3529006510364,7310.800000000016,             197P   2019
-3464.7297784954885,-215.12411939126966,7310.799999999983,           197P   2020
-3446.432056067312,-214.67247822242632,7310.800000000003,            197P   2021
-3428.9361156253617,-214.0012550427264,7310.7999999999965,           197P   2022
-3408.940752219174,-213.23414347356535,7310.799999999997,            197P   2023
-3389.9923336114225,-212.1802608405183,7310.800000000007,            197P   2024
-3371.99562477632,-210.84451464314662,7310.799999999999,             197P   2025
-3354.874435450396,-209.22789941989743,7310.8,                       197P   2026
-3342.0337999402686,-208.01537632700277,7310.8,                      197P   2027
-3329.6845654243507,-206.64510372184154,7310.799999999999,           197P   2028
-3317.7968892488266,-205.11694752376795,7310.8,                      197P   2029
-3306.340928759882,-203.43077365213614,7310.800000000003,            197P   2030
-3291.06668001392,-201.18245778002623,7310.799999999995,             197P   2031
-3276.5615519606536,-198.65281854874885,7310.800000000008,           197P   2032
-3262.760635002527,-195.8401963499108,7310.799999999997,             197P   2033
-3249.6113568327746,-192.739532035405,7310.799999999971,             197P   2034
-3233.1748061201542,-188.8637036950302,7310.800000000031,            197P   2035
-3217.7560489896896,-184.5378086658806,7310.799999999988,            197P   2036
-3203.2527694565783,-179.75200227726307,7310.800000000002,           197P   2037
-3189.5854493133597,-174.4882227891144,7310.800000000003,            197P   2038
-3181.38518408657,-171.329893670469,7310.799999999999,               197P   2039
-3173.48532634152,-167.99971638496766,7310.7999999999965,            197P   2040
-3165.86983864988,-164.49323775433453,7310.8,-3158.522683583321,     197P   2041
-160.8060046002938,7310.799999999991,-3140.1552218333404,            197P   2042
-151.58779773245251,7310.800000000017,-3123.467216599687,            197P   2043
-141.23827271676024,7310.799999999986,-3108.2291147478777,           197P   2044
-129.6799653591885,7310.800000000001,-3094.283522692369,             197P   2045
-116.78745443806027,7310.799999999983,-3085.916088669702,            197P   2046
-109.05192254311068,7310.800000000024,-3078.0136310959588,           197P   2047
-100.83592772361229,7310.799999999993,-3070.5416873072295,           197P   2048
-92.11226061752642,7310.800000000002,-3063.4727087950205,            197P   2049
-82.84613804406708,7310.799999999978,-3055.618300033274,             197P   2050
-72.55046936800208,7310.800000000023,-3048.2612726956436,            197P   2051
-61.58495273170446,7310.79999999999,-3041.3639194060042,             197P   2052
-49.90210766310157,7310.799999999999,-3034.8970978523657,            197P   2053
-37.4404320657454,7310.799999999998,-3031.0170568476115,             197P   2054
-29.963304983171625,7310.800000000001,-3027.2917977820007,           197P   2055
-22.20620894555973,7310.800000000004,-3023.715492331843,             197P   2056
-14.154765973868203,7310.799999999999,-3020.2823121734514,           197P   2057
-5.794598089055534,7310.799999999998,-3016.849234455602,             197P   2058
2.5658256183076293,7310.800000000001,-3013.5592951699546,            197P   2059
11.234925633305366,7310.800000000003,-3010.407587137919,             197P   2060
20.229379943846034,7310.800000000001,-3007.3892031809087,            197P   2061
29.56586653783799,7310.800000000001,-3003.8678119572137,             197P   2062
40.45859459738674,7310.799999999996,-3000.528128144542,              197P   2063
51.817581234959064,7310.8,-2997.3630550324697,                       197P   2064
63.671254963394254,7310.8,-2994.366994702814,76.05338749261104,      197P   2065
7310.799999999994,-2991.370933713923,88.43552427285519,              197P   2066
7310.80000000001,-2988.5438800371594,101.34617410421916,             197P   2067
7310.799999999991,-2985.880227820868,114.81913551055278,7310.8,      197P   2068
-2983.3757700880674,128.89462808097417,7310.800000000001,            197P   2069
-2980.5135323727036,144.98090113565885,7310.799999999999,            197P   2070
-2977.8592173477,161.85428724877846,7310.8,-2975.4065387135347,      197P   2071
179.5747447033255,7310.800000000001,-2973.1514996823726,             197P   2072
198.21581165520627,7310.799999999994,-2970.896460232766,             197P   2073
216.85687480201528,7310.800000000007,-2968.8390605709988,            197P   2074
236.41873163888593,7310.799999999997,-2966.975295543729,             197P   2075
256.9748442583473,7310.8,-2965.3034527115487,278.6157799657815,      197P   2076
7310.800000000004,-2963.4226275536075,302.96178470778966,            197P   2077
7310.799999999996,-2961.7847169804345,328.68123258503505,            197P   2078
7310.800000000004,-2960.387255461822,355.90252554361246,             197P   2079
7310.799999999999,-2959.2316671563326,384.78982305678653,            197P   2080
7310.80000000001,-2958.076075546296,413.67705689978254,              197P   2081
7310.79999999998,-2957.1623857979616,444.2309603131825,              197P   2082
7310.800000000015,-2956.4919811947907,476.61498897118497,            197P   2083
7310.799999999999,-2956.0706305753743,511.04018136700563,            197P   2084
7310.800000000002,-2955.8365621767844,530.1654801430258,             197P   2085
7310.800000000003,-2955.679295154161,549.920014580643,               197P   2086
7310.800000000002,-2955.600038198301,570.3426493496902,7310.8,       197P   2087
-2955.6,591.47224912,0.,18.,0.,0.,0.,0,0;                            197P   2088
126,2,2,0,0,1,0,0.,0.,0.,1.,1.,1.,1.,1.,1.,7310.8,-2955.6,           199P   2089
591.47224912,7286.739100010406,-2955.600075583119,                   199P   2090
591.9690184433265,7262.681296791832,-2956.0267930001464,             199P   2091
592.4273966643701,0.,1.,0.,0.,0.,0,0;                                199P   2092
126,32,4,0,0,1,0,0.,0.,0.,0.,0.,1.,1.,1.,1.,2.,2.,2.,2.,3.,3.,       201P   2093
3.,3.,4.,4.,4.,4.,5.,5.,5.,5.,6.,6.,6.,6.,7.,7.,7.,7.,8.,8.,8.,      201P   2094
8.,8.,1.,1.,1.,1.,1.,1.,1.,1.,1.,1.,1.,1.,1.,1.,1.,1.,1.,1.,1.,      201P   2095
1.,1.,1.,1.,1.,1.,1.,1.,1.,1.,1.,1.,1.,1.,7262.681296791832,         201P   2096
-2956.0267930001464,592.4273966643701,7206.408586988995,             201P   2097
-2957.0248593408373,593.4999729219717,7150.168422569264,             201P   2098
-2959.5767766426948,594.4360611114868,7093.904518057033,             201P   2099
-2963.6801655217623,595.2540827427554,7037.624932824956,             201P   2100
-2969.3306365456715,595.9668630529743,6999.338339845899,             201P   2101
-2973.1745681286407,596.4517266136006,6961.033009164701,             201P   2102
-2977.736864849632,596.8881182718346,6922.727678365054,              201P   2103
-2983.01364177896,597.2795910714284,6884.441085030654,               201P   2104
-2989.001013986937,597.6296980561347,6865.86952810422,               201P   2105
-2991.905224484525,597.7995066326391,6847.298321103668,              201P   2106
-2994.977067236102,597.9596020706924,6828.727536458069,              201P   2107
-2998.21635726121,598.110355793257,6810.157246596491,                201P   2108
-3001.6229095793906,598.2521392232951,6787.872874749335,             201P   2109
-3005.7107783730935,598.4222724285573,6765.588251266405,             201P   2110
-3010.0396838121565,598.5794964287693,6743.303084471281,             201P   2111
-3014.6093983297983,598.724389224413,6721.017082687542,              201P   2112
-3019.41969435924,598.8575288159707,6701.2060326754945,              201P   2113
-3023.6957891078864,598.9758783403331,6681.394279040338,             201P   2114
-3028.1620592956324,599.0849332441578,6661.581676101234,             201P   2115
-3032.818349114694,599.1850595855722,6641.768078177342,              201P   2116
-3037.664502757287,599.2766234227037,6617.991808952725,              201P   2117
-3043.479872402079,599.3864927552455,6594.216045810293,              201P   2118
-3049.5681670329905,599.4840241212539,6570.44137520485,              201P   2119
-3055.9288838795806,599.5697796906267,6546.668383591202,             201P   2120
-3062.5615201714086,599.6443216332608,6517.184835725581,             201P   2121
-3070.7873760132816,599.7367552826371,6487.701287838054,             201P   2122
-3079.4320940798752,599.8119662792644,6458.217739918122,             201P   2123
-3088.4950161592196,599.8708944081893,6428.734191955287,             201P   2124
-3097.9754840393425,599.9144794544577,6399.250643994506,             201P   2125
-3107.45595228015,599.9580501187098,6369.767096003024,               201P   2126
-3117.3539650299817,599.9862837524423,6340.283547998851,             201P   2127
-3127.668866274658,599.9999953735681,6310.8,-3138.4,600.,0.,8.,      201P   2128
0.,0.,0.,0,0;                                                        201P   2129
126,30,5,0,0,1,0,0.,0.,0.,0.,0.,0.,1.,1.,1.,1.,1.,2.,2.,2.,2.,       203P   2130
2.,3.,3.,3.,3.,3.,4.,4.,4.,4.,4.,5.,5.,5.,5.,5.,6.,6.,6.,6.,6.,      203P   2131
6.,1.,1.,1.,1.,1.,1.,1.,1.,1.,1.,1.,1.,1.,1.,1.,1.,1.,1.,1.,1.,      203P   2132
1.,1.,1.,1.,1.,1.,1.,1.,1.,1.,1.,6310.8,-3138.4,600.,                203P   2133
6310.800000000002,-3138.400016838234,576.6818128761321,              203P   2134
6310.799999999989,-3140.258996520529,553.1787887161893,              203P   2135
6310.80000000002,-3144.036290049269,529.7100751485938,               203P   2136
6310.799999999994,-3149.745356054661,506.5168300485603,              203P   2137
6310.799999999999,-3157.345069940227,483.83752992061466,             203P   2138
6310.800000000002,-3164.944729669036,461.15859511336805,             203P   2139
6310.800000000001,-3174.435464383625,438.99177935838156,             203P   2140
6310.799999999999,-3185.775709952405,417.58079353530684,             203P   2141
6310.799999999998,-3198.8723994941824,397.15283978174966,6310.8,     203P   2142
-3213.5809633781596,377.91861149327053,6310.800000000002,            203P   2143
-3224.36732907033,363.8131174976958,6310.799999999997,               203P   2144
-3236.021165906812,350.3480161830913,6310.799999999997,              203P   2145
-3248.485565781585,337.6047893440027,6310.800000000004,              203P   2146
-3261.6920459183307,325.6539663607558,6310.8,-3275.56054887043,      203P   2147
314.5551241994565,6310.799999999999,-3293.2109013730706,             203P   2148
300.42940364418416,6310.799999999997,-3311.936330404533,             203P   2149
287.6823651924444,6310.800000000001,-3331.569113318753,              203P   2150
276.4366730180579,6310.800000000006,-3351.9273558453638,             203P   2151
266.7763230479058,6310.8,-3372.8149920896954,258.7466429619301,      203P   2152
6310.7999999999965,-3384.750892023156,254.15822003528731,            203P   2153
6310.800000000007,-3396.860100587898,250.10218486974208,             203P   2154
6310.800000000005,-3409.10642290748,246.58683453134532,              203P   2155
6310.799999999993,-3421.453683585026,243.61621094074403,6310.8,      203P   2156
-3433.86572670322,241.19010087318128,6310.800000000004,              203P   2157
-3447.829247007451,238.46070630487372,6310.799999999999,             203P   2158
-3461.875057665441,236.42056468882356,6310.799999999997,             203P   2159
-3475.9515652077375,235.0692278300006,6310.799999999999,             203P   2160
-3490.009116751401,234.40001241259162,6310.8,-3504.,234.4,0.,6.,     203P   2161
0.,0.,0.,0,0;                                                        203P   2162
102,5,195,197,199,201,203;                                           205P   2163
142,0,181,193,205,1,0,0;                                             207P   2164
406,1,6HJoin.1;                                                      209P   2165
144,181,1,0,207,0,1,209;                                             211P   2166
128,8,5,5,5,0,0,0,0,0,0.,0.,0.,0.,0.,0.,104.8264474,104.8264474,     213P   2167
104.8264474,188.6808437,188.6808437,188.6808437,188.6808437,         213P   2168
188.6808437,188.6808437,0.,0.,0.,0.,0.,0.,102.3132198,               213P   2169
102.3132198,102.3132198,102.3132198,102.3132198,102.3132198,1.,      213P   2170
1.,1.,1.,1.,1.,1.,1.,1.,1.072870394,1.07286219,1.072817278,          213P   2171
1.072723927,1.072442217,1.071811492,1.071437229,1.070938631,         213P   2172
1.070208209,1.1126244,1.112611347,1.112539903,1.112391369,           213P   2173
1.111943147,1.110940212,1.110345279,1.109552795,1.108393058,         213P   2174
1.1126244,1.112611347,1.112539903,1.112391369,1.111943147,           213P   2175
1.110940212,1.110345279,1.109552795,1.108393058,1.072870394,         213P   2176
1.07286219,1.072817278,1.072723927,1.072442217,1.071811492,          213P   2177
1.071437229,1.070938631,1.070208209,1.,1.,1.,1.,1.,1.,1.,1.,1.,      213P   2178
7310.8,-3504.,1148.4,7478.522316,-3504.,1148.4,7646.244632,          213P   2179
-3504.,1141.3107464,7813.6498128,-3504.,1128.4240104,8115.53916,     213P   2180
-3504.,1095.5350784,8417.428512,-3504.,1046.2324664,8551.395928,     213P   2181
-3504.,1021.2602248,8685.562968,-3504.,993.193476,8819.73,           213P   2182
-3504.,962.0282496,7310.8,-3245.2221496,1148.4,7478.5235984,         213P   2183
-3245.2261256,1148.4,7646.2580648,-3245.2479264,1141.3103792,        213P   2184
7813.6780968,-3245.2931472,1128.4220048,8115.62616,-3245.429748,     213P   2185
1095.5224496,8417.485464,-3245.7360824,1046.223076,8551.475264,      213P   2186
-3245.9181024,1021.2453368,8685.654472,-3246.1608272,993.17222,      213P   2187
8819.73,-3246.5173008,962.0282496,7310.8,-3087.3508744,              213P   2188
1106.3534152,7478.524284,-3087.354048,1106.0905968,7646.2651848,     213P   2189
-3087.3713936,1099.1770536,7813.6932248,-3087.4075416,               213P   2190
1086.776744,8115.6726,-3087.516592,1055.1630224,8417.515872,         213P   2191
-3087.7612648,1007.5902768,8551.51768,-3087.9067248,983.4139488,     213P   2192
8685.7032,-3088.1007784,956.1374336,8819.73,-3088.3859712,           213P   2193
925.7874144,7310.8,-2997.0027616,1014.600368,7478.524284,            213P   2194
-2997.0040256,1013.764896,7646.2651848,-2997.0108776,                213P   2195
1007.2407256,7813.6932248,-2997.025336,995.917284,8115.6726,         213P   2196
-2997.068776,967.1507992,8417.515872,-2997.1662968,923.4008144,      213P   2197
8551.51768,-2997.224288,901.0134264,8685.7032,-2997.3016672,         213P   2198
875.5260104,8819.73,-2997.4154976,846.9447344,7310.8,-2955.6,        213P   2199
854.2741568,7478.5235984,-2955.6,852.4406296,7646.2580648,           213P   2200
-2955.599952,846.611084,7813.6780968,-2955.6,837.1994392,            213P   2201
8115.62616,-2955.6,813.498728,8417.485464,-2955.6,776.60207808,      213P   2202
8551.475264,-2955.5999976,757.44314728,8685.654472,-2955.6,          213P   2203
735.21422272,8819.73,-2955.6,709.89479672,7310.8,-2955.6,            213P   2204
591.47224912,7478.522316,-2955.6,588.00813432,7646.244632,           213P   2205
-2955.6,583.34674336,7813.6498128,-2955.6,577.1297304,               213P   2206
8115.53916,-2955.6,561.91023504,8417.428512,-2955.6,                 213P   2207
536.61263776,8551.395928,-2955.6,522.95311448,8685.562968,           213P   2208
-2955.6,506.33384576,8819.73,-2955.6,486.7385872,0.,188.6808437,     213P   2209
0.,102.3132198;                                                      213P   2210
126,1,1,0,0,1,0,0.,0.,102.3132198,102.3132198,1.,1.,188.6808437,     215P   2211
0.,0.,188.6808437,102.3132198,0.,0.,102.3132198,0.,0.,0.,0,0;        215P   2212
126,1,1,0,0,1,0,0.,0.,188.6808437,188.6808437,1.,1.,188.6808437,     217P   2213
102.3132198,0.,0.,102.3132198,0.,0.,188.6808437,0.,0.,0.,0,0;        217P   2214
126,1,1,0,0,1,0,0.,0.,102.3132198,102.3132198,1.,1.,0.,              219P   2215
102.3132198,0.,0.,0.,0.,0.,102.3132198,0.,0.,0.,0,0;                 219P   2216
126,1,1,0,0,1,0,0.,0.,188.6808437,188.6808437,1.,1.,0.,0.,0.,        221P   2217
188.6808437,0.,0.,0.,188.6808437,0.,0.,0.,0,0;                       221P   2218
102,4,215,217,219,221;                                               223P   2219
126,56,4,0,0,1,0,0.,0.,0.,0.,0.,1.,1.,1.,1.,2.,2.,2.,2.,3.,3.,       225P   2220
3.,3.,4.,4.,4.,4.,5.,5.,5.,5.,6.,6.,6.,6.,7.,7.,7.,7.,8.,8.,8.,      225P   2221
8.,9.,9.,9.,9.,10.,10.,10.,10.,11.,11.,11.,11.,12.,12.,12.,12.,      225P   2222
13.,13.,13.,13.,14.,14.,14.,14.,14.,1.,1.,1.,1.,1.,1.,1.,1.,1.,      225P   2223
1.,1.,1.,1.,1.,1.,1.,1.,1.,1.,1.,1.,1.,1.,1.,1.,1.,1.,1.,1.,1.,      225P   2224
1.,1.,1.,1.,1.,1.,1.,1.,1.,1.,1.,1.,1.,1.,1.,1.,1.,1.,1.,1.,1.,      225P   2225
1.,1.,1.,1.,1.,1.,8819.73,-3504.,962.0282496,8819.73,                225P   2226
-3487.2560464135163,962.0282149551437,8819.729999999998,             225P   2227
-3471.058206733398,961.8701230669545,8819.729999999996,              225P   2228
-3455.3797699600223,961.5556012132308,8819.730000000001,             225P   2229
-3440.194025093766,961.0862766717709,8819.729999999998,              225P   2230
-3425.008681592356,960.616855720253,8819.73,-3410.3163434235157,     225P   2231
959.9925659736475,8819.73,-3396.093660059001,959.2142198796954,      225P   2232
8819.73,-3382.317280970567,958.2826298861374,8819.73,                225P   2233
-3370.509240143596,957.4840499870807,8819.73,                        225P   2234
-3359.0293341989127,956.5728270851213,8819.729999999996,             225P   2235
-3347.8646292080366,955.5490046919597,8819.729999999996,             225P   2236
-3337.002191242488,954.4126263192968,8819.729999999998,              225P   2237
-3326.1399071853693,953.2762033244483,8819.73,                       225P   2238
-3315.5799143964014,952.0272227879543,8819.73,                       225P   2239
-3305.310663217607,950.6653268355643,8819.73,-3295.320603991007,     225P   2240
949.1901575930275,8819.73,-3278.670628639448,946.7315054845769,      225P   2241
8819.729999999972,-3262.7968859669645,943.957981887176,              225P   2242
8819.730000000032,-3247.6489857358997,940.8670132993315,8819.73,     225P   2243
-3233.1852847410373,937.4530068596404,8819.729999999994,             225P   2244
-3207.150669716483,931.30780311074,8819.730000000025,                225P   2245
-3183.3321885037426,924.1159100640369,8819.729999999976,             225P   2246
-3161.487852796617,915.8449091276284,8819.73,-3141.447349388964,     225P   2247
906.4297215848363,8819.730000000005,-3123.6334719484194,             225P   2248
898.0606629674131,8819.729999999998,-3107.2440786868797,             225P   2249
888.7873844557623,8819.729999999998,-3092.158632402203,              225P   2250
878.5642523244248,8819.730000000001,-3078.290607785544,              225P   2251
867.32247607002,8819.729999999992,-3066.156073987797,                225P   2252
857.4859267413392,8819.730000000007,-3054.9533914631334,             225P   2253
846.8693014811267,8819.729999999994,-3044.6244146914937,             225P   2254
835.4266005105471,8819.73,-3035.1273839716027,823.0955596467666,     225P   2255
8819.730000000007,-3026.987068508207,812.5260927767583,              225P   2256
8819.729999999965,-3019.457940014193,801.3039081459202,              225P   2257
8819.730000000047,-3012.5136231749884,789.3897392961685,8819.73,     225P   2258
-3006.135700327794,776.7340161155707,8819.730000000012,              225P   2259
-2995.5058212474196,755.6411832068467,8819.729999999985,             225P   2260
-2986.449093984423,732.4876226537083,8819.730000000001,              225P   2261
-2978.8800649071504,707.0451218700679,8819.729999999998,             225P   2262
-2972.7696546715542,678.9818837734922,8819.729999999998,             225P   2263
-2970.6310376239903,669.159540805242,8819.73,-2968.670947557943,     225P   2264
659.0163020067821,8819.73,-2966.8885174405123,648.5367859328969,     225P   2265
8819.73,-2965.2828802387994,637.7056111383712,8819.730000000005,     225P   2266
-2963.906701105622,628.4215437884859,8819.73,                        225P   2267
-2962.6604659448976,618.8789982871373,8819.729999999994,             225P   2268
-2961.544146876691,609.0669749696933,8819.729999999998,              225P   2269
-2960.5577160210655,598.9744741715223,8819.73,                       225P   2270
-2959.2426177608186,585.517397395863,8819.730000000001,              225P   2271
-2958.15824214546,571.5622798523026,8819.73,-2957.3058918951865,     225P   2272
557.0791966838323,8819.73,-2956.6868697301934,542.0382230334433,     225P   2273
8819.730000000003,-2956.1453178022075,528.8770877748993,             225P   2274
8819.730000000003,-2955.7824500009237,515.2887216635795,             225P   2275
8819.730000000003,-2955.6000746317263,501.2501972788307,8819.73,     225P   2276
-2955.6,486.7385872,0.,14.,0.,0.,0.,0,0;                             225P   2277
126,20,5,0,0,1,0,0.,0.,0.,0.,0.,0.,1.,1.,1.,1.,1.,2.,2.,2.,2.,       227P   2278
2.,3.,3.,3.,3.,3.,4.,4.,4.,4.,4.,4.,1.,1.,1.,1.,1.,1.,1.,1.,1.,      227P   2279
1.,1.,1.,1.,1.,1.,1.,1.,1.,1.,1.,1.,8819.73,-2955.6,486.7385872,     227P   2280
8752.64648400001,-2955.6000000000017,496.53621648000046,             227P   2281
8685.562965999969,-2955.599999999995,505.5898482999985,              227P   2282
8618.50440000002,-2955.6000000000013,513.9015132100012,              227P   2283
8551.458310312217,-2955.5999999999995,521.5061699273659,             227P   2284
8484.412220872415,-2955.6000000000004,528.4515849234625,             227P   2285
8417.366131432596,-2955.599999999999,535.3969999195572,              227P   2286
8350.320042240763,-2955.5999999999995,541.6831731943856,             227P   2287
8283.261477232625,-2955.6000000000035,547.3578712193,                227P   2288
8216.177959967421,-2955.599999999997,552.4816682196679,              227P   2289
8149.0944429392575,-2955.6,557.1078257614699,8079.209915276545,      227P   2290
-2955.599999999997,561.9271447610079,8009.326554030244,              227P   2291
-2955.6000000000013,566.2063203486762,7939.463380827108,             227P   2292
-2955.600000000001,570.0087232504052,7869.621255846247,              227P   2293
-2955.599999999996,573.3912723900445,7799.782877819124,-2955.6,      227P   2294
576.4044348893634,7702.006836144865,-2955.600000000002,              227P   2295
580.6230268855778,7604.2572482163,-2955.5999999999995,               227P   2296
584.1162616804424,7506.471688809596,-2955.599999999999,              227P   2297
587.0236845759728,7408.639141767633,-2955.600000000001,              227P   2298
589.4514355227658,7310.8,-2955.6,591.47224912,0.,4.,0.,0.,0.,0,      227P   2299
0;                                                                   227P   2300
126,64,4,0,0,1,0,0.,0.,0.,0.,0.,1.,1.,1.,1.,2.,2.,2.,2.,3.,3.,       229P   2301
3.,3.,4.,4.,4.,4.,5.,5.,5.,5.,6.,6.,6.,6.,7.,7.,7.,7.,8.,8.,8.,      229P   2302
8.,9.,9.,9.,9.,10.,10.,10.,10.,11.,11.,11.,11.,12.,12.,12.,12.,      229P   2303
13.,13.,13.,13.,14.,14.,14.,14.,15.,15.,15.,15.,16.,16.,16.,16.,     229P   2304
16.,1.,1.,1.,1.,1.,1.,1.,1.,1.,1.,1.,1.,1.,1.,1.,1.,1.,1.,1.,1.,     229P   2305
1.,1.,1.,1.,1.,1.,1.,1.,1.,1.,1.,1.,1.,1.,1.,1.,1.,1.,1.,1.,1.,      229P   2306
1.,1.,1.,1.,1.,1.,1.,1.,1.,1.,1.,1.,1.,1.,1.,1.,1.,1.,1.,1.,1.,      229P   2307
1.,1.,1.,7310.8,-2955.6,591.47224912,7310.799999999995,              229P   2308
-2955.6001204576437,611.0518061992683,7310.799999999997,             229P   2309
-2955.8368015468195,629.8896940244949,7310.800000000001,             229P   2310
-2956.307366878073,648.0275936399221,7310.8,-2957.00914006195,       229P   2311
665.507186089792,7310.800000000004,-2957.623287420297,               229P   2312
680.8014720617176,7310.799999999998,-2958.414514691428,              229P   2313
695.5914701519195,7310.799999999994,-2959.3819911457094,             229P   2314
709.9015323658236,7310.8,-2960.524886053509,723.756010708856,        229P   2315
7310.8,-2961.667888360547,737.6101214642124,7310.8,                  229P   2316
-2962.986380347277,751.0083621467077,7310.799999999999,              229P   2317
-2964.480440988905,763.9720063640341,7310.8,-2966.1501492606344,     229P   2318
776.5223277238839,7310.800000000001,-2967.5814120006926,             229P   2319
787.279485305474,7310.799999999999,-2969.1417835583443,              229P   2320
797.7327593676174,7310.799999999998,-2970.8318464750623,             229P   2321
807.893921151022,7310.799999999999,-2972.6521832923186,              229P   2322
817.7747418963958,7310.800000000002,-2974.47257186527,               229P   2323
827.6554210369947,7310.799999999999,-2976.423234914003,              229P   2324
837.2557372641916,7310.799999999997,-2978.5052205380575,             229P   2325
846.5861881989208,7310.800000000001,-2980.7195768369725,             229P   2326
855.657271462117,7310.799999999994,-2982.564913217628,               229P   2327
863.2164104511713,7310.7999999999965,-2984.5021824251157,            229P   2328
870.5953993545205,7310.800000000002,-2986.532248781051,              229P   2329
877.799681226033,7310.800000000002,-2988.655976607049,               229P   2330
884.8346991195775,7310.799999999999,-2991.629249758869,              229P   2331
894.6836093124244,7310.799999999999,-2994.785991254989,              229P   2332
904.2009753700858,7310.8,-2998.129288271769,913.400174509936,        229P   2333
7310.8,-3001.6622279855687,922.2945839493493,7310.799999999994,      229P   2334
-3010.747027662081,945.1656257739328,7310.800000000012,              229P   2335
-3021.0870727832453,966.0193602820808,7310.799999999994,             229P   2336
-3032.7418870288275,985.0664692870193,7310.8,-3045.812330899449,     229P   2337
1002.4529339497749,7310.7999999999965,-3057.430515851913,            229P   2338
1017.9076517974152,7310.800000000004,-3070.1675492209865,            229P   2339
1032.0508978984142,7310.800000000001,-3084.0942320851336,            229P   2340
1044.9859951728633,7310.799999999999,-3099.3123052697447,            229P   2341
1056.7848456732768,7310.799999999984,-3112.628112534321,             229P   2342
1067.1088508920172,7310.800000000022,-3126.9329328721774,            229P   2343
1076.5631049482404,7310.79999999999,-3142.294805562422,              229P   2344
1085.1959400558228,7310.800000000001,-3158.8043552028703,            229P   2345
1093.0400777633872,7310.800000000005,-3170.596895702189,             229P   2346
1098.6430355535704,7310.799999999988,-3182.975049015395,             229P   2347
1103.8436153804698,7310.800000000011,-3195.9719101837804,            229P   2348
1108.653779878941,7310.800000000001,-3209.6275855843783,             229P   2349
1113.081719146099,7310.800000000002,-3223.283269162014,              229P   2350
1117.5096599776969,7310.800000000006,-3237.597842447302,             229P   2351
1121.5553838986264,7310.799999999996,-3252.611466987857,             229P   2352
1125.2270991389823,7310.800000000001,-3268.372682735298,             229P   2353
1128.5293651608338,7310.799999999994,-3280.9819536921086,            229P   2354
1131.1710730419015,7310.799999999999,-3294.0687767090276,            229P   2355
1133.5766851356811,7310.800000000005,-3307.6602401722685,            229P   2356
1135.7477442873428,7310.800000000001,-3321.7834324680443,            229P   2357
1137.6857933420579,7310.799999999994,-3332.376031940214,             229P   2358
1139.1392591869753,7310.799999999999,-3343.2678367741114,            229P   2359
1140.4616101407732,7310.800000000004,-3354.4718490958976,            229P   2360
1141.652957661836,7310.8,-3366.0010710317347,1142.7134132085478,     229P   2361
7310.8,-3381.373859141723,1144.1272054085416,7310.800000000001,      229P   2362
-3397.324091296592,1145.3084978211623,7310.8,                        229P   2363
-3413.8872194850815,1146.2561314910909,7310.8,                       229P   2364
-3431.0986956959337,1146.9689474630095,7310.800000000002,            229P   2365
-3448.3108407771433,1147.6815794360039,7310.799999999997,            229P   2366
-3466.1708074614435,1148.159516207466,7310.799999999993,             229P   2367
-3484.7200443390057,1148.3999317409475,7310.8,-3504.,1148.4,0.,      229P   2368
16.,0.,0.,0.,0,0;                                                    229P   2369
126,20,4,0,0,1,0,0.,0.,0.,0.,0.,1.,1.,1.,1.,2.,2.,2.,2.,3.,3.,       231P   2370
3.,3.,4.,4.,4.,4.,5.,5.,5.,5.,5.,1.,1.,1.,1.,1.,1.,1.,1.,1.,1.,      231P   2371
1.,1.,1.,1.,1.,1.,1.,1.,1.,1.,1.,7310.8,-3504.,1148.4,               231P   2372
7363.213236654241,-3504.0000000000023,1148.3999946618976,            231P   2373
7415.626370074632,-3504.0000000000005,1147.6615681119629,            231P   2374
7468.027618666025,-3503.9999999999973,1146.2349292717543,            231P   2375
7520.420066525265,-3503.9999999999995,1144.154640131047,             231P   2376
7599.008777026858,-3503.9999999999986,1141.0341904056722,            231P   2377
7677.575150202144,-3503.999999999999,1136.4440764419703,             231P   2378
7756.131032086531,-3504.0000000000023,1130.5003504239935,            231P   2379
7834.70237963617,-3504.,1123.2651465577917,7913.273451358092,        231P   2380
-3503.9999999999955,1116.0300567935985,7991.856156191861,            231P   2381
-3504.0000000000014,1107.5050745985784,8070.474099299448,            231P   2382
-3504.0000000000005,1097.753307048542,8149.0944429392575,-3504.,     231P   2383
1086.8131293342526,8232.94945534482,-3503.999999999999,              231P   2384
1075.144645950192,8316.80066873658,-3503.999999999995,               231P   2385
1062.1261377781334,8400.603261309381,-3504.000000000006,             231P   2386
1047.810578181091,8484.412220872415,-3504.,1032.2017017217017,       231P   2387
8568.22044879251,-3503.9999999999973,1016.5929743768984,             231P   2388
8652.024877717127,-3504.000000000003,999.6930020776924,              231P   2389
8735.874257236708,-3503.999999999999,981.5067907847623,8819.73,      231P   2390
-3504.,962.0282496,0.,5.,0.,0.,0.,0,0;                               231P   2391
102,4,225,227,229,231;                                               233P   2392
142,0,213,223,233,1,0,0;                                             235P   2393
406,1,6HJoin.1;                                                      237P   2394
144,213,1,0,235,0,1,237;                                             239P   2395
128,20,5,5,5,0,0,0,0,0,0.,0.,0.,0.,0.,0.,70.91149956,                241P   2396
70.91149956,70.91149956,119.5156581,119.5156581,119.5156581,         241P   2397
161.1251982,161.1251982,161.1251982,187.3142551,187.3142551,         241P   2398
187.3142551,236.233223,236.233223,236.233223,283.5712871,            241P   2399
283.5712871,283.5712871,283.5712871,283.5712871,283.5712871,0.,      241P   2400
0.,0.,0.,0.,0.,102.3132198,102.3132198,102.3132198,102.3132198,      241P   2401
102.3132198,102.3132198,1.,1.,1.,1.,1.,1.,1.,1.,1.,1.,1.,1.,1.,      241P   2402
1.,1.,1.,1.,1.,1.,1.,1.,1.070208209,1.069590526,1.068806959,         241P   2403
1.06778849,1.065508611,1.061285076,1.059121914,1.053921074,          241P   2404
1.045898386,1.041529808,1.033280131,1.023749794,1.019913866,         241P   2405
1.008629979,0.9967790533,0.9890485676,0.9740003177,0.9594605519,     241P   2406
0.9525487892,0.9457376058,0.9391036258,1.108393058,1.107412327,      241P   2407
1.106168801,1.104554086,1.100939815,1.094272012,1.0908622,           241P   2408
1.082680313,1.070150355,1.063350378,1.050578706,1.035964113,         241P   2409
1.030104311,1.012937741,0.9951181034,0.9835923667,0.9613375359,      241P   2410
0.9401706121,0.9301862268,0.9204191572,0.9109731689,1.108393058,     241P   2411
1.107412327,1.106168801,1.104554086,1.100939815,1.094272012,         241P   2412
1.0908622,1.082680313,1.070150355,1.063350378,1.050578706,           241P   2413
1.035964113,1.030104311,1.012937741,0.9951181034,0.9835923667,       241P   2414
0.9613375359,0.9401706121,0.9301862268,0.9204191572,                 241P   2415
0.9109731689,1.070208209,1.069590526,1.068806959,1.06778849,         241P   2416
1.065508611,1.061285076,1.059121914,1.053921074,1.045898386,         241P   2417
1.041529808,1.033280131,1.023749794,1.019913866,1.008629979,         241P   2418
0.9967790533,0.9890485676,0.9740003177,0.9594605519,                 241P   2419
0.9525487892,0.9457376058,0.9391036258,1.,1.,1.,1.,1.,1.,1.,1.,      241P   2420
1.,1.,1.,1.,1.,1.,1.,1.,1.,1.,1.,1.,1.,8819.73,-3504.,               241P   2421
962.0282496,8933.1884,-3504.,935.6733656,9046.646808,-3504.,         241P   2422
907.1026424,9159.682472,-3504.,876.4090224,9350.907528,-3504.,       241P   2423
820.600096,9542.132576,-3504.,757.85945304,9620.538032,-3504.,       241P   2424
730.93135808,9764.879944,-3504.,679.03514592,9909.221864,-3504.,     241P   2425
622.55074976,9975.228608,-3504.,595.70383616,10083.70636,-3504.,     241P   2426
549.80214152,10192.18412,-3504.,500.73494536,10234.13752,-3504.,     241P   2427
481.26114536,10354.31036,-3504.,423.9733296,10474.4832,-3504.,       241P   2428
362.06603896,10552.753544,-3504.,319.53911032,10706.764792,          241P   2429
-3504.,230.9119256,10860.776048,-3504.,130.0485196,10935.725296,     241P   2430
-3504.,77.375116976,11011.466184,-3504.,19.959745024,                241P   2431
11087.207088,-3504.,-44.472751784,8819.73,-3246.5173008,             241P   2432
962.0282496,8933.25392,-3246.819132,935.6581456,9046.780392,         241P   2433
-3248.2026088,907.0687128,9159.86172,-3250.6775616,876.3604216,      241P   2434
9351.316368,-3256.7833336,820.4697104,9542.333144,-3266.4451848,     241P   2435
757.79254472,9620.816568,-3271.052372,730.83381848,9765.464784,      241P   2436
-3280.8794832,678.8129692,9909.59428,-3293.252084,622.40383256,      241P   2437
9975.69864,-3299.5004432,595.50851096,10084.324888,                  241P   2438
-3310.6152568,549.52761104,10192.414048,-3322.7589136,               241P   2439
500.6302332,10234.378568,-3327.6101904,481.14737072,10355.20768,     241P   2440
-3341.8858768,423.537018,10475.401784,-3356.7747848,                 241P   2441
361.58599288,10553.666568,-3366.6010024,319.02540784,                241P   2442
10708.226328,-3386.0740192,230.01171048,10861.617896,                241P   2443
-3405.2512792,129.48574072,10936.544712,-3414.5155192,               241P   2444
76.777088864,11011.99748,-3423.6932264,19.50777624,11087.207088,     241P   2445
-3432.6470632,-44.472751784,8819.73,-3088.3859712,925.7874144,       241P   2446
8933.28888,-3088.6276112,900.0723032,9046.851616,-3090.549996,       241P   2447
872.124256,9159.957672,-3094.1465048,842.0371096,9351.53276,         241P   2448
-3103.1288104,787.15507056,9542.439584,-3117.1897424,                241P   2449
725.52668056,9620.964416,-3123.8638176,698.96381568,9765.771224,     241P   2450
-3137.9450712,647.60815936,9909.789936,-3155.3096648,                241P   2451
591.92003616,9975.943,-3164.025776,565.30562264,10084.64168,         241P   2452
-3179.4876208,519.81402784,10192.532192,-3196.4456584,               241P   2453
471.68633864,10234.501136,-3203.2649184,452.5002848,                 241P   2454
10355.665672,-3223.52062,395.73173736,10475.863408,-3245.082216,     241P   2455
335.2641508,10554.114752,-3259.6023592,293.97453472,                 241P   2456
10708.937408,-3289.0943176,208.08017168,10862.02336,                 241P   2457
-3319.4717664,113.02784184,10936.931304,-3334.560148,                241P   2458
63.541654296,11012.243496,-3349.8993448,10.36412828,                 241P   2459
11087.207088,-3365.2861392,-48.171842696,8819.73,-2997.4154976,      241P   2460
846.9447344,8933.28888,-2997.5119448,822.728252,9046.851616,         241P   2461
-2999.6032128,796.2657584,9159.957672,-3003.6635568,767.6330108,     241P   2462
9351.53276,-3013.8951824,715.22584352,9542.439584,-3029.7858656,     241P   2463
656.13116392,9620.964416,-3037.2909232,630.62929136,9765.771224,     241P   2464
-3052.9670672,581.25122592,9909.789936,-3071.9574376,                241P   2465
527.62486952,9975.943,-3081.4136176,501.987266,10084.64168,          241P   2466
-3098.1201056,458.22271,10192.532192,-3116.4943344,412.19692864,     241P   2467
10234.501136,-3123.9046168,393.90575728,10355.665672,                241P   2468
-3146.022008,340.001652,10475.863408,-3169.9703832,283.35330416,     241P   2469
10554.114752,-3186.3519048,245.10846432,10708.937408,                241P   2470
-3220.2197256,166.60029976,10862.02336,-3256.4242664,82.3755836,     241P   2471
10936.931304,-3274.7599968,39.27050712,11012.243496,                 241P   2472
-3293.7828512,-6.205145652,11087.207088,-3313.2739912,               241P   2473
-55.006871472,8819.73,-2955.6,709.89479672,8933.25392,-2955.6,       241P   2474
688.45642856,9046.780392,-2957.7295432,664.78795024,9159.86172,      241P   2475
-2961.9525648,638.94415384,9351.316368,-2972.63694,591.429126,       241P   2476
9542.333144,-2989.1831384,537.65803544,9620.816568,                  241P   2477
-2996.9661712,514.49137856,9765.464784,-3013.1184176,                241P   2478
469.73008088,9909.59428,-3032.513248,421.2813016,9975.69864,         241P   2479
-3042.1056016,398.2314624,10084.324888,-3059.0028392,                241P   2480
359.07616664,10192.414048,-3077.64852,318.25384088,10234.378568,     241P   2481
-3085.1632928,302.14384696,10355.20768,-3107.58898,255.06747392,     241P   2482
10475.401784,-3132.153512,206.36905976,10553.666568,                 241P   2483
-3149.101088,173.9584536,10708.226328,-3184.4217216,108.6349984,     241P   2484
10861.617896,-3223.0908376,40.978762784,10936.544712,                241P   2485
-3242.843032,7.1709555152,11011.99748,-3263.5924512,                 241P   2486
-27.696412128,11087.207088,-3285.12522,-63.858916152,8819.73,        241P   2487
-2955.6,486.7385872,8933.1884,-2955.6,470.16784992,9046.646808,      241P   2488
-2957.7267424,451.46887496,9159.682472,-2961.9469608,                241P   2489
430.69074272,9350.907528,-2972.6063904,392.27402,9542.132576,        241P   2490
-2989.1657992,349.1078224,9620.538032,-2996.9374736,330.701758,      241P   2491
9764.879944,-3013.0449736,295.68429072,9909.221864,                  241P   2492
-3032.4625096,258.83705192,9975.228608,-3042.034704,241.650188,      241P   2493
10083.70636,-3058.8992352,212.91894552,10192.18412,                  241P   2494
-3077.6084544,183.48491424,10234.13752,-3085.1191232,                241P   2495
172.00501952,10354.31036,-3107.41832,138.86723328,10474.4832,        241P   2496
-3131.9625464,105.05533272,10552.753544,-3148.8959896,               241P   2497
82.7907324,10706.764792,-3184.070292,38.56872352,10860.776048,       241P   2498
-3222.8752776,-6.3627257416,10935.725296,-3242.6206432,              241P   2499
-28.374209144,11011.466184,-3263.44034,-50.74736396,                 241P   2500
11087.207088,-3285.12522,-73.235559824,0.,283.5712871,0.,            241P   2501
102.3132198;                                                         241P   2502
126,100,5,0,0,1,0,0.,0.,0.,0.,0.,0.,1.,1.,1.,1.,1.,2.,2.,2.,2.,      243P   2503
2.,3.,3.,3.,3.,3.,4.,4.,4.,4.,4.,5.,5.,5.,5.,5.,6.,6.,6.,6.,6.,      243P   2504
7.,7.,7.,7.,7.,8.,8.,8.,8.,8.,9.,9.,9.,9.,9.,10.,10.,10.,10.,        243P   2505
10.,11.,11.,11.,11.,11.,12.,12.,12.,12.,12.,13.,13.,13.,13.,13.,     243P   2506
14.,14.,14.,14.,14.,15.,15.,15.,15.,15.,16.,16.,16.,16.,16.,17.,     243P   2507
17.,17.,17.,17.,18.,18.,18.,18.,18.,19.,19.,19.,19.,19.,20.,20.,     243P   2508
20.,20.,20.,20.,1.,1.,1.,1.,1.,1.,1.,1.,1.,1.,1.,1.,1.,1.,1.,1.,     243P   2509
1.,1.,1.,1.,1.,1.,1.,1.,1.,1.,1.,1.,1.,1.,1.,1.,1.,1.,1.,1.,1.,      243P   2510
1.,1.,1.,1.,1.,1.,1.,1.,1.,1.,1.,1.,1.,1.,1.,1.,1.,1.,1.,1.,1.,      243P   2511
1.,1.,1.,1.,1.,1.,1.,1.,1.,1.,1.,1.,1.,1.,1.,1.,1.,1.,1.,1.,1.,      243P   2512
1.,1.,1.,1.,1.,1.,1.,1.,1.,1.,1.,1.,1.,1.,1.,1.,1.,1.,1.,1.,1.,      243P   2513
1.,269.7991824858634,0.,0.,269.7991712497549,0.6909160403919334,     243P   2514
0.,269.79915936332014,1.381832080759594,0.,269.79914730454846,       243P   2515
2.0727481211206125,0.,269.7991355514293,2.763664161492619,0.,        243P   2516
269.7991245819522,3.4545802018932457,0.,269.7989803500367,           243P   2517
12.539073742898431,0.,269.7988585790774,21.623567284641936,0.,       243P   2518
269.79876668503925,30.70806082701687,0.,269.7987120838873,           243P   2519
39.792554369916324,0.,269.7987021915865,48.87704791323343,0.,        243P   2520
269.7987016916582,49.33615191937605,0.,269.79870574673225,           243P   2521
49.79525592563476,0.,269.7987096859215,50.25435993189316,0.,         243P   2522
269.798708838339,50.713463938034835,0.,269.7986985330975,            243P   2523
51.17256794394336,0.,269.7986801860739,51.989937633891266,0.,        243P   2524
269.7985766674906,52.80730732141706,0.,269.7985795897281,            243P   2525
53.6246770095596,0.,269.79868660320795,54.44204669925808,0.,         243P   2526
269.79870139639326,55.25941638935211,0.,269.7987097506804,           243P   2527
55.72101684726031,0.,269.79871427223003,56.18261730540322,0.,        243P   2528
269.7987146891471,56.644217763622784,0.,269.7987107295364,           243P   2529
57.10581822176095,0.,269.7987021215029,57.5674186796597,0.,          243P   2530
269.7986717390005,59.19666151823027,0.,269.79836617362093,           243P   2531
60.825904346927146,0.,269.7990510470446,62.45514720133174,0.,        243P   2532
269.79865961078843,64.084390027945,0.,269.7986615048619,             243P   2533
65.71363286708807,0.,269.79866258417604,66.64203643510317,0.,        243P   2534
269.7987038839289,67.57044000203143,0.,269.7987557409177,            243P   2535
68.49884356855091,0.,269.7987884919395,69.42724713533966,0.,         243P   2536
269.7987724737913,70.3556507030757,0.,269.7987626180047,             243P   2537
70.92688698829002,0.,269.7986501210594,71.49812327631899,0.,         243P   2538
269.79865144520164,72.06935955817957,0.,269.79876949951813,          243P   2539
72.64059583533306,0.,269.79879363993666,73.21183211968507,0.,        243P   2540
269.79882353398835,73.91921699964622,0.,269.7988281278121,           243P   2541
74.62660188083072,0.,269.798820164213,75.33398676263026,0.,          243P   2542
269.7988123859965,76.0413716444365,0.,269.7988175359679,             243P   2543
76.74875652564111,0.,269.7988199255314,77.07697992846016,0.,         243P   2544
269.79880071995746,77.40520333000674,0.,269.7987753223395,           243P   2545
77.73342673109553,0.,269.79875913577064,78.06165013254119,0.,        243P   2546
269.79876756334414,78.38987353515839,0.,269.7987765826056,           243P   2547
78.74114103732359,0.,269.79889256978265,79.09240852339639,0.,        243P   2548
269.7989210468851,79.44367602216454,0.,269.7988512670046,            243P   2549
79.79494353536758,0.,269.7988562143147,80.14621103769707,0.,         243P   2550
269.79886294375814,80.6240130727092,0.,269.7988691570488,            243P   2551
81.10181510771619,0.,269.79887472853295,81.5796171427321,0.,         243P   2552
269.7988795325568,82.05741917777097,0.,269.7988834434664,            243P   2553
82.53522121284675,0.,269.7988852748861,82.75896866245964,0.,         243P   2554
269.798895099355,82.98271611247114,0.,269.7989050287347,             243P   2555
83.20646356247983,0.,269.7989071748869,83.43021101208429,0.,         243P   2556
269.7988936496732,83.65395846088305,0.,269.7988874183376,            243P   2557
83.75704337199352,0.,269.79886472239264,83.8601282807902,0.,         243P   2558
269.7988382769056,83.9632131888504,0.,269.7988207969438,             243P   2559
84.06629809775131,0.,269.7988249975743,84.16938300907027,0.,         243P   2560
269.79883088231963,84.31379667308883,0.,269.79885445764126,          243P   2561
84.45821033229551,0.,269.79888349205135,84.60262398992634,0.,        243P   2562
269.7989057540621,84.74703764921736,0.,269.79890901218585,           243P   2563
84.8914513134046,0.,269.79892901014045,85.77784425608876,0.,         243P   2564
269.7989434506968,86.66423719869105,0.,269.798953644789,             243P   2565
87.55063014133626,0.,269.798960903351,88.43702308414919,0.,          243P   2566
269.7989665373169,89.32341602725468,0.,269.79896796300426,           243P   2567
89.54771968712868,0.,269.7991155979341,89.77202335117444,0.,         243P   2568
269.7987092965728,89.99632700530577,0.,269.79895685904273,           243P   2569
90.22063064101762,0.,269.7989812885765,90.44493429820197,0.,         243P   2570
269.79912460197426,91.76078908709691,0.,269.7987973444198,           243P   2571
93.07664393283541,0.,269.799189617565,94.39249869445727,0.,          243P   2572
269.79906106518933,95.70835351487369,0.,269.7990876246269,           243P   2573
97.02420831905788,0.,269.79909675072236,97.47634953306913,0.,        243P   2574
269.7991034513476,97.92849074717283,0.,269.79910948785914,           243P   2575
98.38063196130118,0.,269.7991166216134,98.83277317538634,0.,         243P   2576
269.7991266139667,99.2849143893604,0.,269.79913999912014,            243P   2577
99.89057547167258,0.,269.79915700416996,100.49623655380047,0.,       243P   2578
269.79917581916806,101.1018976358363,0.,269.79919463416604,          243P   2579
101.70755871787209,0.,269.7992116392159,102.31321980000001,0.,       243P   2580
0.,20.,0.,0.,0.,0,0;                                                 243P   2581
126,1,1,0,0,1,0,0.,0.,269.799211,269.799211,1.,1.,269.799211,        245P   2582
102.31321979999998,0.,0.,102.31321979999998,0.,0.,269.799211,0.,     245P   2583
0.,0.,0,0;                                                           245P   2584
126,1,1,0,0,1,0,0.,0.,102.3132198,102.3132198,1.,1.,0.,              247P   2585
102.31321979999998,0.,0.,0.,0.,0.,102.3132198,0.,0.,0.,0,0;          247P   2586
126,1,1,0,0,1,0,0.,0.,283.5712871,283.5712871,1.,1.,0.,0.,0.,        249P   2587
283.5712871,0.,0.,0.,268.62724576453235,0.,0.,0.,0,0;                249P   2588
102,4,243,245,247,249;                                               251P   2589
126,105,5,0,0,1,0,0.,0.,0.,0.,0.,0.,1.,1.,1.,1.,1.,2.,2.,2.,2.,      253P   2590
2.,3.,3.,3.,3.,3.,4.,4.,4.,4.,4.,5.,5.,5.,5.,5.,6.,6.,6.,6.,6.,      253P   2591
7.,7.,7.,7.,7.,8.,8.,8.,8.,8.,9.,9.,9.,9.,9.,10.,10.,10.,10.,        253P   2592
10.,11.,11.,11.,11.,11.,12.,12.,12.,12.,12.,13.,13.,13.,13.,13.,     253P   2593
14.,14.,14.,14.,14.,15.,15.,15.,15.,15.,16.,16.,16.,16.,16.,17.,     253P   2594
17.,17.,17.,17.,18.,18.,18.,18.,18.,19.,19.,19.,19.,19.,20.,20.,     253P   2595
20.,20.,20.,21.,21.,21.,21.,21.,21.,1.,1.,1.,1.,1.,1.,1.,1.,1.,      253P   2596
1.,1.,1.,1.,1.,1.,1.,1.,1.,1.,1.,1.,1.,1.,1.,1.,1.,1.,1.,1.,1.,      253P   2597
1.,1.,1.,1.,1.,1.,1.,1.,1.,1.,1.,1.,1.,1.,1.,1.,1.,1.,1.,1.,1.,      253P   2598
1.,1.,1.,1.,1.,1.,1.,1.,1.,1.,1.,1.,1.,1.,1.,1.,1.,1.,1.,1.,1.,      253P   2599
1.,1.,1.,1.,1.,1.,1.,1.,1.,1.,1.,1.,1.,1.,1.,1.,1.,1.,1.,1.,1.,      253P   2600
1.,1.,1.,1.,1.,1.,1.,1.,1.,1.,1.,1.,1.,10977.150026423207,           253P   2601
-3503.9999999999995,43.85155955050784,10977.15003321871,             253P   2602
-3501.288451555726,43.85163304543608,10977.150039457823,             253P   2603
-3498.579235259479,43.840641649262494,10977.150045140548,            253P   2604
-3495.8723511112585,43.81858536198709,10977.150050266886,            253P   2605
-3493.1677991110637,43.78546418360986,10977.150054836835,            253P   2606
-3490.4655792588956,43.7412781141308,10977.15010485115,              253P   2607
-3472.703828218205,43.45054802369978,10977.150135212578,             253P   2608
-3455.077836842641,42.67932142299742,10977.150148815985,             253P   2609
-3437.759498073584,41.41722582963288,10977.15014944446,              253P   2610
-3420.9199456217666,39.66629154377446,10977.150141769322,            253P   2611
-3404.7295539672705,37.440951648149564,10977.150134106683,           253P   2612
-3388.5386210962556,35.21567441037551,10977.150118196065,            253P   2613
-3372.9937039665574,32.516033650992135,10977.150098776901,           253P   2614
-3358.262815139886,29.35699942513179,10977.15008177189,              253P   2615
-3344.4948291127967,25.76562749114158,10977.150074286996,            253P   2616
-3331.819482316691,21.78105931058337,10977.150118249323,             253P   2617
-3330.5381236104554,21.378235501594563,10977.150138114243,           253P   2618
-3329.268104963572,20.97147136370412,10977.150133881752,             253P   2619
-3328.009426376041,20.560766896912035,10977.150105551853,            253P   2620
-3326.762087847863,20.146122101218317,10977.15005312455,             253P   2621
-3325.5260893790373,19.727536976622964,10977.14990670894,            253P   2622
-3323.325736818103,18.982398498846102,10977.149078201905,            253P   2623
-3321.1617492468986,18.225326946941482,10977.149096315765,           253P   2624
-3319.0351526637905,17.455602416166546,10977.149942306643,           253P   2625
-3316.94660900043,16.67348735081347,10977.150049974467,              253P   2626
-3314.8964161217523,15.880226544209174,10977.15011338099,            253P   2627
-3313.738458440509,15.432180608406565,10977.150141917913,            253P   2628
-3312.592951834824,14.980524726794744,10977.150135585234,            253P   2629
-3311.4598963046983,14.525258899373707,10977.150094382952,           253P   2630
-3310.3392918501313,14.066383126143457,10977.150018311067,           253P   2631
-3309.2311384711234,13.603897407103997,10977.149743689532,           253P   2632
-3305.320166918455,11.97168489406688,10977.14726339487,              253P   2633
-3301.565760115792,10.296273804894403,10977.152674814713,            253P   2634
-3297.9750341357485,8.574055653593506,10977.149489125815,            253P   2635
-3294.548246297615,6.816751304990881,10977.14943143475,              253P   2636
-3291.2917061287994,5.019903585637249,10977.149398561527,            253P   2637
-3289.4359897612367,3.9960030143412704,10977.149683309632,           253P   2638
-3287.6354480080913,2.959688055502153,10977.150049035314,            253P   2639
-3285.890612146226,1.9115323414222967,10977.15025909481,             253P   2640
-3284.2020134525014,0.8521095044041019,10977.150076844366,           253P   2641
-3282.57018320378,-0.21800682325003057,10977.14996470793,            253P   2642
-3281.5661317892736,-0.8764361665945051,10977.149032457852,          253P   2643
-3280.583390673633,-1.538569391207861,10977.149007083692,            253P   2644
-3279.6225177631222,-2.205196373842184,10977.14991179997,            253P   2645
-3278.6836348472816,-2.8762163193460513,10977.150066046168,          253P   2646
-3277.7664275989273,-3.550637760664532,10977.150257054722,           253P   2647
-3276.6306045987776,-4.385806125257769,10977.150244362845,           253P   2648
-3275.5282709426674,-5.226705667847937,10977.15012964539,            253P   2649
-3274.459628823017,-6.073177637948551,10977.150014577212,            253P   2650
-3273.4248804322483,-6.9250632850731275,10977.150000833162,          253P   2651
-3272.424227962782,-7.782203858735183,10977.14999445623,             253P   2652
-3271.9599283575135,-8.179911930964476,10977.149815395078,           253P   2653
-3271.5029174499477,-8.578658762638808,10977.149586541109,           253P   2654
-3271.053241645831,-8.978481409868223,10977.149430785723,            253P   2655
-3270.6109473509077,-9.37941692876276,10977.149471020322,            253P   2656
-3270.176080970925,-9.781502375432462,10977.149514079663,            253P   2657
-3269.71068303027,-10.211818149537748,10977.150410116246,            253P   2658
-3269.253956427557,-10.64374201822124,10977.15060752791,             253P   2659
-3268.805513674981,-11.07651920811967,10977.150020573443,            253P   2660
-3268.365347347255,-11.510085684474832,10977.15002937258,            253P   2661
-3267.933830081615,-11.945068151133563,10977.150042541083,           253P   2662
-3267.346833838556,-12.53681694541179,10977.150049177048,            253P   2663
-3266.7756044544994,-13.13054880117369,10977.150049280473,           253P   2664
-3266.220141929446,-13.726263718419272,10977.150042851363,           253P   2665
-3265.680446263396,-14.323961697148533,10977.150029889714,           253P   2666
-3265.1565174563484,-14.923642737361472,10977.150098966493,          253P   2667
-3264.9111973499957,-15.204480541993028,10977.15013094369,           253P   2668
-3264.669338094084,-15.4857060738285,10977.15012582131,              253P   2669
-3264.4309396886133,-15.767319332867881,10977.150083599354,          253P   2670
-3264.1960021335835,-16.049320319111178,10977.15000427782,           253P   2671
-3263.964525428995,-16.331709032558386,10977.149944536883,           253P   2672
-3263.857874232507,-16.46179836948818,10977.149753398055,            253P   2673
-3263.7519255246925,-16.59191484510263,10977.149532306774,           253P   2674
-3263.6467064414146,-16.72210163956749,10977.149382708478,           253P   2675
-3263.5422441185356,-16.85240193304851,10977.149406048604,           253P   2676
-3263.4385656919185,-16.982858905711442,10977.1494387462,            253P   2677
-3263.29332052481,-17.16561882118071,10977.149612512945,             253P   2678
-3263.1495613467964,-17.34859911340739,10977.149829761625,           253P   2679
-3263.0072626991864,-17.531756156405244,10977.149992905033,          253P   2680
-3262.866399123289,-17.715046324188027,10977.15000435596,            253P   2681
-3262.7269451604134,-17.898425990769503,10977.150074640605,          253P   2682
-3261.870976956262,-19.02398752846803,10977.150097852887,            253P   2683
-3261.0696603896104,-20.155358253852214,10977.150084478557,          253P   2684
-3260.3230464023145,-21.292111753140873,10977.150045003364,          253P   2685
-3259.6311859362304,-22.433821612552826,10977.14998991306,           253P   2686
-3258.9941299332127,-23.5800614183069,10977.14997597186,             253P   2687
-3258.8329197457097,-23.87012187891554,10977.151128384248,           253P   2688
-3258.67553252328,-24.16092126911837,10977.147861077534,             253P   2689
-3258.5204617325235,-24.450286947585703,10977.149810415749,          253P   2690
-3258.370304806227,-24.74196401621851,10977.149979333868,            253P   2691
-3258.223175897803,-25.03321060773415,10977.150970275408,            253P   2692
-3257.3600590051365,-26.7417782392307,10977.14820097998,             253P   2693
-3256.6166326775815,-28.458214175757426,10977.151166736845,          253P   2694
-3255.995380294451,-30.184649050171668,10977.149971501822,           253P   2695
-3255.493279790518,-31.915952010807,10977.150008314899,              253P   2696
-3255.1112007503434,-33.65278873003048,10977.15000409659,            253P   2697
-3254.9799419514657,-34.2496413671943,10977.150002369011,            253P   2698
-3254.862773852234,-34.84699974504674,10977.15000313217,             253P   2699
-3254.759696452649,-35.4448638635878,10977.15000638607,              253P   2700
-3254.6707097527114,-36.04323372281747,10977.150012130705,           253P   2701
-3254.59581375242,-36.642109322735756,10977.15003489036,             253P   2702
-3254.495458093569,-37.444271653625535,10977.150085389918,           253P   2703
-3254.4203285747285,-38.247205586320504,10977.150149199337,          253P   2704
-3254.3703362044516,-39.05077216196146,10977.150211888573,           253P   2705
-3254.3453919912904,-39.854832421689196,10977.1502539275,            253P   2706
-3254.345405551335,-40.659245901888504,0.,21.,0.,0.,0.,0,0;          253P   2707
126,45,5,0,0,1,0,0.,0.,0.,0.,0.,0.,1.,1.,1.,1.,1.,2.,2.,2.,2.,       255P   2708
2.,3.,3.,3.,3.,3.,4.,4.,4.,4.,4.,5.,5.,5.,5.,5.,6.,6.,6.,6.,6.,      255P   2709
7.,7.,7.,7.,7.,8.,8.,8.,8.,8.,9.,9.,9.,9.,9.,9.,1.,1.,1.,1.,1.,      255P   2710
1.,1.,1.,1.,1.,1.,1.,1.,1.,1.,1.,1.,1.,1.,1.,1.,1.,1.,1.,1.,1.,      255P   2711
1.,1.,1.,1.,1.,1.,1.,1.,1.,1.,1.,1.,1.,1.,1.,1.,1.,1.,1.,1.,         255P   2712
10977.1502539275,-3254.345405551335,-40.659245901888504,             255P   2713
10923.564176320278,-3239.7151822049136,-24.848932649481114,          255P   2714
10870.169462917289,-3225.5711038067975,-9.159437185392303,           255P   2715
10816.676610005325,-3211.8378868789796,6.488450875149358,            255P   2716
10763.007267729585,-3198.496810681434,22.110532138275147,            255P   2717
10709.294240093677,-3185.585717212113,37.659197431476194,            255P   2718
10631.023890730326,-3166.7719878668845,60.31663653784403,            255P   2719
10552.753544743919,-3148.8959904945646,82.79058872959735,            255P   2720
10474.483199043556,-3131.962545249852,105.05551743908924,            255P   2721
10396.212851771494,-3115.976529318619,127.0774041325228,             255P   2722
10317.94250230316,-3100.942876917911,148.81374830995097,             255P   2723
10276.04403349455,-3092.8952432657943,160.44926543613337,            255P   2724
10234.126961349699,-3085.11723295004,172.00790268998438,             255P   2725
10192.197695407516,-3077.61088472137,183.48120730716255,             255P   2726
10150.272828230638,-3070.379933091579,194.85701410397684,            255P   2727
10108.37913540542,-3063.4298083335343,206.1194454773868,             255P   2728
10075.088519316709,-3057.9068965978972,215.06908503741676,           255P   2729
10041.808967734656,-3052.559292248728,223.94966738512133,            255P   2730
10008.583699205974,-3047.3933497715534,232.7457603389064,            255P   2731
9975.407202277898,-3042.4085084123817,241.454112521296,              255P   2732
9942.225235498196,-3037.597292177706,250.08365335893245,             255P   2733
9909.041217573196,-3032.785778502806,258.713728106856,               255P   2734
9875.868263270719,-3028.150287500882,267.2606878695325,              255P   2735
9842.642994218599,-3023.682018217429,275.7358404012471,              255P   2736
9809.35989944424,-3019.3807123367646,284.13492710458837,             255P   2737
9776.071335374601,-3015.2546541820316,292.438123030448,              255P   2738
9733.654189205206,-3009.997123425008,303.01826619437173,             255P   2739
9691.230875057481,-3005.024843906217,313.4418674835701,              255P   2740
9648.72188527009,-3000.3313853537857,323.714644250388,               255P   2741
9606.143326648402,-2995.9194133022283,333.8191588716979,             255P   2742
9563.606920464501,-2991.8006890924526,343.71481874889963,            255P   2743
9528.152061681458,-2988.367645266063,351.96308562049353,             255P   2744
9492.702498054889,-2985.135883792521,360.0720652871536,              255P   2745
9457.299679192536,-2982.1099252146214,368.02383196347546,            255P   2746
9421.944894140479,-2979.2901781104447,375.80998481216733,            255P   2747
9386.599271383144,-2976.672939093357,383.43164794404976,             255P   2748
9325.50628769204,-2972.149063272533,396.6053970224321,               255P   2749
9264.413303184476,-2968.2273913748772,409.2943727975982,             255P   2750
9203.386316854816,-2964.9121835298743,421.44495434591795,            255P   2751
9142.3847138309,-2962.204498022675,433.0270361481272,                255P   2752
9081.37608085366,-2960.105910090259,444.02202902255533,              255P   2753
9029.082671756358,-2958.307110875253,453.44633947110174,             255P   2754
8976.785868496489,-2956.955869271043,462.4391342274786,              255P   2755
8924.458323980205,-2956.052952635623,470.9894317693378,              255P   2756
8872.098366553058,-2955.600095586361,479.09024619030913,8819.73,     255P   2757
-2955.6,486.7385872,0.,9.,0.,0.,0.,0,0;                              255P   2758
126,56,4,0,0,1,0,0.,0.,0.,0.,0.,1.,1.,1.,1.,2.,2.,2.,2.,3.,3.,       257P   2759
3.,3.,4.,4.,4.,4.,5.,5.,5.,5.,6.,6.,6.,6.,7.,7.,7.,7.,8.,8.,8.,      257P   2760
8.,9.,9.,9.,9.,10.,10.,10.,10.,11.,11.,11.,11.,12.,12.,12.,12.,      257P   2761
13.,13.,13.,13.,14.,14.,14.,14.,14.,1.,1.,1.,1.,1.,1.,1.,1.,1.,      257P   2762
1.,1.,1.,1.,1.,1.,1.,1.,1.,1.,1.,1.,1.,1.,1.,1.,1.,1.,1.,1.,1.,      257P   2763
1.,1.,1.,1.,1.,1.,1.,1.,1.,1.,1.,1.,1.,1.,1.,1.,1.,1.,1.,1.,1.,      257P   2764
1.,1.,1.,1.,1.,1.,8819.73,-2955.6,486.7385872,8819.730000000003,     257P   2765
-2955.6000399740183,501.2503086723426,8819.730000000003,             257P   2766
-2955.782449980159,515.2887217991702,8819.73,-2956.145352428769,     257P   2767
528.8769765847735,8819.73,-2956.6868697301934,542.0382230334435,     257P   2768
8819.730000000003,-2957.2284982717238,555.1991216254942,8819.73,     257P   2769
-2957.948817942226,567.9327402396809,8819.729999999996,              257P   2770
-2958.846891321406,580.2593164124429,8819.73,                        257P   2771
-2959.9217809889687,592.1990876802189,8819.729999999996,             257P   2772
-2960.8432005921727,602.4329311081187,8819.73,-2961.89459024793,     257P   2773
612.3823851882728,8819.730000000003,-2963.0758997516396,             257P   2774
622.0586595535285,8819.73,-2964.3870788986987,631.472963836733,      257P   2775
8819.73,-2965.6983095318465,640.8871347299148,8819.73,               257P   2776
-2967.139411610783,650.0393145301714,8819.73,                        257P   2777
-2968.7107980591054,658.939513144811,8819.73,-2970.412881800409,     257P   2778
667.597740481142,8819.729999999996,-2972.6824275610106,              257P   2779
679.141811978393,8819.73,-2975.184206647337,690.2559407846968,       257P   2780
8819.730000000005,-2977.9204528737405,700.9609317673238,             257P   2781
8819.729999999998,-2980.893400054573,711.2775897935448,              257P   2782
8819.729999999996,-2988.325925717611,737.0687908804883,              257P   2783
8819.73000000001,-2997.2396591986317,760.4296821260294,              257P   2784
8819.729999999996,-3007.680358627282,781.6587770764145,              257P   2785
8819.729999999998,-3019.7508431948336,800.9572720580979,8819.73,     257P   2786
-3029.4072529610985,816.3962796834871,8819.729999999996,             257P   2787
-3040.1069721700837,830.6007092599887,8819.730000000003,             257P   2788
-3051.9026540509776,843.6750284877985,8819.729999999998,             257P   2789
-3064.873670647992,855.694227492634,8819.730000000009,               257P   2790
-3076.223304523654,866.211037245823,8819.729999999996,               257P   2791
-3088.473007719665,875.9202261484429,8819.73,-3101.675855824911,     257P   2792
884.8721880091422,8819.730000000001,-3115.9036906661063,             257P   2793
893.1031153044054,8819.730000000009,-3128.0989814487184,             257P   2794
900.1581988053362,8819.729999999976,-3141.047392801781,              257P   2795
906.683576167331,8819.730000000016,-3154.7942312556,                 257P   2796
912.7021064608501,8819.729999999998,-3169.3966919293566,             257P   2797
918.2297519842461,8819.73,-3183.9991798252768,923.7574056176724,     257P   2798
8819.730000000007,-3199.457441765594,928.7942103727005,              257P   2799
8819.729999999981,-3215.8288674759724,933.356203115392,              257P   2800
8819.729999999998,-3233.1852847410373,937.4530068596404,             257P   2801
8819.730000000009,-3246.2029366352017,940.5255025888112,8819.73,     257P   2802
-3259.7736174024726,943.3367412117871,8819.72999999999,              257P   2803
-3273.930557323666,945.8898094112132,8819.729999999998,              257P   2804
-3288.706986679598,948.1877938697345,8819.73000000001,               257P   2805
-3300.2001081405206,949.9749996566635,8819.73,                       257P   2806
-3312.0682930615176,951.60777575004,8819.729999999989,               257P   2807
-3324.329625932277,953.0867690156542,8819.729999999998,              257P   2808
-3337.002191242488,954.412626319297,8819.729999999998,               257P   2809
-3355.106114666888,956.3066282862036,8819.73,-3374.050523365331,     257P   2810
957.887742456079,8819.73,-3393.8918003485287,959.1567176975639,      257P   2811
8819.73,-3414.6979829198694,960.1111351736382,8819.729999999994,     257P   2812
-3435.5041814444567,961.0655514668416,8819.730000000009,             257P   2813
-3457.275433057055,961.7053962690507,8819.729999999996,              257P   2814
-3480.079882331263,962.0282462519854,8819.73,-3504.,962.0282496,     257P   2815
0.,14.,0.,0.,0.,0,0;                                                 257P   2816
126,55,5,0,0,1,0,0.,0.,0.,0.,0.,0.,1.,1.,1.,1.,1.,2.,2.,2.,2.,       259P   2817
2.,3.,3.,3.,3.,3.,4.,4.,4.,4.,4.,5.,5.,5.,5.,5.,6.,6.,6.,6.,6.,      259P   2818
7.,7.,7.,7.,7.,8.,8.,8.,8.,8.,9.,9.,9.,9.,9.,10.,10.,10.,10.,        259P   2819
10.,11.,11.,11.,11.,11.,11.,1.,1.,1.,1.,1.,1.,1.,1.,1.,1.,1.,1.,     259P   2820
1.,1.,1.,1.,1.,1.,1.,1.,1.,1.,1.,1.,1.,1.,1.,1.,1.,1.,1.,1.,1.,      259P   2821
1.,1.,1.,1.,1.,1.,1.,1.,1.,1.,1.,1.,1.,1.,1.,1.,1.,1.,1.,1.,1.,      259P   2822
1.,1.,8819.73,-3504.,962.0282496,8880.826198109891,                  259P   2823
-3504.000000000001,947.8363164610545,8941.91048183052,-3504.,        259P   2824
933.0050425744971,9002.946842896064,-3503.999999999999,              259P   2825
917.5410819185079,9063.943559519817,-3503.9999999999986,             259P   2826
901.4346968898603,9124.953196394192,-3504.,884.6597583039213,        259P   2827
9177.246605217324,-3504.000000000005,870.2813876819146,              259P   2828
9229.543407388037,-3503.999999999992,855.4134324699116,              259P   2829
9281.870950091674,-3503.9999999999977,840.0409455650517,             259P   2830
9334.230905622388,-3504.0000000000164,824.1531191639003,             259P   2831
9386.599271383144,-3504.0000000000005,807.7432847624508,             259P   2832
9429.016417618877,-3504.0000000000064,794.4516156854303,             259P   2833
9471.439732130146,-3503.999999999996,780.8167289639002,              259P   2834
9513.94872223435,-3503.9999999999964,766.8037400500843,              259P   2835
9556.527280969754,-3504.000000000007,752.4094341124347,              259P   2836
9599.06368709549,-3504.,737.6622660356323,9634.532111205106,         259P   2837
-3504.,725.3653060415365,9669.963468502177,-3504.0000000000005,      259P   2838
712.8265462227257,9705.361378572354,-3504.000000000002,              259P   2839
700.0380017670019,9740.72946100128,-3504.000000000002,               259P   2840
686.9916878621674,9776.071335374601,-3504.,673.6796196960245,        259P   2841
9809.36195058954,-3504.000000000003,661.1402197303155,               259P   2842
9842.64150247657,-3504.,648.3612532853559,9875.866771528688,         259P   2843
-3503.999999999999,635.3542203778915,9909.043268718495,              259P   2844
-3504.000000000002,622.1094543572408,9942.225235498194,-3504.,       259P   2845
608.5961219052958,9975.409253423182,-3503.9999999999973,             259P   2846
595.0819641895926,10008.582207463955,-3504.0000000000005,            259P   2847
581.3058921686477,10041.807475992633,-3504.000000000002,             259P   2848
567.2333963494291,10075.090570461987,-3503.999999999999,             259P   2849
552.851689278909,10108.37913540542,-3504.,538.169705544064,          259P   2850
10150.277604762901,-3504.000000000004,519.6904006343742,             259P   2851
10192.19467865029,-3503.9999999999964,500.72992442320196,            259P   2852
10234.123944592478,-3503.9999999999973,481.2676008501691,            259P   2853
10276.048810026827,-3504.000000000005,461.28154755870963,            259P   2854
10317.94250230316,-3504.,440.7486758960696,10357.077676736231,       259P   2855
-3504.000000000001,421.5680376943868,10396.212851128323,             259P   2856
-3503.999999999999,401.8969686217456,10435.348024999621,             259P   2857
-3503.999999999998,381.7063094764649,10474.483198350841,             259P   2858
-3503.999999999999,360.95898805493584,10513.618371663231,            259P   2859
-3504.0000000000005,339.6100191516213,10552.753544965119,            259P   2860
-3503.9999999999995,318.26091599082764,10591.888718118593,           259P   2861
-3503.999999999999,296.30876624398456,10631.023891560162,-3504.,     259P   2862
273.7080123447226,10670.159065534344,-3504.0000000000014,            259P   2863
250.39659831220942,10709.294240093677,-3503.999999999999,            259P   2864
226.2959697511501,10736.147007833295,-3503.9999999999945,            259P   2865
209.75905047414022,10762.999775816177,-3504.0000000000123,           259P   2866
192.85015039207337,10789.817265242033,-3503.9999999999773,           259P   2867
175.56434168914083,10816.601719644357,-3504.0000000000214,           259P   2868
157.87202756174918,10843.366299156361,-3504.,139.72430968916328,     259P   2869
10870.130878668444,-3504.000000000009,121.5765918165673,             259P   2870
10896.875583290486,-3503.9999999999873,102.97347019876202,           259P   2871
10923.613573155828,-3504.0000000000014,83.86604651492851,            259P   2872
10950.368924999657,-3504.000000000008,64.18612092712036,             259P   2873
10977.150026423207,-3503.9999999999995,43.85155955050784,0.,11.,     259P   2874
0.,0.,0.,0,0;                                                        259P   2875
102,4,253,255,257,259;                                               261P   2876
142,0,241,251,261,1,0,0;                                             263P   2877
406,1,6HJoin.1;                                                      265P   2878
144,241,1,0,263,0,1,265;                                             267P   2879
128,8,5,5,5,0,0,0,0,0,0.,0.,0.,0.,0.,0.,104.8264474,104.8264474,     269P   2880
104.8264474,188.6808437,188.6808437,188.6808437,188.6808437,         269P   2881
188.6808437,188.6808437,0.,0.,0.,0.,0.,0.,102.3132198,               269P   2882
102.3132198,102.3132198,102.3132198,102.3132198,102.3132198,1.,      269P   2883
1.,1.,1.,1.,1.,1.,1.,1.,1.072870394,1.07286219,1.072817278,          269P   2884
1.072723927,1.072442217,1.071811492,1.071437229,1.070938631,         269P   2885
1.070208209,1.1126244,1.112611347,1.112539903,1.112391369,           269P   2886
1.111943147,1.110940212,1.110345279,1.109552795,1.108393058,         269P   2887
1.1126244,1.112611347,1.112539903,1.112391369,1.111943147,           269P   2888
1.110940212,1.110345279,1.109552795,1.108393058,1.072870394,         269P   2889
1.07286219,1.072817278,1.072723927,1.072442217,1.071811492,          269P   2890
1.071437229,1.070938631,1.070208209,1.,1.,1.,1.,1.,1.,1.,1.,1.,      269P   2891
7310.8,-3504.,1148.4,7478.522316,-3504.,1148.4,7646.244632,          269P   2892
-3504.,1141.3107464,7813.6498128,-3504.,1128.4240104,8115.53916,     269P   2893
-3504.,1095.5350784,8417.428512,-3504.,1046.2324664,8551.395928,     269P   2894
-3504.,1021.2602248,8685.562968,-3504.,993.193476,8819.73,           269P   2895
-3504.,962.0282496,7310.8,-3762.7778504,1148.4,7478.5235984,         269P   2896
-3762.7738744,1148.4,7646.2580648,-3762.7520736,1141.3103792,        269P   2897
7813.6780968,-3762.7068528,1128.4220048,8115.62616,-3762.570252,     269P   2898
1095.5224496,8417.485464,-3762.2639176,1046.223076,8551.475264,      269P   2899
-3762.0818976,1021.2453368,8685.654472,-3761.8391728,993.17222,      269P   2900
8819.73,-3761.4826992,962.0282496,7310.8,-3920.6491256,              269P   2901
1106.3534152,7478.524284,-3920.645952,1106.0905968,7646.2651848,     269P   2902
-3920.6286064,1099.1770536,7813.6932248,-3920.5924584,               269P   2903
1086.776744,8115.6726,-3920.483408,1055.1630224,8417.515872,         269P   2904
-3920.2387352,1007.5902768,8551.51768,-3920.0932752,983.4139488,     269P   2905
8685.7032,-3919.8992216,956.1374336,8819.73,-3919.6140288,           269P   2906
925.7874144,7310.8,-4010.9972384,1014.600368,7478.524284,            269P   2907
-4010.9959744,1013.764896,7646.2651848,-4010.9891224,                269P   2908
1007.2407256,7813.6932248,-4010.974664,995.917284,8115.6726,         269P   2909
-4010.931224,967.1507992,8417.515872,-4010.8337032,923.4008144,      269P   2910
8551.51768,-4010.775712,901.0134264,8685.7032,-4010.6983328,         269P   2911
875.5260104,8819.73,-4010.5845024,846.9447344,7310.8,-4052.4,        269P   2912
854.2741568,7478.5235984,-4052.4,852.4406296,7646.2580648,           269P   2913
-4052.400048,846.611084,7813.6780968,-4052.4,837.1994392,            269P   2914
8115.62616,-4052.4,813.498728,8417.485464,-4052.4,776.60207808,      269P   2915
8551.475264,-4052.4000024,757.44314728,8685.654472,-4052.4,          269P   2916
735.21422272,8819.73,-4052.4,709.89479672,7310.8,-4052.4,            269P   2917
591.47224912,7478.522316,-4052.4,588.00813432,7646.244632,           269P   2918
-4052.4,583.34674336,7813.6498128,-4052.4,577.1297304,               269P   2919
8115.53916,-4052.4,561.91023504,8417.428512,-4052.4,                 269P   2920
536.61263776,8551.395928,-4052.4,522.95311448,8685.562968,           269P   2921
-4052.4,506.33384576,8819.73,-4052.4,486.7385872,0.,188.6808437,     269P   2922
0.,102.3132198;                                                      269P   2923
126,1,1,0,0,1,0,0.,0.,188.6808437,188.6808437,1.,1.,0.,0.,0.,        271P   2924
188.6808437,0.,0.,0.,188.6808437,0.,0.,0.,0,0;                       271P   2925
126,1,1,0,0,1,0,0.,0.,102.3132198,102.3132198,1.,1.,188.6808437,     273P   2926
0.,0.,188.6808437,102.3132198,0.,0.,102.3132198,0.,0.,0.,0,0;        273P   2927
126,1,1,0,0,1,0,0.,0.,188.6808437,188.6808437,1.,1.,188.6808437,     275P   2928
102.3132198,0.,0.,102.3132198,0.,0.,188.6808437,0.,0.,0.,0,0;        275P   2929
126,1,1,0,0,1,0,0.,0.,102.3132198,102.3132198,1.,1.,0.,              277P   2930
102.3132198,0.,0.,0.,0.,0.,102.3132198,0.,0.,0.,0,0;                 277P   2931
102,4,271,273,275,277;                                               279P   2932
126,20,4,0,0,1,0,0.,0.,0.,0.,0.,1.,1.,1.,1.,2.,2.,2.,2.,3.,3.,       281P   2933
3.,3.,4.,4.,4.,4.,5.,5.,5.,5.,5.,1.,1.,1.,1.,1.,1.,1.,1.,1.,1.,      281P   2934
1.,1.,1.,1.,1.,1.,1.,1.,1.,1.,1.,7310.8,-3504.,1148.4,               281P   2935
7389.420343728668,-3503.999999999996,1148.3997898120872,             281P   2936
7468.038287272383,-3504.0000000000077,1146.7390286993368,            281P   2937
7546.620992473842,-3503.999999999997,1143.5843072109435,             281P   2938
7625.192064391178,-3504.,1139.0307862623304,7703.763412136215,       281P   2939
-3503.9999999999977,1134.477151211707,7782.319294043694,             281P   2940
-3504.0000000000027,1128.5263021182627,7860.885666965855,            281P   2941
-3503.9999999999973,1121.2724270276515,7939.474377145916,-3504.,     281P   2942
1112.767470444713,7991.866824790875,-3504.00000000001,               281P   2943
1107.0975100656374,8044.268073137383,-3503.999999999993,             281P   2944
1100.8719796622984,8096.681206344279,-3504.,1094.1064463566108,      281P   2945
8149.0944429392575,-3504.,1086.8131293342526,8232.950186987735,      281P   2946
-3503.999999999995,1075.144496835604,8316.799564854287,              281P   2947
-3504.0000000000064,1062.1263627580383,8400.603992952309,            281P   2948
-3503.9999999999986,1047.8104290665037,8484.412220872411,            281P   2949
-3503.9999999999995,1032.2017017217015,8568.221180435445,            281P   2950
-3504.000000000002,1016.5928252623146,8652.02377383479,              281P   2951
-3503.999999999998,999.6932270575911,8735.87498887965,-3504.,        281P   2952
981.5066416701779,8819.73,-3504.,962.0282496,0.,5.,0.,0.,0.,0,0;     281P   2953
126,56,4,0,0,1,0,0.,0.,0.,0.,0.,1.,1.,1.,1.,2.,2.,2.,2.,3.,3.,       283P   2954
3.,3.,4.,4.,4.,4.,5.,5.,5.,5.,6.,6.,6.,6.,7.,7.,7.,7.,8.,8.,8.,      283P   2955
8.,9.,9.,9.,9.,10.,10.,10.,10.,11.,11.,11.,11.,12.,12.,12.,12.,      283P   2956
13.,13.,13.,13.,14.,14.,14.,14.,14.,1.,1.,1.,1.,1.,1.,1.,1.,1.,      283P   2957
1.,1.,1.,1.,1.,1.,1.,1.,1.,1.,1.,1.,1.,1.,1.,1.,1.,1.,1.,1.,1.,      283P   2958
1.,1.,1.,1.,1.,1.,1.,1.,1.,1.,1.,1.,1.,1.,1.,1.,1.,1.,1.,1.,1.,      283P   2959
1.,1.,1.,1.,1.,1.,8819.73,-3504.,962.0282496,8819.730000000009,      283P   2960
-3527.9201176687316,962.0282462519855,8819.72999999999,              283P   2961
-3550.7245669429512,961.7053962690505,8819.73,                       283P   2962
-3572.4958185555406,961.0655514668417,8819.73,                       283P   2963
-3593.3020170801315,960.1111351736382,8819.730000000012,             283P   2964
-3614.1081996514763,959.1567176975641,8819.729999999987,             283P   2965
-3633.949476634664,957.8877424560786,8819.729999999994,              283P   2966
-3652.893885333108,956.3066282862027,8819.73,                        283P   2967
-3670.9978087575114,954.4126263192974,8819.729999999989,             283P   2968
-3683.6703740677185,953.0867690156541,8819.73,                       283P   2969
-3695.9317069384824,951.6077757500398,8819.73000000001,              283P   2970
-3707.799891859483,949.9749996566636,8819.729999999998,              283P   2971
-3719.2930133204018,948.1877938697345,8819.72999999999,              283P   2972
-3734.0694426763303,945.8898094112132,8819.73,                       283P   2973
-3748.2263825975283,943.3367412117871,8819.730000000009,             283P   2974
-3761.7970633648038,940.5255025888112,8819.729999999998,             283P   2975
-3774.8147152589618,937.4530068596404,8819.729999999981,             283P   2976
-3792.17113252401,933.3562031153957,8819.730000000007,               283P   2977
-3808.54255823442,928.7942103726967,8819.73,-3824.0008201747155,     283P   2978
923.7574056176743,8819.729999999998,-3838.6033080706425,             283P   2979
918.2297519842461,8819.730000000021,-3853.2057687444503,             283P   2980
912.702106460852,8819.729999999978,-3866.952607198175,               283P   2981
906.6835761673292,8819.730000000009,-3879.901018551297,              283P   2982
900.1581988053371,8819.73,-3892.0963093338937,893.103115304405,      283P   2983
8819.730000000001,-3906.324144175092,884.8721880091427,              283P   2984
8819.729999999996,-3919.5269922803336,875.9202261484422,             283P   2985
8819.730000000005,-3931.776695476349,866.2110372458234,              283P   2986
8819.730000000001,-3943.126329352008,855.694227492634,               283P   2987
8819.730000000003,-3956.0973459490233,843.6750284878003,             283P   2988
8819.729999999996,-3967.893027829919,830.6007092599851,8819.73,      283P   2989
-3978.5927470388965,816.3962796834891,8819.729999999998,             283P   2990
-3988.249156805166,800.9572720580979,8819.729999999998,              283P   2991
-4000.3196413727173,781.6587770764154,8819.730000000012,             283P   2992
-4010.760340801375,760.4296821260284,8819.729999999987,              283P   2993
-4019.6740742823845,737.068790880488,8819.73,                        283P   2994
-4027.1065999454277,711.2775897935451,8819.730000000003,             283P   2995
-4030.0795471262595,700.9609317673237,8819.73,                       283P   2996
-4032.8157933526645,690.2559407846968,8819.73,                       283P   2997
-4035.3175724389916,679.1418119783934,8819.73,-4037.58711819959,     283P   2998
667.597740481142,8819.729999999992,-4039.2892019408955,              283P   2999
658.9395131448109,8819.729999999996,-4040.860588389215,              283P   3000
650.0393145301714,8819.73,-4042.30169046815,640.887134729915,        283P   3001
8819.73,-4043.612921101302,631.472963836733,8819.729999999996,       283P   3002
-4044.9241002483595,622.0586595535282,8819.730000000001,             283P   3003
-4046.105409752069,612.3823851882731,8819.730000000005,              283P   3004
-4047.1567994078277,602.4329311081194,8819.73,                       283P   3005
-4048.0782190110313,592.1990876802187,8819.729999999996,             283P   3006
-4049.153108678593,580.2593164124423,8819.73,                        283P   3007
-4050.0511820577726,567.9327402396807,8819.730000000003,             283P   3008
-4050.771501728276,555.1991216254942,8819.73,-4051.313130269807,     283P   3009
542.0382230334435,8819.73,-4051.854647571233,528.8769765847735,      283P   3010
8819.730000000003,-4052.217550019841,515.2887217991702,              283P   3011
8819.730000000003,-4052.3999600259804,501.2503086723426,8819.73,     283P   3012
-4052.4,486.7385872,0.,14.,0.,0.,0.,0,0;                             283P   3013
126,20,5,0,0,1,0,0.,0.,0.,0.,0.,0.,1.,1.,1.,1.,1.,2.,2.,2.,2.,       285P   3014
2.,3.,3.,3.,3.,3.,4.,4.,4.,4.,4.,4.,1.,1.,1.,1.,1.,1.,1.,1.,1.,      285P   3015
1.,1.,1.,1.,1.,1.,1.,1.,1.,1.,1.,1.,8819.73,-4052.4,486.7385872,     285P   3016
8752.646484000006,-4052.400000000003,496.53621648,                   285P   3017
8685.562965999983,-4052.399999999988,505.58984829999923,             285P   3018
8618.504400000027,-4052.400000000017,513.9015132100013,              285P   3019
8551.458310312215,-4052.3999999999933,521.5061699273662,             285P   3020
8484.412220872415,-4052.4,528.4515849234625,8417.3661314326,         285P   3021
-4052.399999999998,535.3969999195581,8350.320042240772,              285P   3022
-4052.4000000000074,541.6831731943844,8283.261477232592,             285P   3023
-4052.3999999999946,547.3578712192997,8216.177959967437,             285P   3024
-4052.3999999999987,552.4816682196687,8149.0944429392575,            285P   3025
-4052.4000000000005,557.1078257614699,8093.186958454107,             285P   3026
-4052.399999999997,560.9632711696023,8037.279778482014,              285P   3027
-4052.4000000000033,564.4730562357264,7981.383486318645,             285P   3028
-4052.4000000000024,567.6695667169965,7925.500247521709,             285P   3029
-4052.399999999995,570.5826153408665,7869.62380991096,-4052.4,       285P   3030
573.2394418050891,7757.866878749633,-4052.399999999998,              285P   3031
578.5533832563434,7646.16084562846,-4052.4000000000005,              285P   3032
582.8407506258002,7534.419575053019,-4052.4000000000015,             285P   3033
586.32203078457,7422.619575616558,-4052.3999999999987,               285P   3034
589.1625050368654,7310.8,-4052.4,591.47224912,0.,4.,0.,0.,0.,0,      285P   3035
0;                                                                   285P   3036
126,64,4,0,0,1,0,0.,0.,0.,0.,0.,1.,1.,1.,1.,2.,2.,2.,2.,3.,3.,       287P   3037
3.,3.,4.,4.,4.,4.,5.,5.,5.,5.,6.,6.,6.,6.,7.,7.,7.,7.,8.,8.,8.,      287P   3038
8.,9.,9.,9.,9.,10.,10.,10.,10.,11.,11.,11.,11.,12.,12.,12.,12.,      287P   3039
13.,13.,13.,13.,14.,14.,14.,14.,15.,15.,15.,15.,16.,16.,16.,16.,     287P   3040
16.,1.,1.,1.,1.,1.,1.,1.,1.,1.,1.,1.,1.,1.,1.,1.,1.,1.,1.,1.,1.,     287P   3041
1.,1.,1.,1.,1.,1.,1.,1.,1.,1.,1.,1.,1.,1.,1.,1.,1.,1.,1.,1.,1.,      287P   3042
1.,1.,1.,1.,1.,1.,1.,1.,1.,1.,1.,1.,1.,1.,1.,1.,1.,1.,1.,1.,1.,      287P   3043
1.,1.,1.,7310.8,-4052.4,591.47224912,7310.7999999999965,             287P   3044
-4052.3999327861443,611.0520126888807,7310.799999999999,             287P   3045
-4052.1631985289914,629.889694623143,7310.800000000002,              287P   3046
-4051.692579991856,648.0273880482816,7310.8,-4050.9908599380506,     287P   3047
665.5071860897916,7310.8,-4050.2889587027526,682.9863048598608,      287P   3048
7310.800000000001,-4049.3558353300014,699.8069936410901,             287P   3049
7310.800000000001,-4048.1926310286835,716.0052557090369,             287P   3050
7310.800000000001,-4046.8004870076834,731.6170943392581,             287P   3051
7310.799999999999,-4045.756269300943,743.3255984249561,              287P   3052
7310.799999999999,-4044.583163855199,754.703835809414,               287P   3053
7310.799999999999,-4043.281060918618,765.7650108049504,7310.8,       287P   3054
-4041.849850739366,776.5223277238839,7310.799999999998,              287P   3055
-4039.941477353994,790.8651390264251,7310.8,-4037.8036617529197,     287P   3056
804.6679529860107,7310.800000000002,-4035.434884715032,              287P   3057
817.9582792197356,7310.8,-4032.83362701922,830.7636273446943,        287P   3058
7310.799999999996,-4029.581925737445,846.769933752878,               287P   3059
7310.800000000008,-4025.966432291634,862.0170237322795,              287P   3060
7310.799999999998,-4021.9826570345076,876.5541920423748,7310.8,      287P   3061
-4017.622517421354,890.4222247525537,7310.799999999982,              287P   3062
-4013.26237934868,904.290249158545,7310.800000000014,                287P   3063
-4008.525868726755,917.4892146137079,7310.800000000006,              287P   3064
-4003.4049208661418,930.0598511589484,7310.8,                        287P   3065
-3997.8877563054334,942.0357684714642,7310.800000000005,             287P   3066
-3990.163729070154,958.802045540629,7310.800000000004,               287P   3067
-3981.6630810709967,974.4027990094851,7310.799999999995,             287P   3068
-3972.3535917959243,988.9300627103482,7310.8,                        287P   3069
-3962.1876691005505,1002.4529339497749,7310.799999999997,            287P   3070
-3950.569484148089,1017.9076517974158,7310.800000000011,             287P   3071
-3937.8324507790176,1032.0508978984146,7310.799999999988,            287P   3072
-3923.905767914863,1044.9859951728617,7310.799999999999,             287P   3073
-3908.687694730255,1056.7848456732768,7310.799999999997,             287P   3074
-3891.5674538906806,1070.0585380645157,7310.800000000006,            287P   3075
-3872.8119967113144,1081.8945874552978,7310.799999999996,            287P   3076
-3852.2775773147587,1092.3954227516492,7310.8,                       287P   3077
-3829.756739876123,1101.6214932404846,7310.799999999997,             287P   3078
-3820.998522798208,1105.2093710135691,7310.799999999997,             287P   3079
-3811.9401829997523,1108.6046571009488,7310.799999999999,            287P   3080
-3802.56854809713,1111.8104866852782,7310.800000000001,              287P   3081
-3792.870445706712,1114.8299949492111,7310.800000000001,             287P   3082
-3785.943148928277,1116.986747253321,7310.8,-3778.849179964156,      287P   3083
1119.048381629381,7310.799999999999,-3771.5831791052524,             287P   3084
1121.0157758393925,7310.8,-3764.139786642468,1122.8898076453559,     287P   3085
7310.800000000001,-3755.2076009942953,1125.1385977182106,            287P   3086
7310.799999999997,-3746.020019146507,1127.2529587208792,             287P   3087
7310.799999999995,-3736.5667042191353,1129.233955051042,             287P   3088
7310.799999999998,-3726.8373193322122,1131.0826511063785,            287P   3089
7310.799999999995,-3717.10779500878,1132.9312946012046,7310.8,       287P   3090
-3707.1022222662123,1134.647638405395,7310.800000000005,             287P   3091
-3696.80901010658,1136.232274118997,7310.800000000001,               287P   3092
-3686.216567531955,1137.6857933420577,7310.799999999996,             287P   3093
-3673.8584183378966,1139.381465982679,7310.800000000001,             287P   3094
-3661.0932751403843,1140.898759630612,7310.800000000005,             287P   3095
-3647.900190075977,1142.2377544889605,7310.799999999999,             287P   3096
-3634.2582152812333,1143.3985307608295,7310.799999999994,            287P   3097
-3620.615878527362,1144.5591979633693,7310.799999999997,             287P   3098
-3606.5249338627928,1145.5417189131965,7310.800000000002,            287P   3099
-3591.961402163152,1146.3452499623852,7310.8,                        287P   3100
-3576.9013043040663,1146.9689474630095,7310.8,                       287P   3101
-3559.689361666452,1147.681633392265,7310.799999999999,              287P   3102
-3541.829191949073,1148.1595161304745,7310.799999999998,             287P   3103
-3523.2797523331737,1148.399877669199,7310.8,-3504.,1148.4,0.,       287P   3104
16.,0.,0.,0.,0,0;                                                    287P   3105
102,4,281,283,285,287;                                               289P   3106
142,0,269,279,289,1,0,0;                                             291P   3107
406,1,6HJoin.1;                                                      293P   3108
144,269,1,0,291,0,1,293;                                             295P   3109
128,8,5,5,5,0,0,0,0,0,0.,0.,0.,0.,0.,0.,125.5877765,125.5877765,     297P   3110
125.5877765,188.4598599,188.4598599,188.4598599,188.4598599,         297P   3111
188.4598599,188.4598599,0.,0.,0.,0.,0.,0.,90.57588679,               297P   3112
90.57588679,90.57588679,90.57588679,90.57588679,90.57588679,1.,      297P   3113
1.,1.,1.,1.,1.,1.,1.,1.,1.142809042,1.142809042,1.142809042,         297P   3114
1.142809042,1.142809042,1.142809042,1.142809042,1.142809042,         297P   3115
1.142809042,1.226960076,1.226960076,1.226960076,1.226960076,         297P   3116
1.226960076,1.226960076,1.226960076,1.226960076,1.226960076,         297P   3117
1.226960076,1.226960076,1.226960076,1.226960076,1.226960076,         297P   3118
1.226960076,1.226960076,1.226960076,1.226960076,1.142809042,         297P   3119
1.142809042,1.142809042,1.142809042,1.142809042,1.142809042,         297P   3120
1.142809042,1.142809042,1.142809042,1.,1.,1.,1.,1.,1.,1.,1.,1.,      297P   3121
7310.8,-3504.,-215.35290152,7511.7404424,-3504.,-215.35290152,       297P   3122
7712.6808848,-3504.,-213.81621688,7914.8724488,-3504.,               297P   3123
-210.94049824,8216.408224,-3504.,-204.88980056,8517.944,-3504.,      297P   3124
-196.46738112,8618.539336,-3504.,-193.40828752,8719.134664,          297P   3125
-3504.,-190.11264008,8819.73,-3504.,-186.59167128,7310.8,            297P   3126
-3793.5526144,-215.35290152,7511.7404424,-3793.5526144,              297P   3127
-215.35290152,7712.6808848,-3793.5526144,-213.81621504,              297P   3128
7914.8724488,-3793.5526144,-210.94049688,8216.408224,                297P   3129
-3793.5526144,-204.88980232,8517.944,-3793.5526144,-196.467382,      297P   3130
8618.539328,-3793.5526144,-193.4082868,8719.134664,                  297P   3131
-3793.5526144,-190.11264008,8819.73,-3793.5526144,-186.59167128,     297P   3132
7310.8,-3944.3676616,-168.00709792,7511.7404424,-3944.3676616,       297P   3133
-168.25063824,7712.6808848,-3944.3676616,-167.14854608,              297P   3134
7914.8724488,-3944.3676616,-164.92642872,8216.408224,                297P   3135
-3944.3676616,-160.27589248,8517.944,-3944.3676616,                  297P   3136
-154.08283248,8618.539336,-3944.3676616,-151.87003464,               297P   3137
8719.134664,-3944.3676616,-149.53176184,8819.73,-3944.3676616,       297P   3138
-147.07956368,7310.8,-4020.2190016,-56.411968536,7511.7404424,       297P   3139
-4020.2190016,-57.22953884,7712.6808848,-4020.2190016,               297P   3140
-57.151793456,7914.8724488,-4020.2190016,-56.470231328,              297P   3141
8216.408224,-4020.2190016,-55.119896744,8517.944,-4020.2190016,      297P   3142
-54.181490304,8618.539336,-4020.2190016,-53.963435472,               297P   3143
8719.134664,-4020.2190016,-53.881714512,8819.73,-4020.2190016,       297P   3144
-53.948632816,7310.8,-4052.4,165.47237304,7511.7404424,-4052.4,      297P   3145
163.51346016,7712.6808848,-4052.4,161.55449752,7914.8724488,         297P   3146
-4052.4,159.1729784,8216.408224,-4052.4,153.9615308,8517.944,        297P   3147
-4052.4,144.4521212,8618.539328,-4052.4,140.704034,8719.134664,      297P   3148
-4052.4,136.29905664,8819.73,-4052.4,131.22338488,7310.8,            297P   3149
-4052.4,591.47224912,7511.7404424,-4052.4,587.32205144,              297P   3150
7712.6808848,-4052.4,581.45277376,7914.8724488,-4052.4,              297P   3151
573.19038896,8216.408224,-4052.4,555.38085432,8517.944,-4052.4,      297P   3152
525.81248824,8618.539336,-4052.4,514.44973048,8719.134664,           297P   3153
-4052.4,501.430658,8819.73,-4052.4,486.7385872,0.,188.4598599,       297P   3154
0.,90.57588679;                                                      297P   3155
126,1,1,0,0,1,0,0.,0.,90.57588679,90.57588679,1.,1.,188.4598599,     299P   3156
0.,0.,188.4598599,90.57588679,0.,0.,90.57588679,0.,0.,0.,0,0;        299P   3157
126,1,1,0,0,1,0,0.,0.,188.4598599,188.4598599,1.,1.,188.4598599,     301P   3158
90.57588679,0.,0.,90.57588679,0.,0.,188.4598599,0.,0.,0.,0,0;        301P   3159
126,1,1,0,0,1,0,0.,0.,90.57588679,90.57588679,1.,1.,0.,              303P   3160
90.57588679,0.,0.,0.,0.,0.,90.57588679,0.,0.,0.,0,0;                 303P   3161
126,1,1,0,0,1,0,0.,0.,188.4598599,188.4598599,1.,1.,0.,0.,0.,        305P   3162
188.4598599,0.,0.,0.,188.4598599,0.,0.,0.,0,0;                       305P   3163
102,4,299,301,303,305;                                               307P   3164
126,76,4,0,0,1,0,0.,0.,0.,0.,0.,1.,1.,1.,1.,2.,2.,2.,2.,3.,3.,       309P   3165
3.,3.,4.,4.,4.,4.,5.,5.,5.,5.,6.,6.,6.,6.,7.,7.,7.,7.,8.,8.,8.,      309P   3166
8.,9.,9.,9.,9.,10.,10.,10.,10.,11.,11.,11.,11.,12.,12.,12.,12.,      309P   3167
13.,13.,13.,13.,14.,14.,14.,14.,15.,15.,15.,15.,16.,16.,16.,16.,     309P   3168
17.,17.,17.,17.,18.,18.,18.,18.,19.,19.,19.,19.,19.,1.,1.,1.,1.,     309P   3169
1.,1.,1.,1.,1.,1.,1.,1.,1.,1.,1.,1.,1.,1.,1.,1.,1.,1.,1.,1.,1.,      309P   3170
1.,1.,1.,1.,1.,1.,1.,1.,1.,1.,1.,1.,1.,1.,1.,1.,1.,1.,1.,1.,1.,      309P   3171
1.,1.,1.,1.,1.,1.,1.,1.,1.,1.,1.,1.,1.,1.,1.,1.,1.,1.,1.,1.,1.,      309P   3172
1.,1.,1.,1.,1.,1.,1.,1.,1.,1.,8819.73,-3504.,-186.59167128,          309P   3173
8819.730000000029,-3529.8517850624376,-186.59166760792212,           309P   3174
8819.729999999954,-3554.1436996502616,-186.27606322190167,           309P   3175
8819.73000000003,-3577.0414299356435,-185.65531487536634,            309P   3176
8819.730000000001,-3598.672521276921,-184.73397381811347,            309P   3177
8819.729999999985,-3620.3036652270116,-183.81263800827213,           309P   3178
8819.730000000025,-3640.6687165246262,-182.5907575497424,            309P   3179
8819.729999999974,-3659.8958043376165,-181.07294668445567,           309P   3180
8819.73,-3678.0846218768734,-179.2587529511136,                      309P   3181
8819.730000000003,-3694.252494573837,-177.6461392741781,             309P   3182
8819.72999999999,-3709.600304378742,-175.79936682544596,             309P   3183
8819.730000000007,-3724.1983863804485,-173.71814846910667,           309P   3184
8819.73,-3738.1035730430954,-171.39931005865031,                     309P   3185
8819.729999999992,-3752.0087628454376,-169.08047219876815,           309P   3186
8819.73000000001,-3765.2212064097826,-166.52401895354112,            309P   3187
8819.729999999994,-3777.7977989612277,-163.72678718316664,           309P   3188
8819.73,-3789.7847863812513,-160.6828156681433,                      309P   3189
8819.729999999996,-3800.2734033410447,-158.01934097061906,           309P   3190
8819.730000000003,-3810.3106862647646,-155.16695463737082,           309P   3191
8819.730000000003,-3819.9276587989407,-152.12166908667666,           309P   3192
8819.729999999998,-3829.150341916509,-148.8778320281347,8819.73,     309P   3193
-3838.3730216300755,-145.63399557797172,8819.73,                     309P   3194
-3847.201455462249,-142.19160301790347,8819.73000000001,             309P   3195
-3855.661643039329,-138.54500995241594,8819.729999999996,            309P   3196
-3863.7754464977684,-134.68682524560577,8819.730000000003,           309P   3197
-3870.7300293489434,-131.37975399056089,8819.73,                     309P   3198
-3877.430530797552,-127.9174294586329,8819.729999999994,             309P   3199
-3883.889775915785,-124.29469478509031,8819.73,                      309P   3200
-3890.1205897758314,-120.50639310520162,8819.729999999994,           309P   3201
-3896.3512072669987,-116.71797472763879,8819.73,                     309P   3202
-3902.3533545756973,-112.76400226670128,8819.730000000003,           309P   3203
-3908.1380913674134,-108.63826950236495,8819.729999999998,           309P   3204
-3913.7164773076315,-104.33457021460559,8819.730000000007,           309P   3205
-3921.154205132605,-98.5962229410244,8819.72999999999,               309P   3206
-3928.2245104716835,-92.54108594118134,8819.729999999972,            309P   3207
-3934.951689217056,-86.15314704557292,8819.730000000001,             309P   3208
-3941.3555209280617,-79.41258728826249,8819.730000000001,            309P   3209
-3946.153142827859,-74.36314372513404,8819.73,                       309P   3210
-3950.777822424615,-69.10550777910544,8819.73,                       309P   3211
-3955.229559718331,-63.639679450176686,8819.729999999998,            309P   3212
-3959.508354709006,-57.965658738347784,8819.730000000012,            309P   3213
-3965.930343810614,-49.44996787196357,8819.729999999972,             309P   3214
-3971.978284473625,-40.44696991994411,8819.730000000021,             309P   3215
-3977.6764409889797,-30.923686144428356,8819.729999999998,           309P   3216
-3983.0438339654884,-20.838836049491352,8819.730000000012,           309P   3217
-3987.8148537443253,-11.874519589708882,8819.729999999992,           309P   3218
-3992.324561477591,-2.46641906069683,8819.730000000001,              309P   3219
-3996.586350949677,7.414483758391501,8819.729999999998,              309P   3220
-4000.6107968190922,17.80356512587417,8819.73,                       309P   3221
-4004.1321874545733,26.89401089494988,8819.730000000001,             309P   3222
-4007.471872812226,36.37358358088447,8819.73,                        309P   3223
-4010.6369443863528,46.26597342039719,8819.73,                       309P   3224
-4013.6330052971866,56.599398989671656,8819.73,                      309P   3225
-4016.201015505819,65.45677973266878,8819.73,-4018.645011149856,     309P   3226
74.63762384816039,8819.729999999996,-4020.968144614026,              309P   3227
84.1611362482433,8819.73,-4023.173568283059,94.04652184501434,       309P   3228
8819.730000000001,-4026.8492042137104,110.5224173075481,             309P   3229
8819.729999999989,-4030.1974466760216,128.00530082228425,            309P   3230
8819.730000000018,-4033.231138545773,146.59038635943213,8819.73,     309P   3231
-4035.957522010434,166.4001015359757,8819.730000000003,              309P   3232
-4038.138630136067,182.24791830787206,8819.73,                       309P   3233
-4040.1230626817432,198.87979565563134,8819.729999999998,            309P   3234
-4041.9145416929277,216.35863814093526,8819.73,                      309P   3235
-4043.5144884170377,234.7620540729435,8819.73,                       309P   3236
-4044.7144060580113,248.56494209036214,8819.73,                      309P   3237
-4045.80673970078,262.8868133900751,8819.729999999996,               309P   3238
-4046.7917081300357,277.76333598854217,8819.73,                      309P   3239
-4047.6695301304712,293.23017790222343,8819.729999999998,            309P   3240
-4048.839904054687,313.8530410186007,8819.730000000009,              309P   3241
-4049.8195096614686,335.52764237286783,8819.729999999989,            309P   3242
-4050.607981233121,358.34502105735885,8819.730000000001,             309P   3243
-4051.2023329878107,382.4188602679431,8819.729999999998,             309P   3244
-4051.7966854609454,406.49269137963313,8819.730000000003,            309P   3245
-4052.196897477567,431.82333765208267,8819.729999999996,             309P   3246
-4052.3999976163927,458.5243204052075,8819.73,-4052.4,               309P   3247
486.7385872,0.,19.,0.,0.,0.,0,0;                                     309P   3248
126,20,5,0,0,1,0,0.,0.,0.,0.,0.,0.,1.,1.,1.,1.,1.,2.,2.,2.,2.,       311P   3249
2.,3.,3.,3.,3.,3.,4.,4.,4.,4.,4.,4.,1.,1.,1.,1.,1.,1.,1.,1.,1.,      311P   3250
1.,1.,1.,1.,1.,1.,1.,1.,1.,1.,1.,1.,8819.73,-4052.4,486.7385872,     311P   3251
8775.0209617906,-4052.4000000000005,493.2684319777599,               311P   3252
8730.311925108028,-4052.3999999999996,499.46765989608764,            311P   3253
8685.60288869719,-4052.3999999999996,505.3381501885219,              311P   3254
8640.89385199536,-4052.4000000000005,510.8863429358348,              311P   3255
8596.184815132165,-4052.4,516.1232390660319,8540.298519063865,       311P   3256
-4052.4,522.6693888398751,8484.412222529689,-4052.400000000001,      311P   3257
528.7285454275418,8428.525925899732,-4052.3999999999996,             311P   3258
534.3225188879114,8372.639629397974,-4052.399999999997,              311P   3259
539.4791647535894,8316.753333102282,-4052.4000000000005,             311P   3260
544.2323840309074,8216.283111937912,-4052.400000000008,              311P   3261
552.7773381067849,8115.81289086229,-4052.3999999999805,              311P   3262
560.0168393390529,8015.186279577869,-4052.4000000000137,             311P   3263
566.1529001523626,7914.481473162271,-4052.3999999999983,             311P   3264
571.3623145625966,7813.776666717805,-4052.399999999999,              311P   3265
575.7924368270061,7713.071860273353,-4052.3999999999937,             311P   3266
580.2225590914143,7612.367053799983,-4052.400000000014,              311P   3267
583.873389210003,7511.740442400021,-4052.3999999999905,              311P   3268
586.892281439998,7411.270221199991,-4052.400000000005,               311P   3269
589.3971502800009,7310.8,-4052.4,591.47224912,0.,4.,0.,0.,0.,0,      311P   3270
0;                                                                   311P   3271
126,72,4,0,0,1,0,0.,0.,0.,0.,0.,1.,1.,1.,1.,2.,2.,2.,2.,3.,3.,       313P   3272
3.,3.,4.,4.,4.,4.,5.,5.,5.,5.,6.,6.,6.,6.,7.,7.,7.,7.,8.,8.,8.,      313P   3273
8.,9.,9.,9.,9.,10.,10.,10.,10.,11.,11.,11.,11.,12.,12.,12.,12.,      313P   3274
13.,13.,13.,13.,14.,14.,14.,14.,15.,15.,15.,15.,16.,16.,16.,16.,     313P   3275
17.,17.,17.,17.,18.,18.,18.,18.,18.,1.,1.,1.,1.,1.,1.,1.,1.,1.,      313P   3276
1.,1.,1.,1.,1.,1.,1.,1.,1.,1.,1.,1.,1.,1.,1.,1.,1.,1.,1.,1.,1.,      313P   3277
1.,1.,1.,1.,1.,1.,1.,1.,1.,1.,1.,1.,1.,1.,1.,1.,1.,1.,1.,1.,1.,      313P   3278
1.,1.,1.,1.,1.,1.,1.,1.,1.,1.,1.,1.,1.,1.,1.,1.,1.,1.,1.,1.,1.,      313P   3279
1.,7310.8,-4052.4,591.47224912,7310.799999999999,                    313P   3280
-4052.3999618016983,570.3426493496886,7310.799999999998,             313P   3281
-4052.320704845839,549.9200145806434,7310.799999999998,              313P   3282
-4052.163437823216,530.1654801430278,7310.8,-4051.9293694246257,     313P   3283
511.0401813670051,7310.799999999999,-4051.5080188052093,             313P   3284
476.61498897118196,7310.8000000000075,-4050.8376142020416,           313P   3285
444.23096031318823,7310.799999999998,-4049.9239244537016,            313P   3286
413.677056899779,7310.8,-4048.7683328436674,384.7898230567865,       313P   3287
7310.799999999997,-4047.612744538174,355.9025255436123,              313P   3288
7310.800000000003,-4046.215283019572,328.6812325850353,              313P   3289
7310.799999999997,-4044.5773724463875,302.9617847077893,7310.8,      313P   3290
-4042.6965472884513,278.6157799657816,7310.799999999999,             313P   3291
-4041.0247044562702,256.97484425834665,7310.800000000001,            313P   3292
-4039.1609394290035,236.4187316388868,7310.800000000001,             313P   3293
-4037.103539767233,216.85687480201463,7310.799999999999,             313P   3294
-4034.8485003176283,198.21581165520635,7310.799999999994,            313P   3295
-4032.5934612864676,179.5747447033258,7310.800000000008,             313P   3296
-4030.1407826522995,161.85428724877772,7310.799999999995,            313P   3297
-4027.486467627295,144.98090113565902,7310.8,-4024.624229911933,     313P   3298
128.8946280809741,7310.800000000004,-4022.1197721791323,             313P   3299
114.81913551055304,7310.8,-4019.456119962842,101.34617410421895,     313P   3300
7310.8,-4016.6290662860742,88.43552427285537,7310.8,                 313P   3301
-4013.633005297186,76.05338749261108,7310.799999999996,              313P   3302
-4010.6369449675312,63.67125496339447,7310.800000000006,             313P   3303
-4007.471871855453,51.81758123495866,7310.799999999996,              313P   3304
-4004.132188042792,40.4585945973868,7310.8,-4000.6107968190913,      313P   3305
29.565866537838016,7310.800000000003,-3997.5924128620836,            313P   3306
20.229379943846205,7310.800000000003,-3994.4407048300463,            313P   3307
11.234925633305382,7310.800000000001,-3991.150765544396,             313P   3308
2.5658256183074877,7310.800000000001,-3987.717687826549,             313P   3309
-5.794598089055542,7310.799999999999,-3984.2845076681565,            313P   3310
-14.154765973867988,7310.799999999999,-3980.708202217999,            313P   3311
-22.206208945559734,7310.800000000001,-3976.982943152388,            313P   3312
-29.963304983171867,7310.800000000002,-3973.102902147635,            313P   3313
-37.440432065745476,7310.800000000003,-3966.6360805939876,           313P   3314
-49.90210766310182,7310.799999999992,-3959.7387273043632,            313P   3315
-61.58495273170406,7310.800000000002,-3952.3816999667197,            313P   3316
-72.55046936800241,7310.799999999999,-3944.5272912049795,            313P   3317
-82.8461380440671,7310.799999999992,-3937.4583126927682,             313P   3318
-92.11226061752629,7310.8000000000275,-3929.9863689040594,           313P   3319
-100.83592772361264,7310.79999999998,-3922.083911330281,             313P   3320
-109.0519225431104,7310.799999999999,-3913.7164773076315,            313P   3321
-116.78745443806031,7310.799999999989,-3899.770885252111,            313P   3322
-129.67996535918854,7310.800000000011,-3884.5327834003224,           313P   3323
-141.23827271676004,7310.799999999994,-3867.8447781666528,           313P   3324
-151.58779773245269,7310.800000000002,-3849.477316416679,            313P   3325
-160.80600460029382,7310.800000000001,-3842.1301613501137,           313P   3326
-164.4932377543346,7310.799999999999,-3834.514673658479,             313P   3327
-167.99971638496774,7310.799999999999,-3826.6148159134345,           313P   3328
-171.32989367046906,7310.800000000002,-3818.4145506866407,           313P   3329
-174.48822278911442,7310.799999999989,-3804.7472305434144,           313P   3330
-179.75200227726336,7310.800000000017,-3790.243951010328,            313P   3331
-184.53780866588025,7310.799999999983,-3774.8251938798285,           313P   3332
-188.86370369503058,7310.799999999999,-3758.388643167223,            313P   3333
-192.73953203540506,7310.8,-3745.239364997473,                       313P   3334
-195.84019634991031,7310.799999999994,-3731.4384480393496,           313P   3335
-198.6528185487493,7310.800000000004,-3716.9333199860766,            313P   3336
-201.182457780026,7310.799999999999,-3701.6590712401176,             313P   3337
-203.43077365213617,7310.800000000003,-3690.203110751172,            313P   3338
-205.11694752376806,7310.800000000001,-3678.315434575649,            313P   3339
-206.64510372184168,7310.799999999998,-3665.966200059731,            313P   3340
-208.01537632700285,7310.799999999999,-3653.125564549602,            313P   3341
-209.22789941989745,7310.800000000014,-3636.0043752236907,           313P   3342
-210.84451464314657,7310.799999999986,-3618.0076663885657,           313P   3343
-212.18026084051857,7310.800000000007,-3599.05924778083,             313P   3344
-213.23414347356507,7310.800000000002,-3579.0638843746387,           313P   3345
-214.00125504272643,7310.799999999992,-3561.5679439326805,           313P   3346
-214.67247822242666,7310.800000000008,-3543.2702215045188,           313P   3347
-215.12411939126935,7310.800000000001,-3524.106966559885,            313P   3348
-215.3529006510364,7310.8,-3504.,-215.35290152,0.,18.,0.,0.,0.,      313P   3349
0,0;                                                                 313P   3350
126,12,4,0,0,1,0,0.,0.,0.,0.,0.,1.,1.,1.,1.,2.,2.,2.,2.,3.,3.,       315P   3351
3.,3.,3.,1.,1.,1.,1.,1.,1.,1.,1.,1.,1.,1.,1.,1.,7310.8,-3504.,       315P   3352
-215.35290152,7436.383915012738,-3503.9999999999973,                 315P   3353
-215.35293465940657,7561.991642530252,-3504.0000000000027,           315P   3354
-214.71247817247206,7687.904105665611,-3504.,                        315P   3355
-213.49424235728748,7813.776666717807,-3503.9999999999995,           315P   3356
-211.7515453876528,7939.6538132861415,-3504.0000000000055,           315P   3357
-210.00880906497306,8065.5547723110585,-3503.9999999999923,          315P   3358
-207.74106478763173,8191.174003650197,-3504.0000000000064,           315P   3359
-205.0012951929371,8316.753333102282,-3504.,-201.82302469911122,     315P   3360
8442.497499208632,-3503.9999999999955,-198.64071674622411,           315P   3361
8568.241669465984,-3504.0000000000036,-195.01851548713643,           315P   3362
8693.985831419828,-3503.999999999997,-190.99289777038703,            315P   3363
8819.73,-3504.,-186.59167128,0.,3.,0.,0.,0.,0,0;                     315P   3364
102,4,309,311,313,315;                                               317P   3365
142,0,297,307,317,1,0,0;                                             319P   3366
406,1,6HJoin.1;                                                      321P   3367
144,297,1,0,319,0,1,321;                                             323P   3368
128,8,5,5,5,0,0,0,0,0,0.,0.,0.,0.,0.,0.,122.227214,122.227214,       325P   3369
122.227214,269.6485193,269.6485193,269.6485193,269.6485193,          325P   3370
269.6485193,269.6485193,0.,0.,0.,0.,0.,0.,90.57588679,               325P   3371
90.57588679,90.57588679,90.57588679,90.57588679,90.57588679,1.,      325P   3372
1.,1.,1.,1.,1.,1.,1.,1.,1.142809042,1.142809042,1.142809042,         325P   3373
1.142809042,1.142809042,1.142809042,1.142809042,1.142809042,         325P   3374
1.142809042,1.226960076,1.226960076,1.226960076,1.226960076,         325P   3375
1.226960076,1.226960076,1.226960076,1.226960076,1.226960076,         325P   3376
1.226960076,1.226960076,1.226960076,1.226960076,1.226960076,         325P   3377
1.226960076,1.226960076,1.226960076,1.226960076,1.142809042,         325P   3378
1.142809042,1.142809042,1.142809042,1.142809042,1.142809042,         325P   3379
1.142809042,1.142809042,1.142809042,1.,1.,1.,1.,1.,1.,1.,1.,1.,      325P   3380
8819.73,-3504.,-186.59167128,9015.293544,-3504.,-179.74669056,       325P   3381
9210.857016,-3504.,-172.05024224,9406.652208,-3504.,                 325P   3382
-163.5746712,9838.089832,-3504.,-143.34207544,10269.527464,          325P   3383
-3504.,-119.93637592,10505.401656,-3504.,-106.28474288,              325P   3384
10741.27564,-3504.,-91.84890584,10977.149736,-3504.,                 325P   3385
-76.688510064,8819.73,-3793.5526144,-186.59167128,9015.293544,       325P   3386
-3793.5526144,-179.74669056,9210.857056,-3790.2164856,               325P   3387
-172.05022896,9406.652208,-3783.5797672,-163.5746712,                325P   3388
9838.089832,-3761.7879944,-143.34207544,10269.527464,                325P   3389
-3724.3959816,-119.93637592,10505.401728,-3699.3641992,              325P   3390
-106.2847432,10741.27564,-3669.8145672,-91.84890584,                 325P   3391
10977.149736,-3635.8155136,-76.688510064,8819.73,-3944.3676616,      325P   3392
-147.07956368,9015.293544,-3944.3676616,-142.31233896,               325P   3393
9210.857032,-3939.2938264,-137.1146368,9406.652208,                  325P   3394
-3929.2004064,-131.56664656,9838.089832,-3896.0582728,               325P   3395
-118.45008816,10269.527464,-3839.19042,-103.28277264,                325P   3396
10505.401672,-3801.1206384,-94.339452,10741.27564,-3756.179984,      325P   3397
-84.76122464,10977.149736,-3704.4723376,-74.57426276,8819.73,        325P   3398
-4020.2190016,-53.948632816,9015.293544,-4020.2190016,               325P   3399
-54.078726136,9210.857032,-4014.2712368,-54.77066304,                325P   3400
9406.652208,-4002.4392632,-56.123009016,9838.089832,                 325P   3401
-3963.588552,-59.779111528,10269.527464,-3896.9254504,               325P   3402
-64.0298532,10505.401672,-3852.2984056,-66.184152392,                325P   3403
10741.27564,-3799.6168488,-68.055399792,10977.149736,                325P   3404
-3739.002792,-69.590934064,8819.73,-4052.4,131.22338488,             325P   3405
9015.293544,-4052.4,121.35596536,9210.857056,-4046.081432,           325P   3406
108.95365488,9406.652208,-4033.511892,93.88140368,9838.089832,       325P   3407
-3992.2392448,56.87625772,10269.527464,-3921.42034,14.016637112,     325P   3408
10505.401728,-3874.0112712,-10.203031288,10741.27564,                325P   3409
-3818.0455544,-34.83924636,10977.149736,-3753.652824,                325P   3410
-59.682592976,8819.73,-4052.4,486.7385872,9015.293544,-4052.4,       325P   3411
458.17629392,9210.857016,-4046.0814592,423.29101712,9406.652208,     325P   3412
-4033.511924,381.87766688,9838.089832,-3992.2392976,                 325P   3413
280.84507176,10269.527464,-3921.4203192,163.85954608,                325P   3414
10505.401656,-3874.0112536,97.27616936,10741.27564,                  325P   3415
-3818.0455648,28.933064688,10977.149736,-3753.6528256,               325P   3416
-40.659384552,0.,269.6485193,0.,90.57588679;                         325P   3417
126,1,1,0,0,1,0,0.,0.,90.57588679,90.57588679,1.,1.,269.6485193,     327P   3418
0.,0.,269.6485193,90.57588679000001,0.,0.,90.57588679,0.,0.,0.,      327P   3419
0,0;                                                                 327P   3420
126,1,1,0,0,1,0,0.,0.,269.6485193,269.6485193,1.,1.,269.6485193,     329P   3421
90.57588679000001,0.,0.,90.57588679000001,0.,0.,269.6485193,0.,      329P   3422
0.,0.,0,0;                                                           329P   3423
126,1,1,0,0,1,0,0.,0.,90.57588679,90.57588679,1.,1.,0.,              331P   3424
90.57588679000001,0.,0.,0.,0.,0.,90.57588679,0.,0.,0.,0,0;           331P   3425
126,1,1,0,0,1,0,0.,0.,269.6485193,269.6485193,1.,1.,0.,0.,0.,        333P   3426
269.6485193,0.,0.,0.,269.6485193,0.,0.,0.,0,0;                       333P   3427
102,4,327,329,331,333;                                               335P   3428
126,50,5,0,0,1,0,0.,0.,0.,0.,0.,0.,1.,1.,1.,1.,1.,2.,2.,2.,2.,       337P   3429
2.,3.,3.,3.,3.,3.,4.,4.,4.,4.,4.,5.,5.,5.,5.,5.,6.,6.,6.,6.,6.,      337P   3430
7.,7.,7.,7.,7.,8.,8.,8.,8.,8.,9.,9.,9.,9.,9.,10.,10.,10.,10.,        337P   3431
10.,10.,1.,1.,1.,1.,1.,1.,1.,1.,1.,1.,1.,1.,1.,1.,1.,1.,1.,1.,       337P   3432
1.,1.,1.,1.,1.,1.,1.,1.,1.,1.,1.,1.,1.,1.,1.,1.,1.,1.,1.,1.,1.,      337P   3433
1.,1.,1.,1.,1.,1.,1.,1.,1.,1.,1.,1.,10977.149736,-3504.,             337P   3434
-76.688510064,10977.149736,-3514.4601423389086,                      337P   3435
-76.68849257607809,10977.149736000001,-3524.3971249728447,           337P   3436
-76.67601780948509,10977.149736000005,-3533.8473162750915,           337P   3437
-76.65130137626264,10977.149736000007,-3542.8470846189302,           337P   3438
-76.61455888845234,10977.149736000001,-3551.432798377641,            337P   3439
-76.56600595809584,10977.149735999992,-3558.300039993324,            337P   3440
-76.52713843996007,10977.149735999992,-3564.9008197439844,           337P   3441
-76.48068624584593,10977.149736,-3571.2497020087785,                 337P   3442
-76.42668062119196,10977.149736000003,-3577.3612511668593,           337P   3443
-76.36515281143672,10977.149735999998,-3583.2500315973825,           337P   3444
-76.29613406201872,10977.149736000007,-3592.080975361415,            337P   3445
-76.19255259154819,10977.149736000003,-3600.4116447342385,           337P   3446
-76.07215133062883,10977.149735999996,-3608.2791320076576,           337P   3447
-75.93475358732107,10977.14973599999,-3615.720529473473,             337P   3448
-75.78018266968536,10977.149735999998,-3622.772929423488,            337P   3449
-75.60826188578217,10977.149736000007,-3629.823119830749,            337P   3450
-75.43627309201464,10977.149736000005,-3636.483548408674,            337P   3451
-75.24693367761986,10977.149736000001,-3642.7814174930604,           337P   3452
-75.03976210999136,10977.149735999998,-3648.743929419705,            337P   3453
-74.81427685652265,10977.149735999998,-3654.3982865244047,           337P   3454
-74.56999638460728,10977.14973600001,-3662.8783969257283,            337P   3455
-74.20352678217738,10977.149736000001,-3670.660140298127,            337P   3456
-73.79454587167527,10977.149735999996,-3677.821008208973,            337P   3457
-73.34093726377263,10977.149736,-3684.424222821936,                  337P   3458
-72.83971578161743,10977.149736,-3690.5187368969773,                 337P   3459
-72.28702746083385,10977.149736000001,-3695.259023018899,            337P   3460
-71.85715715826609,10977.149736000003,-3699.6920712662313,           337P   3461
-71.3961286034801,10977.149736000003,-3703.841333368069,             337P   3462
-70.90212939570466,10977.149736,-3707.726792858167,                  337P   3463
-70.37292934842728,10977.149736,-3711.36496507494,                   337P   3464
-69.8058804893941,10977.149736000007,-3713.9634337985476,            337P   3465
-69.40080131768045,10977.149736000003,-3716.436317662242,            337P   3466
-68.97651092052163,10977.149735999996,-3718.788880037809,            337P   3467
-68.53189140370623,10977.149735999992,-3721.0263842970357,           337P   3468
-68.06582487302282,10977.149736000003,-3723.1540938117073,           337P   3469
-67.57719343425998,10977.149735999988,-3726.5582789194277,           337P   3470
-66.79536473981557,10977.149736000012,-3729.6806368231855,           337P   3471
-65.95556442197378,10977.14973600001,-3732.5400002597603,            337P   3472
-65.05277749334147,10977.149735999985,-3735.151369294078,            337P   3473
-64.08075507763942,10977.149736,-3737.525911319213,                  337P   3474
-63.03201440970226,10977.149736000018,-3741.0877408396104,           337P   3475
-61.4588853891198,10977.149735999923,-3744.1168657111125,            337P   3476
-59.713070589327,10977.149736000112,-3746.6513547797695,             337P   3477
-57.76881172835396,10977.149735999921,-3748.712113177423,            337P   3478
-55.59313755552305,10977.149736,-3750.3034926452997,                 337P   3479
-53.138793172422496,10977.149736,-3751.6296491259272,                337P   3480
-51.09354713830725,10977.149736,-3752.62965622715,                   337P   3481
-48.854434162397055,10977.149736,-3753.3062487455345,                337P   3482
-46.39487913865627,10977.149736,-3753.6527007536365,                 337P   3483
-43.67855536674118,10977.149736,-3753.6528256,-40.659384552,0.,      337P   3484
10.,0.,0.,0.,0,0;                                                    337P   3485
126,32,4,0,0,1,0,0.,0.,0.,0.,0.,1.,1.,1.,1.,2.,2.,2.,2.,3.,3.,       339P   3486
3.,3.,4.,4.,4.,4.,5.,5.,5.,5.,6.,6.,6.,6.,7.,7.,7.,7.,8.,8.,8.,      339P   3487
8.,8.,1.,1.,1.,1.,1.,1.,1.,1.,1.,1.,1.,1.,1.,1.,1.,1.,1.,1.,1.,      339P   3488
1.,1.,1.,1.,1.,1.,1.,1.,1.,1.,1.,1.,1.,1.,10977.149736,              339P   3489
-3753.6528256,-40.659384552,10903.439081016757,                      339P   3490
-3773.775556611528,-18.911729346648045,10829.728437596834,           339P   3491
-3793.020469801968,2.705694422782759,10756.01779371784,              339P   3492
-3811.3825040623537,24.173372214141903,10682.307147304513,           339P   3493
-3828.8564997198096,45.46274874933978,10624.97664452023,             339P   3494
-3842.4473852185247,62.02113647411717,10567.646140048017,            339P   3495
-3855.5010620731437,78.47152599690793,10510.315632796179,            339P   3496
-3868.015102539323,94.80037987973107,10452.985123533554,             339P   3497
-3879.9870415789037,110.98927831548227,10371.084396031649,           339P   3498
-3897.089811646555,134.11629037275122,10289.183664235385,            339P   3499
-3913.0862521409445,156.95751036059363,10207.282930722147,           339P   3500
-3927.9691765930397,179.45953348921032,10125.38219926805,            339P   3501
-3941.731238701193,201.5428272494289,10043.481467751846,             339P   3502
-3955.4933007666414,223.6260661287126,9961.580737800556,             339P   3503
-3968.1345001481773,245.2901386247473,9879.680012672787,             339P   3504
-3979.647490188265,266.4550548872391,9797.779288206548,              339P   3505
-3990.024758467186,287.00707499450465,9736.665704014911,             339P   3506
-3997.7681840974146,302.342704104179,9675.55198218508,               339P   3507
-4004.879246938616,317.3372335031808,9614.429710621553,              339P   3508
-4011.3552539266416,331.9459355141182,9553.300884221839,             339P   3509
-4017.1928474318775,346.11149915919026,9505.756275525175,            339P   3510
-4021.7331957998636,357.129267812037,9458.207251012758,              339P   3511
-4025.8873721266236,367.8792675156185,9410.655261660013,             339P   3512
-4029.6537643055667,378.3354573137012,9363.101758442364,             339P   3513
-4033.0307602301,388.4717962500519,9295.168360832782,                339P   3514
-4037.8550288051865,402.9523572399353,9227.232326387857,             339P   3515
-4041.884582694944,416.7813649054475,9159.300574562258,              339P   3516
-4045.1145511961377,429.8836527852743,9091.377263814558,             339P   3517
-4047.5402458720273,442.2102857395474,9023.453870298428,             339P   3518
-4049.965945859775,454.53712051718924,8955.538258778186,             339P   3519
-4051.587414320348,466.0899074812871,8887.633897975425,              339P   3520
-4052.400007082484,476.821393353383,8819.73,-4052.4,486.7385872,     339P   3521
0.,8.,0.,0.,0.,0,0;                                                  339P   3522
126,76,4,0,0,1,0,0.,0.,0.,0.,0.,1.,1.,1.,1.,2.,2.,2.,2.,3.,3.,       341P   3523
3.,3.,4.,4.,4.,4.,5.,5.,5.,5.,6.,6.,6.,6.,7.,7.,7.,7.,8.,8.,8.,      341P   3524
8.,9.,9.,9.,9.,10.,10.,10.,10.,11.,11.,11.,11.,12.,12.,12.,12.,      341P   3525
13.,13.,13.,13.,14.,14.,14.,14.,15.,15.,15.,15.,16.,16.,16.,16.,     341P   3526
17.,17.,17.,17.,18.,18.,18.,18.,19.,19.,19.,19.,19.,1.,1.,1.,1.,     341P   3527
1.,1.,1.,1.,1.,1.,1.,1.,1.,1.,1.,1.,1.,1.,1.,1.,1.,1.,1.,1.,1.,      341P   3528
1.,1.,1.,1.,1.,1.,1.,1.,1.,1.,1.,1.,1.,1.,1.,1.,1.,1.,1.,1.,1.,      341P   3529
1.,1.,1.,1.,1.,1.,1.,1.,1.,1.,1.,1.,1.,1.,1.,1.,1.,1.,1.,1.,1.,      341P   3530
1.,1.,1.,1.,1.,1.,1.,1.,1.,1.,8819.73,-4052.4,486.7385872,           341P   3531
8819.73,-4052.399997009236,454.9975420851131,8819.729999999994,      341P   3532
-4052.142950122648,425.17171942456287,8819.73,                       341P   3533
-4051.6373759394833,397.0576883030047,8819.73,                       341P   3534
-4050.8869812672488,370.4988474262772,8819.729999999998,             341P   3535
-4050.13659086882,343.93994195599043,8819.730000000001,              341P   3536
-4049.1414191258623,318.9355559890077,8819.729999999989,             341P   3537
-4047.905224150439,295.3283714247516,8819.73,                        341P   3538
-4046.4276374314636,272.9959840768713,8819.730000000009,             341P   3539
-4045.114229437554,253.14493026972923,8819.729999999985,             341P   3540
-4043.610108685674,234.30075676963492,8819.730000000001,             341P   3541
-4041.915041315564,216.37710554622012,8819.73,                       341P   3542
-4040.0264421146203,199.30419720862108,8819.73000000001,             341P   3543
-4038.1378433620985,182.23128501607636,8819.72999999999,             341P   3544
-4036.0557165812497,166.00893264175906,8819.730000000001,            341P   3545
-4033.7774855239877,150.5672836363487,8819.73,                       341P   3546
-4031.2982950204764,135.84955690673544,8819.729999999987,            341P   3547
-4029.129003637863,122.97154237507786,8819.730000000016,             341P   3548
-4026.8058514423064,110.64767967340366,8819.729999999985,            341P   3549
-4024.325590711296,98.83987770025806,8819.730000000001,              341P   3550
-4021.683617885182,87.51618768016381,8819.73000000002,               341P   3551
-4019.0416455545655,76.19250183953092,8819.729999999981,             341P   3552
-4016.237957380616,65.35287449900551,8819.730000000003,              341P   3553
-4013.26795623372,54.96538309269848,8819.73,-4010.125622335484,      341P   3554
45.00318510046888,8819.730000000003,-4007.4321478394904,             341P   3555
36.464288185893864,8819.729999999996,-4004.6122258893747,            341P   3556
28.237354612994537,8819.729999999992,-4001.661656429388,             341P   3557
20.306637647286287,8819.73,-3998.5762394037847,                      341P   3558
12.656390554284508,8819.729999999992,-3995.4907273326908,            341P   3559
5.006384564688155,8819.729999999996,-3992.270378221214,              341P   3560
-2.3631037606271867,8819.730000000003,-3988.910137356569,            341P   3561
-9.46565357452619,8819.73,-3985.404950025973,                        341P   3562
-16.314844029873527,8819.729999999996,-3981.899658575193,            341P   3563
-23.163825988644824,8819.73,-3978.249434350964,                      341P   3564
-29.75940933724368,8819.730000000003,-3974.4482863948033,            341P   3565
-36.11329869534899,8819.73,-3970.490223748227,                       341P   3566
-42.237198682639615,8819.73,-3967.194170479829,                      341P   3567
-47.33678285196613,8819.729999999998,-3963.7848309122037,            341P   3568
-52.28286093374359,8819.73,-3960.2622050453497,                      341P   3569
-57.07543292797202,8819.73,-3956.626292879268,                       341P   3570
-61.714498834651415,8819.730000000003,-3951.5336075665564,           341P   3571
-68.21230313337753,8819.730000000005,-3946.211767923944,             341P   3572
-74.4202510202577,8819.730000000005,-3940.64791169861,               341P   3573
-80.35223321384242,8819.73,-3934.8291766377333,                      341P   3574
-86.02214043268228,8819.73,-3926.5165427954357,                      341P   3575
-94.12181781545351,8819.73000000001,-3917.682723691137,              341P   3576
-101.68567427289584,8819.729999999985,-3908.287062598324,            341P   3577
-108.75045178985607,8819.73,-3898.277404778037,                      341P   3578
-115.34387977286451,8819.730000000001,-3891.2706382902297,           341P   3579
-119.9592835130633,8819.730000000003,-3883.9629561263177,            341P   3580
-124.34375157364612,8819.729999999996,-3876.3364383324156,           341P   3581
-128.50682565054524,8819.730000000001,-3868.3697478933454,           341P   3582
-132.45615163817027,8819.730000000001,-3860.403061308688,            341P   3583
-136.40547716204384,8819.729999999998,-3852.0961660201715,           341P   3584
-140.14106160444732,8819.729999999996,-3843.4277661446204,           341P   3585
-143.67054932333758,8819.73,-3834.372471918894,                      341P   3586
-146.99983154102054,8819.730000000003,-3826.6106469656397,           341P   3587
-149.85345182932676,8819.729999999996,-3818.56508367525,             341P   3588
-152.5601687272673,8819.729999999992,-3810.218490682174,             341P   3589
-155.1232424779361,8819.73,-3801.553576620859,                       341P   3590
-157.54593332442712,8819.729999999996,-3788.5559976808263,           341P   3591
-161.17989437695113,8819.730000000009,-3774.8408892340904,           341P   3592
-164.49758217324077,8819.729999999992,-3760.3456961668876,           341P   3593
-167.50847969511108,8819.729999999998,-3744.991666490118,            341P   3594
-170.21758930928218,8819.730000000012,-3733.049630315695,            341P   3595
-172.32467498502572,8819.729999999985,-3720.5879076232286,           341P   3596
-174.24919514533897,8819.73000000001,-3707.569384281861,             341P   3597
-175.99350993291893,8819.73,-3693.949314187741,                      341P   3598
-177.55830051138065,8819.729999999994,-3674.492095558263,            341P   3599
-179.79371740781406,8819.730000000029,-3653.8069743391075,           341P   3600
-181.66274214474865,8819.729999999974,-3631.7640600650066,           341P   3601
-183.16740673482474,8819.73,-3608.193280474846,                      341P   3602
-184.30225347903615,8819.729999999998,-3584.6224183953127,           341P   3603
-185.4370949278094,8819.73000000001,-3559.52285969218,               341P   3604
-186.20205242917643,8819.729999999989,-3532.724065449326,            341P   3605
-186.59165424304794,8819.73,-3504.,-186.59167128,0.,19.,0.,0.,       341P   3606
0.,0,0;                                                              341P   3607
126,10,5,0,0,1,0,0.,0.,0.,0.,0.,0.,1.,1.,1.,1.,1.,2.,2.,2.,2.,       343P   3608
2.,2.,1.,1.,1.,1.,1.,1.,1.,1.,1.,1.,1.,8819.73,-3504.,               343P   3609
-186.59167128,9015.29354400001,-3503.9999999999964,                  343P   3610
-179.74669056000013,9210.857015999974,-3504.0000000000045,           343P   3611
-172.0502422399997,9406.652208000029,-3503.9999999999977,            343P   3612
-163.5746712000004,9602.215747281396,-3504.,-154.403570175033,       343P   3613
9797.779288206548,-3504.,-144.58050454373878,10033.653374907686,     343P   3614
-3504.0000000000027,-132.73265896155146,10269.527463999984,          343P   3615
-3503.9999999999973,-119.9363759199996,10505.401656000013,           343P   3616
-3504.000000000002,-106.28474288000032,10741.275639999993,           343P   3617
-3504.0000000000005,-91.84890583999986,10977.149736,-3504.,          343P   3618
-76.688510064,0.,2.,0.,0.,0.,0,0;                                    343P   3619
102,4,337,339,341,343;                                               345P   3620
142,0,325,335,345,1,0,0;                                             347P   3621
406,1,6HJoin.1;                                                      349P   3622
144,325,1,0,347,0,1,349;                                             351P   3623
128,8,5,5,5,0,0,0,0,0,0.,0.,0.,0.,0.,0.,122.227214,122.227214,       353P   3624
122.227214,269.6485193,269.6485193,269.6485193,269.6485193,          353P   3625
269.6485193,269.6485193,0.,0.,0.,0.,0.,0.,90.57588679,               353P   3626
90.57588679,90.57588679,90.57588679,90.57588679,90.57588679,1.,      353P   3627
1.,1.,1.,1.,1.,1.,1.,1.,1.142809042,1.142809042,1.142809042,         353P   3628
1.142809042,1.142809042,1.142809042,1.142809042,1.142809042,         353P   3629
1.142809042,1.226960076,1.226960076,1.226960076,1.226960076,         353P   3630
1.226960076,1.226960076,1.226960076,1.226960076,1.226960076,         353P   3631
1.226960076,1.226960076,1.226960076,1.226960076,1.226960076,         353P   3632
1.226960076,1.226960076,1.226960076,1.226960076,1.142809042,         353P   3633
1.142809042,1.142809042,1.142809042,1.142809042,1.142809042,         353P   3634
1.142809042,1.142809042,1.142809042,1.,1.,1.,1.,1.,1.,1.,1.,1.,      353P   3635
8819.73,-3504.,-186.59167128,9015.293544,-3504.,-179.74669056,       353P   3636
9210.857016,-3504.,-172.05024224,9406.652208,-3504.,                 353P   3637
-163.5746712,9838.089832,-3504.,-143.34207544,10269.527464,          353P   3638
-3504.,-119.93637592,10505.401656,-3504.,-106.28474288,              353P   3639
10741.27564,-3504.,-91.84890584,10977.149736,-3504.,                 353P   3640
-76.688510064,8819.73,-3214.4473856,-186.59167128,9015.293544,       353P   3641
-3214.4473856,-179.74669056,9210.857056,-3217.7835144,               353P   3642
-172.05022896,9406.652208,-3224.4202328,-163.5746712,                353P   3643
9838.089832,-3246.2120056,-143.34207544,10269.527464,                353P   3644
-3283.6040184,-119.93637592,10505.401728,-3308.6358008,              353P   3645
-106.2847432,10741.27564,-3338.1854328,-91.84890584,                 353P   3646
10977.149736,-3372.1844864,-76.688510064,8819.73,-3063.6323384,      353P   3647
-147.07956368,9015.293544,-3063.6323384,-142.31233896,               353P   3648
9210.857032,-3068.7061736,-137.1146368,9406.652208,                  353P   3649
-3078.7995936,-131.56664656,9838.089832,-3111.9417272,               353P   3650
-118.45008816,10269.527464,-3168.80958,-103.28277264,                353P   3651
10505.401672,-3206.8793616,-94.339452,10741.27564,-3251.820016,      353P   3652
-84.76122464,10977.149736,-3303.5276624,-74.57426276,8819.73,        353P   3653
-2987.7809984,-53.948632816,9015.293544,-2987.7809984,               353P   3654
-54.078726136,9210.857032,-2993.7287632,-54.77066304,                353P   3655
9406.652208,-3005.5607368,-56.123009016,9838.089832,                 353P   3656
-3044.411448,-59.779111528,10269.527464,-3111.0745496,               353P   3657
-64.0298532,10505.401672,-3155.7015944,-66.184152392,                353P   3658
10741.27564,-3208.3831512,-68.055399792,10977.149736,                353P   3659
-3268.997208,-69.590934064,8819.73,-2955.6,131.22338488,             353P   3660
9015.293544,-2955.6,121.35596536,9210.857056,-2961.918568,           353P   3661
108.95365488,9406.652208,-2974.488108,93.88140368,9838.089832,       353P   3662
-3015.7607552,56.87625772,10269.527464,-3086.57966,14.016637112,     353P   3663
10505.401728,-3133.9887288,-10.203031288,10741.27564,                353P   3664
-3189.9544456,-34.83924636,10977.149736,-3254.347176,                353P   3665
-59.682592976,8819.73,-2955.6,486.7385872,9015.293544,-2955.6,       353P   3666
458.17629392,9210.857016,-2961.9185408,423.29101712,9406.652208,     353P   3667
-2974.488076,381.87766688,9838.089832,-3015.7607024,                 353P   3668
280.84507176,10269.527464,-3086.5796808,163.85954608,                353P   3669
10505.401656,-3133.9887464,97.27616936,10741.27564,                  353P   3670
-3189.9544352,28.933064688,10977.149736,-3254.3471744,               353P   3671
-40.659384552,0.,269.6485193,0.,90.57588679;                         353P   3672
126,1,1,0,0,1,0,0.,0.,269.6485193,269.6485193,1.,1.,0.,0.,0.,        355P   3673
269.6485193,0.,0.,0.,269.6485193,0.,0.,0.,0,0;                       355P   3674
126,1,1,0,0,1,0,0.,0.,90.57588679,90.57588679,1.,1.,269.6485193,     357P   3675
0.,0.,269.6485193,90.57588679,0.,0.,90.57588679,0.,0.,0.,0,0;        357P   3676
126,1,1,0,0,1,0,0.,0.,269.6485193,269.6485193,1.,1.,269.6485193,     359P   3677
90.57588679,0.,0.,90.57588679,0.,0.,269.6485193,0.,0.,0.,0,0;        359P   3678
126,1,1,0,0,1,0,0.,0.,90.57588679,90.57588679,1.,1.,0.,              361P   3679
90.57588679,0.,0.,0.,0.,0.,90.57588679,0.,0.,0.,0,0;                 361P   3680
102,4,355,357,359,361;                                               363P   3681
126,10,5,0,0,1,0,0.,0.,0.,0.,0.,0.,1.,1.,1.,1.,1.,2.,2.,2.,2.,       365P   3682
2.,2.,1.,1.,1.,1.,1.,1.,1.,1.,1.,1.,1.,8819.73,-3504.,               365P   3683
-186.59167128,9015.253497322663,-3504.000000000008,                  365P   3684
-179.74816762370375,9210.918802302196,-3503.9999999999973,           365P   3685
-172.0479633417143,9406.604151987167,-3503.9999999999936,            365P   3686
-163.5764436764443,9602.234054333912,-3504.0000000000023,            365P   3687
-154.4028949459115,9797.779288206548,-3504.,-144.58050454373878,     365P   3688
10033.653374907672,-3503.9999999999955,-132.7326589615509,           365P   3689
10269.527464000003,-3504.0000000000045,-119.93637592000059,          365P   3690
10505.401656000013,-3504.,-106.28474287999953,10741.27563999999,     365P   3691
-3503.9999999999995,-91.8489058400002,10977.149736,-3504.,           365P   3692
-76.688510064,0.,2.,0.,0.,0.,0,0;                                    365P   3693
126,40,4,0,0,1,0,0.,0.,0.,0.,0.,1.,1.,1.,1.,2.,2.,2.,2.,3.,3.,       367P   3694
3.,3.,4.,4.,4.,4.,5.,5.,5.,5.,6.,6.,6.,6.,7.,7.,7.,7.,8.,8.,8.,      367P   3695
8.,9.,9.,9.,9.,10.,10.,10.,10.,10.,1.,1.,1.,1.,1.,1.,1.,1.,1.,       367P   3696
1.,1.,1.,1.,1.,1.,1.,1.,1.,1.,1.,1.,1.,1.,1.,1.,1.,1.,1.,1.,1.,      367P   3697
1.,1.,1.,1.,1.,1.,1.,1.,1.,1.,1.,10977.149736,-3504.,                367P   3698
-76.688510064,10977.149736,-3497.4667589931264,-76.688475790698,     367P   3699
10977.149736,-3491.141047434564,-76.68331106941466,10977.149736,     367P   3700
-3485.022865324311,-76.67301590014993,10977.149736,                  367P   3701
-3479.1122126623695,-76.65759028290385,10977.149736000014,           367P   3702
-3468.460378717932,-76.62990373593259,10977.149736000007,            367P   3703
-3458.438355950041,-76.58588957060243,10977.149735999998,            367P   3704
-3448.9869700656636,-76.5258068230992,10977.149736,                  367P   3705
-3440.047046771764,-76.44991452960869,10977.149736000014,            367P   3706
-3420.1850611406644,-76.2811954562112,10977.14973599998,             367P   3707
-3402.863256654776,-76.03403275099899,10977.149736,                  367P   3708
-3387.5418094402453,-75.70935655992005,10977.149736,                 367P   3709
-3373.8997469911556,-75.30215708339624,10977.149735999998,           367P   3710
-3364.3501244424306,-75.01711837670032,10977.149736000007,           367P   3711
-3355.6221916478926,-74.69164435465666,10977.14973599998,            367P   3712
-3347.6036925795197,-74.32403465550372,10977.149735999998,           367P   3713
-3340.216345821158,-73.9111416194673,10977.149735999992,             367P   3714
-3330.7184130472288,-73.38028680790553,10977.14973600002,            367P   3715
-3322.2621680152906,-72.77452570479237,10977.149735999985,           367P   3716
-3314.6814947932808,-72.08727450078845,10977.149736,                 367P   3717
-3307.8699483426985,-71.30715046464893,10977.149735999996,           367P   3718
-3303.3293486963034,-70.78699795888852,10977.149736,                 367P   3719
-3299.1285654147023,-70.22579815113033,10977.149736000001,           367P   3720
-3295.239902685366,-69.61955406720902,10977.149735999998,            367P   3721
-3291.6356646957624,-68.96426873295921,10977.14973600001,            367P   3722
-3286.2300688593523,-67.98126216760038,10977.149735999996,           367P   3723
-3281.467882729093,-66.88720552965714,10977.149736000003,            367P   3724
-3277.2705342833956,-65.66686374413592,10977.149736,                 367P   3725
-3273.592102854986,-64.29613641964154,10977.149735999992,            367P   3726
-3270.3223708183136,-63.077716834938336,10977.149736000008,          367P   3727
-3267.4624658145262,-61.74031686977032,10977.149735999994,           367P   3728
-3264.9798444693693,-60.26710876712981,10977.149736000001,           367P   3729
-3262.859035032547,-58.63280454631712,10977.149736000005,            367P   3730
-3260.7382134073914,-56.998510923939364,10977.149735999996,          367P   3731
-3258.979197914672,-55.202861153032224,10977.149736000003,           367P   3732
-3257.566273423421,-53.22077880254002,10977.149735999998,            367P   3733
-3256.5006675279014,-51.01379634035196,10977.149735999998,           367P   3734
-3255.43504508867,-48.806833933606185,10977.149736000003,            367P   3735
-3254.7169246762305,-46.37450998307635,10977.149735999996,           367P   3736
-3254.347203684008,-43.67875713855619,10977.149736,                  367P   3737
-3254.3471744,-40.659384552,0.,10.,0.,0.,0.,0,0;                     367P   3738
126,32,4,0,0,1,0,0.,0.,0.,0.,0.,1.,1.,1.,1.,2.,2.,2.,2.,3.,3.,       369P   3739
3.,3.,4.,4.,4.,4.,5.,5.,5.,5.,6.,6.,6.,6.,7.,7.,7.,7.,8.,8.,8.,      369P   3740
8.,8.,1.,1.,1.,1.,1.,1.,1.,1.,1.,1.,1.,1.,1.,1.,1.,1.,1.,1.,1.,      369P   3741
1.,1.,1.,1.,1.,1.,1.,1.,1.,1.,1.,1.,1.,1.,10977.149736,              369P   3742
-3254.3471744,-40.659384552,10895.249008304994,                      369P   3743
-3231.988584343077,-16.495266502420343,10813.348294659228,           369P   3744
-3210.7137201469395,7.507871782857357,10731.447579140055,            369P   3745
-3190.5295239565776,31.323764459798355,10649.546859779017,           369P   3746
-3171.4430889739942,54.91129904594529,10567.646140480034,            369P   3747
-3152.3566539487233,78.49888851302669,10485.745416845155,            369P   3748
-3134.3679804711937,101.85768287446668,10403.844687423141,           369P   3749
-3117.4841613876724,124.94702698892905,10321.943956098416,           369P   3750
-3101.7124465309735,147.70379672465847,10264.613444159806,           369P   3751
-3090.6722461390723,163.63352553533215,10207.282931195356,           369P   3752
-3080.1769768826125,179.40021023347836,10149.952418422137,           369P   3753
-3070.229125533598,194.98209727770143,10092.621906765433,            369P   3754
-3060.8312176384693,210.35064742570407,10018.911248944718,           369P   3755
-3048.748193185623,230.11023279076326,9945.200592713642,             369P   3756
-3037.574259108172,249.5169328210699,9871.489940283896,              369P   3757
-3027.314782944131,268.5103079372344,9797.779288206548,              369P   3758
-3017.9752415328144,287.00707499450465,9729.875391298789,            369P   3759
-3009.371440765927,304.0464543433274,9661.97102251579,               369P   3760
-3001.5483154218578,320.6654592197858,9594.055401342614,             369P   3761
-2994.509608382147,336.8008847376527,9526.131999778618,              369P   3762
-2988.259972144918,352.3742714172382,9458.208680983045,              369P   3763
-2982.010341219549,367.94745627345253,9390.276922714718,             369P   3764
-2976.5497387984924,382.9602094034066,9322.340886709917,             369P   3765
-2971.882861645378,397.3323894659862,9254.407491603999,              369P   3766
-2968.014578381684,410.99663155020147,9206.854099941853,             369P   3767
-2965.306779128785,420.56163779986866,9159.301877646385,             369P   3768
-2962.990282880465,429.78005844593395,9111.753044032648,             369P   3769
-2961.0667497048767,438.62916229491947,9064.208382673269,            369P   3770
-2959.5377463099926,447.0944007632881,9003.079563857824,             369P   3771
-2957.571886824107,457.978201975028,8941.95730061446,                369P   3772
-2956.2581873091835,468.2282827320422,8880.843585152534,             369P   3773
-2955.599998565795,477.81292504231,8819.73,-2955.6,486.7385872,      369P   3774
0.,8.,0.,0.,0.,0,0;                                                  369P   3775
126,76,4,0,0,1,0,0.,0.,0.,0.,0.,1.,1.,1.,1.,2.,2.,2.,2.,3.,3.,       371P   3776
3.,3.,4.,4.,4.,4.,5.,5.,5.,5.,6.,6.,6.,6.,7.,7.,7.,7.,8.,8.,8.,      371P   3777
8.,9.,9.,9.,9.,10.,10.,10.,10.,11.,11.,11.,11.,12.,12.,12.,12.,      371P   3778
13.,13.,13.,13.,14.,14.,14.,14.,15.,15.,15.,15.,16.,16.,16.,16.,     371P   3779
17.,17.,17.,17.,18.,18.,18.,18.,19.,19.,19.,19.,19.,1.,1.,1.,1.,     371P   3780
1.,1.,1.,1.,1.,1.,1.,1.,1.,1.,1.,1.,1.,1.,1.,1.,1.,1.,1.,1.,1.,      371P   3781
1.,1.,1.,1.,1.,1.,1.,1.,1.,1.,1.,1.,1.,1.,1.,1.,1.,1.,1.,1.,1.,      371P   3782
1.,1.,1.,1.,1.,1.,1.,1.,1.,1.,1.,1.,1.,1.,1.,1.,1.,1.,1.,1.,1.,      371P   3783
1.,1.,1.,1.,1.,1.,1.,1.,1.,1.,8819.73,-2955.6,486.7385872,           371P   3784
8819.729999999996,-2955.600002383605,458.52432040520813,             371P   3785
8819.730000000003,-2955.8031025224327,431.82333765208136,            371P   3786
8819.729999999998,-2956.2033145390587,406.49269137963313,            371P   3787
8819.730000000001,-2956.7976670121893,382.4188602679431,             371P   3788
8819.729999999989,-2957.3920187668755,358.34502105735885,            371P   3789
8819.730000000009,-2958.180490338531,335.52764237286783,             371P   3790
8819.729999999998,-2959.1600959453153,313.8530410186007,8819.73,     371P   3791
-2960.330469869529,293.23017790222343,8819.729999999996,             371P   3792
-2961.2082918699616,277.76333598854245,8819.73,                      371P   3793
-2962.1932602992188,262.886813390075,8819.73,                        371P   3794
-2963.2855939419896,248.56494209036174,8819.73,                      371P   3795
-2964.485511582963,234.76205407294324,8819.729999999994,             371P   3796
-2966.085458307076,216.35863814093648,8819.73,                       371P   3797
-2967.8769373182467,198.87979565563012,8819.730000000007,            371P   3798
-2969.86136986394,182.24791830787268,8819.73,-2972.042477989565,     371P   3799
166.4001015359757,8819.730000000018,-2974.768861454223,              371P   3800
146.59038635943222,8819.729999999989,-2977.802553323981,             371P   3801
128.00530082228417,8819.730000000001,-2981.150795786292,             371P   3802
110.52241730754815,8819.729999999998,-2984.8264317169405,            371P   3803
94.04652184501433,8819.729999999998,-2987.031855385977,              371P   3804
84.16113624824328,8819.73,-2989.3549888501448,74.63762384816039,     371P   3805
8819.73,-2991.7989844941785,65.45677973266879,8819.73,               371P   3806
-2994.366994702814,56.599398989671656,8819.73,                       371P   3807
-2997.3630556136504,46.26597342039719,8819.730000000001,             371P   3808
-3000.5281271877716,36.37358358088447,8819.73,                       371P   3809
-3003.867812545429,26.89401089494988,8819.729999999998,              371P   3810
-3007.389203180908,17.80356512587417,8819.730000000001,              371P   3811
-3011.4136490503242,7.414483758391501,8819.729999999992,             371P   3812
-3015.6754385224035,-2.4664190606968273,8819.730000000012,           371P   3813
-3020.1851462556842,-11.874519589708886,8819.73,                     371P   3814
-3024.9561660345116,-20.83883604949135,8819.730000000018,            371P   3815
-3030.323559011027,-30.923686144428274,8819.729999999976,            371P   3816
-3036.021715526367,-40.446969919944166,8819.73000000001,             371P   3817
-3042.0696561893865,-49.44996787196356,8819.729999999998,            371P   3818
-3048.4916452909933,-57.965658738347784,8819.73,                     371P   3819
-3052.770440281669,-63.639679450176686,8819.73,                      371P   3820
-3057.222177575385,-69.10550777910544,8819.730000000001,             371P   3821
-3061.8468571721414,-74.36314372513404,8819.730000000001,            371P   3822
-3066.6444790719383,-79.41258728826249,8819.729999999972,            371P   3823
-3073.0483107829987,-86.15314704557196,8819.72999999999,             371P   3824
-3079.7754895282715,-92.54108594118195,8819.730000000007,            371P   3825
-3086.845794867409,-98.5962229410242,8819.729999999998,              371P   3826
-3094.2835226923685,-104.33457021460559,8819.730000000003,           371P   3827
-3099.8619086325857,-108.63826950236495,8819.73,                     371P   3828
-3105.646645424299,-112.76400226670128,8819.729999999994,            371P   3829
-3111.6487927329977,-116.71797472763879,8819.73,                     371P   3830
-3117.8794102241686,-120.50639310520162,8819.729999999994,           371P   3831
-3124.110224084214,-124.29469478509031,8819.73,                      371P   3832
-3130.5694692024463,-127.9174294586329,8819.730000000003,            371P   3833
-3137.269970651055,-131.37975399056089,8819.729999999996,            371P   3834
-3144.22455350223,-134.68682524560577,8819.729999999994,             371P   3835
-3152.338356960676,-138.54500995241574,8819.730000000016,            371P   3836
-3160.798544537745,-142.1916030179037,8819.729999999992,             371P   3837
-3169.626978369929,-145.63399557797163,8819.729999999998,            371P   3838
-3178.8496580834917,-148.8778320281347,8819.730000000003,            371P   3839
-3188.0723412010548,-152.12166908667666,8819.730000000003,           371P   3840
-3197.689313735243,-155.16695463737082,8819.729999999996,            371P   3841
-3207.726596658952,-158.01934097061906,8819.73,                      371P   3842
-3218.2152136187487,-160.6828156681433,8819.729999999989,            371P   3843
-3230.202201038771,-163.7267871831665,8819.730000000021,             371P   3844
-3242.7787935902174,-166.52401895354146,8819.729999999987,           371P   3845
-3255.9912371545606,-169.0804721987679,8819.73,                      371P   3846
-3269.8964269569046,-171.39931005865034,8819.730000000007,           371P   3847
-3283.801613619549,-173.71814846910658,8819.72999999999,             371P   3848
-3298.3996956212595,-175.79936682544604,8819.730000000003,           371P   3849
-3313.747505426164,-177.6461392741781,8819.73,                       371P   3850
-3329.9153781231266,-179.2587529511136,8819.729999999974,            371P   3851
-3348.1041956623662,-181.07294668445567,8819.730000000025,           371P   3852
-3367.331283475395,-182.5907575497424,8819.729999999985,             371P   3853
-3387.696334772977,-183.81263800827213,8819.730000000001,            371P   3854
-3409.327478723079,-184.73397381811347,8819.730000000027,            371P   3855
-3430.958570064364,-185.65531487536646,8819.729999999965,            371P   3856
-3453.8563003497306,-186.27606322190155,8819.730000000023,           371P   3857
-3478.148214937568,-186.59166760792215,8819.73,-3504.,               371P   3858
-186.59167128,0.,19.,0.,0.,0.,0,0;                                   371P   3859
102,4,365,367,369,371;                                               373P   3860
142,0,353,363,373,1,0,0;                                             375P   3861
406,1,6HJoin.1;                                                      377P   3862
144,353,1,0,375,0,1,377;                                             379P   3863
128,8,5,5,5,0,0,0,0,0,0.,0.,0.,0.,0.,0.,125.5877765,125.5877765,     381P   3864
125.5877765,188.4598599,188.4598599,188.4598599,188.4598599,         381P   3865
188.4598599,188.4598599,0.,0.,0.,0.,0.,0.,90.57588679,               381P   3866
90.57588679,90.57588679,90.57588679,90.57588679,90.57588679,1.,      381P   3867
1.,1.,1.,1.,1.,1.,1.,1.,1.142809042,1.142809042,1.142809042,         381P   3868
1.142809042,1.142809042,1.142809042,1.142809042,1.142809042,         381P   3869
1.142809042,1.226960076,1.226960076,1.226960076,1.226960076,         381P   3870
1.226960076,1.226960076,1.226960076,1.226960076,1.226960076,         381P   3871
1.226960076,1.226960076,1.226960076,1.226960076,1.226960076,         381P   3872
1.226960076,1.226960076,1.226960076,1.226960076,1.142809042,         381P   3873
1.142809042,1.142809042,1.142809042,1.142809042,1.142809042,         381P   3874
1.142809042,1.142809042,1.142809042,1.,1.,1.,1.,1.,1.,1.,1.,1.,      381P   3875
7310.8,-3504.,-215.35290152,7511.7404424,-3504.,-215.35290152,       381P   3876
7712.6808848,-3504.,-213.81621688,7914.8724488,-3504.,               381P   3877
-210.94049824,8216.408224,-3504.,-204.88980056,8517.944,-3504.,      381P   3878
-196.46738112,8618.539336,-3504.,-193.40828752,8719.134664,          381P   3879
-3504.,-190.11264008,8819.73,-3504.,-186.59167128,7310.8,            381P   3880
-3214.4473856,-215.35290152,7511.7404424,-3214.4473856,              381P   3881
-215.35290152,7712.6808848,-3214.4473856,-213.81621504,              381P   3882
7914.8724488,-3214.4473856,-210.94049688,8216.408224,                381P   3883
-3214.4473856,-204.88980232,8517.944,-3214.4473856,-196.467382,      381P   3884
8618.539328,-3214.4473856,-193.4082868,8719.134664,                  381P   3885
-3214.4473856,-190.11264008,8819.73,-3214.4473856,-186.59167128,     381P   3886
7310.8,-3063.6323384,-168.00709792,7511.7404424,-3063.6323384,       381P   3887
-168.25063824,7712.6808848,-3063.6323384,-167.14854608,              381P   3888
7914.8724488,-3063.6323384,-164.92642872,8216.408224,                381P   3889
-3063.6323384,-160.27589248,8517.944,-3063.6323384,                  381P   3890
-154.08283248,8618.539336,-3063.6323384,-151.87003464,               381P   3891
8719.134664,-3063.6323384,-149.53176184,8819.73,-3063.6323384,       381P   3892
-147.07956368,7310.8,-2987.7809984,-56.411968536,7511.7404424,       381P   3893
-2987.7809984,-57.22953884,7712.6808848,-2987.7809984,               381P   3894
-57.151793456,7914.8724488,-2987.7809984,-56.470231328,              381P   3895
8216.408224,-2987.7809984,-55.119896744,8517.944,-2987.7809984,      381P   3896
-54.181490304,8618.539336,-2987.7809984,-53.963435472,               381P   3897
8719.134664,-2987.7809984,-53.881714512,8819.73,-2987.7809984,       381P   3898
-53.948632816,7310.8,-2955.6,165.47237304,7511.7404424,-2955.6,      381P   3899
163.51346016,7712.6808848,-2955.6,161.55449752,7914.8724488,         381P   3900
-2955.6,159.1729784,8216.408224,-2955.6,153.9615308,8517.944,        381P   3901
-2955.6,144.4521212,8618.539328,-2955.6,140.704034,8719.134664,      381P   3902
-2955.6,136.29905664,8819.73,-2955.6,131.22338488,7310.8,            381P   3903
-2955.6,591.47224912,7511.7404424,-2955.6,587.32205144,              381P   3904
7712.6808848,-2955.6,581.45277376,7914.8724488,-2955.6,              381P   3905
573.19038896,8216.408224,-2955.6,555.38085432,8517.944,-2955.6,      381P   3906
525.81248824,8618.539336,-2955.6,514.44973048,8719.134664,           381P   3907
-2955.6,501.430658,8819.73,-2955.6,486.7385872,0.,188.4598599,       381P   3908
0.,90.57588679;                                                      381P   3909
126,1,1,0,0,1,0,0.,0.,188.4598599,188.4598599,1.,1.,0.,0.,0.,        383P   3910
188.4598599,0.,0.,0.,188.4598599,0.,0.,0.,0,0;                       383P   3911
126,1,1,0,0,1,0,0.,0.,90.57588679,90.57588679,1.,1.,188.4598599,     385P   3912
0.,0.,188.4598599,90.57588679,0.,0.,90.57588679,0.,0.,0.,0,0;        385P   3913
126,1,1,0,0,1,0,0.,0.,188.4598599,188.4598599,1.,1.,188.4598599,     387P   3914
90.57588679,0.,0.,90.57588679,0.,0.,188.4598599,0.,0.,0.,0,0;        387P   3915
126,1,1,0,0,1,0,0.,0.,90.57588679,90.57588679,1.,1.,0.,              389P   3916
90.57588679,0.,0.,0.,0.,0.,90.57588679,0.,0.,0.,0,0;                 389P   3917
102,4,383,385,387,389;                                               391P   3918
126,12,4,0,0,1,0,0.,0.,0.,0.,0.,1.,1.,1.,1.,2.,2.,2.,2.,3.,3.,       393P   3919
3.,3.,3.,1.,1.,1.,1.,1.,1.,1.,1.,1.,1.,1.,1.,1.,7310.8,-3504.,       393P   3920
-215.35290152,7436.379329496617,-3503.999999999986,                  393P   3921
-215.3529740124517,7561.9985610282665,-3504.0000000000173,           393P   3922
-214.71241879770238,7687.899520149494,-3503.9999999999945,           393P   3923
-213.4942817103325,7813.776666717807,-3503.9999999999995,            393P   3924
-211.7515453876528,7939.649227770018,-3504.000000000005,             393P   3925
-210.00884841801854,8065.561690809074,-3503.999999999995,            393P   3926
-207.74100541286134,8191.169418134061,-3504.,                        393P   3927
-205.00133454598247,8316.753333102282,-3504.,                        393P   3928
-201.82302469911122,8442.49749843788,-3504.000000000005,             393P   3929
-198.6407083371571,8568.241670628877,-3503.999999999995,             393P   3930
-195.0185281745008,8693.985830649071,-3504.,-190.99288936131973,     393P   3931
8819.73,-3504.,-186.59167128,0.,3.,0.,0.,0.,0,0;                     393P   3932
126,76,4,0,0,1,0,0.,0.,0.,0.,0.,1.,1.,1.,1.,2.,2.,2.,2.,3.,3.,       395P   3933
3.,3.,4.,4.,4.,4.,5.,5.,5.,5.,6.,6.,6.,6.,7.,7.,7.,7.,8.,8.,8.,      395P   3934
8.,9.,9.,9.,9.,10.,10.,10.,10.,11.,11.,11.,11.,12.,12.,12.,12.,      395P   3935
13.,13.,13.,13.,14.,14.,14.,14.,15.,15.,15.,15.,16.,16.,16.,16.,     395P   3936
17.,17.,17.,17.,18.,18.,18.,18.,19.,19.,19.,19.,19.,1.,1.,1.,1.,     395P   3937
1.,1.,1.,1.,1.,1.,1.,1.,1.,1.,1.,1.,1.,1.,1.,1.,1.,1.,1.,1.,1.,      395P   3938
1.,1.,1.,1.,1.,1.,1.,1.,1.,1.,1.,1.,1.,1.,1.,1.,1.,1.,1.,1.,1.,      395P   3939
1.,1.,1.,1.,1.,1.,1.,1.,1.,1.,1.,1.,1.,1.,1.,1.,1.,1.,1.,1.,1.,      395P   3940
1.,1.,1.,1.,1.,1.,1.,1.,1.,1.,8819.73,-3504.,-186.59167128,          395P   3941
8819.729999999981,-3475.2759345506624,-186.59165424304834,           395P   3942
8819.730000000016,-3448.477140307836,-186.20205242917606,            395P   3943
8819.729999999996,-3423.3775816046796,-185.43709492780948,           395P   3944
8819.730000000001,-3399.806719525155,-184.3022534790362,             395P   3945
8819.730000000018,-3376.235939934995,-183.16740673482536,            395P   3946
8819.72999999997,-3354.1930256608903,-181.6627421447478,             395P   3947
8819.73000000002,-3333.5079044417403,-179.7937174078145,             395P   3948
8819.729999999996,-3314.050685812259,-177.55830051138062,            395P   3949
8819.730000000018,-3300.4306157181472,-175.99350993291898,           395P   3950
8819.729999999976,-3287.4120923767596,-174.24919514533937,           395P   3951
8819.730000000018,-3274.9503696843144,-172.3246749850254,            395P   3952
8819.729999999998,-3263.0083335098816,-170.2175893092822,            395P   3953
8819.729999999983,-3247.654303833107,-167.50847969511125,            395P   3954
8819.730000000027,-3233.1591107659187,-164.49758217324077,           395P   3955
8819.729999999985,-3219.444002319167,-161.1798943769511,8819.73,     395P   3956
-3206.446423379143,-157.54593332442718,8819.729999999996,            395P   3957
-3197.781509317824,-155.12324247793595,8819.73,                      395P   3958
-3189.434916324749,-152.56016872726732,8819.73,                      395P   3959
-3181.389353034361,-149.85345182932699,8819.729999999998,            395P   3960
-3173.627528081105,-146.9998315410206,8819.729999999992,             395P   3961
-3164.5722338553796,-143.67054932333792,8819.730000000016,           395P   3962
-3155.9038339798303,-140.14106160444695,8819.729999999996,           395P   3963
-3147.596938691315,-136.4054771620443,8819.73,                       395P   3964
-3139.6302521066564,-132.4561516381703,8819.73000000001,             395P   3965
-3131.6635616675862,-128.5068256505456,8819.729999999974,            395P   3966
-3124.037043873679,-124.34375157364573,8819.730000000018,            395P   3967
-3116.729361709776,-119.95928351306344,8819.73,                      395P   3968
-3109.722595221962,-115.34387977286453,8819.729999999969,            395P   3969
-3099.712937401665,-108.75045178985594,8819.730000000045,            395P   3970
-3090.3172763088764,-101.68567427289605,8819.72999999997,            395P   3971
-3081.4834572045556,-94.12181781545343,8819.73,                      395P   3972
-3073.1708233622667,-86.02214043268228,8819.73,                      395P   3973
-3067.352088301391,-80.35223321384251,8819.730000000003,             395P   3974
-3061.7882320760564,-74.42025102025768,8819.730000000005,            395P   3975
-3056.4663924334436,-68.21230313337746,8819.730000000001,            395P   3976
-3051.3737071207324,-61.714498834651515,8819.73,                     395P   3977
-3047.7377949546503,-57.07543292797206,8819.729999999998,            395P   3978
-3044.2151690877963,-52.2828609337436,8819.73,                       395P   3979
-3040.805829520171,-47.33678285196614,8819.73,                       395P   3980
-3037.5097762517726,-42.23719868263967,8819.730000000003,            395P   3981
-3033.5517136052003,-36.11329869534909,8819.73,                      395P   3982
-3029.750565649035,-29.75940933724371,8819.729999999996,             395P   3983
-3026.100341424801,-23.163825988644778,8819.73,                      395P   3984
-3022.595049974026,-16.314844029873527,8819.730000000003,            395P   3985
-3019.08986264343,-9.465653574526204,8819.729999999996,              395P   3986
-3015.7296217787853,-2.3631037606271725,8819.72999999999,            395P   3987
-3012.5092726673074,5.006384564688176,8819.729999999998,             395P   3988
-3009.4237605962144,12.656390554284451,8819.73,                      395P   3989
-3006.338343570611,20.30663764728599,8819.729999999996,              395P   3990
-3003.3877741106226,28.237354612994437,8819.729999999994,            395P   3991
-3000.567852160506,36.464288185893984,8819.730000000001,             395P   3992
-2997.874377664517,45.00318510046882,8819.729999999992,              395P   3993
-2994.732043766278,54.965383092698474,8819.730000000007,             395P   3994
-2991.7620426193803,65.35287449900521,8819.729999999996,             395P   3995
-2988.9583544454376,76.19250183953106,8819.73,                       395P   3996
-2986.316382114819,87.51618768016354,8819.729999999992,              395P   3997
-2983.6744092886956,98.83987770025878,8819.730000000014,             395P   3998
-2981.194148557706,110.64767967340231,8819.729999999987,             395P   3999
-2978.8709963621286,122.9715423750786,8819.730000000001,             395P   4000
-2976.7017049795227,135.8495569067353,8819.730000000012,             395P   4001
-2974.2225144760146,150.56728363634863,8819.729999999978,            395P   4002
-2971.9442834187425,166.00893264175863,8819.730000000009,            395P   4003
-2969.862156637907,182.23128501607658,8819.73,                       395P   4004
-2967.9735578853797,199.30419720862088,8819.730000000003,            395P   4005
-2966.084958684433,216.37710554622075,8819.729999999992,             395P   4006
-2964.389891314333,234.30075676963304,8819.730000000005,             395P   4007
-2962.885770562442,253.14493026972974,8819.73,                       395P   4008
-2961.572362568536,272.99598407687114,8819.729999999996,             395P   4009
-2960.0947758495704,295.32837142474966,8819.730000000001,            395P   4010
-2958.8585808741263,318.93555598900963,8819.73,                      395P   4011
-2957.8634091311837,343.93994195598964,8819.73,                      395P   4012
-2957.113018732751,370.49884742627694,8819.729999999981,             395P   4013
-2956.3626240605154,397.057688303002,8819.730000000012,              395P   4014
-2955.8570498773543,425.1717194245661,8819.729999999994,             395P   4015
-2955.6000029907586,454.9975420851113,8819.73,-2955.6,               395P   4016
486.7385872,0.,19.,0.,0.,0.,0,0;                                     395P   4017
126,20,5,0,0,1,0,0.,0.,0.,0.,0.,0.,1.,1.,1.,1.,1.,2.,2.,2.,2.,       397P   4018
2.,3.,3.,3.,3.,3.,4.,4.,4.,4.,4.,4.,1.,1.,1.,1.,1.,1.,1.,1.,1.,      397P   4019
1.,1.,1.,1.,1.,1.,1.,1.,1.,1.,1.,1.,8819.73,-2955.6,486.7385872,     397P   4020
8780.609591558617,-2955.5999999999995,492.4521787905121,             397P   4021
8741.48918430913,-2955.6000000000013,497.91270532680954,             397P   4022
8702.368777372054,-2955.600000000001,503.1213186280925,              397P   4023
8663.248370313857,-2955.5999999999995,508.08195508635566,            397P   4024
8624.127963146953,-2955.6000000000004,512.8013356663879,             397P   4025
8562.653037583537,-2955.600000000001,520.2174623982693,              397P   4026
8501.178111661753,-2955.600000000002,527.0375856921274,              397P   4027
8439.703185074142,-2955.599999999995,533.2868007172053,              397P   4028
8378.228259071624,-2955.600000000003,539.0039649716324,              397P   4029
8316.753333102282,-2955.6000000000004,544.2323840309074,             397P   4030
8216.28311193789,-2955.5999999999976,552.7773381067827,              397P   4031
8115.812890862345,-2955.600000000008,560.016839339057,               397P   4032
8015.1862795778225,-2955.599999999989,566.1529001523596,             397P   4033
7914.481473162287,-2955.6000000000054,571.3623145625967,             397P   4034
7813.776666717807,-2955.6000000000004,575.7924368270063,             397P   4035
7713.071860273337,-2955.599999999993,580.2225590914153,              397P   4036
7612.367053800016,-2955.6000000000126,583.8733892100015,             397P   4037
7511.740442399979,-2955.599999999991,586.892281439999,               397P   4038
7411.270221200009,-2955.6000000000017,589.3971502800001,7310.8,      397P   4039
-2955.6,591.47224912,0.,4.,0.,0.,0.,0,0;                             397P   4040
126,76,4,0,0,1,0,0.,0.,0.,0.,0.,1.,1.,1.,1.,2.,2.,2.,2.,3.,3.,       399P   4041
3.,3.,4.,4.,4.,4.,5.,5.,5.,5.,6.,6.,6.,6.,7.,7.,7.,7.,8.,8.,8.,      399P   4042
8.,9.,9.,9.,9.,10.,10.,10.,10.,11.,11.,11.,11.,12.,12.,12.,12.,      399P   4043
13.,13.,13.,13.,14.,14.,14.,14.,15.,15.,15.,15.,16.,16.,16.,16.,     399P   4044
17.,17.,17.,17.,18.,18.,18.,18.,19.,19.,19.,19.,19.,1.,1.,1.,1.,     399P   4045
1.,1.,1.,1.,1.,1.,1.,1.,1.,1.,1.,1.,1.,1.,1.,1.,1.,1.,1.,1.,1.,      399P   4046
1.,1.,1.,1.,1.,1.,1.,1.,1.,1.,1.,1.,1.,1.,1.,1.,1.,1.,1.,1.,1.,      399P   4047
1.,1.,1.,1.,1.,1.,1.,1.,1.,1.,1.,1.,1.,1.,1.,1.,1.,1.,1.,1.,1.,      399P   4048
1.,1.,1.,1.,1.,1.,1.,1.,1.,1.,7310.8,-2955.6,591.47224912,           399P   4049
7310.800000000007,-2955.6001380524126,561.8918052343308,             399P   4050
7310.800000000001,-2955.7553446372967,533.6946562557732,             399P   4051
7310.799999999995,-2956.0625578284394,506.77715441675014,            399P   4052
7310.800000000002,-2956.5187156996267,481.03565194968394,            399P   4053
7310.800000000005,-2957.040122334773,451.61777793776645,             399P   4054
7310.799999999992,-2957.7564475988097,423.7402055260159,             399P   4055
7310.8000000000075,-2958.664355858271,397.2628216316798,             399P   4056
7310.800000000001,-2959.763171124001,372.07353248891945,             399P   4057
7310.800000000005,-2960.5873244941845,353.1819429804935,             399P   4058
7310.799999999998,-2961.5187003928495,335.0133197051587,             399P   4059
7310.799999999994,-2962.557389954708,317.52375711257366,             399P   4060
7310.800000000001,-2963.703484314471,300.66934965239693,             399P   4061
7310.800000000001,-2965.040748171372,281.0071652432768,              399P   4062
7310.799999999999,-2966.524084285138,262.20874687081465,             399P   4063
7310.799999999999,-2968.1549742264706,244.21583225642226,            399P   4064
7310.800000000002,-2969.9348995660685,226.97015912151156,            399P   4065
7310.800000000016,-2972.477728318969,202.33419342957896,             399P   4066
7310.799999999983,-2975.3251817323066,179.2264154823671,             399P   4067
7310.800000000006,-2978.4833996270318,157.49235083809475,7310.8,     399P   4068
-2981.964095393899,137.01203012628542,7310.799999999997,             399P   4069
-2984.052554273424,124.72402938961383,7310.799999999999,             399P   4070
-2986.2569549465725,112.88656286516976,7310.8,                       399P   4071
-2988.5801996068444,101.47543745648409,7310.799999999999,            399P   4072
-2991.0251904477395,90.46646006708764,7310.800000000001,             399P   4073
-2993.877728039732,77.6228874501819,7310.8000000000075,              399P   4074
-2996.8961852592415,65.32765146223143,7310.799999999988,             399P   4075
-3000.0857593055166,53.5452154845002,7310.8,-3003.4531035650093,     399P   4076
42.24575764380649,7310.800000000004,-3007.3014964602576,             399P   4077
29.3320909126141,7310.799999999994,-3011.3820919049663,              399P   4078
17.049164662069394,7310.800000000004,-3015.7048110664464,            399P   4079
5.352446026098296,7310.799999999999,-3020.2823121734523,             399P   4080
-5.794598089055476,7310.799999999994,-3025.4319969350126,            399P   4081
-18.335015128177744,7310.800000000003,-3030.90417748681,             399P   4082
-30.17987566180656,7310.799999999998,-3036.7168302599844,            399P   4083
-41.38114968571348,7310.800000000001,-3042.8929873893285,            399P   4084
-51.980402569496725,7310.799999999993,-3049.7553690376308,           399P   4085
-63.757332215981634,7310.8000000000075,-3057.0666198464587,          399P   4086
-74.79118816493231,7310.799999999996,-3064.858180632694,             399P   4087
-85.13886199983632,7310.799999999999,-3073.170823362266,             399P   4088
-94.84439049439521,7310.799999999999,-3078.1584898338056,            399P   4089
-100.66762989789129,7310.8,-3083.3334732561643,                      399P   4090
-106.26001095204052,7310.800000000001,-3088.7053065640994,           399P   4091
-111.63034776328337,7310.800000000001,-3094.283522692369,            399P   4092
-116.78745443806028,7310.800000000001,-3099.8619086325866,           399P   4093
-121.94440792760511,7310.799999999997,-3105.646645424299,            399P   4094
-126.88811113580667,7310.799999999996,-3111.6487927329963,           399P   4095
-131.6260007318825,7310.800000000001,-3117.8794102241686,            399P   4096
-136.1655133850502,7310.799999999999,-3124.110224084216,             399P   4097
-140.70488620398746,7310.799999999999,-3130.5694692024463,           399P   4098
-145.04586659492804,7310.799999999999,-3137.269970651053,            399P   4099
-149.194633825938,7310.8,-3144.2245535022303,                        399P   4100
-153.15736716508343,7310.799999999998,-3152.338356960676,            399P   4101
-157.78047806507783,7310.800000000011,-3160.7985445377467,           399P   4102
-162.1500470282355,7310.799999999997,-3169.626978369928,             399P   4103
-166.27493056183758,7310.8,-3178.8496580834912,                      399P   4104
-170.16189212290166,7310.799999999995,-3188.0723412010557,           399P   4105
-174.04885441296187,7310.800000000001,-3197.68931373524,             399P   4106
-177.69790024494753,7310.800000000006,-3207.7265966589534,           399P   4107
-181.11580253600633,7310.8,-3218.215213618749,                       399P   4108
-184.30733944838678,7310.799999999992,-3230.2022010387714,           399P   4109
-187.95481072320757,7310.800000000017,-3242.778793590217,            399P   4110
-191.30662347218694,7310.799999999993,-3255.9912371545606,           399P   4111
-194.36992079005233,7310.799999999999,-3269.896426956904,            399P   4112
-197.14849294274114,7310.799999999997,-3283.801613619551,            399P   4113
-199.92706575516107,7310.80000000001,-3298.3996956212586,            399P   4114
-202.42090780799882,7310.79999999999,-3313.7475054261613,            399P   4115
-204.63382255609235,7310.8,-3329.915378123126,                       399P   4116
-206.56615406297541,7310.799999999988,-3348.104195662367,            399P   4117
-208.74003101854493,7310.800000000014,-3367.3312834753915,           399P   4118
-210.55876404710784,7310.799999999993,-3387.696334772981,            399P   4119
-212.02289531521683,7310.8,-3409.3274787230785,                      399P   4120
-213.12689575832627,7310.800000000007,-3430.958570064361,            399P   4121
-214.2309024892018,7310.799999999993,-3453.8563003497334,            399P   4122
-214.97472080424254,7310.800000000005,-3478.1482149375665,           399P   4123
-215.352897119893,7310.8,-3504.,-215.35290152,0.,19.,0.,0.,0.,0,     399P   4124
0;                                                                   399P   4125
102,4,393,395,397,399;                                               401P   4126
142,0,381,391,401,1,0,0;                                             403P   4127
406,1,6HJoin.1;                                                      405P   4128
144,381,1,0,403,0,1,405;                                             407P   4129
128,17,5,5,5,0,0,0,0,0,0.,0.,0.,0.,0.,0.,29.48354797,                409P   4130
29.48354797,29.48354797,51.27584917,51.27584917,51.27584917,         409P   4131
71.70448907,71.70448907,71.70448907,90.84965945,90.84965945,         409P   4132
90.84965945,125.003151,125.003151,125.003151,125.003151,             409P   4133
125.003151,125.003151,0.,0.,0.,0.,0.,0.,123.4887794,123.4887794,     409P   4134
123.4887794,123.4887794,123.4887794,123.4887794,1.,1.,1.,1.,1.,      409P   4135
1.,1.,1.,1.,1.,1.,1.,1.,1.,1.,1.,1.,1.,0.9391036258,                 409P   4136
0.9524000767,0.9658668159,0.9794243887,1.002964587,1.02598096,       409P   4137
1.035610326,1.053819785,1.070876864,1.07879379,1.093347259,          409P   4138
1.1061243,1.111838045,1.126270376,1.136292258,1.140648398,           409P   4139
1.142809042,1.142809042,0.9109731689,0.9299057133,0.9493569717,      409P   4140
0.9692279822,1.004239115,1.039304201,1.054123518,1.082418908,        409P   4141
1.109392605,1.122016048,1.145394396,1.166191377,1.175547674,         409P   4142
1.199297909,1.216019804,1.223333411,1.226960076,1.226960076,         409P   4143
0.9109731689,0.9299057133,0.9493569717,0.9692279822,1.004239115,     409P   4144
1.039304201,1.054123518,1.082418908,1.109392605,1.122016048,         409P   4145
1.145394396,1.166191377,1.175547674,1.199297909,1.216019804,         409P   4146
1.223333411,1.226960076,1.226960076,0.9391036258,0.9524000767,       409P   4147
0.9658668159,0.9794243887,1.002964587,1.02598096,1.035610326,        409P   4148
1.053819785,1.070876864,1.07879379,1.093347259,1.1061243,            409P   4149
1.111838045,1.126270376,1.136292258,1.140648398,1.142809042,         409P   4150
1.142809042,1.,1.,1.,1.,1.,1.,1.,1.,1.,1.,1.,1.,1.,1.,1.,1.,1.,      409P   4151
1.,6310.8,-3504.,234.4,6357.9736768,-3504.,184.95394688,             409P   4152
6405.1473536,-3504.,136.50899432,6452.3210304,-3504.,                409P   4153
89.46240488,6534.3623888,-3504.,11.350925592,6616.4037472,           409P   4154
-3504.,-55.618563616,6651.2817184,-3504.,-81.4755748,                409P   4155
6718.8352248,-3504.,-124.82863272,6786.3887304,-3504.,               409P   4156
-155.2335148,6819.0694376,-3504.,-166.91222192,6882.3875336,         409P   4157
-3504.,-184.9776016,6945.7056304,-3504.,-196.1141764,                409P   4158
6976.360388,-3504.,-200.3137056,7061.6382464,-3504.,                 409P   4159
-209.53455352,7146.9161056,-3504.,-213.40396648,7201.50882,          409P   4160
-3504.,-214.78260168,7256.1544136,-3504.,-215.35290152,7310.8,       409P   4161
-3504.,-215.35290152,6310.8,-3623.1851968,234.4,6357.3150856,        409P   4162
-3635.1345232,185.64426288,6404.1566128,-3647.3196656,               409P   4163
137.51972816,6451.3389536,-3659.5801336,90.4219168,6533.159844,      409P   4164
-3680.5181216,12.392844656,6615.9066984,-3700.6258376,               409P   4165
-55.222699776,6650.8018824,-3708.8541216,-81.15351616,               409P   4166
6718.1296528,-3724.1227816,-124.44649216,6786.0149904,               409P   4167
-3738.1304016,-155.07812632,6818.7208288,-3744.5132576,              409P   4168
-166.80754624,6881.8944832,-3756.0511928,-184.86477816,              409P   4169
6945.4546152,-3765.996376,-196.07547256,6976.1383048,                409P   4170
-3770.3818096,-200.2886128,7060.979664,-3781.2856568,                409P   4171
-209.47312104,7146.4963928,-3788.7450776,-213.39638512,              409P   4172
7201.301816,-3791.9598992,-214.78152152,7256.1544136,                409P   4173
-3793.5526144,-215.35290152,7310.8,-3793.5526144,-215.35290152,      409P   4174
6310.8,-3735.7022888,281.41862336,6357.0132376,-3752.2767936,        409P   4175
236.5943344,6403.6846704,-3768.7235048,191.48882992,                 409P   4176
6450.8517328,-3784.8806872,146.56101784,6532.5488424,                409P   4177
-3811.772664,71.23889692,6615.6536264,-3836.7855984,                 409P   4178
4.1532103104,6650.5512696,-3846.8280264,-21.760720688,               409P   4179
6717.7581328,-3865.1780664,-65.518373224,6785.8164992,               409P   4180
-3881.6887544,-97.6614224,6818.5320704,-3889.1167624,                409P   4181
-110.24075504,6881.6265176,-3902.3980248,-130.01232272,              409P   4182
6945.317148,-3913.7013016,-143.04431248,6976.0151144,                409P   4183
-3918.6436488,-148.09026872,7060.6176776,-3930.8211624,              409P   4184
-159.36692144,7146.2586632,-3939.0748528,-164.89569256,              409P   4185
7201.1848296,-3942.6160928,-166.98529248,7256.1544136,               409P   4186
-3944.3676616,-167.94086736,7310.8,-3944.3676616,-168.00709792,      409P   4187
6310.8,-3822.5813768,368.29771096,6357.0132376,-3839.8529896,        409P   4188
331.68431344,6403.6846704,-3856.56514,293.71112896,6450.8517328,     409P   4189
-3872.6275456,254.87161024,6532.5488424,-3898.865352,                409P   4190
188.17538752,6615.6536264,-3922.5980776,126.30419888,                409P   4191
6650.5512696,-3932.0244272,101.93676192,6717.7581328,                409P   4192
-3949.088988,59.823554328,6785.8164992,-3964.1989496,                409P   4193
27.167047216,6818.5320704,-3970.949784,13.918700552,                 409P   4194
6881.6265176,-3982.9509736,-7.6284776024,6945.317148,                409P   4195
-3993.06562,-22.95130116,6976.0151144,-3997.4702352,                 409P   4196
-29.122905928,7060.6176776,-4008.2892312,-43.392736888,              409P   4197
7146.2586632,-4015.5619104,-51.368396888,7201.1848296,               409P   4198
-4018.6756248,-54.586436096,7256.1544136,-4020.2190016,              409P   4199
-56.189630968,7310.8,-4020.2190016,-56.411968536,6310.8,-3869.6,     409P   4200
480.81480352,6357.3150856,-3886.5301064,458.49035616,                409P   4201
6404.1566128,-3902.607744,434.43697856,6451.3389536,                 409P   4202
-3917.8088624,409.0198424,6533.159844,-3942.4151048,                 409P   4203
363.88772152,6615.9066984,-3964.2170888,319.93864136,                409P   4204
6650.8018824,-3972.8630528,302.1271228,6718.1296528,                 409P   4205
-3988.4742968,270.39317128,6786.0149904,-4002.1322824,               409P   4206
244.3169224,6818.7208288,-4008.227948,233.30607488,6881.8944832,     409P   4207
-4019.0569672,214.7210268,6945.4546152,-4028.1172984,                409P   4208
200.56589232,6976.1383048,-4032.0625208,194.65114704,                409P   4209
7060.979664,-4041.7771888,180.50881656,7146.4963928,                 409P   4210
-4048.2510984,171.78758944,7201.301816,-4051.0203904,                409P   4211
168.05298224,7256.1544136,-4052.4,166.00509776,7310.8,-4052.4,       409P   4212
165.47237304,6310.8,-3869.6,600.,6357.9736768,-3886.7698144,         409P   4213
600.,6405.1473536,-3902.940668,599.9670572,6452.3210304,             409P   4214
-3918.1104728,599.8987288,6534.3623888,-3942.7481576,                409P   4215
599.71351688,6616.4037472,-3964.3453216,599.40304488,                409P   4216
6651.2817184,-3972.9765768,599.24710824,6718.8352248,                409P   4217
-3988.626596,598.89588936,6786.3887304,-4002.205528,                 409P   4218
598.44325984,6819.0694376,-4008.2892128,598.19921088,                409P   4219
6882.3875336,-4019.1342528,597.67491752,6945.7056304,                409P   4220
-4028.1517712,597.04474184,6976.360388,-4032.088748,                 409P   4221
596.71348024,7061.6382464,-4041.846556,595.71499328,                 409P   4222
7146.9161056,-4048.2756408,594.48947712,7201.50882,                  409P   4223
-4051.0230232,593.6024404,7256.1544136,-4052.4,592.60089192,         409P   4224
7310.8,-4052.4,591.47224912,0.,125.003151,0.,123.4887794;            409P   4225
126,1,1,0,0,1,0,0.,0.,123.4887794,123.4887794,1.,1.,125.003151,      411P   4226
0.,0.,125.003151,123.4887794,0.,0.,123.4887794,0.,0.,0.,0,0;         411P   4227
126,1,1,0,0,1,0,0.,0.,6.015110136,6.015110136,1.,1.,125.003151,      413P   4228
123.4887794,0.,118.98804090000002,123.4887794,0.,0.,6.015110136,     413P   4229
0.,0.,0.,0,0;                                                        413P   4230
126,1,1,0,0,1,0,0.,0.,118.9880409,118.9880409,1.,1.,                 415P   4231
118.98804090000002,123.4887794,0.,0.,123.4887794,0.,0.,              415P   4232
118.9880409,0.,0.,0.,0,0;                                            415P   4233
126,1,1,0,0,1,0,0.,0.,123.4887794,123.4887794,1.,1.,0.,              417P   4234
123.4887794,0.,0.,0.,0.,0.,123.4887794,0.,0.,0.,0,0;                 417P   4235
126,1,1,0,0,1,0,0.,0.,125.003151,125.003151,1.,1.,0.,0.,0.,          419P   4236
125.003151,0.,0.,0.,125.003151,0.,0.,0.,0,0;                         419P   4237
102,5,411,413,415,417,419;                                           421P   4238
126,76,4,0,0,1,0,0.,0.,0.,0.,0.,1.,1.,1.,1.,2.,2.,2.,2.,3.,3.,       423P   4239
3.,3.,4.,4.,4.,4.,5.,5.,5.,5.,6.,6.,6.,6.,7.,7.,7.,7.,8.,8.,8.,      423P   4240
8.,9.,9.,9.,9.,10.,10.,10.,10.,11.,11.,11.,11.,12.,12.,12.,12.,      423P   4241
13.,13.,13.,13.,14.,14.,14.,14.,15.,15.,15.,15.,16.,16.,16.,16.,     423P   4242
17.,17.,17.,17.,18.,18.,18.,18.,19.,19.,19.,19.,19.,1.,1.,1.,1.,     423P   4243
1.,1.,1.,1.,1.,1.,1.,1.,1.,1.,1.,1.,1.,1.,1.,1.,1.,1.,1.,1.,1.,      423P   4244
1.,1.,1.,1.,1.,1.,1.,1.,1.,1.,1.,1.,1.,1.,1.,1.,1.,1.,1.,1.,1.,      423P   4245
1.,1.,1.,1.,1.,1.,1.,1.,1.,1.,1.,1.,1.,1.,1.,1.,1.,1.,1.,1.,1.,      423P   4246
1.,1.,1.,1.,1.,1.,1.,1.,1.,1.,7310.8,-3504.,-215.35290152,           423P   4247
7310.800000000001,-3529.8517850624303,-215.35289711989304,           423P   4248
7310.800000000004,-3554.1436996502753,-214.9747208042423,            423P   4249
7310.799999999997,-3577.0414299356335,-214.23090248920198,           423P   4250
7310.800000000001,-3598.672521276921,-213.12689575832633,            423P   4251
7310.799999999994,-3620.3036652270157,-212.0228953152166,            423P   4252
7310.80000000001,-3640.668716524615,-210.55876404710807,             423P   4253
7310.799999999995,-3659.8958043376274,-208.74003101854478,           423P   4254
7310.800000000001,-3678.0846218768734,-206.5661540629754,            423P   4255
7310.799999999999,-3694.2524945738346,-204.6338225560924,            423P   4256
7310.799999999998,-3709.6003043787455,-202.42090780799862,           423P   4257
7310.800000000002,-3724.198386380445,-199.92706575516115,            423P   4258
7310.799999999999,-3738.103573043096,-197.14849294274117,            423P   4259
7310.800000000009,-3752.0087628454335,-194.3699207900525,            423P   4260
7310.79999999998,-3765.221206409787,-191.30662347218671,             423P   4261
7310.800000000012,-3777.797798961225,-187.9548107232077,7310.8,      423P   4262
-3789.784786381252,-184.30733944838676,7310.800000000004,            423P   4263
-3800.273403341044,-181.11580253600644,7310.800000000003,            423P   4264
-3810.3106862647664,-177.69790024494745,7310.799999999995,           423P   4265
-3819.9276587989393,-174.04885441296182,7310.800000000001,           423P   4266
-3829.150341916509,-170.16189212290166,7310.799999999993,            423P   4267
-3838.373021630069,-166.27493056183758,7310.800000000011,            423P   4268
-3847.2014554622565,-162.1500470282354,7310.7999999999965,           423P   4269
-3855.6616430393265,-157.78047806507792,7310.8,                      423P   4270
-3863.7754464977684,-153.15736716508343,7310.799999999995,           423P   4271
-3870.7300293489425,-149.19463382593796,7310.799999999999,           423P   4272
-3877.430530797552,-145.04586659492804,7310.800000000004,            423P   4273
-3883.8897759157853,-140.70488620398748,7310.799999999998,           423P   4274
-3890.120589775831,-136.16551338505016,7310.799999999998,            423P   4275
-3896.351207266999,-131.62600073188267,7310.799999999997,            423P   4276
-3902.353354575698,-126.8881111358067,7310.799999999997,             423P   4277
-3908.138091367414,-121.94440792760497,7310.800000000001,            423P   4278
-3913.716477307632,-116.78745443806027,7310.800000000001,            423P   4279
-3919.2946934359015,-111.6303477632833,7310.8,                       423P   4280
-3924.6665267438348,-106.26001095204049,7310.799999999999,           423P   4281
-3929.8415101661917,-100.66762989789132,7310.800000000001,           423P   4282
-3934.8291766377347,-94.84439049439527,7310.799999999995,            423P   4283
-3943.141819367303,-85.1388619998362,7310.8,-3950.9333801535417,     423P   4284
-74.79118816493245,7310.800000000001,-3958.24463096237,              423P   4285
-63.75733221598152,7310.800000000001,-3965.1070126106715,            423P   4286
-51.98040256949673,7310.799999999987,-3971.28316974001,              423P   4287
-41.38114968571324,7310.800000000025,-3977.0958225132044,            423P   4288
-30.17987566180727,7310.799999999982,-3982.568003064974,             423P   4289
-18.335015128177073,7310.800000000001,-3987.7176878265495,           423P   4290
-5.794598089055459,7310.8000000000075,-3992.2951889335654,           423P   4291
5.3524460260980335,7310.799999999982,-3996.6179080950164,            423P   4292
17.049164662069877,7310.80000000001,-4000.6985035397515,             423P   4293
29.3320909126138,7310.800000000001,-4004.546896434991,               423P   4294
42.24575764380653,7310.799999999987,-4007.914240694472,              423P   4295
53.54521548449993,7310.800000000012,-4011.103814740769,              423P   4296
65.32765146223183,7310.799999999997,-4014.1222719602656,             423P   4297
77.62288745018145,7310.8,-4016.97480955226,90.46646006708774,        423P   4298
7310.799999999998,-4019.4198003931506,101.4754374564843,             423P   4299
7310.799999999999,-4021.7430450534257,112.8865628651699,7310.8,      423P   4300
-4023.947445726578,124.72402938961386,7310.8,                        423P   4301
-4026.0359046061017,137.0120301262855,7310.8,-4029.516600372978,     423P   4302
157.4923508380954,7310.799999999998,-4032.674818267663,              423P   4303
179.2264154823655,7310.799999999999,-4035.522271681058,              423P   4304
202.33419342958015,7310.8,-4038.065100433931,226.97015912151144,     423P   4305
7310.800000000002,-4039.8450257735312,244.21583225642237,            423P   4306
7310.800000000001,-4041.4759157148633,262.2087468708147,             423P   4307
7310.799999999999,-4042.959251828629,281.0071652432768,7310.8,       423P   4308
-4044.2965156855294,300.66934965239693,7310.799999999993,            423P   4309
-4045.4426100452865,317.5237571125737,7310.799999999998,             423P   4310
-4046.481299607148,335.01331970515866,7310.800000000005,             423P   4311
-4047.4126755058182,353.18194298049343,7310.800000000001,            423P   4312
-4048.236828876001,372.07353248891957,7310.800000000009,             423P   4313
-4049.33564414174,397.26282163167764,7310.799999999992,              423P   4314
-4050.243552401178,423.7402055260195,7310.800000000002,              423P   4315
-4050.959877665231,451.6177779377647,7310.800000000001,              423P   4316
-4051.4812843003738,481.0356519496836,7310.799999999996,             423P   4317
-4051.9374421715565,506.7771544167502,7310.8,                        423P   4318
-4052.2446553627015,533.6946562557737,7310.800000000005,             423P   4319
-4052.3998619475897,561.8918052343313,7310.8,-4052.4,                423P   4320
591.47224912,0.,19.,0.,0.,0.,0,0;                                    423P   4321
126,2,2,0,0,1,0,0.,0.,0.,1.,1.,1.,1.,1.,1.,7310.8,-4052.4,           425P   4322
591.47224912,7286.739100010404,-4052.3999244168817,                  425P   4323
591.9690184433264,7262.681296791832,-4051.973206999854,              425P   4324
592.4273966643701,0.,1.,0.,0.,0.,0,0;                                425P   4325
126,32,4,0,0,1,0,0.,0.,0.,0.,0.,1.,1.,1.,1.,2.,2.,2.,2.,3.,3.,       427P   4326
3.,3.,4.,4.,4.,4.,5.,5.,5.,5.,6.,6.,6.,6.,7.,7.,7.,7.,8.,8.,8.,      427P   4327
8.,8.,1.,1.,1.,1.,1.,1.,1.,1.,1.,1.,1.,1.,1.,1.,1.,1.,1.,1.,1.,      427P   4328
1.,1.,1.,1.,1.,1.,1.,1.,1.,1.,1.,1.,1.,1.,7262.681296791832,         427P   4329
-4051.973206999854,592.4273966643701,7206.40858698901,               427P   4330
-4050.975140659166,593.4999729219718,7150.168422569252,              427P   4331
-4048.4232233573034,594.4360611114864,7093.9045180570365,            427P   4332
-4044.319834478237,595.2540827427556,7037.624932824956,              427P   4333
-4038.6693634543294,595.9668630529743,6999.33833984589,              427P   4334
-4034.82543187136,596.451726613602,6961.033009164696,                427P   4335
-4030.2631351503665,596.888118271835,6922.727678365056,              427P   4336
-4024.9863582210382,597.2795910714277,6884.441085030654,             427P   4337
-4018.9989860130636,597.6296980561347,6862.155083338577,             427P   4338
-4015.5139080228582,597.8334665420348,6839.8699166317465,            427P   4339
-4011.787502657133,598.0232527586115,6817.585293200599,              427P   4340
-4007.8200101131943,598.1996924903829,6795.300921335573,             427P   4341
-4003.6116705883496,598.363421521867,6776.730631465853,              427P   4342
-4000.1047234213274,598.4998563696012,6758.1598467652675,            427P   4343
-3996.43039655551,598.6274672337458,6739.588639687827,               427P   4344
-3992.5888654692153,598.746582065477,6721.017082687542,              427P   4345
-3988.5803056407594,598.8575288159707,6697.244090898956,             427P   4346
-3983.4490593448127,598.9995442440907,6673.46942007231,              427P   4347
-3978.0437930367416,599.1281855170206,6649.693656783951,             427P   4348
-3972.364986765502,599.2440722899478,6625.917387610229,              427P   4349
-3966.4131205800522,599.3478242180598,6606.103789703994,             427P   4350
-3961.4532244486927,599.4342785081991,6586.29118691359,              427P   4351
-3956.3040370119998,599.512297633384,6566.479433466748,              427P   4352
-3950.9657311714677,599.5822044047071,6546.668383591202,             427P   4353
-3945.4384798285914,599.6443216332608,6517.184835722716,             427P   4354
-3937.2126239173062,599.7367601113493,6487.701287838028,             427P   4355
-3928.567905917896,599.8119662848803,6458.217739920949,              427P   4356
-3919.5049839068497,599.8708895879008,6428.734191955288,             427P   4357
-3910.0245159606566,599.9144794544578,6399.250643995063,             427P   4358
-3900.544047923405,599.9580542594975,6369.767096002994,              427P   4359
-3890.646034967789,599.9862837580582,6340.283547998249,              427P   4360
-3880.3311335184435,599.9999912412043,6310.8,-3869.6,600.,0.,8.,     427P   4361
0.,0.,0.,0,0;                                                        427P   4362
126,30,5,0,0,1,0,0.,0.,0.,0.,0.,0.,1.,1.,1.,1.,1.,2.,2.,2.,2.,       429P   4363
2.,3.,3.,3.,3.,3.,4.,4.,4.,4.,4.,5.,5.,5.,5.,5.,6.,6.,6.,6.,6.,      429P   4364
6.,1.,1.,1.,1.,1.,1.,1.,1.,1.,1.,1.,1.,1.,1.,1.,1.,1.,1.,1.,1.,      429P   4365
1.,1.,1.,1.,1.,1.,1.,1.,1.,1.,1.,6310.8,-3869.6,600.,6310.8,         429P   4366
-3869.599987587411,586.0091167889655,6310.799999999994,              429P   4367
-3868.930772172268,571.9515652707744,6310.799999999999,              429P   4368
-3867.579435316813,557.8750577446306,6310.80000000001,               429P   4369
-3865.53929370441,543.8292470958105,6310.8,-3862.8098991395473,      429P   4370
529.8657267956645,6310.799999999996,-3860.3837890750538,             429P   4371
517.4536836811011,6310.800000000002,-3857.4131654873736,             429P   4372
505.10642300315266,6310.800000000004,-3853.8978151514325,            429P   4373
492.86010068046664,6310.799999999999,-3849.841779987738,             429P   4374
480.75089211095803,6310.8,-3845.2533570623805,                       429P   4375
468.81499217180954,6310.8,-3837.2236769786778,447.9273559175118,     429P   4376
6310.800000000003,-3827.5633270089575,427.56911337820736,            429P   4377
6310.800000000002,-3816.3176348335746,407.9363304524504,             429P   4378
6310.799999999998,-3803.5705963804457,389.2109014123926,             429P   4379
6310.799999999999,-3789.4448758250496,371.5605489037825,             429P   4380
6310.799999999994,-3778.346033663624,357.6920459470065,              429P   4381
6310.800000000003,-3766.3952106808897,344.4855658073225,             429P   4382
6310.800000000005,-3753.6519838436634,332.0211659312217,             429P   4383
6310.799999999998,-3740.18688253263,320.3673290946039,6310.8,        429P   4384
-3726.0813885423427,309.5809634027779,6310.799999999996,             429P   4385
-3706.8471602610957,294.8723995192323,6310.800000000001,             429P   4386
-3686.4192065177604,281.77570997903103,6310.800000000002,            429P   4387
-3665.0082207080345,270.43546441088085,6310.799999999997,            429P   4388
-3642.841404966758,260.9447296948911,6310.799999999999,              429P   4389
-3620.162470167912,253.34506996257434,6310.799999999988,             429P   4390
-3597.4831700483523,245.74535607353377,6310.80000000004,             429P   4391
-3574.2899249513052,240.0362900626865,6310.799999999955,             429P   4392
-3550.8212113754203,236.25899652687093,6310.800000000023,            429P   4393
-3527.3181871864804,234.40001683823021,6310.8,-3504.,234.4,0.,       429P   4394
6.,0.,0.,0.,0,0;                                                     429P   4395
126,55,5,0,0,1,0,0.,0.,0.,0.,0.,0.,1.,1.,1.,1.,1.,2.,2.,2.,2.,       431P   4396
2.,3.,3.,3.,3.,3.,4.,4.,4.,4.,4.,5.,5.,5.,5.,5.,6.,6.,6.,6.,6.,      431P   4397
7.,7.,7.,7.,7.,8.,8.,8.,8.,8.,9.,9.,9.,9.,9.,10.,10.,10.,10.,        431P   4398
10.,11.,11.,11.,11.,11.,11.,1.,1.,1.,1.,1.,1.,1.,1.,1.,1.,1.,1.,     431P   4399
1.,1.,1.,1.,1.,1.,1.,1.,1.,1.,1.,1.,1.,1.,1.,1.,1.,1.,1.,1.,1.,      431P   4400
1.,1.,1.,1.,1.,1.,1.,1.,1.,1.,1.,1.,1.,1.,1.,1.,1.,1.,1.,1.,1.,      431P   4401
1.,1.,6310.8,-3504.,234.4,6334.386838400004,-3504.0000000000045,     431P   4402
209.67697343999995,6357.973676799964,-3503.999999999969,             431P   4403
185.20422201999907,6381.560515200103,-3504.0000000000773,            431P   4404
161.03140356000262,6405.147353587109,-3503.999999999916,             431P   4405
137.22923604555152,6428.734191955287,-3504.,113.90449850168308,      431P   4406
6452.32103032336,-3504.000000000006,90.57976095781197,               431P   4407
6475.907868672247,-3503.999999999989,67.7324533845149,               431P   4408
6499.49470699558,-3504.000000000006,45.469354806809555,              431P   4409
6523.081545293436,-3503.999999999999,23.93330528918817,              431P   4410
6546.668383591202,-3504.,3.318206809500442,6557.762575546563,        431P   4411
-3504.000000000001,-6.37789511171559,6568.856940365838,              431P   4412
-3504.0000000000005,-15.871262819077863,6579.951533795927,           431P   4413
-3504.,-25.14092206757119,6591.046411583731,-3504.,                  431P   4414
-34.165898612180385,6602.141629476151,-3504.,-42.92521820789027,     431P   4415
6625.917029976308,-3504.000000000005,-61.69502766133958,             431P   4416
6649.6935625503,-3503.9999999999854,-79.24419557094274,              431P   4417
6673.470243446837,-3504.0000000000123,-95.36602776103553,            431P   4418
6697.243663116712,-3503.9999999999964,-109.87448254488048,           431P   4419
6721.017082687542,-3504.,-122.77933709146728,6735.874275392024,      431P   4420
-3504.,-130.84422276140003,6750.731468057821,                        431P   4421
-3503.9999999999927,-138.2828028034044,6765.588180183864,            431P   4422
-3504.000000000008,-145.09494546733998,6780.44458650721,             431P   4423
-3503.9999999999964,-151.30959226388643,6795.300921335572,           431P   4424
-3504.,-156.9681865516586,6802.729087320224,-3504.0000000000005,     431P   4425
-159.79766081828657,6810.15723823058,-3504.,-162.48768471979588,     431P   4426
6817.585401270528,-3504.,-165.04412624964988,6825.0136036439535,     431P   4427
-3503.9999999999995,-167.4728534013119,6832.441872554742,-3504.,     431P   4428
-169.77973416824537,6842.841427806443,-3504.0000000000014,           431P   4429
-173.00942206255615,6853.241162156133,-3504.000000000001,            431P   4430
-176.00068895439114,6863.641040127566,-3504.000000000001,            431P   4431
-178.77085063924827,6874.041026244489,-3504.,                        431P   4432
-181.33722291262538,6884.441085030654,-3504.0000000000005,           431P   4433
-183.71712157002037,6898.055421093366,-3504.000000000001,            431P   4434
-186.83239102369888,6911.669812026223,-3503.999999999999,            431P   4435
-189.6273433213192,6925.285975900863,-3503.999999999999,             431P   4436
-192.13998148301727,6938.903876142142,-3504.0000000000005,           431P   4437
-194.40331826728388,6952.521721528127,-3504.,                        431P   4438
-196.44537617096483,6969.54415163517,-3503.999999999998,             431P   4439
-198.99797482402985,6986.567501305086,-3504.0000000000036,           431P   4440
-201.20503930624656,7003.588743279799,-3504.000000000003,            431P   4441
-203.12140140680242,7020.607277843964,-3503.9999999999973,           431P   4442
-204.79113888661428,7037.624932824956,-3504.0000000000005,           431P   4443
-206.2475754783285,7061.91186003529,-3503.999999999992,              431P   4444
-208.32619428019134,7086.198787310589,-3504.000000000044,            431P   4445
-209.97076002394058,7110.481072896432,-3503.999999999895,            431P   4446
-211.2775387273857,7134.76026429425,-3504.00000000013,               431P   4447
-212.31142550381867,7159.038596457533,-3504.,-213.1189422008123,     431P   4448
7189.386511661819,-3504.000000000007,-214.12833807206167,            431P   4449
7219.733084312747,-3503.9999999999905,-214.78403069421105,           431P   4450
7250.0826795555595,-3504.0000000000055,-215.1768830508641,           431P   4451
7280.441340888892,-3504.0000000000014,-215.35290152000022,           431P   4452
7310.8,-3504.,-215.35290152,0.,11.,0.,0.,0.,0,0;                     431P   4453
102,5,423,425,427,429,431;                                           433P   4454
142,0,409,421,433,1,0,0;                                             435P   4455
406,1,6HJoin.1;                                                      437P   4456
144,409,1,0,435,0,1,437;                                             439P   4457
128,5,5,5,5,0,0,0,0,0,0.,0.,0.,0.,0.,0.,6.014837738,6.014837738,     441P   4458
6.014837738,6.014837738,6.014837738,6.014837738,0.,0.,0.,0.,0.,      441P   4459
0.,102.3132198,102.3132198,102.3132198,102.3132198,102.3132198,      441P   4460
102.3132198,1.,1.,1.,1.,1.,1.,1.072871561,1.072871561,               441P   4461
1.072871445,1.072871215,1.072870865,1.072870394,1.112626257,         441P   4462
1.112626257,1.112626074,1.112625707,1.112625149,1.1126244,           441P   4463
1.112626257,1.112626257,1.112626074,1.112625707,1.112625149,         441P   4464
1.1126244,1.072871561,1.072871561,1.072871445,1.072871215,           441P   4465
1.072870865,1.072870394,1.,1.,1.,1.,1.,1.,7262.6812984,-3504.,       441P   4466
1147.9731128,7272.3050384,-3504.,1148.1438304,7281.9287792,          441P   4467
-3504.,1148.2718984,7291.5525064,-3504.,1148.357292,7301.17626,      441P   4468
-3504.,1148.4,7310.8,-3504.,1148.4,7262.6812984,-3762.5769768,       441P   4469
1147.9731128,7272.3050384,-3762.6575352,1148.1438304,                441P   4470
7281.9287848,-3762.7179104,1148.2718968,7291.5525144,                441P   4471
-3762.758092,1148.357292,7301.176264,-3762.7780784,1148.4,           441P   4472
7310.8,-3762.7778504,1148.4,7262.6812984,-3920.3252464,              441P   4473
1106.0310496,7272.3050384,-3920.4549504,1106.1750304,                441P   4474
7281.9287768,-3920.5522016,1106.27928,7291.5525144,-3920.617,        441P   4475
1106.3437736,7301.1762664,-3920.6493072,1106.3684952,7310.8,         441P   4476
-3920.6491256,1106.3534152,7262.6812984,-4010.6027584,               441P   4477
1014.505964,7272.3050384,-4010.760588,1014.5915992,7281.9287768,     441P   4478
-4010.8789768,1014.6438896,7291.5525144,-4010.9578768,               441P   4479
1014.6628032,7301.1762664,-4010.9973104,1014.6483056,7310.8,         441P   4480
-4010.9972384,1014.600368,7262.6812984,-4051.973112,854.5777216,     441P   4481
7272.3050384,-4052.1438304,854.5614064,7281.9287848,                 441P   4482
-4052.2718952,854.5229376,7291.5525144,-4052.3572912,                441P   4483
854.4622752,7301.176264,-4052.4,854.3793624,7310.8,-4052.4,          441P   4484
854.2741568,7262.6812984,-4051.9731104,592.42738872,                 441P   4485
7272.3050384,-4052.1438296,592.2439584,7281.9287792,                 441P   4486
-4052.2718952,592.05679752,7291.5525064,-4052.3572936,               441P   4487
591.86584464,7301.17626,-4052.4,591.67101656,7310.8,-4052.4,         441P   4488
591.47224912,0.,6.014837738,0.,102.3132198;                          441P   4489
126,1,1,0,0,1,0,0.,0.,102.3132198,102.3132198,1.,1.,0.,              443P   4490
102.3132198,0.,0.,0.,0.,0.,102.3132198,0.,0.,0.,0,0;                 443P   4491
126,1,1,0,0,1,0,-3.007418869,-3.007418869,3.007418869,               445P   4492
3.007418869,1.,1.,0.,0.,0.,6.014837738,0.,0.,-3.007418869,           445P   4493
3.007418869,0.,0.,0.,0,0;                                            445P   4494
126,1,1,0,0,1,0,0.,0.,102.3132198,102.3132198,1.,1.,6.014837738,     447P   4495
0.,0.,6.014837738,102.3132198,0.,0.,102.3132198,0.,0.,0.,0,0;        447P   4496
126,1,1,0,0,1,0,0.,0.,6.014837738,6.014837738,1.,1.,6.014837738,     449P   4497
102.3132198,0.,0.,102.3132198,0.,0.,6.014837738,0.,0.,0.,0,0;        449P   4498
102,4,443,445,447,449;                                               451P   4499
126,64,4,0,0,1,0,0.,0.,0.,0.,0.,1.,1.,1.,1.,2.,2.,2.,2.,3.,3.,       453P   4500
3.,3.,4.,4.,4.,4.,5.,5.,5.,5.,6.,6.,6.,6.,7.,7.,7.,7.,8.,8.,8.,      453P   4501
8.,9.,9.,9.,9.,10.,10.,10.,10.,11.,11.,11.,11.,12.,12.,12.,12.,      453P   4502
13.,13.,13.,13.,14.,14.,14.,14.,15.,15.,15.,15.,16.,16.,16.,16.,     453P   4503
16.,1.,1.,1.,1.,1.,1.,1.,1.,1.,1.,1.,1.,1.,1.,1.,1.,1.,1.,1.,1.,     453P   4504
1.,1.,1.,1.,1.,1.,1.,1.,1.,1.,1.,1.,1.,1.,1.,1.,1.,1.,1.,1.,1.,      453P   4505
1.,1.,1.,1.,1.,1.,1.,1.,1.,1.,1.,1.,1.,1.,1.,1.,1.,1.,1.,1.,1.,      453P   4506
1.,1.,1.,7262.6812984,-4051.9731104,592.42738872,                    453P   4507
7262.681298399996,-4051.973043356687,611.9586286717374,              453P   4508
7262.681298400001,-4051.736494121482,630.7496206020376,              453P   4509
7262.6812984000035,-4051.26624332931,648.8423540584356,              453P   4510
7262.6812984,-4050.565071615095,666.2788185884663,                   453P   4511
7262.681298399995,-4049.8637188578778,683.7146055133555,             453P   4512
7262.681298399999,-4048.9313246497713,700.4935902166201,             453P   4513
7262.681298400003,-4047.769029326264,716.6516873359651,              453P   4514
7262.6812984,-4046.377973222841,732.2248115090949,                   453P   4515
7262.681298400001,-4045.3345715382306,743.9042806721902,             453P   4516
7262.681298399999,-4044.1623828517054,755.2543000255737,             453P   4517
7262.681298399997,-4042.8612974955076,766.2880413594456,             453P   4518
7262.681298400001,-4041.431205801881,777.0186764640065,              453P   4519
7262.681298400001,-4039.5243238020307,791.3259126967732,             453P   4520
7262.681298400001,-4037.388178910873,805.0944877248494,              453P   4521
7262.6812984,-4035.0212530710774,818.351843384468,7262.6812984,      453P   4522
-4032.422028225314,831.125421511862,7262.6812983999935,              453P   4523
-4029.1728681050818,847.0920163536488,7262.681298400008,             453P   4524
-4025.5602000665713,862.3012742021025,7262.681298399997,             453P   4525
-4021.5795379022074,876.8023683289898,7262.6812984,                  453P   4526
-4017.222805259915,890.6359842395855,7262.681298399992,              453P   4527
-4012.8660741569624,904.469591866346,7262.681298400009,              453P   4528
-4008.133264389006,917.6357977381542,7262.681298399996,              453P   4529
-4003.0163174459653,930.1752314692262,7262.681298400001,             453P   4530
-3997.503462890298,942.1214198333845,7262.6812984,                   453P   4531
-3989.7854696597124,958.8460763924244,7262.681298399999,             453P   4532
-3981.291461503751,974.4080978191042,7262.681298399999,              453P   4533
-3971.9892425951807,988.8992909276542,7262.681298399999,             453P   4534
-3961.831257228963,1002.3885824993619,7262.681298399988,             453P   4535
-3950.222143500531,1017.8049235646649,7262.681298400021,             453P   4536
-3937.4950526716134,1031.9130453849468,7262.6812983999835,           453P   4537
-3923.579237877292,1044.8160158933547,7262.681298399999,             453P   4538
-3908.3730360976397,1056.585559628949,7262.681298400008,             453P   4539
-3891.266150520226,1069.8262819451743,7262.681298399984,             453P   4540
-3872.5253190483595,1081.6329292962203,7262.681298400009,            453P   4541
-3852.006905752639,1092.1076777105932,7262.681298399999,             453P   4542
-3829.503613143902,1101.3108272082225,7262.6812984,                  453P   4543
-3820.752219141231,1104.8897913577473,7262.681298400001,             453P   4544
-3811.700934905028,1108.2766421279766,7262.681298400002,             453P   4545
-3802.3365980986496,1111.47450696025,7262.681298399999,              453P   4546
-3792.6460463854514,1114.4865132959064,7262.6812984,                 453P   4547
-3785.7241430090426,1116.6379071768931,7262.681298400001,            453P   4548
-3778.6356963959784,1118.6944194027578,7262.681298400001,            453P   4549
-3771.3753509218295,1120.6569255681984,7262.6812984,                 453P   4550
-3763.9377509621654,1122.5263012679125,7262.6812984000035,           453P   4551
-3755.0125164043966,1124.7695041320403,7262.6812984,                 453P   4552
-3745.832083061589,1126.8786118855717,7262.681298399995,             453P   4553
-3736.3861219245937,1128.8546862982507,7262.681298399998,            453P   4554
-3726.6643039842634,1130.6987891398223,7262.681298400001,            453P   4555
-3716.9423467126235,1132.5428395506844,7262.681298400001,            453P   4556
-3706.9445541620307,1134.254918973192,7262.681298400001,             453P   4557
-3696.659344151543,1135.8356175470528,7262.681298399999,             453P   4558
-3686.0751345002154,1137.2855254119756,7262.68129840001,             453P   4559
-3673.7265906088587,1138.9769850478335,7262.681298400003,            453P   4560
-3660.9713666040107,1140.490508905818,7262.6812983999935,            453P   4561
-3647.7885305375657,1141.8261769917824,7262.681298400001,            453P   4562
-3634.157150461418,1142.9840693115796,7262.68129839999,              453P   4563
-3620.5254086981463,1144.1418528313009,7262.681298399999,            453P   4564
-3606.445404533631,1145.1219327401404,7262.68129840001,              453P   4565
-3591.893177037366,1145.9234674736795,7262.681298400003,             453P   4566
-3576.8447652788436,1146.5456154674991,7262.681298400001,            453P   4567
-3559.6461784864246,1147.2565308062924,7262.681298399997,            453P   4568
-3541.799863157851,1147.733226340291,7262.681298399995,              453P   4569
-3523.2648075700627,1147.9729907710189,7262.6812984,-3504.,          453P   4570
1147.9731128,0.,16.,0.,0.,0.,0,0;                                    453P   4571
126,2,2,0,0,1,0,0.,0.,0.,1.,1.,1.,1.,1.,1.,7262.6812984,-3504.,      455P   4572
1147.9731128,7286.740642131686,-3504.,1148.399949133059,7310.8,      455P   4573
-3504.,1148.4,0.,1.,0.,0.,0.,0,0;                                    455P   4574
126,64,4,0,0,1,0,0.,0.,0.,0.,0.,1.,1.,1.,1.,2.,2.,2.,2.,3.,3.,       457P   4575
3.,3.,4.,4.,4.,4.,5.,5.,5.,5.,6.,6.,6.,6.,7.,7.,7.,7.,8.,8.,8.,      457P   4576
8.,9.,9.,9.,9.,10.,10.,10.,10.,11.,11.,11.,11.,12.,12.,12.,12.,      457P   4577
13.,13.,13.,13.,14.,14.,14.,14.,15.,15.,15.,15.,16.,16.,16.,16.,     457P   4578
16.,1.,1.,1.,1.,1.,1.,1.,1.,1.,1.,1.,1.,1.,1.,1.,1.,1.,1.,1.,1.,     457P   4579
1.,1.,1.,1.,1.,1.,1.,1.,1.,1.,1.,1.,1.,1.,1.,1.,1.,1.,1.,1.,1.,      457P   4580
1.,1.,1.,1.,1.,1.,1.,1.,1.,1.,1.,1.,1.,1.,1.,1.,1.,1.,1.,1.,1.,      457P   4581
1.,1.,1.,7310.8,-3504.,1148.4,7310.799999999996,                     457P   4582
-3523.27995566099,1148.399931740947,7310.799999999997,               457P   4583
-3541.8291925385533,1148.1595162074655,7310.8,                       457P   4584
-3559.6891592228562,1147.6815794360039,7310.799999999999,            457P   4585
-3576.9013043040654,1146.9689474630095,7310.7999999999965,           457P   4586
-3594.112780514918,1146.2561314910906,7310.8,-3610.675908703409,     457P   4587
1145.3084978211627,7310.800000000004,-3626.6261408582777,            457P   4588
1144.1272054085427,7310.8,-3641.9989289682644,                       457P   4589
1142.7134132085478,7310.799999999995,-3653.5281509041033,            457P   4590
1141.652957661834,7310.799999999997,-3664.732163225889,              457P   4591
1140.4616101407732,7310.800000000002,-3675.6239680597855,            457P   4592
1139.1392591869771,7310.800000000002,-3686.2165675319566,            457P   4593
1137.6857933420579,7310.800000000001,-3700.3397598277325,            457P   4594
1135.747744287342,7310.799999999999,-3713.9312232909733,             457P   4595
1133.5766851356811,7310.799999999998,-3727.0180463078914,            457P   4596
1131.1710730419027,7310.8,-3739.627317264701,1128.529365160834,      457P   4597
7310.799999999996,-3755.388533012131,1125.2270991389826,             457P   4598
7310.799999999999,-3770.402157552704,1121.5553838986245,             457P   4599
7310.800000000009,-3784.716730837992,1117.5096599776987,             457P   4600
7310.799999999998,-3798.3724144156217,1113.0817191460987,            457P   4601
7310.7999999999965,-3812.028089816224,1108.6537798789386,            457P   4602
7310.800000000003,-3825.024950984599,1103.8436153804719,             457P   4603
7310.799999999999,-3837.4031042978145,1098.64303555357,7310.8,       457P   4604
-3849.1956447971297,1093.040077763387,7310.800000000001,             457P   4605
-3865.7051944375808,1085.1959400558242,7310.800000000004,            457P   4606
-3881.067067127822,1076.5631049482392,7310.799999999996,             457P   4607
-3895.3718874656743,1067.1088508920177,7310.799999999999,            457P   4608
-3908.687694730256,1056.7848456732768,7310.800000000012,             457P   4609
-3923.9057679148696,1044.9859951728645,7310.799999999982,            457P   4610
-3937.8324507790066,1032.0508978984112,7310.800000000013,            457P   4611
-3950.5694841480927,1017.9076517974172,7310.799999999999,            457P   4612
-3962.1876691005505,1002.4529339497749,7310.80000000001,             457P   4613
-3975.25811297118,985.0664692870191,7310.799999999984,               457P   4614
-3986.9129272167465,966.0193602820801,7310.800000000007,             457P   4615
-3997.2529723379203,945.1656257739334,7310.8,                        457P   4616
-4006.3377720144313,922.2945839493493,7310.799999999999,             457P   4617
-4009.8707117282315,913.400174509936,7310.8,-4013.2140087450116,     457P   4618
904.2009753700858,7310.800000000001,-4016.3707502411307,             457P   4619
894.6836093124244,7310.800000000001,-4019.3440233929514,             457P   4620
884.8346991195775,7310.800000000001,-4021.4677512189464,             457P   4621
877.799681226033,7310.799999999998,-4023.497817574881,               457P   4622
870.5953993545204,7310.799999999996,-4025.4350867823696,             457P   4623
863.2164104511712,7310.799999999998,-4027.280423163027,              457P   4624
855.6572714621173,7310.800000000001,-4029.4947794619425,             457P   4625
846.5861881989206,7310.799999999999,-4031.576765085997,              457P   4626
837.2557372641913,7310.799999999998,-4033.5274281347297,             457P   4627
827.6554210369945,7310.799999999999,-4035.3478167076796,             457P   4628
817.7747418963958,7310.799999999998,-4037.1681535249363,             457P   4629
807.893921151022,7310.799999999999,-4038.858216441655,               457P   4630
797.7327593676174,7310.799999999999,-4040.4185879993074,             457P   4631
787.279485305474,7310.8,-4041.849850739365,776.522327723884,         457P   4632
7310.800000000002,-4043.5195590110966,763.9720063640339,             457P   4633
7310.800000000002,-4045.0136196527237,751.0083621467074,7310.8,      457P   4634
-4046.3321116394523,737.6101214642123,7310.8,-4047.47511394649,      457P   4635
723.756010708856,7310.799999999998,-4048.618008854292,               457P   4636
709.9015323658238,7310.799999999997,-4049.585485308571,              457P   4637
695.5914701519193,7310.7999999999965,-4050.3767125796994,            457P   4638
680.801472061717,7310.8,-4050.9908599380506,665.5071860897917,       457P   4639
7310.800000000003,-4051.6926331219265,648.0275936399221,             457P   4640
7310.800000000001,-4052.1631984531796,629.8896940244953,             457P   4641
7310.799999999998,-4052.399879542355,611.0518061992689,7310.8,       457P   4642
-4052.4,591.47224912,0.,16.,0.,0.,0.,0,0;                            457P   4643
126,2,2,0,0,1,0,0.,0.,0.,1.,1.,1.,1.,1.,1.,7310.8,-4052.4,           459P   4644
591.47224912,7286.740640465841,-4052.3999591901234,                  459P   4645
591.9690094714404,7262.6812984,-4051.9731104,592.42738872,0.,1.,     459P   4646
0.,0.,0.,0,0;                                                        459P   4647
102,4,453,455,457,459;                                               461P   4648
142,0,441,451,461,1,0,0;                                             463P   4649
406,1,6HJoin.1;                                                      465P   4650
144,441,1,0,463,0,1,465;                                             467P   4651
128,14,1,5,1,0,0,1,0,0,71.78539213,71.78539213,71.78539213,          469P   4652
71.78539213,71.78539213,71.78539213,107.6780882,107.6780882,         469P   4653
107.6780882,143.5707843,143.5707843,143.5707843,179.4634803,         469P   4654
179.4634803,179.4634803,215.3561764,215.3561764,215.3561764,         469P   4655
215.3561764,215.3561764,215.3561764,-22.85,-22.85,22.85,22.85,       469P   4656
1.,1.,1.,1.,1.,1.,1.,1.,1.,1.,1.,1.,1.,1.,1.,1.,1.,1.,1.,1.,1.,      469P   4657
1.,1.,1.,1.,1.,1.,1.,1.,1.,6310.8,-3504.,234.4,6310.8,               469P   4658
-3561.4283136,234.4,6310.8,-3618.8575376,245.6734928,6310.8,         469P   4659
-3673.330776,268.23742392,6310.8,-3770.4898024,333.5101976,          469P   4660
6310.8,-3835.762576,430.66922408,6310.8,-3858.3265072,               469P   4661
485.14337256,6310.8,-3880.8734928,600.,6310.8,-3858.3265072,         469P   4662
714.85662744,6310.8,-3835.762576,769.33077592,6310.8,                469P   4663
-3770.4898024,866.4898024,6310.8,-3673.330776,931.762576,6310.8,     469P   4664
-3618.8575376,954.3265072,6310.8,-3561.4283136,965.6,6310.8,         469P   4665
-3504.,965.6,5945.2,-3504.,234.4,5945.2,-3561.4283136,234.4,         469P   4666
5945.2,-3618.8575376,245.6734928,5945.2,-3673.330776,                469P   4667
268.23742392,5945.2,-3770.4898024,333.5101976,5945.2,                469P   4668
-3835.762576,430.66922408,5945.2,-3858.3265072,485.14337256,         469P   4669
5945.2,-3880.8734928,600.,5945.2,-3858.3265072,714.85662744,         469P   4670
5945.2,-3835.762576,769.33077592,5945.2,-3770.4898024,               469P   4671
866.4898024,5945.2,-3673.330776,931.762576,5945.2,-3618.8575376,     469P   4672
954.3265072,5945.2,-3561.4283136,965.6,5945.2,-3504.,965.6,          469P   4673
71.78539213,215.3561764,-22.85,22.85;                                469P   4674
126,1,1,0,0,1,0,71.78539213000002,71.78539213000002,                 471P   4675
215.35617640000004,215.35617640000004,1.,1.,215.3561764,22.85,       471P   4676
0.,71.78539213,22.85,0.,71.78539213000002,215.35617640000004,0.,     471P   4677
0.,0.,0,0;                                                           471P   4678
126,1,1,0,0,1,0,0.,0.,45.7,45.7,1.,1.,71.78539213,22.85,0.,          473P   4679
71.78539213,-22.85,0.,0.,45.7,0.,0.,0.,0,0;                          473P   4680
126,1,1,0,0,1,0,0.,0.,143.5707843,143.5707843,1.,1.,71.78539213,     475P   4681
-22.85,0.,215.3561764,-22.85,0.,0.,143.5707843,0.,0.,0.,0,0;         475P   4682
126,1,1,0,0,1,0,-22.85,-22.85,22.85,22.85,1.,1.,215.3561764,         477P   4683
-22.85,0.,215.3561764,22.85,0.,-22.85,22.85,0.,0.,0.,0,0;            477P   4684
102,4,471,473,475,477;                                               479P   4685
126,20,5,0,0,1,0,0.,0.,0.,0.,0.,0.,1.,1.,1.,1.,1.,2.,2.,2.,2.,       481P   4686
2.,3.,3.,3.,3.,3.,4.,4.,4.,4.,4.,4.,1.,1.,1.,1.,1.,1.,1.,1.,1.,      481P   4687
1.,1.,1.,1.,1.,1.,1.,1.,1.,1.,1.,1.,5945.2,-3504.,965.6,             481P   4688
5945.200000000004,-3561.4283135999963,965.6000000000013,             481P   4689
5945.1999999999925,-3618.857537600011,954.3265072000003,             481P   4690
5945.200000000001,-3673.3307759999884,931.7625759999972,             481P   4691
5945.200000000006,-3721.910289267679,899.1261891545382,              481P   4692
5945.199999999999,-3762.5182393131367,858.5182390668627,             481P   4693
5945.199999999995,-3803.1261892454622,817.9102890923269,             481P   4694
5945.199999999992,-3835.762575999996,769.3307759199988,              481P   4695
5945.200000000023,-3858.326507200012,714.8566274400016,              481P   4696
5945.199999999986,-3869.5999999842857,657.428313799999,5945.2,       481P   4697
-3869.6000000000004,600.0000001600001,5945.200000000006,             481P   4698
-3869.6000000157037,542.5716863599995,5945.199999999984,             481P   4699
-3858.3265071999976,485.1433725600007,5945.200000000024,             481P   4700
-3835.7625760000055,430.66922408,5945.199999999988,                  481P   4701
-3803.1261891863596,382.08971081969815,5945.2,                       481P   4702
-3762.5182391660587,341.48176076605887,5945.199999999985,            481P   4703
-3721.9102891796924,300.87381074635965,5945.200000000029,            481P   4704
-3673.3307760000066,268.23742392000185,5945.199999999979,            481P   4705
-3618.857537599999,245.67349279999885,5945.200000000004,             481P   4706
-3561.428313599997,234.40000000000038,5945.2,-3504.,234.4,0.,4.,     481P   4707
0.,0.,0.,0,0;                                                        481P   4708
126,1,1,0,0,1,0,0.,0.,1.,1.,1.,1.,5945.2,-3504.,234.4,6310.8,        483P   4709
-3504.,234.4,0.,1.,0.,0.,0.,0,0;                                     483P   4710
126,20,5,0,0,1,0,0.,0.,0.,0.,0.,0.,1.,1.,1.,1.,1.,2.,2.,2.,2.,       485P   4711
2.,3.,3.,3.,3.,3.,4.,4.,4.,4.,4.,4.,1.,1.,1.,1.,1.,1.,1.,1.,1.,      485P   4712
1.,1.,1.,1.,1.,1.,1.,1.,1.,1.,1.,1.,6310.8,-3504.,234.4,             485P   4713
6310.80000000004,-3561.4283136000145,234.40000000000063,             485P   4714
6310.799999999926,-3618.8575375999744,245.67349279999866,            485P   4715
6310.800000000065,-3673.330776000024,268.2374239200015,              485P   4716
6310.799999999977,-3721.9102891796892,300.87381074636016,6310.8,     485P   4717
-3762.5182391660587,341.48176076605887,6310.800000000048,            485P   4718
-3803.126189186374,382.08971081970026,6310.799999999915,             485P   4719
-3835.7625759999705,430.6692240799952,6310.800000000072,             485P   4720
-3858.326507200028,485.1433725600051,6310.7999999999765,             485P   4721
-3869.6000000156932,542.5716863599976,6310.8,                        485P   4722
-3869.6000000000004,600.0000001600001,6310.799999999992,             485P   4723
-3869.599999984289,657.4283137999973,6310.800000000018,              485P   4724
-3858.326507200008,714.8566274400048,6310.799999999988,              485P   4725
-3835.762575999996,769.3307759199954,6310.800000000001,              485P   4726
-3803.1261892454636,817.9102890923286,6310.799999999999,             485P   4727
-3762.5182393131367,858.5182390668627,6310.799999999999,             485P   4728
-3721.910289267662,899.1261891545354,6310.800000000003,              485P   4729
-3673.3307760000184,931.762576000001,6310.799999999998,              485P   4730
-3618.857537599986,954.3265071999992,6310.8,-3561.4283136000045,     485P   4731
965.6000000000006,6310.8,-3504.,965.6,0.,4.,0.,0.,0.,0,0;            485P   4732
126,1,1,0,0,1,0,0.,0.,1.,1.,1.,1.,6310.8,-3504.,965.6,5945.2,        487P   4733
-3504.,965.6,0.,1.,0.,0.,0.,0,0;                                     487P   4734
102,4,481,483,485,487;                                               489P   4735
142,0,469,479,489,1,0,0;                                             491P   4736
406,1,3Hhub;                                                         493P   4737
144,469,1,0,491,0,1,493;                                             495P   4738
128,14,1,5,1,0,0,1,0,0,71.78539213,71.78539213,71.78539213,          497P   4739
71.78539213,71.78539213,71.78539213,107.6780882,107.6780882,         497P   4740
107.6780882,143.5707843,143.5707843,143.5707843,179.4634803,         497P   4741
179.4634803,179.4634803,215.3561764,215.3561764,215.3561764,         497P   4742
215.3561764,215.3561764,215.3561764,-22.85,-22.85,22.85,22.85,       497P   4743
1.,1.,1.,1.,1.,1.,1.,1.,1.,1.,1.,1.,1.,1.,1.,1.,1.,1.,1.,1.,1.,      497P   4744
1.,1.,1.,1.,1.,1.,1.,1.,1.,5945.2,-3504.,234.4,5945.2,               497P   4745
-3446.5716864,234.4,5945.2,-3389.1424624,245.6734928,5945.2,         497P   4746
-3334.669224,268.23742392,5945.2,-3237.5101976,333.5101976,          497P   4747
5945.2,-3172.237424,430.66922408,5945.2,-3149.6734928,               497P   4748
485.14337256,5945.2,-3127.1265072,600.,5945.2,-3149.6734928,         497P   4749
714.85662744,5945.2,-3172.237424,769.33077592,5945.2,                497P   4750
-3237.5101976,866.4898024,5945.2,-3334.669224,931.762576,5945.2,     497P   4751
-3389.1424624,954.3265072,5945.2,-3446.5716864,965.6,5945.2,         497P   4752
-3504.,965.6,6310.8,-3504.,234.4,6310.8,-3446.5716864,234.4,         497P   4753
6310.8,-3389.1424624,245.6734928,6310.8,-3334.669224,                497P   4754
268.23742392,6310.8,-3237.5101976,333.5101976,6310.8,                497P   4755
-3172.237424,430.66922408,6310.8,-3149.6734928,485.14337256,         497P   4756
6310.8,-3127.1265072,600.,6310.8,-3149.6734928,714.85662744,         497P   4757
6310.8,-3172.237424,769.33077592,6310.8,-3237.5101976,               497P   4758
866.4898024,6310.8,-3334.669224,931.762576,6310.8,-3389.1424624,     497P   4759
954.3265072,6310.8,-3446.5716864,965.6,6310.8,-3504.,965.6,          497P   4760
71.78539213,215.3561764,-22.85,22.85;                                497P   4761
126,1,1,0,0,1,0,-22.85,-22.85,22.85,22.85,1.,1.,71.78539213,         499P   4762
22.85,0.,71.78539213,-22.85,0.,-22.85,22.85,0.,0.,0.,0,0;            499P   4763
126,1,1,0,0,1,0,0.,0.,143.5707843,143.5707843,1.,1.,71.78539213,     501P   4764
-22.85,0.,215.3561764,-22.85,0.,0.,143.5707843,0.,0.,0.,0,0;         501P   4765
126,1,1,0,0,1,0,0.,0.,45.7,45.7,1.,1.,215.3561764,-22.85,0.,         503P   4766
215.3561764,22.85,0.,0.,45.7,0.,0.,0.,0,0;                           503P   4767
126,1,1,0,0,1,0,71.78539213000002,71.78539213000002,                 505P   4768
215.35617640000004,215.35617640000004,1.,1.,215.3561764,22.85,       505P   4769
0.,71.78539213,22.85,0.,71.78539213000002,215.35617640000004,0.,     505P   4770
0.,0.,0,0;                                                           505P   4771
102,4,499,501,503,505;                                               507P   4772
126,1,1,0,0,1,0,0.,0.,1.,1.,1.,1.,6310.8,-3504.,234.4,5945.2,        509P   4773
-3504.,234.4,0.,1.,0.,0.,0.,0,0;                                     509P   4774
126,20,5,0,0,1,0,0.,0.,0.,0.,0.,0.,1.,1.,1.,1.,1.,2.,2.,2.,2.,       511P   4775
2.,3.,3.,3.,3.,3.,4.,4.,4.,4.,4.,4.,1.,1.,1.,1.,1.,1.,1.,1.,1.,      511P   4776
1.,1.,1.,1.,1.,1.,1.,1.,1.,1.,1.,1.,5945.2,-3504.,234.4,             511P   4777
5945.200000000021,-3446.5716864000105,234.400000000001,              511P   4778
5945.199999999951,-3389.14246239998,245.67349279999766,              511P   4779
5945.200000000041,-3334.669224000017,268.2374239200025,              511P   4780
5945.199999999986,-3286.089710820298,300.87381074635965,5945.2,      511P   4781
-3245.481760833941,341.48176076605887,5945.200000000016,             511P   4782
-3204.8738108136504,382.0897108197009,5945.19999999997,              511P   4783
-3172.237423999979,430.6692240799945,5945.200000000034,              511P   4784
-3149.6734928000196,485.14337256000573,5945.199999999986,            511P   4785
-3138.399999984289,542.571686359997,5945.2,-3138.4,                  511P   4786
600.0000001600001,5945.200000000011,-3138.4000000157043,             511P   4787
657.4283137999983,5945.199999999984,-3149.6734928,                   511P   4788
714.8566274400017,5945.200000000006,-3172.2374239999976,             511P   4789
769.3307759199994,5945.199999999999,-3204.873810754539,              511P   4790
817.9102890923266,5945.199999999999,-3245.4817606868623,             511P   4791
858.5182390668627,5945.1999999999925,-3286.089710732321,             511P   4792
899.1261891545357,5945.20000000002,-3334.669224000012,               511P   4793
931.7625760000018,5945.199999999981,-3389.142462399991,              511P   4794
954.3265071999975,5945.200000000007,-3446.571686400003,              511P   4795
965.6000000000012,5945.2,-3504.,965.6,0.,4.,0.,0.,0.,0,0;            511P   4796
126,1,1,0,0,1,0,0.,0.,1.,1.,1.,1.,5945.2,-3504.,965.6,6310.8,        513P   4797
-3504.,965.6,0.,1.,0.,0.,0.,0,0;                                     513P   4798
126,20,5,0,0,1,0,0.,0.,0.,0.,0.,0.,1.,1.,1.,1.,1.,2.,2.,2.,2.,       515P   4799
2.,3.,3.,3.,3.,3.,4.,4.,4.,4.,4.,4.,1.,1.,1.,1.,1.,1.,1.,1.,1.,      515P   4800
1.,1.,1.,1.,1.,1.,1.,1.,1.,1.,1.,1.,6310.8,-3504.,965.6,             515P   4801
6310.799999999995,-3446.571686399997,965.6000000000014,              515P   4802
6310.8000000000075,-3389.142462400003,954.326507199998,              515P   4803
6310.800000000003,-3334.6692240000007,931.7625760000024,             515P   4804
6310.799999999996,-3286.089710732326,899.1261891545348,              515P   4805
6310.799999999999,-3245.4817606868623,858.5182390668627,             515P   4806
6310.800000000007,-3204.8738107545323,817.9102890923243,             515P   4807
6310.799999999991,-3172.237424000009,769.3307759200052,              515P   4808
6310.800000000012,-3149.6734927999923,714.8566274399958,             515P   4809
6310.799999999996,-3138.4000000157075,657.4283138000017,6310.8,      515P   4810
-3138.4,600.0000001600001,6310.8000000000275,                        515P   4811
-3138.3999999842918,542.5716863600004,6310.799999999949,             515P   4812
-3149.6734928000037,485.14337255999914,6310.800000000043,            515P   4813
-3172.237423999994,430.6692240800015,6310.799999999995,              515P   4814
-3204.8738108136463,382.0897108196976,6310.8,-3245.481760833941,     515P   4815
341.48176076605887,6310.800000000009,-3286.0897108203017,            515P   4816
300.8738107463612,6310.799999999985,-3334.669224000002,              515P   4817
268.2374239199992,6310.800000000019,-3389.1424624000006,             515P   4818
245.673492800001,6310.799999999993,-3446.5716864,                    515P   4819
234.3999999999998,6310.8,-3504.,234.4,0.,4.,0.,0.,0.,0,0;            515P   4820
102,4,509,511,513,515;                                               517P   4821
142,0,497,507,517,1,0,0;                                             519P   4822
406,1,3Hhub;                                                         521P   4823
144,497,1,0,519,0,1,521;                                             523P   4824
128,8,14,5,5,0,0,1,0,0,-250.8332971,-250.8332971,-250.8332971,       525P   4825
-250.8332971,-250.8332971,-250.8332971,-176.2754218,                 525P   4826
-176.2754218,-176.2754218,-101.7175464,-101.7175464,                 525P   4827
-101.7175464,-101.7175464,-101.7175464,-101.7175464,0.,0.,0.,0.,     525P   4828
0.,0.,21.31951507,21.31951507,21.31951507,42.63903014,               525P   4829
42.63903014,42.63903014,63.95854521,63.95854521,63.95854521,         525P   4830
85.27806028,85.27806028,85.27806028,85.27806028,85.27806028,         525P   4831
85.27806028,1.,1.,1.,1.,1.,1.,1.,1.,1.,1.,1.,1.,1.,1.,1.,1.,1.,      525P   4832
1.,1.,1.,1.,1.,1.,1.,1.,1.,1.,1.,1.,1.,1.,1.,1.,1.,1.,1.,1.,1.,      525P   4833
1.,1.,1.,1.,1.,1.,1.,1.,1.,1.,1.,1.,1.,1.,1.,1.,1.,1.,1.,1.,1.,      525P   4834
1.,1.,1.,1.,1.,1.,1.,1.,1.,1.,1.,1.,1.,1.,1.,1.,1.,1.,1.,1.,1.,      525P   4835
1.,1.,1.,1.,1.,1.,1.,1.,1.,1.,1.,1.,1.,1.,1.,1.,1.,1.,1.,1.,1.,      525P   4836
1.,1.,1.,1.,1.,1.,1.,1.,1.,1.,1.,1.,1.,1.,1.,1.,1.,1.,1.,1.,1.,      525P   4837
1.,1.,1.,1.,1.,1.,1.,1.,1.,1.,1.,1.,1.,5214.,-3504.,600.,5214.,      525P   4838
-3504.,651.6730788,5238.2927344,-3504.,706.368926,5286.9436808,      525P   4839
-3504.,760.5107448,5425.7829048,-3504.,859.708548,5624.1785104,      525P   4840
-3504.,929.12816,5732.462148,-3504.,953.4536328,5841.8538424,        525P   4841
-3504.,965.6,5945.2,-3504.,965.6,5214.,-3504.,600.,5214.,            525P   4842
-3512.116788,651.6730788,5238.2927344,-3520.708392,706.368926,       525P   4843
5286.9436808,-3529.2129688,760.5107448,5425.7829048,                 525P   4844
-3544.7949232,859.708548,5624.1785104,-3555.6993304,929.12816,       525P   4845
5732.462148,-3559.5203664,953.4536328,5841.8538424,                  525P   4846
-3561.4283136,965.6,5945.2,-3561.4283136,965.6,5214.,-3504.,         525P   4847
600.,5214.,-3520.2337048,650.07970872,5238.2927344,-3537.417048,     525P   4848
703.08897712,5286.9436808,-3554.4263368,755.5613008,                 525P   4849
5425.7829048,-3585.5904928,851.7002808,5624.1785104,-3607.39948,     525P   4850
918.9792976,5732.462148,-3615.0416128,942.55468,5841.8538424,        525P   4851
-3618.8575376,954.3265072,5945.2,-3618.8575376,954.3265072,          525P   4852
5214.,-3504.,600.,5214.,-3527.9328296,646.89057368,5238.2927344,     525P   4853
-3553.2656808,696.52414912,5286.9436808,-3578.341928,                525P   4854
745.65497312,5425.7829048,-3624.2862416,835.6717088,                 525P   4855
5624.1785104,-3656.4385304,898.6663184,5732.462148,                  525P   4856
-3667.7050816,920.7403928,5841.8538424,-3673.330776,931.762576,      525P   4857
5945.2,-3673.330776,931.762576,5214.,-3504.,600.,5214.,              525P   4858
-3541.6650672,637.66506712,5238.2927344,-3581.5334632,               525P   4859
677.53346304,5286.9436808,-3620.9980216,716.99802152,                525P   4860
5425.7829048,-3693.3043752,789.3043752,5624.1785104,                 525P   4861
-3743.9050824,839.9050824,5732.462148,-3761.6361832,857.6361832,     525P   4862
5841.8538424,-3770.4898024,866.4898024,5945.2,-3770.4898024,         525P   4863
866.4898024,5214.,-3504.,600.,5214.,-3550.8905736,623.93282968,      525P   4864
5238.2927344,-3600.5241488,649.26568048,5286.9436808,                525P   4865
-3649.6549728,674.34192824,5425.7829048,-3739.6717088,               525P   4866
720.28624152,5624.1785104,-3802.6663184,752.43853024,                525P   4867
5732.462148,-3824.7403928,763.70508168,5841.8538424,                 525P   4868
-3835.762576,769.33077592,5945.2,-3835.762576,769.33077592,          525P   4869
5214.,-3504.,600.,5214.,-3554.0797088,616.23357648,5238.2927344,     525P   4870
-3607.0889768,633.41678368,5286.9436808,-3659.5613008,               525P   4871
650.42593768,5425.7829048,-3755.7002808,681.58984656,                525P   4872
5624.1785104,-3822.9792976,703.39866088,5732.462148,-3846.55468,     525P   4873
711.04073352,5841.8538424,-3858.3265072,714.85662744,5945.2,         525P   4874
-3858.3265072,714.85662744,5214.,-3504.,600.,5214.,                  525P   4875
-3557.2664488,600.,5238.2927344,-3613.6488752,600.,5286.9436808,     525P   4876
-3669.4601888,600.,5425.7829048,-3771.7168152,600.,5624.1785104,     525P   4877
-3843.2770216,600.,5732.462148,-3868.3525848,600.,5841.8538424,      525P   4878
-3880.8734928,600.,5945.2,-3880.8734928,600.,5214.,-3504.,600.,      525P   4879
5214.,-3554.0797088,583.76642352,5238.2927344,-3607.0889768,         525P   4880
566.58321632,5286.9436808,-3659.5613008,549.57406232,                525P   4881
5425.7829048,-3755.7002808,518.41015344,5624.1785104,                525P   4882
-3822.9792976,496.60133912,5732.462148,-3846.55468,488.95926648,     525P   4883
5841.8538424,-3858.3265072,485.14337256,5945.2,-3858.3265072,        525P   4884
485.14337256,5214.,-3504.,600.,5214.,-3550.8905736,576.06717032,     525P   4885
5238.2927344,-3600.5241488,550.73431952,5286.9436808,                525P   4886
-3649.6549728,525.65807176,5425.7829048,-3739.6717088,               525P   4887
479.71375848,5624.1785104,-3802.6663184,447.56146976,                525P   4888
5732.462148,-3824.7403928,436.29491832,5841.8538424,                 525P   4889
-3835.762576,430.66922408,5945.2,-3835.762576,430.66922408,          525P   4890
5214.,-3504.,600.,5214.,-3541.6650672,562.33493288,5238.2927344,     525P   4891
-3581.5334632,522.46653696,5286.9436808,-3620.9980216,               525P   4892
483.00197848,5425.7829048,-3693.3043752,410.6956248,                 525P   4893
5624.1785104,-3743.9050824,360.09491728,5732.462148,                 525P   4894
-3761.6361832,342.36381648,5841.8538424,-3770.4898024,               525P   4895
333.5101976,5945.2,-3770.4898024,333.5101976,5214.,-3504.,600.,      525P   4896
5214.,-3527.9328296,553.10942632,5238.2927344,-3553.2656808,         525P   4897
503.47585088,5286.9436808,-3578.341928,454.34502688,                 525P   4898
5425.7829048,-3624.2862416,364.32829088,5624.1785104,                525P   4899
-3656.4385304,301.3336812,5732.462148,-3667.7050816,                 525P   4900
279.25960696,5841.8538424,-3673.330776,268.23742392,5945.2,          525P   4901
-3673.330776,268.23742392,5214.,-3504.,600.,5214.,-3520.2337048,     525P   4902
549.92029128,5238.2927344,-3537.417048,496.91102288,                 525P   4903
5286.9436808,-3554.4263368,444.4386992,5425.7829048,                 525P   4904
-3585.5904928,348.29971928,5624.1785104,-3607.39948,                 525P   4905
281.02070224,5732.462148,-3615.0416128,257.44531976,                 525P   4906
5841.8538424,-3618.8575376,245.6734928,5945.2,-3618.8575376,         525P   4907
245.6734928,5214.,-3504.,600.,5214.,-3512.116788,548.3269212,        525P   4908
5238.2927344,-3520.708392,493.631074,5286.9436808,-3529.2129688,     525P   4909
439.4892552,5425.7829048,-3544.7949232,340.29145224,                 525P   4910
5624.1785104,-3555.6993304,270.87184032,5732.462148,                 525P   4911
-3559.5203664,246.54636736,5841.8538424,-3561.4283136,234.4,         525P   4912
5945.2,-3561.4283136,234.4,5214.,-3504.,600.,5214.,-3504.,           525P   4913
548.3269212,5238.2927344,-3504.,493.631074,5286.9436808,-3504.,      525P   4914
439.4892552,5425.7829048,-3504.,340.29145224,5624.1785104,           525P   4915
-3504.,270.87184032,5732.462148,-3504.,246.54636736,                 525P   4916
5841.8538424,-3504.,234.4,5945.2,-3504.,234.4,-250.8332971,          525P   4917
-101.7175464,0.,85.27806028;                                         525P   4918
126,1,1,0,0,1,0,0.,0.,85.27806028,85.27806028,1.,1.,                 527P   4919
-101.7175464,0.,0.,-101.7175464,85.27806028,0.,0.,85.27806028,       527P   4920
0.,0.,0.,0,0;                                                        527P   4921
126,1,1,0,0,1,0,-250.83329710000004,-250.83329710000004,             529P   4922
-101.71754640000003,-101.71754640000003,1.,1.,-101.7175464,          529P   4923
85.27806028,0.,-250.8332971,85.27806028,0.,-250.83329710000004,      529P   4924
-101.71754640000003,0.,0.,0.,0,0;                                    529P   4925
126,1,1,0,0,1,0,0.,0.,149.1157508,149.1157508,1.,1.,                 531P   4926
-250.8332971,0.,0.,-101.7175464,0.,0.,0.,149.1157508,0.,0.,0.,0,     531P   4927
0;                                                                   531P   4928
102,3,527,529,531;                                                   533P   4929
126,20,5,0,0,1,0,0.,0.,0.,0.,0.,0.,1.,1.,1.,1.,1.,2.,2.,2.,2.,       535P   4930
2.,3.,3.,3.,3.,3.,4.,4.,4.,4.,4.,4.,1.,1.,1.,1.,1.,1.,1.,1.,1.,      535P   4931
1.,1.,1.,1.,1.,1.,1.,1.,1.,1.,1.,1.,5945.2,-3504.,965.6,             535P   4932
5945.199999999977,-3561.4283135999895,965.599999999997,              535P   4933
5945.200000000029,-3618.8575376000117,954.3265072000029,             535P   4934
5945.199999999979,-3673.3307759999925,931.7625759999984,             535P   4935
5945.200000000008,-3721.910289200003,899.1261892000008,5945.2,       535P   4936
-3762.5182391999997,858.5182391799999,5945.199999999995,             535P   4937
-3803.1261891999916,817.910289159999,5945.2000000000135,             535P   4938
-3835.7625760000165,769.3307759200015,5945.199999999986,             535P   4939
-3858.326507199984,714.8566274399984,5945.200000000004,              535P   4940
-3869.6000000000063,657.4283137200008,5945.200000000001,-3869.6,     535P   4941
600.,5945.199999999983,-3869.599999999994,542.5716862799977,         535P   4942
5945.200000000037,-3858.3265072000113,485.1433725600041,             535P   4943
5945.199999999964,-3835.762575999991,430.66922407999647,             535P   4944
5945.200000000013,-3803.1261892000016,382.0897108400012,             535P   4945
5945.200000000001,-3762.5182392,341.4817608000001,                   535P   4946
5945.199999999956,-3721.910289199979,300.8738107599981,              535P   4947
5945.200000000078,-3673.330776000039,268.23742392000315,             535P   4948
5945.199999999935,-3618.857537599964,245.67349279999726,             535P   4949
5945.20000000002,-3561.4283136000104,234.40000000000097,5945.2,      535P   4950
-3504.,234.4,0.,4.,0.,0.,0.,0,0;                                     535P   4951
126,48,4,0,0,1,0,0.,0.,0.,0.,0.,1.,1.,1.,1.,2.,2.,2.,2.,3.,3.,       537P   4952
3.,3.,4.,4.,4.,4.,5.,5.,5.,5.,6.,6.,6.,6.,7.,7.,7.,7.,8.,8.,8.,      537P   4953
8.,9.,9.,9.,9.,10.,10.,10.,10.,11.,11.,11.,11.,12.,12.,12.,12.,      537P   4954
12.,1.,1.,1.,1.,1.,1.,1.,1.,1.,1.,1.,1.,1.,1.,1.,1.,1.,1.,1.,1.,     537P   4955
1.,1.,1.,1.,1.,1.,1.,1.,1.,1.,1.,1.,1.,1.,1.,1.,1.,1.,1.,1.,1.,      537P   4956
1.,1.,1.,1.,1.,1.,1.,1.,5945.2,-3504.,234.4,5918.2869946145875,      537P   4957
-3504.,234.39998714309237,5890.936425762155,-3503.9999999999995,     537P   4958
235.2786727574006,5863.310840389284,-3503.9999999999995,             537P   4959
237.03660673583082,5835.577253214057,-3504.,239.6578756229597,       537P   4960
5807.84370840603,-3504.000000000008,242.27913486740815,              537P   4961
5780.0018244273615,-3503.9999999999945,245.76380580486372,           537P   4962
5752.218969056126,-3503.9999999999986,250.0958946242322,             537P   4963
5724.6610935113895,-3503.999999999999,255.24428342729573,            537P   4964
5705.370572906895,-3504.,258.8481573472209,5686.190228599846,        537P   4965
-3504.000000000003,262.85203278389,5667.176903143731,                537P   4966
-3503.9999999999973,267.2452542135142,5648.386025227082,-3504.,      537P   4967
272.01377920201065,5624.226341174553,-3504.000000000004,             537P   4968
278.14473623126116,5600.43420175936,-3503.999999999992,              537P   4969
284.8961327971553,5577.127580442105,-3504.000000000003,              537P   4970
292.2380855332317,5554.417266929863,-3504.0000000000005,             537P   4971
300.1322116360999,5539.276943499214,-3504.,305.39487719891235,       537P   4972
5524.402002605394,-3504.,310.9032797170531,5509.824241025896,        537P   4973
-3504.,316.64527995614134,5495.575455538216,-3504.,                  537P   4974
322.60873868179607,5481.326425953377,-3503.9999999999955,            537P   4975
328.5720305339501,5467.406440247851,-3504.000000000001,              537P   4976
334.75676544438227,5453.845098324682,-3504.000000000006,             537P   4977
341.1493023172071,5440.672000086922,-3504.,347.73600005653907,       537P   4978
5418.716633266042,-3503.9999999999945,358.713668086942,              537P   4979
5397.838203277037,-3504.000000000006,370.22998036167627,             537P   4980
5378.170001761595,-3503.9999999999986,382.2189259582391,             537P   4981
5359.822250638241,-3503.9999999999995,394.6059006721801,             537P   4982
5341.474518800305,-3504.0000000000023,406.99285420253295,            537P   4983
5324.447083785369,-3504.,419.7780055344,5308.850328223715,           537P   4984
-3503.9999999999964,432.8865739334267,5294.7688864920365,            537P   4985
-3503.9999999999995,446.2381275484656,5284.91187376429,              537P   4986
-3504.000000000003,455.5842189405846,5275.797335763655,              537P   4987
-3503.9999999999936,465.0494049973102,5267.454266250661,             537P   4988
-3504.0000000000055,474.6061369510456,5259.904988062568,             537P   4989
-3504.000000000001,484.2260460755726,5250.198780589806,              537P   4990
-3503.9999999999914,496.59449260124774,5241.804679224308,            537P   4991
-3504.0000000000086,509.0674622405382,5234.77020428364,              537P   4992
-3503.999999999997,521.5845774630889,5229.1231356947155,-3504.,      537P   4993
534.084880215191,5225.358190472536,-3503.9999999999986,              537P   4994
542.4184268068475,5222.21069546151,-3503.9999999999995,              537P   4995
550.7444906546375,5219.6867862850595,-3504.000000000001,             537P   4996
559.0451129253131,5217.7925985666025,-3503.9999999999995,            537P   4997
567.302334785627,5215.898182068562,-3503.999999999999,               537P   4998
575.5595636209805,5214.632625027334,-3504.0000000000045,             537P   4999
583.7734430413889,5213.999999710724,-3503.999999999997,              537P   5000
591.9260817552558,5214.,-3504.,600.,0.,12.,0.,0.,0.,0,0;             537P   5001
126,48,4,0,0,1,0,0.,0.,0.,0.,0.,1.,1.,1.,1.,2.,2.,2.,2.,3.,3.,       539P   5002
3.,3.,4.,4.,4.,4.,5.,5.,5.,5.,6.,6.,6.,6.,7.,7.,7.,7.,8.,8.,8.,      539P   5003
8.,9.,9.,9.,9.,10.,10.,10.,10.,11.,11.,11.,11.,12.,12.,12.,12.,      539P   5004
12.,1.,1.,1.,1.,1.,1.,1.,1.,1.,1.,1.,1.,1.,1.,1.,1.,1.,1.,1.,1.,     539P   5005
1.,1.,1.,1.,1.,1.,1.,1.,1.,1.,1.,1.,1.,1.,1.,1.,1.,1.,1.,1.,1.,      539P   5006
1.,1.,1.,1.,1.,1.,1.,1.,5214.,-3504.,600.,5213.999974286111,         539P   5007
-3504.000000000003,613.4565026927215,5215.757345491826,              539P   5008
-3503.9999999999955,627.1317871188925,5219.273213427161,             539P   5009
-3504.000000000003,640.9445798054073,5224.5157511871585,             539P   5010
-3503.9999999999995,654.81137339404,5229.758269661727,               539P   5011
-3503.999999999993,668.6781457990877,5236.727611530082,              539P   5012
-3504.000000000009,682.5990877903504,5245.391789175367,              539P   5013
-3503.9999999999945,696.4905154797278,5255.688566796286,             539P   5014
-3504.000000000001,710.2694532583862,5262.89631464649,               539P   5015
-3503.9999999999964,719.914713565037,5270.9040655343115,             539P   5016
-3504.0000000000064,729.5048857241878,5279.690508410551,             539P   5017
-3503.999999999998,739.0115484593379,5289.227558404437,              539P   5018
-3504.000000000001,748.4069874262153,5301.48947248462,               539P   5019
-3503.999999999987,760.4868294634846,5314.9922656382005,             539P   5020
-3504.000000000018,772.382899184471,5329.676171126338,               539P   5021
-3503.9999999999905,784.0362098589345,5345.464423338151,             539P   5022
-3504.0000000000005,795.3913666322168,5355.989754467895,             539P   5023
-3504.000000000002,802.9615283589637,5367.00655950371,               539P   5024
-3503.9999999999995,810.3989988179474,5378.490559976197,             539P   5025
-3503.9999999999977,817.6878796199281,5390.417477415956,             539P   5026
-3504.0000000000005,824.8122723756665,5402.344061108862,             539P   5027
-3503.9999999999986,831.9367871799461,5414.713530912355,             539P   5028
-3503.999999999999,838.8967800442483,5427.49860463539,               539P   5029
-3504.0000000000005,845.6774510162084,5440.672000086922,-3504.,      539P   5030
852.2640001434609,5462.627336161565,-3504.00000000001,               539P   5031
863.2416835973083,5485.659960719062,-3503.999999999987,              539P   5032
873.6808986263558,5509.637851916846,-3504.000000000004,              539P   5033
883.5149994030293,5534.4118013472535,-3503.9999999999995,            539P   5034
892.688874969763,5559.185708410501,-3504.000000000012,               539P   5035
901.8627408938237,5584.756011074634,-3503.9999999999886,             539P   5036
910.376458392211,5610.973147872315,-3504.000000000003,               539P   5037
918.1748361517475,5637.6762551016645,-3503.999999999999,             539P   5038
925.2155569897116,5656.368437885394,-3504.0000000000014,             539P   5039
930.1440633340655,5675.298809998208,-3504.000000000005,              539P   5040
934.7013323115755,5694.412273905006,-3503.9999999999927,             539P   5041
938.8728670438486,5713.652092153501,-3503.999999999999,              539P   5042
942.6475061141148,5738.388985204103,-3504.000000000001,              539P   5043
947.5006098199252,5763.334924482098,-3504.0000000000005,             539P   5044
951.6976604727345,5788.36915492679,-3503.9999999999995,              539P   5045
955.2148979177924,5813.369760430751,-3504.,958.0384321931584,        539P   5046
5830.036853613896,-3504.,959.9209047914549,5846.688981309382,        539P   5047
-3504.000000000001,961.4946522870731,5863.290225850686,              539P   5048
-3504.000000000001,962.7566068682102,5879.80466957128,               539P   5049
-3503.9999999999995,963.7037007230629,5896.3191742384215,            539P   5050
-3504.000000000001,964.6510308787194,5912.746810297369,-3504.,       539P   5051
965.283484879812,5929.052208600452,-3503.9999999999995,              539P   5052
965.6001216217643,5945.2,-3504.,965.6,0.,12.,0.,0.,0.,0,0;           539P   5053
102,3,535,537,539;                                                   541P   5054
142,0,525,533,541,1,0,0;                                             543P   5055
406,1,7Hspinner;                                                     545P   5056
144,525,1,0,543,0,1,545;                                             547P   5057
128,8,14,5,5,0,0,1,0,0,-250.8332971,-250.8332971,-250.8332971,       549P   5058
-250.8332971,-250.8332971,-250.8332971,-176.2754218,                 549P   5059
-176.2754218,-176.2754218,-101.7175464,-101.7175464,                 549P   5060
-101.7175464,-101.7175464,-101.7175464,-101.7175464,0.,0.,0.,0.,     549P   5061
0.,0.,21.31951507,21.31951507,21.31951507,42.63903014,               549P   5062
42.63903014,42.63903014,63.95854521,63.95854521,63.95854521,         549P   5063
85.27806028,85.27806028,85.27806028,85.27806028,85.27806028,         549P   5064
85.27806028,1.,1.,1.,1.,1.,1.,1.,1.,1.,1.,1.,1.,1.,1.,1.,1.,1.,      549P   5065
1.,1.,1.,1.,1.,1.,1.,1.,1.,1.,1.,1.,1.,1.,1.,1.,1.,1.,1.,1.,1.,      549P   5066
1.,1.,1.,1.,1.,1.,1.,1.,1.,1.,1.,1.,1.,1.,1.,1.,1.,1.,1.,1.,1.,      549P   5067
1.,1.,1.,1.,1.,1.,1.,1.,1.,1.,1.,1.,1.,1.,1.,1.,1.,1.,1.,1.,1.,      549P   5068
1.,1.,1.,1.,1.,1.,1.,1.,1.,1.,1.,1.,1.,1.,1.,1.,1.,1.,1.,1.,1.,      549P   5069
1.,1.,1.,1.,1.,1.,1.,1.,1.,1.,1.,1.,1.,1.,1.,1.,1.,1.,1.,1.,1.,      549P   5070
1.,1.,1.,1.,1.,1.,1.,1.,1.,1.,1.,1.,1.,5214.,-3504.,600.,5214.,      549P   5071
-3504.,651.6730788,5238.2927344,-3504.,706.368926,5286.9436808,      549P   5072
-3504.,760.5107448,5425.7829048,-3504.,859.708548,5624.1785104,      549P   5073
-3504.,929.12816,5732.462148,-3504.,953.4536328,5841.8538424,        549P   5074
-3504.,965.6,5945.2,-3504.,965.6,5214.,-3504.,600.,5214.,            549P   5075
-3495.883212,651.6730788,5238.2927344,-3487.291608,706.368926,       549P   5076
5286.9436808,-3478.7870312,760.5107448,5425.7829048,                 549P   5077
-3463.2050768,859.708548,5624.1785104,-3452.3006696,929.12816,       549P   5078
5732.462148,-3448.4796336,953.4536328,5841.8538424,                  549P   5079
-3446.5716864,965.6,5945.2,-3446.5716864,965.6,5214.,-3504.,         549P   5080
600.,5214.,-3487.7662952,650.07970872,5238.2927344,-3470.582952,     549P   5081
703.08897712,5286.9436808,-3453.5736632,755.5613008,                 549P   5082
5425.7829048,-3422.4095072,851.7002808,5624.1785104,-3400.60052,     549P   5083
918.9792976,5732.462148,-3392.9583872,942.55468,5841.8538424,        549P   5084
-3389.1424624,954.3265072,5945.2,-3389.1424624,954.3265072,          549P   5085
5214.,-3504.,600.,5214.,-3480.0671704,646.89057368,5238.2927344,     549P   5086
-3454.7343192,696.52414912,5286.9436808,-3429.658072,                549P   5087
745.65497312,5425.7829048,-3383.7137584,835.6717088,                 549P   5088
5624.1785104,-3351.5614696,898.6663184,5732.462148,                  549P   5089
-3340.2949184,920.7403928,5841.8538424,-3334.669224,931.762576,      549P   5090
5945.2,-3334.669224,931.762576,5214.,-3504.,600.,5214.,              549P   5091
-3466.3349328,637.66506712,5238.2927344,-3426.4665368,               549P   5092
677.53346304,5286.9436808,-3387.0019784,716.99802152,                549P   5093
5425.7829048,-3314.6956248,789.3043752,5624.1785104,                 549P   5094
-3264.0949176,839.9050824,5732.462148,-3246.3638168,857.6361832,     549P   5095
5841.8538424,-3237.5101976,866.4898024,5945.2,-3237.5101976,         549P   5096
866.4898024,5214.,-3504.,600.,5214.,-3457.1094264,623.93282968,      549P   5097
5238.2927344,-3407.4758512,649.26568048,5286.9436808,                549P   5098
-3358.3450272,674.34192824,5425.7829048,-3268.3282912,               549P   5099
720.28624152,5624.1785104,-3205.3336816,752.43853024,                549P   5100
5732.462148,-3183.2596072,763.70508168,5841.8538424,                 549P   5101
-3172.237424,769.33077592,5945.2,-3172.237424,769.33077592,          549P   5102
5214.,-3504.,600.,5214.,-3453.9202912,616.23357648,5238.2927344,     549P   5103
-3400.9110232,633.41678368,5286.9436808,-3348.4386992,               549P   5104
650.42593768,5425.7829048,-3252.2997192,681.58984656,                549P   5105
5624.1785104,-3185.0207024,703.39866088,5732.462148,-3161.44532,     549P   5106
711.04073352,5841.8538424,-3149.6734928,714.85662744,5945.2,         549P   5107
-3149.6734928,714.85662744,5214.,-3504.,600.,5214.,                  549P   5108
-3450.7335512,600.,5238.2927344,-3394.3511248,600.,5286.9436808,     549P   5109
-3338.5398112,600.,5425.7829048,-3236.2831848,600.,5624.1785104,     549P   5110
-3164.7229784,600.,5732.462148,-3139.6474152,600.,5841.8538424,      549P   5111
-3127.1265072,600.,5945.2,-3127.1265072,600.,5214.,-3504.,600.,      549P   5112
5214.,-3453.9202912,583.76642352,5238.2927344,-3400.9110232,         549P   5113
566.58321632,5286.9436808,-3348.4386992,549.57406232,                549P   5114
5425.7829048,-3252.2997192,518.41015344,5624.1785104,                549P   5115
-3185.0207024,496.60133912,5732.462148,-3161.44532,488.95926648,     549P   5116
5841.8538424,-3149.6734928,485.14337256,5945.2,-3149.6734928,        549P   5117
485.14337256,5214.,-3504.,600.,5214.,-3457.1094264,576.06717032,     549P   5118
5238.2927344,-3407.4758512,550.73431952,5286.9436808,                549P   5119
-3358.3450272,525.65807176,5425.7829048,-3268.3282912,               549P   5120
479.71375848,5624.1785104,-3205.3336816,447.56146976,                549P   5121
5732.462148,-3183.2596072,436.29491832,5841.8538424,                 549P   5122
-3172.237424,430.66922408,5945.2,-3172.237424,430.66922408,          549P   5123
5214.,-3504.,600.,5214.,-3466.3349328,562.33493288,5238.2927344,     549P   5124
-3426.4665368,522.46653696,5286.9436808,-3387.0019784,               549P   5125
483.00197848,5425.7829048,-3314.6956248,410.6956248,                 549P   5126
5624.1785104,-3264.0949176,360.09491728,5732.462148,                 549P   5127
-3246.3638168,342.36381648,5841.8538424,-3237.5101976,               549P   5128
333.5101976,5945.2,-3237.5101976,333.5101976,5214.,-3504.,600.,      549P   5129
5214.,-3480.0671704,553.10942632,5238.2927344,-3454.7343192,         549P   5130
503.47585088,5286.9436808,-3429.658072,454.34502688,                 549P   5131
5425.7829048,-3383.7137584,364.32829088,5624.1785104,                549P   5132
-3351.5614696,301.3336812,5732.462148,-3340.2949184,                 549P   5133
279.25960696,5841.8538424,-3334.669224,268.23742392,5945.2,          549P   5134
-3334.669224,268.23742392,5214.,-3504.,600.,5214.,-3487.7662952,     549P   5135
549.92029128,5238.2927344,-3470.582952,496.91102288,                 549P   5136
5286.9436808,-3453.5736632,444.4386992,5425.7829048,                 549P   5137
-3422.4095072,348.29971928,5624.1785104,-3400.60052,                 549P   5138
281.02070224,5732.462148,-3392.9583872,257.44531976,                 549P   5139
5841.8538424,-3389.1424624,245.6734928,5945.2,-3389.1424624,         549P   5140
245.6734928,5214.,-3504.,600.,5214.,-3495.883212,548.3269212,        549P   5141
5238.2927344,-3487.291608,493.631074,5286.9436808,-3478.7870312,     549P   5142
439.4892552,5425.7829048,-3463.2050768,340.29145224,                 549P   5143
5624.1785104,-3452.3006696,270.87184032,5732.462148,                 549P   5144
-3448.4796336,246.54636736,5841.8538424,-3446.5716864,234.4,         549P   5145
5945.2,-3446.5716864,234.4,5214.,-3504.,600.,5214.,-3504.,           549P   5146
548.3269212,5238.2927344,-3504.,493.631074,5286.9436808,-3504.,      549P   5147
439.4892552,5425.7829048,-3504.,340.29145224,5624.1785104,           549P   5148
-3504.,270.87184032,5732.462148,-3504.,246.54636736,                 549P   5149
5841.8538424,-3504.,234.4,5945.2,-3504.,234.4,-250.8332971,          549P   5150
-101.7175464,0.,85.27806028;                                         549P   5151
126,1,1,0,0,1,0,0.,0.,149.1157508,149.1157508,1.,1.,                 551P   5152
-101.7175464,85.27806028,0.,-250.8332971,85.27806028,0.,0.,          551P   5153
149.1157508,0.,0.,0.,0,0;                                            551P   5154
126,1,1,0,0,1,0,-250.8332971,-250.8332971,-101.7175464,              553P   5155
-101.7175464,1.,1.,-250.8332971,0.,0.,-101.7175464,0.,0.,            553P   5156
-250.8332971,-101.7175464,0.,0.,0.,0,0;                              553P   5157
126,1,1,0,0,1,0,0.,0.,85.27806028,85.27806028,1.,1.,                 555P   5158
-101.7175464,0.,0.,-101.7175464,85.27806028,0.,0.,85.27806028,       555P   5159
0.,0.,0.,0,0;                                                        555P   5160
102,3,551,553,555;                                                   557P   5161
126,48,4,0,0,1,0,0.,0.,0.,0.,0.,1.,1.,1.,1.,2.,2.,2.,2.,3.,3.,       559P   5162
3.,3.,4.,4.,4.,4.,5.,5.,5.,5.,6.,6.,6.,6.,7.,7.,7.,7.,8.,8.,8.,      559P   5163
8.,9.,9.,9.,9.,10.,10.,10.,10.,11.,11.,11.,11.,12.,12.,12.,12.,      559P   5164
12.,1.,1.,1.,1.,1.,1.,1.,1.,1.,1.,1.,1.,1.,1.,1.,1.,1.,1.,1.,1.,     559P   5165
1.,1.,1.,1.,1.,1.,1.,1.,1.,1.,1.,1.,1.,1.,1.,1.,1.,1.,1.,1.,1.,      559P   5166
1.,1.,1.,1.,1.,1.,1.,1.,5945.2,-3504.,234.4,5929.052208600452,       559P   5167
-3503.999999999998,234.39987837823415,5912.746810297369,             559P   5168
-3503.9999999999995,234.7165151243574,5896.3191742384215,            559P   5169
-3504.0000000000014,235.3489691329958,5879.804669571281,             559P   5170
-3503.9999999999995,236.29629929877535,5863.2902258506865,           559P   5171
-3504.000000000002,237.24339316375358,5846.68898130938,-3504.,       559P   5172
238.5053477575836,5830.036853613892,-3503.999999999998,              559P   5173
240.07909526767838,5813.369760430751,-3504.,241.9615678814509,       559P   5174
5788.369154926805,-3504.0000000000077,244.7851021800327,             559P   5175
5763.33492448207,-3503.9999999999864,248.30233965058812,             559P   5176
5738.388985204124,-3504.0000000000095,252.49939032857438,            559P   5177
5713.652092153502,-3503.999999999999,257.3524940572348,              559P   5178
5694.412273905019,-3504.0000000000045,261.1271331452731,             559P   5179
5675.298809998193,-3503.9999999999964,265.29866789392804,            559P   5180
5656.368437885398,-3504.000000000002,269.855936885486,               559P   5181
5637.6762551016645,-3503.999999999999,274.7844432409998,             559P   5182
5610.973147872311,-3504.000000000003,281.82516409490506,             559P   5183
5584.756011074641,-3503.9999999999886,289.62354186450483,            559P   5184
5559.185708410498,-3504.000000000012,298.1372593654206,              559P   5185
5534.4118013472535,-3503.9999999999995,307.3111252849752,            559P   5186
5509.637851916848,-3504.0000000000027,316.4850008472117,             559P   5187
5485.659960719065,-3503.9999999999945,326.3191016123977,             559P   5188
5462.6273361615595,-3504.0000000000027,336.7583166235348,            559P   5189
5440.672000086922,-3504.,347.73600005653907,5427.498604635393,       559P   5190
-3504.000000000001,354.32254917127364,5414.713530912354,-3504.,      559P   5191
361.1032201297397,5402.344061108857,-3503.999999999999,              559P   5192
368.06321298019043,5390.417477415956,-3504.0000000000005,            559P   5193
375.187727770879,5378.490559976198,-3503.9999999999977,              559P   5194
382.312120512995,5367.006559503709,-3504.,389.60100130160595,        559P   5195
5355.989754467892,-3504.000000000002,397.03847174781,                559P   5196
5345.4644233381505,-3503.9999999999995,404.6086334627053,            559P   5197
5329.67617112635,-3504.0000000000023,415.96379021818694,             559P   5198
5314.992265638175,-3503.9999999999923,427.6171008768416,             559P   5199
5301.489472484638,-3504.000000000005,439.5131705846968,              559P   5200
5289.227558404436,-3503.9999999999995,451.59301261132714,            559P   5201
5279.690508410555,-3504.0000000000014,460.98845156993156,            559P   5202
5270.904065534306,-3504.000000000003,470.49511429832546,             559P   5203
5262.896314646497,-3503.999999999999,480.0852864521559,              559P   5204
5255.688566796286,-3503.9999999999995,489.7305467546752,             559P   5205
5245.391789175379,-3504.,503.5094845274289,5236.727611530052,        559P   5206
-3504.0000000000005,517.4009122133438,5229.758269661766,             559P   5207
-3504.000000000002,531.3218542028264,5224.515751187159,              559P   5208
-3503.999999999999,545.1886266069334,5219.27321342716,               559P   5209
-3504.0000000000014,559.0554201946308,5215.757345491836,             559P   5210
-3504.000000000006,572.8682128810912,5213.999974286098,              559P   5211
-3503.9999999999955,586.5434973072853,5214.,-3504.,600.,0.,12.,      559P   5212
0.,0.,0.,0,0;                                                        559P   5213
126,48,4,0,0,1,0,0.,0.,0.,0.,0.,1.,1.,1.,1.,2.,2.,2.,2.,3.,3.,       561P   5214
3.,3.,4.,4.,4.,4.,5.,5.,5.,5.,6.,6.,6.,6.,7.,7.,7.,7.,8.,8.,8.,      561P   5215
8.,9.,9.,9.,9.,10.,10.,10.,10.,11.,11.,11.,11.,12.,12.,12.,12.,      561P   5216
12.,1.,1.,1.,1.,1.,1.,1.,1.,1.,1.,1.,1.,1.,1.,1.,1.,1.,1.,1.,1.,     561P   5217
1.,1.,1.,1.,1.,1.,1.,1.,1.,1.,1.,1.,1.,1.,1.,1.,1.,1.,1.,1.,1.,      561P   5218
1.,1.,1.,1.,1.,1.,1.,1.,5214.,-3504.,600.,5213.999999710734,         561P   5219
-3504.000000000005,608.0739182447471,5214.632625027322,              561P   5220
-3503.999999999993,616.2265569586044,5215.89818206856,               561P   5221
-3504.0000000000073,624.4404363790286,5217.7925985666025,            561P   5222
-3503.9999999999995,632.6976652145074,5219.6867862850595,            561P   5223
-3503.999999999999,640.9548870749552,5222.21069546151,               561P   5224
-3504.000000000001,649.2555093458791,5225.358190472534,              561P   5225
-3504.000000000002,657.581573194181,5229.1231356947155,-3504.,       561P   5226
665.9151197867621,5234.7702042836445,-3503.999999999997,             561P   5227
678.4154225402575,5241.8046792242985,-3504.000000000006,             561P   5228
690.9325377651434,5250.198780589812,-3503.9999999999945,             561P   5229
703.4055074083341,5259.904988062568,-3504.000000000001,              561P   5230
715.773953939998,5267.454266250657,-3504.000000000003,               561P   5231
725.3938630691822,5275.7973357636565,-3503.9999999999973,            561P   5232
734.9505950288245,5284.911873764291,-3504.0000000000036,             561P   5233
744.4157810929458,5294.7688864920365,-3503.9999999999995,            561P   5234
753.7618724939902,5308.850328223721,-3503.9999999999977,             561P   5235
767.1134261217818,5324.447083785359,-3504.0000000000045,             561P   5236
780.221994536664,5341.474518800311,-3503.9999999999955,              561P   5237
793.0071458876498,5359.822250638242,-3504.0000000000005,             561P   5238
805.3940994391127,5378.170001761599,-3503.9999999999995,             561P   5239
817.7810741741608,5397.838203277014,-3503.9999999999977,             561P   5240
829.7700197937788,5418.716633266065,-3504.000000000003,              561P   5241
841.2863320922186,5440.672000086922,-3504.,852.2640001434609,        561P   5242
5453.845098324682,-3504.0000000000055,858.8506978953169,             561P   5243
5467.406440247851,-3504.000000000001,865.2432347795377,              561P   5244
5481.326425953377,-3503.9999999999964,871.4279696996689,             561P   5245
5495.575455538216,-3503.9999999999995,877.3912615592561,             561P   5246
5509.824241025895,-3504.,883.3547202923864,5524.402002605393,        561P   5247
-3504.,889.0967205366916,5539.276943499214,-3504.,                   561P   5248
894.6051230576003,5554.417266929864,-3504.,899.8677886205409,        561P   5249
5577.127580442097,-3503.999999999998,907.7619147236305,              561P   5250
5600.434201759377,-3504.0000000000055,915.1038674541315,             561P   5251
5624.226341174539,-3503.9999999999964,921.8552640086181,             561P   5252
5648.386025227082,-3504.,927.9862210219763,5667.176903143746,        561P   5253
-3504.0000000000045,932.7547459981117,5686.190228599834,             561P   5254
-3503.999999999996,937.1479674126471,5705.370572906895,              561P   5255
-3504.000000000001,941.1518428321283,5724.66109351139,               561P   5256
-3503.9999999999995,944.7557167337366,5752.218969056128,             561P   5257
-3504.0000000000023,949.9041055106355,5780.001824427358,             561P   5258
-3503.999999999988,954.236194301514,5807.8437084060315,              561P   5259
-3504.0000000000095,957.7208652110354,5835.577253214056,-3504.,      561P   5260
960.3421244317974,5863.310840389287,-3504.0000000000027,             561P   5261
962.9633932952379,5890.936425762152,-3503.9999999999936,             561P   5262
964.7213272541886,5918.286994614593,-3504.0000000000055,             561P   5263
965.600012856902,5945.2,-3504.,965.6,0.,12.,0.,0.,0.,0,0;            561P   5264
126,20,5,0,0,1,0,0.,0.,0.,0.,0.,0.,1.,1.,1.,1.,1.,2.,2.,2.,2.,       563P   5265
2.,3.,3.,3.,3.,3.,4.,4.,4.,4.,4.,4.,1.,1.,1.,1.,1.,1.,1.,1.,1.,      563P   5266
1.,1.,1.,1.,1.,1.,1.,1.,1.,1.,1.,1.,5945.2,-3504.,965.6,             563P   5267
5945.200000000031,-3446.5716864000156,965.6000000000051,             563P   5268
5945.199999999941,-3389.1424623999665,954.3265071999909,             563P   5269
5945.200000000056,-3334.6692240000393,931.7625760000086,             563P   5270
5945.199999999973,-3286.0897107999776,899.1261891999955,5945.2,      563P   5271
-3245.4817608000003,858.5182391799999,5945.200000000002,             563P   5272
-3204.873810800006,817.9102891600018,5945.199999999985,              563P   5273
-3172.237423999981,769.330775919994,5945.2000000000235,              563P   5274
-3149.673492800024,714.8566274400071,5945.199999999988,              563P   5275
-3138.3999999999864,657.4283137199966,5945.199999999999,-3138.4,     563P   5276
600.,5945.2000000000035,-3138.3999999999965,542.5716862800006,       563P   5277
5945.199999999987,-3149.6734928000046,485.14337255999834,            563P   5278
5945.200000000014,-3172.2374239999936,430.6692240800018,             563P   5279
5945.199999999992,-3204.8738108000052,382.0897108399989,             563P   5280
5945.200000000001,-3245.4817608000003,341.4817608000001,             563P   5281
5945.199999999977,-3286.0897107999904,300.873810759999,              563P   5282
5945.200000000044,-3334.6692240000225,268.23742392000213,            563P   5283
5945.199999999964,-3389.142462399981,245.6734927999976,              563P   5284
5945.200000000014,-3446.5716864000087,234.40000000000123,5945.2,     563P   5285
-3504.,234.4,0.,4.,0.,0.,0.,0,0;                                     563P   5286
102,3,559,561,563;                                                   565P   5287
142,0,549,557,565,1,0,0;                                             567P   5288
406,1,7Hspinner;                                                     569P   5289
144,549,1,0,567,0,1,569;                                             571P   5290
128,14,5,5,5,0,0,0,0,0,0.,0.,0.,0.,0.,0.,36.35657736,                573P   5291
36.35657736,36.35657736,59.49258113,59.49258113,59.49258113,         573P   5292
84.29008459,84.29008459,84.29008459,118.9549531,118.9549531,         573P   5293
118.9549531,118.9549531,118.9549531,118.9549531,0.,0.,0.,0.,0.,      573P   5294
0.,102.3132198,102.3132198,102.3132198,102.3132198,102.3132198,      573P   5295
102.3132198,1.,1.,1.,1.,1.,1.,1.,1.,1.,1.,1.,1.,1.,1.,1.,            573P   5296
0.9391036258,0.9518866968,0.9651320226,0.9787335229,1.001068241,     573P   5297
1.021554087,1.029058452,1.043153742,1.053847142,1.058340115,         573P   5298
1.066919299,1.07102799,1.072322273,1.072871561,1.072871561,          573P   5299
0.9109731689,0.9291747221,0.9482897958,0.968202854,1.001424695,      573P   5300
1.032563457,1.044069251,1.065832983,1.082558144,1.089624231,         573P   5301
1.103157663,1.109694154,1.111752297,1.112626257,1.112626257,         573P   5302
0.9109731689,0.9291747221,0.9482897958,0.968202854,1.001424695,      573P   5303
1.032563457,1.044069251,1.065832983,1.082558144,1.089624231,         573P   5304
1.103157663,1.109694154,1.111752297,1.112626257,1.112626257,         573P   5305
0.9391036258,0.9518866968,0.9651320226,0.9787335229,1.001068241,     573P   5306
1.021554087,1.029058452,1.043153742,1.053847142,1.058340115,         573P   5307
1.066919299,1.07102799,1.072322273,1.072871561,1.072871561,1.,       573P   5308
1.,1.,1.,1.,1.,1.,1.,1.,1.,1.,1.,1.,1.,1.,6310.8,-3504.,965.6,       573P   5309
6368.970524,-3504.,986.7723392,6427.1410472,-3504.,1006.4256968,     573P   5310
6485.3115712,-3504.,1024.5561552,6580.4997008,-3504.,                573P   5311
1051.7256968,6675.6878312,-3504.,1074.7961808,6712.7054368,          573P   5312
-3504.,1083.1470928,6789.3990488,-3504.,1099.1600256,6866.09266,     573P   5313
-3504.,1112.4987704,6905.6972416,-3504.,1118.6717376,                573P   5314
7000.8370368,-3504.,1131.779648,7095.976832,-3504.,1140.75028,       573P   5315
7151.7537128,-3504.,1144.5886752,7207.2175088,-3504.,                573P   5316
1146.9892272,7262.6812984,-3504.,1147.9731128,6310.8,                573P   5317
-3623.1851968,965.6,6368.1893408,-3636.1798608,986.488012,           573P   5318
6425.92964,-3649.5457016,1006.0257392,6484.0742208,                  573P   5319
-3663.0827328,1024.193932,6579.2114616,-3684.8075784,                573P   5320
1051.3960072,6675.2598672,-3704.682664,1074.6949664,6712.324084,     573P   5321
-3711.9281352,1083.0659184,6788.8242352,-3725.7139008,               573P   5322
1099.04856,6865.797388,-3736.9190784,1112.4498792,6905.4814784,      573P   5323
-3741.9095584,1118.6412488,7000.4405328,-3752.0514336,               573P   5324
1131.729868,7095.8301128,-3758.2726136,1140.7409,7151.6969,          573P   5325
-3760.7129864,1144.586932,7207.2175088,-3762.1127024,                573P   5326
1146.9892264,7262.6812984,-3762.5769768,1147.9731128,6310.8,         573P   5327
-3735.7022888,918.5813768,6367.8310248,-3754.5482376,939.185,        573P   5328
6425.3541784,-3773.2347168,958.92288,6483.458536,-3791.5561752,      573P   5329
977.6859056,6578.5559056,-3820.0811768,1006.1753856,                 573P   5330
6675.0422848,-3845.474224,1030.9566008,6712.1259608,                 573P   5331
-3854.6159712,1039.8350616,6788.52588,-3871.9398248,                 573P   5332
1056.6909568,6865.6417,-3886.145624,1070.6850664,6905.366828,        573P   5333
-3892.5380448,1077.0693704,7000.2310416,-3905.6747184,               573P   5334
1090.376864,7095.750572,-3914.1143728,1099.2660232,7151.6664968,     573P   5335
-3917.5394528,1102.9642472,7207.2175088,-3919.5777344,               573P   5336
1105.2012552,7262.6812984,-3920.3252464,1106.0310496,6310.8,         573P   5337
-3822.5813768,831.7022888,6367.8310248,-3843.185,850.5482376,        573P   5338
6425.3541784,-3862.9290712,869.2170856,6483.458536,                  573P   5339
-3881.7035896,887.5048096,6578.5559056,-3910.218932,915.9516768,     573P   5340
6675.0422848,-3935.0373616,941.2284064,6712.1259608,                 573P   5341
-3943.931684,950.3200584,6788.52588,-3960.8237816,967.5286088,       573P   5342
6865.6417,-3974.8629136,981.5895352,6905.366828,-3981.273008,        573P   5343
987.8987552,7000.2310416,-3994.6494376,1000.8129768,7095.750572,     573P   5344
-4003.6280392,1008.9647688,7151.6664968,-4007.3867568,               573P   5345
1012.1957704,7207.2175088,-4009.693152,1014.0124264,                 573P   5346
7262.6812984,-4010.6027584,1014.505964,6310.8,-3869.6,               573P   5347
719.18519648,6368.1893408,-3890.488012,732.17986088,6425.92964,      573P   5348
-3910.0257552,745.51285144,6484.0742208,-3928.1939056,               573P   5349
758.98446912,6579.2114616,-3955.3959912,780.55078952,                573P   5350
6675.2598672,-3978.6950224,800.1781024,6712.324084,                  573P   5351
-3987.0660104,807.3146432,6788.8242352,-4003.0487248,                573P   5352
820.8459872,6865.797388,-4016.4500856,831.7276544,6905.4814784,      573P   5353
-4022.6414592,836.5315384,7000.4405328,-4035.73004,846.1737544,      573P   5354
7095.8301128,-4044.7409656,851.7525312,7151.6969,-4048.586928,       573P   5355
853.7617752,7207.2175088,-4050.9892232,854.6717496,7262.6812984,     573P   5356
-4051.973112,854.5777216,6310.8,-3869.6,600.,6368.970524,            573P   5357
-3890.7723392,600.,6427.1410472,-3910.425712,599.94990864,           573P   5358
6485.3115712,-3928.5561256,599.84514208,6580.4997008,                573P   5359
-3955.7255928,599.57547048,6675.6878312,-3978.7959984,               573P   5360
599.12761064,6712.7054368,-3987.1468832,598.92481528,                573P   5361
6789.3990488,-4003.1597752,598.44147408,6866.09266,                  573P   5362
-4016.4985208,597.81812864,6905.6972416,-4022.6715008,               573P   5363
597.45625752,7000.8370368,-4035.7794696,596.48388864,                573P   5364
7095.976832,-4044.7501952,595.24486328,7151.7537128,                 573P   5365
-4048.5886448,594.41783608,7207.2175088,-4050.9892192,               573P   5366
593.4845392,7262.6812984,-4051.9731104,592.42738872,0.,              573P   5367
118.9549531,0.,102.3132198;                                          573P   5368
126,1,1,0,0,1,0,0.,0.,102.3132198,102.3132198,1.,1.,0.,              575P   5369
102.31321980000001,0.,0.,0.,0.,0.,102.3132198,0.,0.,0.,0,0;          575P   5370
126,1,1,0,0,1,0,-59.47747654,-59.47747654,59.47747654,               577P   5371
59.47747654,1.,1.,0.,0.,0.,118.9549531,0.,0.,-59.47747654,           577P   5372
59.47747654,0.,0.,0.,0,0;                                            577P   5373
126,1,1,0,0,1,0,0.,0.,102.3132198,102.3132198,1.,1.,118.9549531,     579P   5374
0.,0.,118.9549531,102.31321980000001,0.,0.,102.3132198,0.,0.,0.,     579P   5375
0,0;                                                                 579P   5376
126,1,1,0,0,1,0,0.,0.,118.9549531,118.9549531,1.,1.,118.9549531,     581P   5377
102.31321980000001,0.,0.,102.31321980000001,0.,0.,118.9549531,       581P   5378
0.,0.,0.,0,0;                                                        581P   5379
102,4,575,577,579,581;                                               583P   5380
126,30,5,0,0,1,0,0.,0.,0.,0.,0.,0.,1.,1.,1.,1.,1.,2.,2.,2.,2.,       585P   5381
2.,3.,3.,3.,3.,3.,4.,4.,4.,4.,4.,5.,5.,5.,5.,5.,6.,6.,6.,6.,6.,      585P   5382
6.,1.,1.,1.,1.,1.,1.,1.,1.,1.,1.,1.,1.,1.,1.,1.,1.,1.,1.,1.,1.,      585P   5383
1.,1.,1.,1.,1.,1.,1.,1.,1.,1.,1.,6310.8,-3869.6,600.,                585P   5384
6310.800000000004,-3869.599983161771,623.3181871238689,              585P   5385
6310.800000000002,-3867.7410034794616,646.8212112743156,             585P   5386
6310.799999999989,-3863.963709950738,670.2899248295997,              585P   5387
6310.800000000004,-3858.254643945337,693.4831699185967,              585P   5388
6310.800000000001,-3850.654930059773,716.1624700385372,              585P   5389
6310.7999999999965,-3843.0552703309622,738.841404837762,             585P   5390
6310.800000000001,-3833.5645356163764,761.0082205878475,             585P   5391
6310.800000000001,-3822.224290047596,782.4192064106924,              585P   5392
6310.799999999999,-3809.1276005058144,802.8471601685786,             585P   5393
6310.800000000001,-3794.4190366218413,822.0813884641728,             585P   5394
6310.800000000001,-3783.632670929669,836.1868824649829,              585P   5395
6310.800000000001,-3771.97883409319,849.6519837864145,               585P   5396
6310.800000000001,-3759.5144342184167,862.3952106332827,             585P   5397
6310.800000000003,-3746.307954081668,874.346033624549,               585P   5398
6310.799999999998,-3732.4394511295704,885.4448757933216,             585P   5399
6310.800000000008,-3714.7890986269394,899.5705963580817,             585P   5400
6310.799999999997,-3696.0636695954627,912.3176348185982,             585P   5401
6310.799999999995,-3676.4308866812407,923.5633269993184,             585P   5402
6310.800000000003,-3656.0726441546426,933.2236769725795,             585P   5403
6310.799999999998,-3635.185007910304,941.2533570586094,              585P   5404
6310.799999999999,-3623.2491079768406,945.8417799852903,             585P   5405
6310.800000000003,-3611.1398994121087,949.8978151498983,             585P   5406
6310.800000000002,-3598.8935770925236,953.4131654864393,             585P   5407
6310.7999999999965,-3586.5463164149655,956.3837890744935,6310.8,     585P   5408
-3574.134273296779,958.8098991392158,6310.799999999996,              585P   5409
-3560.1707529925543,961.5392937043282,6310.799999999999,             585P   5410
-3546.124942334558,963.5794353168139,6310.799999999999,              585P   5411
-3532.048434792258,964.9307721722757,6310.799999999997,              585P   5412
-3517.990883248599,965.5999875874088,6310.8,-3504.,965.6,0.,6.,      585P   5413
0.,0.,0.,0,0;                                                        585P   5414
126,20,5,0,0,1,0,0.,0.,0.,0.,0.,0.,1.,1.,1.,1.,1.,2.,2.,2.,2.,       587P   5415
2.,3.,3.,3.,3.,3.,4.,4.,4.,4.,4.,4.,1.,1.,1.,1.,1.,1.,1.,1.,1.,      587P   5416
1.,1.,1.,1.,1.,1.,1.,1.,1.,1.,1.,1.,6310.8,-3504.,965.6,             587P   5417
6368.970523793272,-3504.000000000001,986.7723329713358,              587P   5418
6427.141047456201,-3504.,1006.4257017389529,6485.311571102147,       587P   5419
-3503.999999999998,1024.5561592028605,6543.482094844475,             587P   5420
-3503.9999999999977,1041.1597582630689,6601.652618796544,-3504.,     587P   5421
1056.2325518195873,6638.670225026606,-3504.0000000000014,            587P   5422
1065.8243249437196,6675.687831039702,-3504.000000000001,             587P   5423
1074.7961815021054,6712.705436967579,-3503.9999999999995,            587P   5424
1083.1470935869677,6749.723042941981,-3503.999999999999,             587P   5425
1090.8760332905288,6786.7406490946505,-3504.0000000000005,           587P   5426
1097.981972705011,6826.416654654378,-3503.999999999999,              587P   5427
1105.5982202536702,6866.09266,-3503.999999999999,                    587P   5428
1112.4987703999982,6905.697241600004,-3504.0000000000077,            587P   5429
1118.6717376000036,6945.373247156019,-3503.999999999998,             587P   5430
1124.1381097397,6985.049252712034,-3504.,1128.8849563524723,         587P   5431
7040.5130423560095,-3503.999999999999,1135.520657157363,             587P   5432
7095.97683200003,-3503.9999999999995,1140.7502800000038,             587P   5433
7151.753712799969,-3504.0000000000005,1144.5886751999963,            587P   5434
7207.217508800013,-3504.0000000000005,1146.9892272000016,            587P   5435
7262.6812984,-3504.,1147.9731128,0.,4.,0.,0.,0.,0,0;                 587P   5436
126,64,4,0,0,1,0,0.,0.,0.,0.,0.,1.,1.,1.,1.,2.,2.,2.,2.,3.,3.,       589P   5437
3.,3.,4.,4.,4.,4.,5.,5.,5.,5.,6.,6.,6.,6.,7.,7.,7.,7.,8.,8.,8.,      589P   5438
8.,9.,9.,9.,9.,10.,10.,10.,10.,11.,11.,11.,11.,12.,12.,12.,12.,      589P   5439
13.,13.,13.,13.,14.,14.,14.,14.,15.,15.,15.,15.,16.,16.,16.,16.,     589P   5440
16.,1.,1.,1.,1.,1.,1.,1.,1.,1.,1.,1.,1.,1.,1.,1.,1.,1.,1.,1.,1.,     589P   5441
1.,1.,1.,1.,1.,1.,1.,1.,1.,1.,1.,1.,1.,1.,1.,1.,1.,1.,1.,1.,1.,      589P   5442
1.,1.,1.,1.,1.,1.,1.,1.,1.,1.,1.,1.,1.,1.,1.,1.,1.,1.,1.,1.,1.,      589P   5443
1.,1.,1.,7262.6812984,-3504.,1147.9731128,7262.681298399994,         589P   5444
-3523.265010745523,1147.9730447093536,7262.681298399999,             589P   5445
-3541.799863746898,1147.7332264170936,7262.681298400005,             589P   5446
-3559.6459761945357,1147.256476983162,7262.681298400002,             589P   5447
-3576.8447652788436,1146.5456154674991,7262.681298400006,            589P   5448
-3594.042885994416,1145.834570406977,7262.681298399997,              589P   5449
-3610.593157320721,1144.8892910702768,7262.681298399991,             589P   5450
-3626.5310043451364,1143.710933550396,7262.681298399999,             589P   5451
-3641.8918521550377,1142.3006539403323,7262.681298399998,            589P   5452
-3653.4121191432305,1141.2428331110686,7262.681298399999,            589P   5453
-3664.60742703262,1140.0544455357037,7262.681298400001,              589P   5454
-3675.4907680695123,1138.7353800305639,7262.6812984,                 589P   5455
-3686.0751345002154,1137.2855254119756,7262.6812984000035,           589P   5456
-3700.187349613551,1135.3522915592907,7262.681298400001,             589P   5457
-3713.7682459812754,1133.186626564855,7262.681298399997,             589P   5458
-3726.8448913815973,1130.786991392094,7262.681298399998,             589P   5459
-3739.444353592725,1128.1518470044339,7262.681298399982,             589P   5460
-3755.1933086891777,1124.8577856732766,7262.6812984000235,           589P   5461
-3770.1952500082307,1121.1951930000816,7262.6812983999935,           589P   5462
-3784.498680543696,1117.159520779669,7262.681298399999,              589P   5463
-3798.143731219217,1112.742581049533,7262.681298399985,              589P   5464
-3811.788773723806,1108.3256428799934,7262.681298400015,             589P   5465
-3824.7755117875668,1103.5274289005126,7262.681298399995,            589P   5466
-3837.1440212048287,1098.3397692370218,7262.6812984,                 589P   5467
-3848.9273717480132,1092.750730792097,7262.6812983999935,            589P   5468
-3865.4240554551516,1084.9260801600385,7262.68129840001,             589P   5469
-3880.773951841266,1076.314690614151,7262.681298399998,              589P   5470
-3895.067616307364,1066.8839214014224,7262.6812984,                  589P   5471
-3908.3730360976397,1056.5855596289493,7262.681298399996,            589P   5472
-3923.579237877293,1044.816015893357,7262.68129840001,               589P   5473
-3937.4950526716116,1031.9130453849436,7262.681298399989,            589P   5474
-3950.2221435005295,1017.8049235646657,7262.681298399999,            589P   5475
-3961.831257228963,1002.3885824993616,7262.681298399996,             589P   5476
-3974.8914959832355,985.0452914890184,7262.681298400009,             589P   5477
-3986.537207562082,966.0454745769122,7262.681298399991,              589P   5478
-3996.869175236973,945.2435108836032,7262.681298400001,              589P   5479
-4005.9468770779126,922.4292382116815,7262.681298399995,             589P   5480
-4009.477056551481,913.5569059486755,7262.681298399999,              589P   5481
-4012.8177413308454,904.3805391755664,7262.681298400003,             589P   5482
-4015.972016227102,894.8867936613022,7262.681298400001,              589P   5483
-4018.942966051345,885.0623251748317,7262.681298399997,              589P   5484
-4021.065034387298,878.0447658448177,7262.6812984,                   589P   5485
-4023.093514393553,870.8583617652955,7262.681298400002,              589P   5486
-4025.0292697295063,863.4976833008014,7262.681298399999,             589P   5487
-4026.8731640545566,855.9573008158712,7262.681298399997,             589P   5488
-4029.085789923033,846.908725644003,7262.681298400001,               589P   5489
-4031.1661485219283,837.6014250156359,7262.681298400003,             589P   5490
-4033.1152871478066,828.0249271818379,7262.681298399999,             589P   5491
-4034.9342530972294,818.1687603936776,7262.681298399998,             589P   5492
-4036.753167330617,808.3124523487434,7262.681298400001,              589P   5493
-4038.4419094623663,798.1764971712871,7262.681298400002,             589P   5494
-4040.00106158771,787.7491526226082,7262.6812984,                    589P   5495
-4041.431205801881,777.018676464006,7262.681298399998,               589P   5496
-4043.0996092019996,764.499484178061,7262.681298399999,              589P   5497
-4044.5925022527217,751.5679917395937,7262.681298399999,             589P   5498
-4045.9099638687203,738.2029779353829,7262.681298400001,             589P   5499
-4047.0520729646705,724.383221552207,7262.681298399995,              589P   5500
-4048.194074743573,710.5630984836439,7262.681298399999,              589P   5501
-4049.160795174195,696.2885183362185,7262.6812984000035,             589P   5502
-4049.9514041626608,681.5351890558521,7262.681298399999,             589P   5503
-4050.565071615094,666.2788185884659,7262.6812984,                   589P   5504
-4051.2662964187894,648.8425591458627,7262.681298400001,             589P   5505
-4051.736494045726,630.749620004852,7262.681298400001,               589P   5506
-4051.972990153573,611.9584226885318,7262.6812984,-4051.9731104,     589P   5507
592.42738872,0.,16.,0.,0.,0.,0,0;                                    589P   5508
126,20,5,0,0,1,0,0.,0.,0.,0.,0.,0.,1.,1.,1.,1.,1.,2.,2.,2.,2.,       591P   5509
2.,3.,3.,3.,3.,3.,4.,4.,4.,4.,4.,4.,1.,1.,1.,1.,1.,1.,1.,1.,1.,      591P   5510
1.,1.,1.,1.,1.,1.,1.,1.,1.,1.,1.,1.,7262.6812984,-4051.9731104,      591P   5511
592.42738872,7207.217508800003,-4050.989219200003,                   591P   5512
593.4845392000002,7151.753712799997,-4048.588644799994,              591P   5513
594.4178360799997,7095.976832000007,-4044.750195200007,              591P   5514
595.244863280001,7040.513042356007,-4039.520517791227,               591P   5515
595.9671797595132,6985.049252712034,-4032.8847743831298,             591P   5516
596.5988714940227,6945.373247156021,-4028.1378972941725,             591P   5517
597.0507519899094,6905.697241599992,-4022.671500799981,              591P   5518
597.4562575199973,6866.09266000001,-4016.4985208000194,              591P   5519
597.8181286400041,6826.416654654367,-4009.597970239797,              591P   5520
598.1406047448861,6786.7406490946505,-4001.981733410758,             591P   5521
598.4256112811144,6749.72304294198,-3994.875803755302,               591P   5522
598.691471586126,6712.705436967577,-3987.146884221129,               591P   5523
598.9248540520064,6675.6878310397005,-3978.7959991528496,            591P   5524
599.1276450222288,6638.670225026605,-3969.824172895078,              591P   5525
599.3017308402669,6601.652618796544,-3960.232429792427,              591P   5526
599.4489978495943,6543.4820949112,-3945.1596863897676,               591P   5527
599.6803375452673,6485.31157102844,-3928.556132484192,               591P   5528
599.845156461884,6427.1410474007,-3910.4257039467957,                591P   5529
599.9498918159101,6368.970523896411,-3890.7723433564897,             591P   5530
600.0000086834007,6310.8,-3869.6,600.,0.,4.,0.,0.,0.,0,0;            591P   5531
102,4,585,587,589,591;                                               593P   5532
142,0,573,583,593,1,0,0;                                             595P   5533
406,1,7Hnacelle;                                                     597P   5534
144,573,1,0,595,0,1,597;                                             599P   5535
128,5,5,5,5,0,0,0,0,0,0.,0.,0.,0.,0.,0.,6.014837738,6.014837738,     601P   5536
6.014837738,6.014837738,6.014837738,6.014837738,0.,0.,0.,0.,0.,      601P   5537
0.,102.3132198,102.3132198,102.3132198,102.3132198,102.3132198,      601P   5538
102.3132198,1.,1.,1.,1.,1.,1.,1.072871561,1.072871561,               601P   5539
1.072871445,1.072871215,1.072870865,1.072870394,1.112626257,         601P   5540
1.112626257,1.112626074,1.112625707,1.112625149,1.1126244,           601P   5541
1.112626257,1.112626257,1.112626074,1.112625707,1.112625149,         601P   5542
1.1126244,1.072871561,1.072871561,1.072871445,1.072871215,           601P   5543
1.072870865,1.072870394,1.,1.,1.,1.,1.,1.,7262.6812984,-3504.,       601P   5544
1147.9731128,7272.3050384,-3504.,1148.1438304,7281.9287792,          601P   5545
-3504.,1148.2718984,7291.5525064,-3504.,1148.357292,7301.17626,      601P   5546
-3504.,1148.4,7310.8,-3504.,1148.4,7262.6812984,-3762.5769768,       601P   5547
1147.9731128,7272.3050384,-3762.6575352,1148.1438304,                601P   5548
7281.9287848,-3762.7179104,1148.2718968,7291.5525144,                601P   5549
-3762.758092,1148.357292,7301.176264,-3762.7780784,1148.4,           601P   5550
7310.8,-3762.7778504,1148.4,7262.6812984,-3920.3252464,              601P   5551
1106.0310496,7272.3050384,-3920.4549504,1106.1750304,                601P   5552
7281.9287768,-3920.5522016,1106.27928,7291.5525144,-3920.617,        601P   5553
1106.3437736,7301.1762664,-3920.6493072,1106.3684952,7310.8,         601P   5554
-3920.6491256,1106.3534152,7262.6812984,-4010.6027584,               601P   5555
1014.505964,7272.3050384,-4010.760588,1014.5915992,7281.9287768,     601P   5556
-4010.8789768,1014.6438896,7291.5525144,-4010.9578768,               601P   5557
1014.6628032,7301.1762664,-4010.9973104,1014.6483056,7310.8,         601P   5558
-4010.9972384,1014.600368,7262.6812984,-4051.973112,854.5777216,     601P   5559
7272.3050384,-4052.1438304,854.5614064,7281.9287848,                 601P   5560
-4052.2718952,854.5229376,7291.5525144,-4052.3572912,                601P   5561
854.4622752,7301.176264,-4052.4,854.3793624,7310.8,-4052.4,          601P   5562
854.2741568,7262.6812984,-4051.9731104,592.42738872,                 601P   5563
7272.3050384,-4052.1438296,592.2439584,7281.9287792,                 601P   5564
-4052.2718952,592.05679752,7291.5525064,-4052.3572936,               601P   5565
591.86584464,7301.17626,-4052.4,591.67101656,7310.8,-4052.4,         601P   5566
591.47224912,0.,6.014837738,0.,102.3132198;                          601P   5567
126,1,1,0,0,1,0,0.,0.,102.3132198,102.3132198,1.,1.,0.,              603P   5568
102.3132198,0.,0.,0.,0.,0.,102.3132198,0.,0.,0.,0,0;                 603P   5569
126,1,1,0,0,1,0,-3.007418869,-3.007418869,3.007418869,               605P   5570
3.007418869,1.,1.,0.,0.,0.,6.014837738,0.,0.,-3.007418869,           605P   5571
3.007418869,0.,0.,0.,0,0;                                            605P   5572
126,1,1,0,0,1,0,0.,0.,102.3132198,102.3132198,1.,1.,6.014837738,     607P   5573
0.,0.,6.014837738,102.3132198,0.,0.,102.3132198,0.,0.,0.,0,0;        607P   5574
126,1,1,0,0,1,0,0.,0.,6.014837738,6.014837738,1.,1.,6.014837738,     609P   5575
102.3132198,0.,0.,102.3132198,0.,0.,6.014837738,0.,0.,0.,0,0;        609P   5576
102,4,603,605,607,609;                                               611P   5577
126,64,4,0,0,1,0,0.,0.,0.,0.,0.,1.,1.,1.,1.,2.,2.,2.,2.,3.,3.,       613P   5578
3.,3.,4.,4.,4.,4.,5.,5.,5.,5.,6.,6.,6.,6.,7.,7.,7.,7.,8.,8.,8.,      613P   5579
8.,9.,9.,9.,9.,10.,10.,10.,10.,11.,11.,11.,11.,12.,12.,12.,12.,      613P   5580
13.,13.,13.,13.,14.,14.,14.,14.,15.,15.,15.,15.,16.,16.,16.,16.,     613P   5581
16.,1.,1.,1.,1.,1.,1.,1.,1.,1.,1.,1.,1.,1.,1.,1.,1.,1.,1.,1.,1.,     613P   5582
1.,1.,1.,1.,1.,1.,1.,1.,1.,1.,1.,1.,1.,1.,1.,1.,1.,1.,1.,1.,1.,      613P   5583
1.,1.,1.,1.,1.,1.,1.,1.,1.,1.,1.,1.,1.,1.,1.,1.,1.,1.,1.,1.,1.,      613P   5584
1.,1.,1.,7262.6812984,-4051.9731104,592.42738872,                    613P   5585
7262.681298399996,-4051.973043356687,611.9586286717374,              613P   5586
7262.681298400001,-4051.736494121482,630.7496206020376,              613P   5587
7262.6812984000035,-4051.26624332931,648.8423540584356,              613P   5588
7262.6812984,-4050.565071615095,666.2788185884663,                   613P   5589
7262.681298399995,-4049.8637188578778,683.7146055133555,             613P   5590
7262.681298399999,-4048.9313246497713,700.4935902166201,             613P   5591
7262.681298400003,-4047.769029326264,716.6516873359651,              613P   5592
7262.6812984,-4046.377973222841,732.2248115090949,                   613P   5593
7262.681298400001,-4045.3345715382306,743.9042806721902,             613P   5594
7262.681298399999,-4044.1623828517054,755.2543000255737,             613P   5595
7262.681298399997,-4042.8612974955076,766.2880413594456,             613P   5596
7262.681298400001,-4041.431205801881,777.0186764640065,              613P   5597
7262.681298400001,-4039.5243238020307,791.3259126967732,             613P   5598
7262.681298400001,-4037.388178910873,805.0944877248494,              613P   5599
7262.6812984,-4035.0212530710774,818.351843384468,7262.6812984,      613P   5600
-4032.422028225314,831.125421511862,7262.6812983999935,              613P   5601
-4029.1728681050818,847.0920163536488,7262.681298400008,             613P   5602
-4025.5602000665713,862.3012742021025,7262.681298399997,             613P   5603
-4021.5795379022074,876.8023683289898,7262.6812984,                  613P   5604
-4017.222805259915,890.6359842395855,7262.681298399992,              613P   5605
-4012.8660741569624,904.469591866346,7262.681298400009,              613P   5606
-4008.133264389006,917.6357977381542,7262.681298399996,              613P   5607
-4003.0163174459653,930.1752314692262,7262.681298400001,             613P   5608
-3997.503462890298,942.1214198333845,7262.6812984,                   613P   5609
-3989.7854696597124,958.8460763924244,7262.681298399999,             613P   5610
-3981.291461503751,974.4080978191042,7262.681298399999,              613P   5611
-3971.9892425951807,988.8992909276542,7262.681298399999,             613P   5612
-3961.831257228963,1002.3885824993619,7262.681298399988,             613P   5613
-3950.222143500531,1017.8049235646649,7262.681298400021,             613P   5614
-3937.4950526716134,1031.9130453849468,7262.6812983999835,           613P   5615
-3923.579237877292,1044.8160158933547,7262.681298399999,             613P   5616
-3908.3730360976397,1056.585559628949,7262.681298400008,             613P   5617
-3891.266150520226,1069.8262819451743,7262.681298399984,             613P   5618
-3872.5253190483595,1081.6329292962203,7262.681298400009,            613P   5619
-3852.006905752639,1092.1076777105932,7262.681298399999,             613P   5620
-3829.503613143902,1101.3108272082225,7262.6812984,                  613P   5621
-3820.752219141231,1104.8897913577473,7262.681298400001,             613P   5622
-3811.700934905028,1108.2766421279766,7262.681298400002,             613P   5623
-3802.3365980986496,1111.47450696025,7262.681298399999,              613P   5624
-3792.6460463854514,1114.4865132959064,7262.6812984,                 613P   5625
-3785.7241430090426,1116.6379071768931,7262.681298400001,            613P   5626
-3778.6356963959784,1118.6944194027578,7262.681298400001,            613P   5627
-3771.3753509218295,1120.6569255681984,7262.6812984,                 613P   5628
-3763.9377509621654,1122.5263012679125,7262.6812984000035,           613P   5629
-3755.0125164043966,1124.7695041320403,7262.6812984,                 613P   5630
-3745.832083061589,1126.8786118855717,7262.681298399995,             613P   5631
-3736.3861219245937,1128.8546862982507,7262.681298399998,            613P   5632
-3726.6643039842634,1130.6987891398223,7262.681298400001,            613P   5633
-3716.9423467126235,1132.5428395506844,7262.681298400001,            613P   5634
-3706.9445541620307,1134.254918973192,7262.681298400001,             613P   5635
-3696.659344151543,1135.8356175470528,7262.681298399999,             613P   5636
-3686.0751345002154,1137.2855254119756,7262.68129840001,             613P   5637
-3673.7265906088587,1138.9769850478335,7262.681298400003,            613P   5638
-3660.9713666040107,1140.490508905818,7262.6812983999935,            613P   5639
-3647.7885305375657,1141.8261769917824,7262.681298400001,            613P   5640
-3634.157150461418,1142.9840693115796,7262.68129839999,              613P   5641
-3620.5254086981463,1144.1418528313009,7262.681298399999,            613P   5642
-3606.445404533631,1145.1219327401404,7262.68129840001,              613P   5643
-3591.893177037366,1145.9234674736795,7262.681298400003,             613P   5644
-3576.8447652788436,1146.5456154674991,7262.681298400001,            613P   5645
-3559.6461784864246,1147.2565308062924,7262.681298399997,            613P   5646
-3541.799863157851,1147.733226340291,7262.681298399995,              613P   5647
-3523.2648075700627,1147.9729907710189,7262.6812984,-3504.,          613P   5648
1147.9731128,0.,16.,0.,0.,0.,0,0;                                    613P   5649
126,2,2,0,0,1,0,0.,0.,0.,1.,1.,1.,1.,1.,1.,7262.6812984,-3504.,      615P   5650
1147.9731128,7286.740642131686,-3504.,1148.399949133059,7310.8,      615P   5651
-3504.,1148.4,0.,1.,0.,0.,0.,0,0;                                    615P   5652
126,64,4,0,0,1,0,0.,0.,0.,0.,0.,1.,1.,1.,1.,2.,2.,2.,2.,3.,3.,       617P   5653
3.,3.,4.,4.,4.,4.,5.,5.,5.,5.,6.,6.,6.,6.,7.,7.,7.,7.,8.,8.,8.,      617P   5654
8.,9.,9.,9.,9.,10.,10.,10.,10.,11.,11.,11.,11.,12.,12.,12.,12.,      617P   5655
13.,13.,13.,13.,14.,14.,14.,14.,15.,15.,15.,15.,16.,16.,16.,16.,     617P   5656
16.,1.,1.,1.,1.,1.,1.,1.,1.,1.,1.,1.,1.,1.,1.,1.,1.,1.,1.,1.,1.,     617P   5657
1.,1.,1.,1.,1.,1.,1.,1.,1.,1.,1.,1.,1.,1.,1.,1.,1.,1.,1.,1.,1.,      617P   5658
1.,1.,1.,1.,1.,1.,1.,1.,1.,1.,1.,1.,1.,1.,1.,1.,1.,1.,1.,1.,1.,      617P   5659
1.,1.,1.,7310.8,-3504.,1148.4,7310.799999999996,                     617P   5660
-3523.27995566099,1148.399931740947,7310.799999999997,               617P   5661
-3541.8291925385533,1148.1595162074655,7310.8,                       617P   5662
-3559.6891592228562,1147.6815794360039,7310.799999999999,            617P   5663
-3576.9013043040654,1146.9689474630095,7310.7999999999965,           617P   5664
-3594.112780514918,1146.2561314910906,7310.8,-3610.675908703409,     617P   5665
1145.3084978211627,7310.800000000004,-3626.6261408582777,            617P   5666
1144.1272054085427,7310.8,-3641.9989289682644,                       617P   5667
1142.7134132085478,7310.799999999995,-3653.5281509041033,            617P   5668
1141.652957661834,7310.799999999997,-3664.732163225889,              617P   5669
1140.4616101407732,7310.800000000002,-3675.6239680597855,            617P   5670
1139.1392591869771,7310.800000000002,-3686.2165675319566,            617P   5671
1137.6857933420579,7310.800000000001,-3700.3397598277325,            617P   5672
1135.747744287342,7310.799999999999,-3713.9312232909733,             617P   5673
1133.5766851356811,7310.799999999998,-3727.0180463078914,            617P   5674
1131.1710730419027,7310.8,-3739.627317264701,1128.529365160834,      617P   5675
7310.799999999996,-3755.388533012131,1125.2270991389826,             617P   5676
7310.799999999999,-3770.402157552704,1121.5553838986245,             617P   5677
7310.800000000009,-3784.716730837992,1117.5096599776987,             617P   5678
7310.799999999998,-3798.3724144156217,1113.0817191460987,            617P   5679
7310.7999999999965,-3812.028089816224,1108.6537798789386,            617P   5680
7310.800000000003,-3825.024950984599,1103.8436153804719,             617P   5681
7310.799999999999,-3837.4031042978145,1098.64303555357,7310.8,       617P   5682
-3849.1956447971297,1093.040077763387,7310.800000000001,             617P   5683
-3865.7051944375808,1085.1959400558242,7310.800000000004,            617P   5684
-3881.067067127822,1076.5631049482392,7310.799999999996,             617P   5685
-3895.3718874656743,1067.1088508920177,7310.799999999999,            617P   5686
-3908.687694730256,1056.7848456732768,7310.800000000012,             617P   5687
-3923.9057679148696,1044.9859951728645,7310.799999999982,            617P   5688
-3937.8324507790066,1032.0508978984112,7310.800000000013,            617P   5689
-3950.5694841480927,1017.9076517974172,7310.799999999999,            617P   5690
-3962.1876691005505,1002.4529339497749,7310.80000000001,             617P   5691
-3975.25811297118,985.0664692870191,7310.799999999984,               617P   5692
-3986.9129272167465,966.0193602820801,7310.800000000007,             617P   5693
-3997.2529723379203,945.1656257739334,7310.8,                        617P   5694
-4006.3377720144313,922.2945839493493,7310.799999999999,             617P   5695
-4009.8707117282315,913.400174509936,7310.8,-4013.2140087450116,     617P   5696
904.2009753700858,7310.800000000001,-4016.3707502411307,             617P   5697
894.6836093124244,7310.800000000001,-4019.3440233929514,             617P   5698
884.8346991195775,7310.800000000001,-4021.4677512189464,             617P   5699
877.799681226033,7310.799999999998,-4023.497817574881,               617P   5700
870.5953993545204,7310.799999999996,-4025.4350867823696,             617P   5701
863.2164104511712,7310.799999999998,-4027.280423163027,              617P   5702
855.6572714621173,7310.800000000001,-4029.4947794619425,             617P   5703
846.5861881989206,7310.799999999999,-4031.576765085997,              617P   5704
837.2557372641913,7310.799999999998,-4033.5274281347297,             617P   5705
827.6554210369945,7310.799999999999,-4035.3478167076796,             617P   5706
817.7747418963958,7310.799999999998,-4037.1681535249363,             617P   5707
807.893921151022,7310.799999999999,-4038.858216441655,               617P   5708
797.7327593676174,7310.799999999999,-4040.4185879993074,             617P   5709
787.279485305474,7310.8,-4041.849850739365,776.522327723884,         617P   5710
7310.800000000002,-4043.5195590110966,763.9720063640339,             617P   5711
7310.800000000002,-4045.0136196527237,751.0083621467074,7310.8,      617P   5712
-4046.3321116394523,737.6101214642123,7310.8,-4047.47511394649,      617P   5713
723.756010708856,7310.799999999998,-4048.618008854292,               617P   5714
709.9015323658238,7310.799999999997,-4049.585485308571,              617P   5715
695.5914701519193,7310.7999999999965,-4050.3767125796994,            617P   5716
680.801472061717,7310.8,-4050.9908599380506,665.5071860897917,       617P   5717
7310.800000000003,-4051.6926331219265,648.0275936399221,             617P   5718
7310.800000000001,-4052.1631984531796,629.8896940244953,             617P   5719
7310.799999999998,-4052.399879542355,611.0518061992689,7310.8,       617P   5720
-4052.4,591.47224912,0.,16.,0.,0.,0.,0,0;                            617P   5721
126,2,2,0,0,1,0,0.,0.,0.,1.,1.,1.,1.,1.,1.,7310.8,-4052.4,           619P   5722
591.47224912,7286.740640465841,-4052.3999591901234,                  619P   5723
591.9690094714404,7262.6812984,-4051.9731104,592.42738872,0.,1.,     619P   5724
0.,0.,0.,0,0;                                                        619P   5725
102,4,613,615,617,619;                                               621P   5726
142,0,601,611,621,1,0,0;                                             623P   5727
406,1,7Hnacelle;                                                     625P   5728
144,601,1,0,623,0,1,625;                                             627P   5729
128,17,5,5,5,0,0,0,0,0,0.,0.,0.,0.,0.,0.,29.48354797,                629P   5730
29.48354797,29.48354797,51.27584917,51.27584917,51.27584917,         629P   5731
71.70448907,71.70448907,71.70448907,90.84965945,90.84965945,         629P   5732
90.84965945,125.003151,125.003151,125.003151,125.003151,             629P   5733
125.003151,125.003151,0.,0.,0.,0.,0.,0.,123.4887794,123.4887794,     629P   5734
123.4887794,123.4887794,123.4887794,123.4887794,1.,1.,1.,1.,1.,      629P   5735
1.,1.,1.,1.,1.,1.,1.,1.,1.,1.,1.,1.,1.,0.9391036258,                 629P   5736
0.9524000767,0.9658668159,0.9794243887,1.002964587,1.02598096,       629P   5737
1.035610326,1.053819785,1.070876864,1.07879379,1.093347259,          629P   5738
1.1061243,1.111838045,1.126270376,1.136292258,1.140648398,           629P   5739
1.142809042,1.142809042,0.9109731689,0.9299057133,0.9493569717,      629P   5740
0.9692279822,1.004239115,1.039304201,1.054123518,1.082418908,        629P   5741
1.109392605,1.122016048,1.145394396,1.166191377,1.175547674,         629P   5742
1.199297909,1.216019804,1.223333411,1.226960076,1.226960076,         629P   5743
0.9109731689,0.9299057133,0.9493569717,0.9692279822,1.004239115,     629P   5744
1.039304201,1.054123518,1.082418908,1.109392605,1.122016048,         629P   5745
1.145394396,1.166191377,1.175547674,1.199297909,1.216019804,         629P   5746
1.223333411,1.226960076,1.226960076,0.9391036258,0.9524000767,       629P   5747
0.9658668159,0.9794243887,1.002964587,1.02598096,1.035610326,        629P   5748
1.053819785,1.070876864,1.07879379,1.093347259,1.1061243,            629P   5749
1.111838045,1.126270376,1.136292258,1.140648398,1.142809042,         629P   5750
1.142809042,1.,1.,1.,1.,1.,1.,1.,1.,1.,1.,1.,1.,1.,1.,1.,1.,1.,      629P   5751
1.,6310.8,-3504.,234.4,6357.9736768,-3504.,184.95394688,             629P   5752
6405.1473536,-3504.,136.50899432,6452.3210304,-3504.,                629P   5753
89.46240488,6534.3623888,-3504.,11.350925592,6616.4037472,           629P   5754
-3504.,-55.618563616,6651.2817184,-3504.,-81.4755748,                629P   5755
6718.8352248,-3504.,-124.82863272,6786.3887304,-3504.,               629P   5756
-155.2335148,6819.0694376,-3504.,-166.91222192,6882.3875336,         629P   5757
-3504.,-184.9776016,6945.7056304,-3504.,-196.1141764,                629P   5758
6976.360388,-3504.,-200.3137056,7061.6382464,-3504.,                 629P   5759
-209.53455352,7146.9161056,-3504.,-213.40396648,7201.50882,          629P   5760
-3504.,-214.78260168,7256.1544136,-3504.,-215.35290152,7310.8,       629P   5761
-3504.,-215.35290152,6310.8,-3623.1851968,234.4,6357.3150856,        629P   5762
-3635.1345232,185.64426288,6404.1566128,-3647.3196656,               629P   5763
137.51972816,6451.3389536,-3659.5801336,90.4219168,6533.159844,      629P   5764
-3680.5181216,12.392844656,6615.9066984,-3700.6258376,               629P   5765
-55.222699776,6650.8018824,-3708.8541216,-81.15351616,               629P   5766
6718.1296528,-3724.1227816,-124.44649216,6786.0149904,               629P   5767
-3738.1304016,-155.07812632,6818.7208288,-3744.5132576,              629P   5768
-166.80754624,6881.8944832,-3756.0511928,-184.86477816,              629P   5769
6945.4546152,-3765.996376,-196.07547256,6976.1383048,                629P   5770
-3770.3818096,-200.2886128,7060.979664,-3781.2856568,                629P   5771
-209.47312104,7146.4963928,-3788.7450776,-213.39638512,              629P   5772
7201.301816,-3791.9598992,-214.78152152,7256.1544136,                629P   5773
-3793.5526144,-215.35290152,7310.8,-3793.5526144,-215.35290152,      629P   5774
6310.8,-3735.7022888,281.41862336,6357.0132376,-3752.2767936,        629P   5775
236.5943344,6403.6846704,-3768.7235048,191.48882992,                 629P   5776
6450.8517328,-3784.8806872,146.56101784,6532.5488424,                629P   5777
-3811.772664,71.23889692,6615.6536264,-3836.7855984,                 629P   5778
4.1532103104,6650.5512696,-3846.8280264,-21.760720688,               629P   5779
6717.7581328,-3865.1780664,-65.518373224,6785.8164992,               629P   5780
-3881.6887544,-97.6614224,6818.5320704,-3889.1167624,                629P   5781
-110.24075504,6881.6265176,-3902.3980248,-130.01232272,              629P   5782
6945.317148,-3913.7013016,-143.04431248,6976.0151144,                629P   5783
-3918.6436488,-148.09026872,7060.6176776,-3930.8211624,              629P   5784
-159.36692144,7146.2586632,-3939.0748528,-164.89569256,              629P   5785
7201.1848296,-3942.6160928,-166.98529248,7256.1544136,               629P   5786
-3944.3676616,-167.94086736,7310.8,-3944.3676616,-168.00709792,      629P   5787
6310.8,-3822.5813768,368.29771096,6357.0132376,-3839.8529896,        629P   5788
331.68431344,6403.6846704,-3856.56514,293.71112896,6450.8517328,     629P   5789
-3872.6275456,254.87161024,6532.5488424,-3898.865352,                629P   5790
188.17538752,6615.6536264,-3922.5980776,126.30419888,                629P   5791
6650.5512696,-3932.0244272,101.93676192,6717.7581328,                629P   5792
-3949.088988,59.823554328,6785.8164992,-3964.1989496,                629P   5793
27.167047216,6818.5320704,-3970.949784,13.918700552,                 629P   5794
6881.6265176,-3982.9509736,-7.6284776024,6945.317148,                629P   5795
-3993.06562,-22.95130116,6976.0151144,-3997.4702352,                 629P   5796
-29.122905928,7060.6176776,-4008.2892312,-43.392736888,              629P   5797
7146.2586632,-4015.5619104,-51.368396888,7201.1848296,               629P   5798
-4018.6756248,-54.586436096,7256.1544136,-4020.2190016,              629P   5799
-56.189630968,7310.8,-4020.2190016,-56.411968536,6310.8,-3869.6,     629P   5800
480.81480352,6357.3150856,-3886.5301064,458.49035616,                629P   5801
6404.1566128,-3902.607744,434.43697856,6451.3389536,                 629P   5802
-3917.8088624,409.0198424,6533.159844,-3942.4151048,                 629P   5803
363.88772152,6615.9066984,-3964.2170888,319.93864136,                629P   5804
6650.8018824,-3972.8630528,302.1271228,6718.1296528,                 629P   5805
-3988.4742968,270.39317128,6786.0149904,-4002.1322824,               629P   5806
244.3169224,6818.7208288,-4008.227948,233.30607488,6881.8944832,     629P   5807
-4019.0569672,214.7210268,6945.4546152,-4028.1172984,                629P   5808
200.56589232,6976.1383048,-4032.0625208,194.65114704,                629P   5809
7060.979664,-4041.7771888,180.50881656,7146.4963928,                 629P   5810
-4048.2510984,171.78758944,7201.301816,-4051.0203904,                629P   5811
168.05298224,7256.1544136,-4052.4,166.00509776,7310.8,-4052.4,       629P   5812
165.47237304,6310.8,-3869.6,600.,6357.9736768,-3886.7698144,         629P   5813
600.,6405.1473536,-3902.940668,599.9670572,6452.3210304,             629P   5814
-3918.1104728,599.8987288,6534.3623888,-3942.7481576,                629P   5815
599.71351688,6616.4037472,-3964.3453216,599.40304488,                629P   5816
6651.2817184,-3972.9765768,599.24710824,6718.8352248,                629P   5817
-3988.626596,598.89588936,6786.3887304,-4002.205528,                 629P   5818
598.44325984,6819.0694376,-4008.2892128,598.19921088,                629P   5819
6882.3875336,-4019.1342528,597.67491752,6945.7056304,                629P   5820
-4028.1517712,597.04474184,6976.360388,-4032.088748,                 629P   5821
596.71348024,7061.6382464,-4041.846556,595.71499328,                 629P   5822
7146.9161056,-4048.2756408,594.48947712,7201.50882,                  629P   5823
-4051.0230232,593.6024404,7256.1544136,-4052.4,592.60089192,         629P   5824
7310.8,-4052.4,591.47224912,0.,125.003151,0.,123.4887794;            629P   5825
126,1,1,0,0,1,0,0.,0.,123.4887794,123.4887794,1.,1.,125.003151,      631P   5826
0.,0.,125.003151,123.4887794,0.,0.,123.4887794,0.,0.,0.,0,0;         631P   5827
126,1,1,0,0,1,0,0.,0.,6.015110136,6.015110136,1.,1.,125.003151,      633P   5828
123.4887794,0.,118.98804090000002,123.4887794,0.,0.,6.015110136,     633P   5829
0.,0.,0.,0,0;                                                        633P   5830
126,1,1,0,0,1,0,0.,0.,118.9880409,118.9880409,1.,1.,                 635P   5831
118.98804090000002,123.4887794,0.,0.,123.4887794,0.,0.,              635P   5832
118.9880409,0.,0.,0.,0,0;                                            635P   5833
126,1,1,0,0,1,0,0.,0.,123.4887794,123.4887794,1.,1.,0.,              637P   5834
123.4887794,0.,0.,0.,0.,0.,123.4887794,0.,0.,0.,0,0;                 637P   5835
126,1,1,0,0,1,0,0.,0.,125.003151,125.003151,1.,1.,0.,0.,0.,          639P   5836
125.003151,0.,0.,0.,125.003151,0.,0.,0.,0,0;                         639P   5837
102,5,631,633,635,637,639;                                           641P   5838
126,76,4,0,0,1,0,0.,0.,0.,0.,0.,1.,1.,1.,1.,2.,2.,2.,2.,3.,3.,       643P   5839
3.,3.,4.,4.,4.,4.,5.,5.,5.,5.,6.,6.,6.,6.,7.,7.,7.,7.,8.,8.,8.,      643P   5840
8.,9.,9.,9.,9.,10.,10.,10.,10.,11.,11.,11.,11.,12.,12.,12.,12.,      643P   5841
13.,13.,13.,13.,14.,14.,14.,14.,15.,15.,15.,15.,16.,16.,16.,16.,     643P   5842
17.,17.,17.,17.,18.,18.,18.,18.,19.,19.,19.,19.,19.,1.,1.,1.,1.,     643P   5843
1.,1.,1.,1.,1.,1.,1.,1.,1.,1.,1.,1.,1.,1.,1.,1.,1.,1.,1.,1.,1.,      643P   5844
1.,1.,1.,1.,1.,1.,1.,1.,1.,1.,1.,1.,1.,1.,1.,1.,1.,1.,1.,1.,1.,      643P   5845
1.,1.,1.,1.,1.,1.,1.,1.,1.,1.,1.,1.,1.,1.,1.,1.,1.,1.,1.,1.,1.,      643P   5846
1.,1.,1.,1.,1.,1.,1.,1.,1.,1.,7310.8,-3504.,-215.35290152,           643P   5847
7310.800000000001,-3529.8517850624303,-215.35289711989304,           643P   5848
7310.800000000004,-3554.1436996502753,-214.9747208042423,            643P   5849
7310.799999999997,-3577.0414299356335,-214.23090248920198,           643P   5850
7310.800000000001,-3598.672521276921,-213.12689575832633,            643P   5851
7310.799999999994,-3620.3036652270157,-212.0228953152166,            643P   5852
7310.80000000001,-3640.668716524615,-210.55876404710807,             643P   5853
7310.799999999995,-3659.8958043376274,-208.74003101854478,           643P   5854
7310.800000000001,-3678.0846218768734,-206.5661540629754,            643P   5855
7310.799999999999,-3694.2524945738346,-204.6338225560924,            643P   5856
7310.799999999998,-3709.6003043787455,-202.42090780799862,           643P   5857
7310.800000000002,-3724.198386380445,-199.92706575516115,            643P   5858
7310.799999999999,-3738.103573043096,-197.14849294274117,            643P   5859
7310.800000000009,-3752.0087628454335,-194.3699207900525,            643P   5860
7310.79999999998,-3765.221206409787,-191.30662347218671,             643P   5861
7310.800000000012,-3777.797798961225,-187.9548107232077,7310.8,      643P   5862
-3789.784786381252,-184.30733944838676,7310.800000000004,            643P   5863
-3800.273403341044,-181.11580253600644,7310.800000000003,            643P   5864
-3810.3106862647664,-177.69790024494745,7310.799999999995,           643P   5865
-3819.9276587989393,-174.04885441296182,7310.800000000001,           643P   5866
-3829.150341916509,-170.16189212290166,7310.799999999993,            643P   5867
-3838.373021630069,-166.27493056183758,7310.800000000011,            643P   5868
-3847.2014554622565,-162.1500470282354,7310.7999999999965,           643P   5869
-3855.6616430393265,-157.78047806507792,7310.8,                      643P   5870
-3863.7754464977684,-153.15736716508343,7310.799999999995,           643P   5871
-3870.7300293489425,-149.19463382593796,7310.799999999999,           643P   5872
-3877.430530797552,-145.04586659492804,7310.800000000004,            643P   5873
-3883.8897759157853,-140.70488620398748,7310.799999999998,           643P   5874
-3890.120589775831,-136.16551338505016,7310.799999999998,            643P   5875
-3896.351207266999,-131.62600073188267,7310.799999999997,            643P   5876
-3902.353354575698,-126.8881111358067,7310.799999999997,             643P   5877
-3908.138091367414,-121.94440792760497,7310.800000000001,            643P   5878
-3913.716477307632,-116.78745443806027,7310.800000000001,            643P   5879
-3919.2946934359015,-111.6303477632833,7310.8,                       643P   5880
-3924.6665267438348,-106.26001095204049,7310.799999999999,           643P   5881
-3929.8415101661917,-100.66762989789132,7310.800000000001,           643P   5882
-3934.8291766377347,-94.84439049439527,7310.799999999995,            643P   5883
-3943.141819367303,-85.1388619998362,7310.8,-3950.9333801535417,     643P   5884
-74.79118816493245,7310.800000000001,-3958.24463096237,              643P   5885
-63.75733221598152,7310.800000000001,-3965.1070126106715,            643P   5886
-51.98040256949673,7310.799999999987,-3971.28316974001,              643P   5887
-41.38114968571324,7310.800000000025,-3977.0958225132044,            643P   5888
-30.17987566180727,7310.799999999982,-3982.568003064974,             643P   5889
-18.335015128177073,7310.800000000001,-3987.7176878265495,           643P   5890
-5.794598089055459,7310.8000000000075,-3992.2951889335654,           643P   5891
5.3524460260980335,7310.799999999982,-3996.6179080950164,            643P   5892
17.049164662069877,7310.80000000001,-4000.6985035397515,             643P   5893
29.3320909126138,7310.800000000001,-4004.546896434991,               643P   5894
42.24575764380653,7310.799999999987,-4007.914240694472,              643P   5895
53.54521548449993,7310.800000000012,-4011.103814740769,              643P   5896
65.32765146223183,7310.799999999997,-4014.1222719602656,             643P   5897
77.62288745018145,7310.8,-4016.97480955226,90.46646006708774,        643P   5898
7310.799999999998,-4019.4198003931506,101.4754374564843,             643P   5899
7310.799999999999,-4021.7430450534257,112.8865628651699,7310.8,      643P   5900
-4023.947445726578,124.72402938961386,7310.8,                        643P   5901
-4026.0359046061017,137.0120301262855,7310.8,-4029.516600372978,     643P   5902
157.4923508380954,7310.799999999998,-4032.674818267663,              643P   5903
179.2264154823655,7310.799999999999,-4035.522271681058,              643P   5904
202.33419342958015,7310.8,-4038.065100433931,226.97015912151144,     643P   5905
7310.800000000002,-4039.8450257735312,244.21583225642237,            643P   5906
7310.800000000001,-4041.4759157148633,262.2087468708147,             643P   5907
7310.799999999999,-4042.959251828629,281.0071652432768,7310.8,       643P   5908
-4044.2965156855294,300.66934965239693,7310.799999999993,            643P   5909
-4045.4426100452865,317.5237571125737,7310.799999999998,             643P   5910
-4046.481299607148,335.01331970515866,7310.800000000005,             643P   5911
-4047.4126755058182,353.18194298049343,7310.800000000001,            643P   5912
-4048.236828876001,372.07353248891957,7310.800000000009,             643P   5913
-4049.33564414174,397.26282163167764,7310.799999999992,              643P   5914
-4050.243552401178,423.7402055260195,7310.800000000002,              643P   5915
-4050.959877665231,451.6177779377647,7310.800000000001,              643P   5916
-4051.4812843003738,481.0356519496836,7310.799999999996,             643P   5917
-4051.9374421715565,506.7771544167502,7310.8,                        643P   5918
-4052.2446553627015,533.6946562557737,7310.800000000005,             643P   5919
-4052.3998619475897,561.8918052343313,7310.8,-4052.4,                643P   5920
591.47224912,0.,19.,0.,0.,0.,0,0;                                    643P   5921
126,2,2,0,0,1,0,0.,0.,0.,1.,1.,1.,1.,1.,1.,7310.8,-4052.4,           645P   5922
591.47224912,7286.739100010404,-4052.3999244168817,                  645P   5923
591.9690184433264,7262.681296791832,-4051.973206999854,              645P   5924
592.4273966643701,0.,1.,0.,0.,0.,0,0;                                645P   5925
126,32,4,0,0,1,0,0.,0.,0.,0.,0.,1.,1.,1.,1.,2.,2.,2.,2.,3.,3.,       647P   5926
3.,3.,4.,4.,4.,4.,5.,5.,5.,5.,6.,6.,6.,6.,7.,7.,7.,7.,8.,8.,8.,      647P   5927
8.,8.,1.,1.,1.,1.,1.,1.,1.,1.,1.,1.,1.,1.,1.,1.,1.,1.,1.,1.,1.,      647P   5928
1.,1.,1.,1.,1.,1.,1.,1.,1.,1.,1.,1.,1.,1.,7262.681296791832,         647P   5929
-4051.973206999854,592.4273966643701,7206.40858698901,               647P   5930
-4050.975140659166,593.4999729219718,7150.168422569252,              647P   5931
-4048.4232233573034,594.4360611114864,7093.9045180570365,            647P   5932
-4044.319834478237,595.2540827427556,7037.624932824956,              647P   5933
-4038.6693634543294,595.9668630529743,6999.33833984589,              647P   5934
-4034.82543187136,596.451726613602,6961.033009164696,                647P   5935
-4030.2631351503665,596.888118271835,6922.727678365056,              647P   5936
-4024.9863582210382,597.2795910714277,6884.441085030654,             647P   5937
-4018.9989860130636,597.6296980561347,6862.155083338577,             647P   5938
-4015.5139080228582,597.8334665420348,6839.8699166317465,            647P   5939
-4011.787502657133,598.0232527586115,6817.585293200599,              647P   5940
-4007.8200101131943,598.1996924903829,6795.300921335573,             647P   5941
-4003.6116705883496,598.363421521867,6776.730631465853,              647P   5942
-4000.1047234213274,598.4998563696012,6758.1598467652675,            647P   5943
-3996.43039655551,598.6274672337458,6739.588639687827,               647P   5944
-3992.5888654692153,598.746582065477,6721.017082687542,              647P   5945
-3988.5803056407594,598.8575288159707,6697.244090898956,             647P   5946
-3983.4490593448127,598.9995442440907,6673.46942007231,              647P   5947
-3978.0437930367416,599.1281855170206,6649.693656783951,             647P   5948
-3972.364986765502,599.2440722899478,6625.917387610229,              647P   5949
-3966.4131205800522,599.3478242180598,6606.103789703994,             647P   5950
-3961.4532244486927,599.4342785081991,6586.29118691359,              647P   5951
-3956.3040370119998,599.512297633384,6566.479433466748,              647P   5952
-3950.9657311714677,599.5822044047071,6546.668383591202,             647P   5953
-3945.4384798285914,599.6443216332608,6517.184835722716,             647P   5954
-3937.2126239173062,599.7367601113493,6487.701287838028,             647P   5955
-3928.567905917896,599.8119662848803,6458.217739920949,              647P   5956
-3919.5049839068497,599.8708895879008,6428.734191955288,             647P   5957
-3910.0245159606566,599.9144794544578,6399.250643995063,             647P   5958
-3900.544047923405,599.9580542594975,6369.767096002994,              647P   5959
-3890.646034967789,599.9862837580582,6340.283547998249,              647P   5960
-3880.3311335184435,599.9999912412043,6310.8,-3869.6,600.,0.,8.,     647P   5961
0.,0.,0.,0,0;                                                        647P   5962
126,30,5,0,0,1,0,0.,0.,0.,0.,0.,0.,1.,1.,1.,1.,1.,2.,2.,2.,2.,       649P   5963
2.,3.,3.,3.,3.,3.,4.,4.,4.,4.,4.,5.,5.,5.,5.,5.,6.,6.,6.,6.,6.,      649P   5964
6.,1.,1.,1.,1.,1.,1.,1.,1.,1.,1.,1.,1.,1.,1.,1.,1.,1.,1.,1.,1.,      649P   5965
1.,1.,1.,1.,1.,1.,1.,1.,1.,1.,1.,6310.8,-3869.6,600.,6310.8,         649P   5966
-3869.599987587411,586.0091167889655,6310.799999999994,              649P   5967
-3868.930772172268,571.9515652707744,6310.799999999999,              649P   5968
-3867.579435316813,557.8750577446306,6310.80000000001,               649P   5969
-3865.53929370441,543.8292470958105,6310.8,-3862.8098991395473,      649P   5970
529.8657267956645,6310.799999999996,-3860.3837890750538,             649P   5971
517.4536836811011,6310.800000000002,-3857.4131654873736,             649P   5972
505.10642300315266,6310.800000000004,-3853.8978151514325,            649P   5973
492.86010068046664,6310.799999999999,-3849.841779987738,             649P   5974
480.75089211095803,6310.8,-3845.2533570623805,                       649P   5975
468.81499217180954,6310.8,-3837.2236769786778,447.9273559175118,     649P   5976
6310.800000000003,-3827.5633270089575,427.56911337820736,            649P   5977
6310.800000000002,-3816.3176348335746,407.9363304524504,             649P   5978
6310.799999999998,-3803.5705963804457,389.2109014123926,             649P   5979
6310.799999999999,-3789.4448758250496,371.5605489037825,             649P   5980
6310.799999999994,-3778.346033663624,357.6920459470065,              649P   5981
6310.800000000003,-3766.3952106808897,344.4855658073225,             649P   5982
6310.800000000005,-3753.6519838436634,332.0211659312217,             649P   5983
6310.799999999998,-3740.18688253263,320.3673290946039,6310.8,        649P   5984
-3726.0813885423427,309.5809634027779,6310.799999999996,             649P   5985
-3706.8471602610957,294.8723995192323,6310.800000000001,             649P   5986
-3686.4192065177604,281.77570997903103,6310.800000000002,            649P   5987
-3665.0082207080345,270.43546441088085,6310.799999999997,            649P   5988
-3642.841404966758,260.9447296948911,6310.799999999999,              649P   5989
-3620.162470167912,253.34506996257434,6310.799999999988,             649P   5990
-3597.4831700483523,245.74535607353377,6310.80000000004,             649P   5991
-3574.2899249513052,240.0362900626865,6310.799999999955,             649P   5992
-3550.8212113754203,236.25899652687093,6310.800000000023,            649P   5993
-3527.3181871864804,234.40001683823021,6310.8,-3504.,234.4,0.,       649P   5994
6.,0.,0.,0.,0,0;                                                     649P   5995
126,55,5,0,0,1,0,0.,0.,0.,0.,0.,0.,1.,1.,1.,1.,1.,2.,2.,2.,2.,       651P   5996
2.,3.,3.,3.,3.,3.,4.,4.,4.,4.,4.,5.,5.,5.,5.,5.,6.,6.,6.,6.,6.,      651P   5997
7.,7.,7.,7.,7.,8.,8.,8.,8.,8.,9.,9.,9.,9.,9.,10.,10.,10.,10.,        651P   5998
10.,11.,11.,11.,11.,11.,11.,1.,1.,1.,1.,1.,1.,1.,1.,1.,1.,1.,1.,     651P   5999
1.,1.,1.,1.,1.,1.,1.,1.,1.,1.,1.,1.,1.,1.,1.,1.,1.,1.,1.,1.,1.,      651P   6000
1.,1.,1.,1.,1.,1.,1.,1.,1.,1.,1.,1.,1.,1.,1.,1.,1.,1.,1.,1.,1.,      651P   6001
1.,1.,6310.8,-3504.,234.4,6334.386838400004,-3504.0000000000045,     651P   6002
209.67697343999995,6357.973676799964,-3503.999999999969,             651P   6003
185.20422201999907,6381.560515200103,-3504.0000000000773,            651P   6004
161.03140356000262,6405.147353587109,-3503.999999999916,             651P   6005
137.22923604555152,6428.734191955287,-3504.,113.90449850168308,      651P   6006
6452.32103032336,-3504.000000000006,90.57976095781197,               651P   6007
6475.907868672247,-3503.999999999989,67.7324533845149,               651P   6008
6499.49470699558,-3504.000000000006,45.469354806809555,              651P   6009
6523.081545293436,-3503.999999999999,23.93330528918817,              651P   6010
6546.668383591202,-3504.,3.318206809500442,6557.762575546563,        651P   6011
-3504.000000000001,-6.37789511171559,6568.856940365838,              651P   6012
-3504.0000000000005,-15.871262819077863,6579.951533795927,           651P   6013
-3504.,-25.14092206757119,6591.046411583731,-3504.,                  651P   6014
-34.165898612180385,6602.141629476151,-3504.,-42.92521820789027,     651P   6015
6625.917029976308,-3504.000000000005,-61.69502766133958,             651P   6016
6649.6935625503,-3503.9999999999854,-79.24419557094274,              651P   6017
6673.470243446837,-3504.0000000000123,-95.36602776103553,            651P   6018
6697.243663116712,-3503.9999999999964,-109.87448254488048,           651P   6019
6721.017082687542,-3504.,-122.77933709146728,6735.874275392024,      651P   6020
-3504.,-130.84422276140003,6750.731468057821,                        651P   6021
-3503.9999999999927,-138.2828028034044,6765.588180183864,            651P   6022
-3504.000000000008,-145.09494546733998,6780.44458650721,             651P   6023
-3503.9999999999964,-151.30959226388643,6795.300921335572,           651P   6024
-3504.,-156.9681865516586,6802.729087320224,-3504.0000000000005,     651P   6025
-159.79766081828657,6810.15723823058,-3504.,-162.48768471979588,     651P   6026
6817.585401270528,-3504.,-165.04412624964988,6825.0136036439535,     651P   6027
-3503.9999999999995,-167.4728534013119,6832.441872554742,-3504.,     651P   6028
-169.77973416824537,6842.841427806443,-3504.0000000000014,           651P   6029
-173.00942206255615,6853.241162156133,-3504.000000000001,            651P   6030
-176.00068895439114,6863.641040127566,-3504.000000000001,            651P   6031
-178.77085063924827,6874.041026244489,-3504.,                        651P   6032
-181.33722291262538,6884.441085030654,-3504.0000000000005,           651P   6033
-183.71712157002037,6898.055421093366,-3504.000000000001,            651P   6034
-186.83239102369888,6911.669812026223,-3503.999999999999,            651P   6035
-189.6273433213192,6925.285975900863,-3503.999999999999,             651P   6036
-192.13998148301727,6938.903876142142,-3504.0000000000005,           651P   6037
-194.40331826728388,6952.521721528127,-3504.,                        651P   6038
-196.44537617096483,6969.54415163517,-3503.999999999998,             651P   6039
-198.99797482402985,6986.567501305086,-3504.0000000000036,           651P   6040
-201.20503930624656,7003.588743279799,-3504.000000000003,            651P   6041
-203.12140140680242,7020.607277843964,-3503.9999999999973,           651P   6042
-204.79113888661428,7037.624932824956,-3504.0000000000005,           651P   6043
-206.2475754783285,7061.91186003529,-3503.999999999992,              651P   6044
-208.32619428019134,7086.198787310589,-3504.000000000044,            651P   6045
-209.97076002394058,7110.481072896432,-3503.999999999895,            651P   6046
-211.2775387273857,7134.76026429425,-3504.00000000013,               651P   6047
-212.31142550381867,7159.038596457533,-3504.,-213.1189422008123,     651P   6048
7189.386511661819,-3504.000000000007,-214.12833807206167,            651P   6049
7219.733084312747,-3503.9999999999905,-214.78403069421105,           651P   6050
7250.0826795555595,-3504.0000000000055,-215.1768830508641,           651P   6051
7280.441340888892,-3504.0000000000014,-215.35290152000022,           651P   6052
7310.8,-3504.,-215.35290152,0.,11.,0.,0.,0.,0,0;                     651P   6053
102,5,643,645,647,649,651;                                           653P   6054
142,0,629,641,653,1,0,0;                                             655P   6055
406,1,7Hnacelle;                                                     657P   6056
144,629,1,0,655,0,1,657;                                             659P   6057
128,20,5,5,5,0,0,0,0,0,0.,0.,0.,0.,0.,0.,70.91149956,                661P   6058
70.91149956,70.91149956,119.5156581,119.5156581,119.5156581,         661P   6059
161.1251982,161.1251982,161.1251982,187.3142551,187.3142551,         661P   6060
187.3142551,236.233223,236.233223,236.233223,283.5712871,            661P   6061
283.5712871,283.5712871,283.5712871,283.5712871,283.5712871,0.,      661P   6062
0.,0.,0.,0.,0.,102.3132198,102.3132198,102.3132198,102.3132198,      661P   6063
102.3132198,102.3132198,1.,1.,1.,1.,1.,1.,1.,1.,1.,1.,1.,1.,1.,      661P   6064
1.,1.,1.,1.,1.,1.,1.,1.,1.070208209,1.069590526,1.068806959,         661P   6065
1.06778849,1.065508611,1.061285076,1.059121914,1.053921074,          661P   6066
1.045898386,1.041529808,1.033280131,1.023749794,1.019913866,         661P   6067
1.008629979,0.9967790533,0.9890485676,0.9740003177,0.9594605519,     661P   6068
0.9525487892,0.9457376058,0.9391036258,1.108393058,1.107412327,      661P   6069
1.106168801,1.104554086,1.100939815,1.094272012,1.0908622,           661P   6070
1.082680313,1.070150355,1.063350378,1.050578706,1.035964113,         661P   6071
1.030104311,1.012937741,0.9951181034,0.9835923667,0.9613375359,      661P   6072
0.9401706121,0.9301862268,0.9204191572,0.9109731689,1.108393058,     661P   6073
1.107412327,1.106168801,1.104554086,1.100939815,1.094272012,         661P   6074
1.0908622,1.082680313,1.070150355,1.063350378,1.050578706,           661P   6075
1.035964113,1.030104311,1.012937741,0.9951181034,0.9835923667,       661P   6076
0.9613375359,0.9401706121,0.9301862268,0.9204191572,                 661P   6077
0.9109731689,1.070208209,1.069590526,1.068806959,1.06778849,         661P   6078
1.065508611,1.061285076,1.059121914,1.053921074,1.045898386,         661P   6079
1.041529808,1.033280131,1.023749794,1.019913866,1.008629979,         661P   6080
0.9967790533,0.9890485676,0.9740003177,0.9594605519,                 661P   6081
0.9525487892,0.9457376058,0.9391036258,1.,1.,1.,1.,1.,1.,1.,1.,      661P   6082
1.,1.,1.,1.,1.,1.,1.,1.,1.,1.,1.,1.,1.,8819.73,-3504.,               661P   6083
962.0282496,8933.1884,-3504.,935.6733656,9046.646808,-3504.,         661P   6084
907.1026424,9159.682472,-3504.,876.4090224,9350.907528,-3504.,       661P   6085
820.600096,9542.132576,-3504.,757.85945304,9620.538032,-3504.,       661P   6086
730.93135808,9764.879944,-3504.,679.03514592,9909.221864,-3504.,     661P   6087
622.55074976,9975.228608,-3504.,595.70383616,10083.70636,-3504.,     661P   6088
549.80214152,10192.18412,-3504.,500.73494536,10234.13752,-3504.,     661P   6089
481.26114536,10354.31036,-3504.,423.9733296,10474.4832,-3504.,       661P   6090
362.06603896,10552.753544,-3504.,319.53911032,10706.764792,          661P   6091
-3504.,230.9119256,10860.776048,-3504.,130.0485196,10935.725296,     661P   6092
-3504.,77.375116976,11011.466184,-3504.,19.959745024,                661P   6093
11087.207088,-3504.,-44.472751784,8819.73,-3761.4826992,             661P   6094
962.0282496,8933.25392,-3761.180868,935.6581456,9046.780392,         661P   6095
-3759.7973912,907.0687128,9159.86172,-3757.3224384,876.3604216,      661P   6096
9351.316368,-3751.2166664,820.4697104,9542.333144,-3741.5548152,     661P   6097
757.79254472,9620.816568,-3736.947628,730.83381848,9765.464784,      661P   6098
-3727.1205168,678.8129692,9909.59428,-3714.747916,622.40383256,      661P   6099
9975.69864,-3708.4995568,595.50851096,10084.324888,                  661P   6100
-3697.3847432,549.52761104,10192.414048,-3685.2410864,               661P   6101
500.6302332,10234.378568,-3680.3898096,481.14737072,10355.20768,     661P   6102
-3666.1141232,423.537018,10475.401784,-3651.2252152,                 661P   6103
361.58599288,10553.666568,-3641.3989976,319.02540784,                661P   6104
10708.226328,-3621.9259808,230.01171048,10861.617896,                661P   6105
-3602.7487208,129.48574072,10936.544712,-3593.4844808,               661P   6106
76.777088864,11011.99748,-3584.3067736,19.50777624,11087.207088,     661P   6107
-3575.3529368,-44.472751784,8819.73,-3919.6140288,925.7874144,       661P   6108
8933.28888,-3919.3723888,900.0723032,9046.851616,-3917.450004,       661P   6109
872.124256,9159.957672,-3913.8534952,842.0371096,9351.53276,         661P   6110
-3904.8711896,787.15507056,9542.439584,-3890.8102576,                661P   6111
725.52668056,9620.964416,-3884.1361824,698.96381568,9765.771224,     661P   6112
-3870.0549288,647.60815936,9909.789936,-3852.6903352,                661P   6113
591.92003616,9975.943,-3843.974224,565.30562264,10084.64168,         661P   6114
-3828.5123792,519.81402784,10192.532192,-3811.5543416,               661P   6115
471.68633864,10234.501136,-3804.7350816,452.5002848,                 661P   6116
10355.665672,-3784.47938,395.73173736,10475.863408,-3762.917784,     661P   6117
335.2641508,10554.114752,-3748.3976408,293.97453472,                 661P   6118
10708.937408,-3718.9056824,208.08017168,10862.02336,                 661P   6119
-3688.5282336,113.02784184,10936.931304,-3673.439852,                661P   6120
63.541654296,11012.243496,-3658.1006552,10.36412828,                 661P   6121
11087.207088,-3642.7138608,-48.171842696,8819.73,-4010.5845024,      661P   6122
846.9447344,8933.28888,-4010.4880552,822.728252,9046.851616,         661P   6123
-4008.3967872,796.2657584,9159.957672,-4004.3364432,767.6330108,     661P   6124
9351.53276,-3994.1048176,715.22584352,9542.439584,-3978.2141344,     661P   6125
656.13116392,9620.964416,-3970.7090768,630.62929136,9765.771224,     661P   6126
-3955.0329328,581.25122592,9909.789936,-3936.0425624,                661P   6127
527.62486952,9975.943,-3926.5863824,501.987266,10084.64168,          661P   6128
-3909.8798944,458.22271,10192.532192,-3891.5056656,412.19692864,     661P   6129
10234.501136,-3884.0953832,393.90575728,10355.665672,                661P   6130
-3861.977992,340.001652,10475.863408,-3838.0296168,283.35330416,     661P   6131
10554.114752,-3821.6480952,245.10846432,10708.937408,                661P   6132
-3787.7802744,166.60029976,10862.02336,-3751.5757336,82.3755836,     661P   6133
10936.931304,-3733.2400032,39.27050712,11012.243496,                 661P   6134
-3714.2171488,-6.205145652,11087.207088,-3694.7260088,               661P   6135
-55.006871472,8819.73,-4052.4,709.89479672,8933.25392,-4052.4,       661P   6136
688.45642856,9046.780392,-4050.2704568,664.78795024,9159.86172,      661P   6137
-4046.0474352,638.94415384,9351.316368,-4035.36306,591.429126,       661P   6138
9542.333144,-4018.8168616,537.65803544,9620.816568,                  661P   6139
-4011.0338288,514.49137856,9765.464784,-3994.8815824,                661P   6140
469.73008088,9909.59428,-3975.486752,421.2813016,9975.69864,         661P   6141
-3965.8943984,398.2314624,10084.324888,-3948.9971608,                661P   6142
359.07616664,10192.414048,-3930.35148,318.25384088,10234.378568,     661P   6143
-3922.8367072,302.14384696,10355.20768,-3900.41102,255.06747392,     661P   6144
10475.401784,-3875.846488,206.36905976,10553.666568,                 661P   6145
-3858.898912,173.9584536,10708.226328,-3823.5782784,108.6349984,     661P   6146
10861.617896,-3784.9091624,40.978762784,10936.544712,                661P   6147
-3765.156968,7.1709555152,11011.99748,-3744.4075488,                 661P   6148
-27.696412128,11087.207088,-3722.87478,-63.858916152,8819.73,        661P   6149
-4052.4,486.7385872,8933.1884,-4052.4,470.16784992,9046.646808,      661P   6150
-4050.2732576,451.46887496,9159.682472,-4046.0530392,                661P   6151
430.69074272,9350.907528,-4035.3936096,392.27402,9542.132576,        661P   6152
-4018.8342008,349.1078224,9620.538032,-4011.0625264,330.701758,      661P   6153
9764.879944,-3994.9550264,295.68429072,9909.221864,                  661P   6154
-3975.5374904,258.83705192,9975.228608,-3965.965296,241.650188,      661P   6155
10083.70636,-3949.1007648,212.91894552,10192.18412,                  661P   6156
-3930.3915456,183.48491424,10234.13752,-3922.8808768,                661P   6157
172.00501952,10354.31036,-3900.58168,138.86723328,10474.4832,        661P   6158
-3876.0374536,105.05533272,10552.753544,-3859.1040104,               661P   6159
82.7907324,10706.764792,-3823.929708,38.56872352,10860.776048,       661P   6160
-3785.1247224,-6.3627257416,10935.725296,-3765.3793568,              661P   6161
-28.374209144,11011.466184,-3744.55966,-50.74736396,                 661P   6162
11087.207088,-3722.87478,-73.235559824,0.,283.5712871,0.,            661P   6163
102.3132198;                                                         661P   6164
126,50,5,0,0,1,0,0.,0.,0.,0.,0.,0.,21.306873800000005,               663P   6165
21.306873800000005,21.306873800000005,39.15286710000001,             663P   6166
39.15286710000001,39.15286710000001,52.912817000000004,              663P   6167
52.912817000000004,52.912817000000004,66.8053624,66.8053624,         663P   6168
66.8053624,77.31005178000001,77.31005178000001,                      663P   6169
77.31005178000001,88.06070902,88.06070902,88.06070902,               663P   6170
91.11436778000001,91.11436778000001,91.11436778000001,               663P   6171
94.17949565,94.17949565,94.17949565,103.96786919,103.96786919,       663P   6172
103.96786919,115.87905062,115.87905062,115.87905062,                 663P   6173
131.76940843,131.76940843,131.76940843,138.38880752,                 663P   6174
138.38880752,138.38880752,145.87576513,145.87576513,                 663P   6175
145.87576513,159.25365296,159.25365296,159.25365296,                 663P   6176
161.69014068,161.69014068,161.69014068,177.0397681,177.0397681,      663P   6177
177.0397681,177.0397681,177.0397681,177.0397681,1.,1.,1.,1.,1.,      663P   6178
1.,1.,1.,1.,1.,1.,1.,1.,1.,1.,1.,1.,1.,1.,1.,1.,1.,1.,1.,1.,1.,      663P   6179
1.,1.,1.,1.,1.,1.,1.,1.,1.,1.,1.,1.,1.,1.,1.,1.,1.,1.,1.,1.,1.,      663P   6180
1.,1.,1.,1.,281.9718353,0.,0.,282.0268166,3.924857687,0.,            663P   6181
282.0486934,7.849024984,0.,282.03742830000004,11.77338482,0.,        663P   6182
281.9520785,18.99744588,0.,281.7289344,26.24809699,0.,               663P   6183
281.5952026,29.56020832,0.,281.2927368,35.44014377,0.,               663P   6184
280.8446505,41.34218469000001,0.,280.6176069,43.91561255,0.,         663P   6185
280.0854021,49.0912517,0.,279.3634882,54.25941752,0.,                663P   6186
278.9433328,56.8509312,0.,278.0818636,61.37608148,0.,                663P   6187
276.9477297,65.80761483,0.,276.4011411,67.69171856,0.,               663P   6188
275.1592428,71.43012908,0.,273.6157214,74.95977974,0.,               663P   6189
272.7517324,76.67431362,0.,271.5313394,78.76318334,0.,               663P   6190
270.1817141,80.68789866,0.,269.8766062,81.10592707,0.,               663P   6191
269.2540913,81.92554708,0.,268.6086334,82.7108259,0.,                663P   6192
268.2793886,83.09593057,0.,266.8783967,84.67213207,0.,               663P   6193
265.3899147,86.09508521,0.,264.2138215,87.0918648,0.,261.534091,     663P   6194
89.12482778,0.,258.7208453,90.80865695,0.,257.1467848,91.643197,     663P   6195
0.,253.42329180000002,93.41362609,0.,249.6069984,94.83193413,0.,     663P   6196
247.4078316,95.55370237,0.,244.2747634,96.4750211,0.,                663P   6197
241.12754209999997,97.27791253,0.,240.2010131,97.50472115,0.,        663P   6198
238.2255802,97.96973258,0.,236.2484123,98.39890331,0.,               663P   6199
235.197905,98.61774466,0.,232.2730698,99.20393414,0.,                663P   6200
229.3500787,99.73120711,0.,227.477265,100.0491933,0.,225.265614,     663P   6201
100.4047201,0.,223.0533426,100.739446,0.,222.7124784,                663P   6202
100.79053640000001,0.,220.2238515,101.1600857,0.,217.7326237,        663P   6203
101.50536060000002,0.,215.5808513,101.7879722,0.,213.4278629,        663P   6204
102.0568194,0.,211.2736098,102.3132198,0.,0.,177.0397681,0.,0.,      663P   6205
0.,0,0;                                                              663P   6206
126,1,1,0,0,1,0,0.,0.,211.2736098,211.2736098,1.,1.,211.2736098,     665P   6207
102.3132198,0.,0.,102.3132198,0.,0.,211.2736098,0.,0.,0.,0,0;        665P   6208
126,1,1,0,0,1,0,0.,0.,102.3132198,102.3132198,1.,1.,0.,              667P   6209
102.3132198,0.,0.,0.,0.,0.,102.3132198,0.,0.,0.,0,0;                 667P   6210
126,1,1,0,0,1,0,0.,0.,281.9718353,281.9718353,1.,1.,0.,0.,0.,        669P   6211
281.9718353,0.,0.,0.,281.9718353,0.,0.,0.,0,0;                       669P   6212
102,4,663,665,667,669;                                               671P   6213
126,85,5,0,0,1,0,0.,0.,0.,0.,0.,0.,1.,1.,1.,1.,1.,2.,2.,2.,2.,       673P   6214
2.,3.,3.,3.,3.,3.,4.,4.,4.,4.,4.,5.,5.,5.,5.,5.,6.,6.,6.,6.,6.,      673P   6215
7.,7.,7.,7.,7.,8.,8.,8.,8.,8.,9.,9.,9.,9.,9.,10.,10.,10.,10.,        673P   6216
10.,11.,11.,11.,11.,11.,12.,12.,12.,12.,12.,13.,13.,13.,13.,13.,     673P   6217
14.,14.,14.,14.,14.,15.,15.,15.,15.,15.,16.,16.,16.,16.,16.,17.,     673P   6218
17.,17.,17.,17.,17.,1.,1.,1.,1.,1.,1.,1.,1.,1.,1.,1.,1.,1.,1.,       673P   6219
1.,1.,1.,1.,1.,1.,1.,1.,1.,1.,1.,1.,1.,1.,1.,1.,1.,1.,1.,1.,1.,      673P   6220
1.,1.,1.,1.,1.,1.,1.,1.,1.,1.,1.,1.,1.,1.,1.,1.,1.,1.,1.,1.,1.,      673P   6221
1.,1.,1.,1.,1.,1.,1.,1.,1.,1.,1.,1.,1.,1.,1.,1.,1.,1.,1.,1.,1.,      673P   6222
1.,1.,1.,1.,1.,1.,1.,1.,1.,11074.411763624561,-3504.,                673P   6223
-33.66680667345175,11074.851587002582,-3517.1429861173074,           673P   6224
-34.03557410110023,11075.026593536548,-3530.3386997352322,           673P   6225
-34.336222433919275,11074.936479868238,-3543.5192700585767,          673P   6226
-34.56730881304216,11074.564925833949,-3556.6227720203265,           673P   6227
-34.72335638006095,11073.866940158787,-3569.567018178089,            673P   6228
-34.791028387580994,11073.282328606185,-3580.4087541938097,          673P   6229
-34.84773258828144,11072.468717371235,-3591.1387730960596,           673P   6230
-34.84235805282961,11071.398963235244,-3601.7132791296112,           673P   6231
-34.76720154555166,11070.03283586385,-3612.08402218103,              673P   6232
-34.610935791908986,11068.295406562334,-3622.209968478323,           673P   6233
-34.353291122723604,11066.955781716788,-3630.017478018389,           673P   6234
-34.15466241141867,11065.395417405896,-3637.679460831941,            673P   6235
-33.89577988697354,11063.579432279239,-3645.1778499752368,           673P   6236
-33.56743223640197,11061.461328251646,-3652.4935157622867,           673P   6237
-33.157326400705294,11058.967709843086,-3659.615870313182,           673P   6238
-32.64650799097319,11056.450589847977,-3666.805905909052,            673P   6239
-32.130857246453694,11053.548990504325,-3673.801984983919,           673P   6240
-31.512345817274944,11050.190284056911,-3680.5886798665647,          673P   6241
-30.771982152734424,11046.26750181857,-3687.1605554548782,           673P   6242
-29.882762648137764,11041.639334170184,-3693.522169215855,           673P   6243
-28.809671644798726,11038.139698649824,-3698.3325891218433,          673P   6244
-27.9982264144055,11034.236382262468,-3703.0235765748535,            673P   6245
-27.081686334201642,11029.867910921765,-3707.5984908841288,          673P   6246
-26.044665954487783,11024.96342757675,-3712.059620678002,            673P   6247
-24.869929250057332,11019.4715846779,-3716.414461118983,             673P   6248
-23.546040842268482,11013.85114814958,-3720.87123481779,             673P   6249
-22.191126545301742,11007.61553033886,-3725.2166631039245,           673P   6250
-20.679930315281144,11000.716250515768,-3729.4532447311976,          673P   6251
-19.00141027424037,10993.129072697231,-3733.593518813689,            673P   6252
-17.15186287587917,10984.918911607754,-3737.63803849472,             673P   6253
-15.14950130408398,10982.587221719772,-3738.786710465712,            673P   6254
-14.580828402142545,10980.203674190307,-3739.9283192226403,          673P   6255
-13.999433698293934,10977.770834919986,-3741.062508988342,           673P   6256
-13.406002468974068,10975.291269809439,-3742.1889239856555,          673P   6257
-12.80121999061886,10972.76754475929,-3743.3072084374176,            673P   6258
-12.185771539664222,10970.23441950595,-3744.4297389408694,           673P   6259
-11.56801733940329,10967.654071364814,-3745.545364155446,            673P   6260
-10.938835688283211,10965.029564424998,-3746.6537847063387,          673P   6261
-10.299028737320109,10962.363962775615,-3747.7547012187415,          673P   6262
-9.649398637530114,10959.660330505774,-3748.847814317846,            673P   6263
-8.990747539929353,10951.025288262948,-3752.339199796814,            673P   6264
-6.887072049273421,10941.987820456567,-3755.7577530576636,           673P   6265
-4.687716864272822,10932.613143986566,-3759.1106386477413,           673P   6266
-2.410257470284679,10922.979440027817,-3762.4015025913777,           673P   6267
-0.07480022340185359,10913.129966224713,-3765.6383128316934,         673P   6268
2.3073843869655453,10901.145202790445,-3769.5766520640273,           673P   6269
5.206047690839709,10888.838474170081,-3773.436474812184,             673P   6270
8.174350702856369,10876.296902167878,-3777.2279498923926,            673P   6271
11.190086940684154,10863.581508966106,-3780.9591733873513,           673P   6272
14.237603140796109,10850.72721712504,-3784.6361686462246,            673P   6273
17.307799258469686,10833.578426703907,-3789.5416726445164,           673P   6274
21.403725336528737,10816.180694182363,-3794.351643298664,            673P   6275
25.540423351466558,10798.628826193135,-3799.0786516348244,           673P   6276
29.693477362798088,10780.962660655045,-3803.7301252389248,           673P   6277
33.85170268057082,10763.228838298905,-3808.307313050492,             673P   6278
38.00169979442724,10755.841594594074,-3810.213961464746,             673P   6279
39.73044042137472,10748.442204512128,-3812.107866201774,             673P   6280
41.45786354004943,10741.033684644066,-3813.989015340415,             673P   6281
43.183093845668424,10733.619051580894,-3815.8573969595072,           673P   6282
44.90525603344878,10726.20132191361,-3817.7129991378874,             673P   6283
46.623474798607596,10722.776750285337,-3818.569468251619,            673P   6284
47.417736301297005,10719.373756325802,-3819.417964268411,            673P   6285
48.20410510532433,10715.992340035004,-3820.258487188264,             673P   6286
48.98258121068959,10712.632501412943,-3821.091037011178,             673P   6287
49.75316461739275,10709.294240459616,-3821.915613737152,             673P   6288
50.51585532543382,10704.199384812273,-3823.172635192911,             673P   6289
51.699768440024805,10699.168875867546,-3824.4083229431885,           673P   6290
52.86092943526628,10694.1784949947,-3825.6286705580674,              673P   6291
54.00709805392886,10689.204023562996,-3826.8396716076313,            673P   6292
55.14603403878314,10684.221242941701,-3828.0473196619646,            673P   6293
56.28549713259975,10669.223047410975,-3831.682278908355,             673P   6294
59.714336817530025,10654.227989783725,-3835.2674179836176,           673P   6295
63.12118697387784,10639.247292854863,-3838.8031546574093,            673P   6296
66.50188711148367,10624.279112897793,-3842.2920802679823,            673P   6297
69.855980646696,10609.308539664404,-3845.7389597221872,              673P   6298
73.18671490237128,10606.582025779842,-3846.3667164677704,            673P   6299
73.79332413316787,10603.855246363291,-3846.993131786209,             673P   6300
74.39920150672073,10601.128201414747,-3847.6182056775033,            673P   6301
75.00434702302982,10598.400890934212,-3848.2419381416535,            673P   6302
75.60876068209518,10595.673314921687,-3848.864329178659,             673P   6303
76.21244248391676,10578.489485222924,-3852.7854538067277,            673P   6304
80.01569662130608,10561.289051570497,-3856.65521454385,              673P   6305
83.79121736628727,10544.075548087389,-3860.4742924060856,            673P   6306
87.53797895480079,10526.851282825923,-3864.2432890591926,            673P   6307
91.25603865197758,10509.617337767748,-3867.9627268186223,            673P   6308
94.9465367521391,0.,17.,0.,0.,0.,0,0;                                673P   6309
126,40,5,0,0,1,0,0.,0.,0.,0.,0.,0.,1.,1.,1.,1.,1.,2.,2.,2.,2.,       675P   6310
2.,3.,3.,3.,3.,3.,4.,4.,4.,4.,4.,5.,5.,5.,5.,5.,6.,6.,6.,6.,6.,      675P   6311
7.,7.,7.,7.,7.,8.,8.,8.,8.,8.,8.,1.,1.,1.,1.,1.,1.,1.,1.,1.,1.,      675P   6312
1.,1.,1.,1.,1.,1.,1.,1.,1.,1.,1.,1.,1.,1.,1.,1.,1.,1.,1.,1.,1.,      675P   6313
1.,1.,1.,1.,1.,1.,1.,1.,1.,1.,10509.617337767748,                    675P   6314
-3867.9627268186223,94.9465367521391,10471.282371221063,             675P   6315
-3876.2362047070774,105.83846269171266,10432.947404627914,           675P   6316
-3884.2829580100106,116.67539895819688,10394.612437529364,           675P   6317
-3892.1024138725743,127.45337545496625,10356.277469931048,           675P   6318
-3899.693995684899,138.16785799681378,10317.94250230316,             675P   6319
-3907.0571230820897,148.81374830995097,10276.048810026832,           675P   6320
-3915.1039016211316,160.44796114495034,10234.123944592477,           675P   6321
-3922.883307121371,172.00872645283687,10192.194678650287,            675P   6322
-3930.3896553500444,183.48203107001518,10150.277604762907,           675P   6323
-3937.6192117953533,194.8557098127942,10108.37913540542,             675P   6324
-3944.5701916664652,206.1194454773868,10075.090570461987,            675P   6325
-3950.0928059618814,215.06855112712944,10041.80747599263,            675P   6326
-3955.440924071435,223.9500556835121,10008.582207463955,             675P   6327
-3960.606866548609,232.74614863729735,9975.409253423195,             675P   6328
-3965.591194147396,241.4535786110091,9942.225235498196,              675P   6329
-3970.402707822295,250.08365335893245,9909.04326871849,              675P   6330
-3975.2139240569704,258.71319419656913,9875.866771528694,            675P   6331
-3979.8499288192825,267.2610761679227,9842.641502476568,             675P   6332
-3984.3181981027337,275.7362286996373,9809.361950589522,             675P   6333
-3988.6189902230076,284.1343931943015,9776.071335374601,             675P   6334
-3992.745345817969,292.438123030448,9740.729461001272,               675P   6335
-3997.1260739715512,301.2535176413616,9705.36137857235,              675P   6336
-4001.310799100555,309.9655104739617,9669.963468502181,              675P   6337
-4005.2992066795446,318.56714622860926,9634.532111205113,            675P   6338
-4009.0909821830846,327.0514696056654,9599.06368709549,              675P   6339
-4012.685811085738,335.4115253054912,9556.52728096975,               675P   6340
-4016.9971336423605,345.4373862982619,9513.948722234363,             675P   6341
-4021.0239179738355,355.2814925076741,9471.439732130153,             675P   6342
-4024.754295055939,364.903325504293,9429.016417618861,               675P   6343
-4028.186137770749,374.2850768192113,9386.599271383144,              675P   6344
-4031.3270609066435,383.43164794404976,9334.233856790765,            675P   6345
-4035.204668753051,394.7234328683794,9281.868441598539,              675P   6346
-4038.639841064102,405.65905781482905,9229.54458785541,              675P   6347
-4041.6298950759838,416.2047556711591,9177.246310100485,             675P   6348
-4044.173876300786,426.33945235468883,9124.953196394192,             675P   6349
-4046.270837971938,436.0492152717434,9063.943559519827,              675P   6350
-4048.7173257808636,447.3773769564104,9002.946842896059,             675P   6351
-4050.5551794897615,458.126540874487,8941.910481830513,              675P   6352
-4051.7835483550643,468.276688541872,8880.826198109895,              675P   6353
-4052.399895917082,477.81554667683173,8819.73,-4052.4,               675P   6354
486.7385872,0.,8.,0.,0.,0.,0,0;                                      675P   6355
126,56,4,0,0,1,0,0.,0.,0.,0.,0.,1.,1.,1.,1.,2.,2.,2.,2.,3.,3.,       677P   6356
3.,3.,4.,4.,4.,4.,5.,5.,5.,5.,6.,6.,6.,6.,7.,7.,7.,7.,8.,8.,8.,      677P   6357
8.,9.,9.,9.,9.,10.,10.,10.,10.,11.,11.,11.,11.,12.,12.,12.,12.,      677P   6358
13.,13.,13.,13.,14.,14.,14.,14.,14.,1.,1.,1.,1.,1.,1.,1.,1.,1.,      677P   6359
1.,1.,1.,1.,1.,1.,1.,1.,1.,1.,1.,1.,1.,1.,1.,1.,1.,1.,1.,1.,1.,      677P   6360
1.,1.,1.,1.,1.,1.,1.,1.,1.,1.,1.,1.,1.,1.,1.,1.,1.,1.,1.,1.,1.,      677P   6361
1.,1.,1.,1.,1.,1.,8819.73,-4052.4,486.7385872,8819.730000000003,     677P   6362
-4052.3999253682764,501.2501972788307,8819.730000000003,             677P   6363
-4052.217549999078,515.2887216635795,8819.730000000003,              677P   6364
-4051.854682197792,528.8770877748993,8819.73,-4051.313130269807,     677P   6365
542.0382230334432,8819.73,-4050.6941081048085,557.0791966838325,     677P   6366
8819.730000000003,-4049.8417578545395,571.5622798523027,             677P   6367
8819.730000000005,-4048.7573822391864,585.5173973958629,             677P   6368
8819.729999999998,-4047.4422839789345,598.9744741715223,             677P   6369
8819.729999999994,-4046.4558531233065,609.0669749696933,8819.73,     677P   6370
-4045.339534055102,618.8789982871373,8819.730000000005,              677P   6371
-4044.09329889438,628.4215437884859,8819.73,-4042.7171197612,        677P   6372
637.7056111383712,8819.730000000003,-4041.111482559493,              677P   6373
648.5367859328971,8819.729999999998,-4039.329052442057,              677P   6374
659.0163020067821,8819.729999999994,-4037.368962376004,              677P   6375
669.1595408052419,8819.729999999998,-4035.2303453284453,             677P   6376
678.9818837734921,8819.730000000001,-4029.119935092852,              677P   6377
707.045121870066,8819.729999999994,-4021.550906015568,               677P   6378
732.4876226537104,8819.730000000005,-4012.494178752589,              677P   6379
755.6411832068454,8819.73,-4001.864299672205,776.7340161155709,      677P   6380
8819.729999999952,-3995.48637682499,789.3897392961602,               677P   6381
8819.730000000029,-3988.542059985823,801.3039081459273,              677P   6382
8819.729999999996,-3981.0129314917876,812.5260927767561,8819.73,     677P   6383
-3972.8726160283973,823.0955596467666,8819.729999999994,             677P   6384
-3963.375585308507,835.426600510548,8819.730000000007,               677P   6385
-3953.046608536872,846.8693014811255,8819.729999999992,              677P   6386
-3941.843926012194,857.4859267413398,8819.730000000001,              677P   6387
-3929.709392214457,867.3224760700201,8819.729999999998,              677P   6388
-3915.841367597791,878.5642523244252,8819.729999999994,              677P   6389
-3900.7559213131253,888.7873844557616,8819.730000000009,             677P   6390
-3884.366528051583,898.0606629674139,8819.729999999998,              677P   6391
-3866.552650611035,906.4297215848363,8819.72999999998,               677P   6392
-3846.512147203369,915.8449091276285,8819.730000000021,              677P   6393
-3824.667811496275,924.1159100640365,8819.729999999994,              677P   6394
-3800.849330283512,931.3078031107402,8819.73,-3774.814715258962,     677P   6395
937.4530068596404,8819.730000000014,-3760.351014264115,              677P   6396
940.8670132993306,8819.729999999981,-3745.2031140330228,             677P   6397
943.9579818871757,8819.730000000003,-3729.3293713605553,             677P   6398
946.7315054845777,8819.73,-3712.6793960089926,949.1901575930275,     677P   6399
8819.730000000007,-3702.6893367823945,950.6653268355644,             677P   6400
8819.730000000003,-3692.4200856035977,952.0272227879543,             677P   6401
8819.729999999994,-3681.8600928146275,953.276203324448,              677P   6402
8819.729999999994,-3670.9978087575096,954.4126263192968,             677P   6403
8819.730000000001,-3660.135370791964,955.5490046919597,              677P   6404
8819.730000000003,-3648.970665801088,956.5728270851216,              677P   6405
8819.730000000003,-3637.4907598564046,957.4840499870812,8819.73,     677P   6406
-3625.682719029434,958.2826298861374,8819.73,-3611.906339940994,     677P   6407
959.2142198796955,8819.73,-3597.6836565764825,959.9925659736477,     677P   6408
8819.73,-3582.9913184076468,960.6168557202533,8819.730000000001,     677P   6409
-3567.805974906233,961.0862766717709,8819.729999999996,              677P   6410
-3552.6202300399755,961.5556012132311,8819.729999999996,             677P   6411
-3536.9417932666,961.8701230669543,8819.729999999996,                677P   6412
-3520.7439535864823,962.0282149551431,8819.73,-3504.,                677P   6413
962.0282496,0.,14.,0.,0.,0.,0,0;                                     677P   6414
126,60,5,0,0,1,0,0.,0.,0.,0.,0.,0.,1.,1.,1.,1.,1.,2.,2.,2.,2.,       679P   6415
2.,3.,3.,3.,3.,3.,4.,4.,4.,4.,4.,5.,5.,5.,5.,5.,6.,6.,6.,6.,6.,      679P   6416
7.,7.,7.,7.,7.,8.,8.,8.,8.,8.,9.,9.,9.,9.,9.,10.,10.,10.,10.,        679P   6417
10.,11.,11.,11.,11.,11.,12.,12.,12.,12.,12.,12.,1.,1.,1.,1.,1.,      679P   6418
1.,1.,1.,1.,1.,1.,1.,1.,1.,1.,1.,1.,1.,1.,1.,1.,1.,1.,1.,1.,1.,      679P   6419
1.,1.,1.,1.,1.,1.,1.,1.,1.,1.,1.,1.,1.,1.,1.,1.,1.,1.,1.,1.,1.,      679P   6420
1.,1.,1.,1.,1.,1.,1.,1.,1.,1.,1.,1.,1.,1.,8819.73,-3504.,            679P   6421
962.0282496,8872.098366552987,-3503.999999999975,                    679P   6422
949.8636839449198,8924.458323980216,-3504.000000000003,              679P   6423
937.2293083689456,8976.785868496523,-3504.0000000000123,             679P   6424
924.1296610002383,9029.082671756336,-3503.9999999999936,             679P   6425
910.559968375764,9081.376080853659,-3504.0000000000005,              679P   6426
896.5061454412936,9142.385718047903,-3503.9999999999973,             679P   6427
880.1098458241462,9203.382433882332,-3504.000000000001,              679P   6428
863.0567655948541,9264.418792904211,-3504.000000000002,              679P   6429
845.3221444700808,9325.503074197555,-3503.9999999999995,             679P   6430
826.888031438831,9386.599271383144,-3504.0000000000005,              679P   6431
807.7432847624508,9421.941145822604,-3504.000000000002,              679P   6432
796.6688008564879,9457.309228482449,-3504.,785.3486983564408,        679P   6433
9492.7071388307,-3503.999999999998,773.776844370813,                 679P   6434
9528.138496335378,-3503.9999999999977,761.9471060081083,             679P   6435
9563.606920464501,-3504.,749.8533503768299,9606.143326648402,        679P   6436
-3503.9999999999973,735.3494805065279,9648.72188527009,              679P   6437
-3503.9999999999973,720.4685371287139,9691.230875057481,             679P   6438
-3504.0000000000005,705.2394674540776,9733.654189205206,             679P   6439
-3504.0000000000036,689.6565950210944,9776.071335374601,-3504.,      679P   6440
673.6796196960245,9809.359899444236,-3503.9999999999955,             679P   6441
661.1410449940735,9842.642994218602,-3504.000000000001,              679P   6442
648.3606530935322,9875.868263270724,-3504.0000000000027,             679P   6443
635.3536201860675,9909.041217573198,-3503.9999999999986,             679P   6444
622.1102796209984,9942.225235498196,-3504.,608.5961219052963,        679P   6445
9975.4072022779,-3504.0000000000023,595.0827894533512,               679P   6446
10008.58369920597,-3503.999999999997,581.3052919768234,              679P   6447
10041.80896773465,-3503.999999999998,567.2327961576048,              679P   6448
10075.08851931671,-3504.000000000005,552.8525145426673,              679P   6449
10108.37913540542,-3504.,538.169705544064,10150.281627105858,        679P   6450
-3503.9999999999986,519.6884878965469,10192.184120000045,            679P   6451
-3504.000000000011,500.7349453600006,10234.137519999942,             679P   6452
-3503.999999999983,481.2611453599986,10276.040011151601,             679P   6453
-3504.000000000007,461.2857316727089,10317.94250230316,-3504.,       679P   6454
440.7486758960696,10357.077676727375,-3504.000000000001,             679P   6455
421.56792463545617,10396.21285115157,-3503.9999999999995,            679P   6456
401.8972654014375,10435.348024969742,-3504.0000000000005,            679P   6457
381.7059279025768,10474.483198370199,-3504.0000000000005,            679P   6458
360.95923537134394,10513.618371663231,-3504.0000000000005,           679P   6459
339.6100191516213,10552.753544975625,-3503.9999999999955,            679P   6460
318.2610502483071,10591.888718111975,-3504.0000000000027,            679P   6461
296.3086814497869,10631.023891553534,-3504.000000000003,             679P   6462
273.7079275505251,10670.159065544833,-3503.999999999996,             679P   6463
250.3967325696892,10709.294240093677,-3503.999999999999,             679P   6464
226.2959697511501,10737.753821240343,-3503.9999999999823,            679P   6465
208.7695158435707,10766.213402660102,-3504.0000000000223,            679P   6466
190.82523212044129,10794.63098601065,-3503.9999999999877,            679P   6467
172.4572521663143,10823.011915061394,-3504.0000000000027,            679P   6468
153.62858458275971,10851.373298436944,-3504.0000000000005,           679P   6469
134.27829038429093,10883.786308008952,-3503.9999999999727,           679P   6470
112.16366844318735,10916.17378853581,-3504.0000000000164,            679P   6471
89.36773827035644,10948.561278255715,-3503.999999999997,             679P   6472
65.7995355493075,10980.994385729937,-3504.0000000000014,             679P   6473
41.327242437306886,11013.469426151256,-3504.0000000000005,           679P   6474
15.792181074839778,11025.64759488622,-3504.000000000002,             679P   6475
6.216527298768403,11037.831578997506,-3503.999999999998,             679P   6476
-3.5085618318585015,11050.02135420205,-3503.999999999999,            679P   6477
-13.391488397413479,11062.215612789973,-3504.000000000004,           679P   6478
-23.44112338199986,11074.411763624561,-3504.,-33.66680667345175,     679P   6479
0.,12.,0.,0.,0.,0,0;                                                 679P   6480
102,4,673,675,677,679;                                               681P   6481
142,0,661,671,681,1,0,0;                                             683P   6482
406,1,7Hnacelle;                                                     685P   6483
144,661,1,0,683,0,1,685;                                             687P   6484
128,8,5,5,5,0,0,0,0,0,0.,0.,0.,0.,0.,0.,104.8264474,104.8264474,     689P   6485
104.8264474,188.6808437,188.6808437,188.6808437,188.6808437,         689P   6486
188.6808437,188.6808437,0.,0.,0.,0.,0.,0.,102.3132198,               689P   6487
102.3132198,102.3132198,102.3132198,102.3132198,102.3132198,1.,      689P   6488
1.,1.,1.,1.,1.,1.,1.,1.,1.072870394,1.07286219,1.072817278,          689P   6489
1.072723927,1.072442217,1.071811492,1.071437229,1.070938631,         689P   6490
1.070208209,1.1126244,1.112611347,1.112539903,1.112391369,           689P   6491
1.111943147,1.110940212,1.110345279,1.109552795,1.108393058,         689P   6492
1.1126244,1.112611347,1.112539903,1.112391369,1.111943147,           689P   6493
1.110940212,1.110345279,1.109552795,1.108393058,1.072870394,         689P   6494
1.07286219,1.072817278,1.072723927,1.072442217,1.071811492,          689P   6495
1.071437229,1.070938631,1.070208209,1.,1.,1.,1.,1.,1.,1.,1.,1.,      689P   6496
7310.8,-3504.,1148.4,7478.522316,-3504.,1148.4,7646.244632,          689P   6497
-3504.,1141.3107464,7813.6498128,-3504.,1128.4240104,8115.53916,     689P   6498
-3504.,1095.5350784,8417.428512,-3504.,1046.2324664,8551.395928,     689P   6499
-3504.,1021.2602248,8685.562968,-3504.,993.193476,8819.73,           689P   6500
-3504.,962.0282496,7310.8,-3245.2221496,1148.4,7478.5235984,         689P   6501
-3245.2261256,1148.4,7646.2580648,-3245.2479264,1141.3103792,        689P   6502
7813.6780968,-3245.2931472,1128.4220048,8115.62616,-3245.429748,     689P   6503
1095.5224496,8417.485464,-3245.7360824,1046.223076,8551.475264,      689P   6504
-3245.9181024,1021.2453368,8685.654472,-3246.1608272,993.17222,      689P   6505
8819.73,-3246.5173008,962.0282496,7310.8,-3087.3508744,              689P   6506
1106.3534152,7478.524284,-3087.354048,1106.0905968,7646.2651848,     689P   6507
-3087.3713936,1099.1770536,7813.6932248,-3087.4075416,               689P   6508
1086.776744,8115.6726,-3087.516592,1055.1630224,8417.515872,         689P   6509
-3087.7612648,1007.5902768,8551.51768,-3087.9067248,983.4139488,     689P   6510
8685.7032,-3088.1007784,956.1374336,8819.73,-3088.3859712,           689P   6511
925.7874144,7310.8,-2997.0027616,1014.600368,7478.524284,            689P   6512
-2997.0040256,1013.764896,7646.2651848,-2997.0108776,                689P   6513
1007.2407256,7813.6932248,-2997.025336,995.917284,8115.6726,         689P   6514
-2997.068776,967.1507992,8417.515872,-2997.1662968,923.4008144,      689P   6515
8551.51768,-2997.224288,901.0134264,8685.7032,-2997.3016672,         689P   6516
875.5260104,8819.73,-2997.4154976,846.9447344,7310.8,-2955.6,        689P   6517
854.2741568,7478.5235984,-2955.6,852.4406296,7646.2580648,           689P   6518
-2955.599952,846.611084,7813.6780968,-2955.6,837.1994392,            689P   6519
8115.62616,-2955.6,813.498728,8417.485464,-2955.6,776.60207808,      689P   6520
8551.475264,-2955.5999976,757.44314728,8685.654472,-2955.6,          689P   6521
735.21422272,8819.73,-2955.6,709.89479672,7310.8,-2955.6,            689P   6522
591.47224912,7478.522316,-2955.6,588.00813432,7646.244632,           689P   6523
-2955.6,583.34674336,7813.6498128,-2955.6,577.1297304,               689P   6524
8115.53916,-2955.6,561.91023504,8417.428512,-2955.6,                 689P   6525
536.61263776,8551.395928,-2955.6,522.95311448,8685.562968,           689P   6526
-2955.6,506.33384576,8819.73,-2955.6,486.7385872,0.,188.6808437,     689P   6527
0.,102.3132198;                                                      689P   6528
126,1,1,0,0,1,0,0.,0.,102.3132198,102.3132198,1.,1.,188.6808437,     691P   6529
0.,0.,188.6808437,102.3132198,0.,0.,102.3132198,0.,0.,0.,0,0;        691P   6530
126,1,1,0,0,1,0,0.,0.,188.6808437,188.6808437,1.,1.,188.6808437,     693P   6531
102.3132198,0.,0.,102.3132198,0.,0.,188.6808437,0.,0.,0.,0,0;        693P   6532
126,1,1,0,0,1,0,0.,0.,102.3132198,102.3132198,1.,1.,0.,              695P   6533
102.3132198,0.,0.,0.,0.,0.,102.3132198,0.,0.,0.,0,0;                 695P   6534
126,1,1,0,0,1,0,0.,0.,188.6808437,188.6808437,1.,1.,0.,0.,0.,        697P   6535
188.6808437,0.,0.,0.,188.6808437,0.,0.,0.,0,0;                       697P   6536
102,4,691,693,695,697;                                               699P   6537
126,56,4,0,0,1,0,0.,0.,0.,0.,0.,1.,1.,1.,1.,2.,2.,2.,2.,3.,3.,       701P   6538
3.,3.,4.,4.,4.,4.,5.,5.,5.,5.,6.,6.,6.,6.,7.,7.,7.,7.,8.,8.,8.,      701P   6539
8.,9.,9.,9.,9.,10.,10.,10.,10.,11.,11.,11.,11.,12.,12.,12.,12.,      701P   6540
13.,13.,13.,13.,14.,14.,14.,14.,14.,1.,1.,1.,1.,1.,1.,1.,1.,1.,      701P   6541
1.,1.,1.,1.,1.,1.,1.,1.,1.,1.,1.,1.,1.,1.,1.,1.,1.,1.,1.,1.,1.,      701P   6542
1.,1.,1.,1.,1.,1.,1.,1.,1.,1.,1.,1.,1.,1.,1.,1.,1.,1.,1.,1.,1.,      701P   6543
1.,1.,1.,1.,1.,1.,8819.73,-3504.,962.0282496,8819.73,                701P   6544
-3487.2560464135163,962.0282149551437,8819.729999999998,             701P   6545
-3471.058206733398,961.8701230669545,8819.729999999996,              701P   6546
-3455.3797699600223,961.5556012132308,8819.730000000001,             701P   6547
-3440.194025093766,961.0862766717709,8819.729999999998,              701P   6548
-3425.008681592356,960.616855720253,8819.73,-3410.3163434235157,     701P   6549
959.9925659736475,8819.73,-3396.093660059001,959.2142198796954,      701P   6550
8819.73,-3382.317280970567,958.2826298861374,8819.73,                701P   6551
-3370.509240143596,957.4840499870807,8819.73,                        701P   6552
-3359.0293341989127,956.5728270851213,8819.729999999996,             701P   6553
-3347.8646292080366,955.5490046919597,8819.729999999996,             701P   6554
-3337.002191242488,954.4126263192968,8819.729999999998,              701P   6555
-3326.1399071853693,953.2762033244483,8819.73,                       701P   6556
-3315.5799143964014,952.0272227879543,8819.73,                       701P   6557
-3305.310663217607,950.6653268355643,8819.73,-3295.320603991007,     701P   6558
949.1901575930275,8819.73,-3278.670628639448,946.7315054845769,      701P   6559
8819.729999999972,-3262.7968859669645,943.957981887176,              701P   6560
8819.730000000032,-3247.6489857358997,940.8670132993315,8819.73,     701P   6561
-3233.1852847410373,937.4530068596404,8819.729999999994,             701P   6562
-3207.150669716483,931.30780311074,8819.730000000025,                701P   6563
-3183.3321885037426,924.1159100640369,8819.729999999976,             701P   6564
-3161.487852796617,915.8449091276284,8819.73,-3141.447349388964,     701P   6565
906.4297215848363,8819.730000000005,-3123.6334719484194,             701P   6566
898.0606629674131,8819.729999999998,-3107.2440786868797,             701P   6567
888.7873844557623,8819.729999999998,-3092.158632402203,              701P   6568
878.5642523244248,8819.730000000001,-3078.290607785544,              701P   6569
867.32247607002,8819.729999999992,-3066.156073987797,                701P   6570
857.4859267413392,8819.730000000007,-3054.9533914631334,             701P   6571
846.8693014811267,8819.729999999994,-3044.6244146914937,             701P   6572
835.4266005105471,8819.73,-3035.1273839716027,823.0955596467666,     701P   6573
8819.730000000007,-3026.987068508207,812.5260927767583,              701P   6574
8819.729999999965,-3019.457940014193,801.3039081459202,              701P   6575
8819.730000000047,-3012.5136231749884,789.3897392961685,8819.73,     701P   6576
-3006.135700327794,776.7340161155707,8819.730000000012,              701P   6577
-2995.5058212474196,755.6411832068467,8819.729999999985,             701P   6578
-2986.449093984423,732.4876226537083,8819.730000000001,              701P   6579
-2978.8800649071504,707.0451218700679,8819.729999999998,             701P   6580
-2972.7696546715542,678.9818837734922,8819.729999999998,             701P   6581
-2970.6310376239903,669.159540805242,8819.73,-2968.670947557943,     701P   6582
659.0163020067821,8819.73,-2966.8885174405123,648.5367859328969,     701P   6583
8819.73,-2965.2828802387994,637.7056111383712,8819.730000000005,     701P   6584
-2963.906701105622,628.4215437884859,8819.73,                        701P   6585
-2962.6604659448976,618.8789982871373,8819.729999999994,             701P   6586
-2961.544146876691,609.0669749696933,8819.729999999998,              701P   6587
-2960.5577160210655,598.9744741715223,8819.73,                       701P   6588
-2959.2426177608186,585.517397395863,8819.730000000001,              701P   6589
-2958.15824214546,571.5622798523026,8819.73,-2957.3058918951865,     701P   6590
557.0791966838323,8819.73,-2956.6868697301934,542.0382230334433,     701P   6591
8819.730000000003,-2956.1453178022075,528.8770877748993,             701P   6592
8819.730000000003,-2955.7824500009237,515.2887216635795,             701P   6593
8819.730000000003,-2955.6000746317263,501.2501972788307,8819.73,     701P   6594
-2955.6,486.7385872,0.,14.,0.,0.,0.,0,0;                             701P   6595
126,20,5,0,0,1,0,0.,0.,0.,0.,0.,0.,1.,1.,1.,1.,1.,2.,2.,2.,2.,       703P   6596
2.,3.,3.,3.,3.,3.,4.,4.,4.,4.,4.,4.,1.,1.,1.,1.,1.,1.,1.,1.,1.,      703P   6597
1.,1.,1.,1.,1.,1.,1.,1.,1.,1.,1.,1.,8819.73,-2955.6,486.7385872,     703P   6598
8752.64648400001,-2955.6000000000017,496.53621648000046,             703P   6599
8685.562965999969,-2955.599999999995,505.5898482999985,              703P   6600
8618.50440000002,-2955.6000000000013,513.9015132100012,              703P   6601
8551.458310312217,-2955.5999999999995,521.5061699273659,             703P   6602
8484.412220872415,-2955.6000000000004,528.4515849234625,             703P   6603
8417.366131432596,-2955.599999999999,535.3969999195572,              703P   6604
8350.320042240763,-2955.5999999999995,541.6831731943856,             703P   6605
8283.261477232625,-2955.6000000000035,547.3578712193,                703P   6606
8216.177959967421,-2955.599999999997,552.4816682196679,              703P   6607
8149.0944429392575,-2955.6,557.1078257614699,8079.209915276545,      703P   6608
-2955.599999999997,561.9271447610079,8009.326554030244,              703P   6609
-2955.6000000000013,566.2063203486762,7939.463380827108,             703P   6610
-2955.600000000001,570.0087232504052,7869.621255846247,              703P   6611
-2955.599999999996,573.3912723900445,7799.782877819124,-2955.6,      703P   6612
576.4044348893634,7702.006836144865,-2955.600000000002,              703P   6613
580.6230268855778,7604.2572482163,-2955.5999999999995,               703P   6614
584.1162616804424,7506.471688809596,-2955.599999999999,              703P   6615
587.0236845759728,7408.639141767633,-2955.600000000001,              703P   6616
589.4514355227658,7310.8,-2955.6,591.47224912,0.,4.,0.,0.,0.,0,      703P   6617
0;                                                                   703P   6618
126,64,4,0,0,1,0,0.,0.,0.,0.,0.,1.,1.,1.,1.,2.,2.,2.,2.,3.,3.,       705P   6619
3.,3.,4.,4.,4.,4.,5.,5.,5.,5.,6.,6.,6.,6.,7.,7.,7.,7.,8.,8.,8.,      705P   6620
8.,9.,9.,9.,9.,10.,10.,10.,10.,11.,11.,11.,11.,12.,12.,12.,12.,      705P   6621
13.,13.,13.,13.,14.,14.,14.,14.,15.,15.,15.,15.,16.,16.,16.,16.,     705P   6622
16.,1.,1.,1.,1.,1.,1.,1.,1.,1.,1.,1.,1.,1.,1.,1.,1.,1.,1.,1.,1.,     705P   6623
1.,1.,1.,1.,1.,1.,1.,1.,1.,1.,1.,1.,1.,1.,1.,1.,1.,1.,1.,1.,1.,      705P   6624
1.,1.,1.,1.,1.,1.,1.,1.,1.,1.,1.,1.,1.,1.,1.,1.,1.,1.,1.,1.,1.,      705P   6625
1.,1.,1.,7310.8,-2955.6,591.47224912,7310.799999999995,              705P   6626
-2955.6001204576437,611.0518061992683,7310.799999999997,             705P   6627
-2955.8368015468195,629.8896940244949,7310.800000000001,             705P   6628
-2956.307366878073,648.0275936399221,7310.8,-2957.00914006195,       705P   6629
665.507186089792,7310.800000000004,-2957.623287420297,               705P   6630
680.8014720617176,7310.799999999998,-2958.414514691428,              705P   6631
695.5914701519195,7310.799999999994,-2959.3819911457094,             705P   6632
709.9015323658236,7310.8,-2960.524886053509,723.756010708856,        705P   6633
7310.8,-2961.667888360547,737.6101214642124,7310.8,                  705P   6634
-2962.986380347277,751.0083621467077,7310.799999999999,              705P   6635
-2964.480440988905,763.9720063640341,7310.8,-2966.1501492606344,     705P   6636
776.5223277238839,7310.800000000001,-2967.5814120006926,             705P   6637
787.279485305474,7310.799999999999,-2969.1417835583443,              705P   6638
797.7327593676174,7310.799999999998,-2970.8318464750623,             705P   6639
807.893921151022,7310.799999999999,-2972.6521832923186,              705P   6640
817.7747418963958,7310.800000000002,-2974.47257186527,               705P   6641
827.6554210369947,7310.799999999999,-2976.423234914003,              705P   6642
837.2557372641916,7310.799999999997,-2978.5052205380575,             705P   6643
846.5861881989208,7310.800000000001,-2980.7195768369725,             705P   6644
855.657271462117,7310.799999999994,-2982.564913217628,               705P   6645
863.2164104511713,7310.7999999999965,-2984.5021824251157,            705P   6646
870.5953993545205,7310.800000000002,-2986.532248781051,              705P   6647
877.799681226033,7310.800000000002,-2988.655976607049,               705P   6648
884.8346991195775,7310.799999999999,-2991.629249758869,              705P   6649
894.6836093124244,7310.799999999999,-2994.785991254989,              705P   6650
904.2009753700858,7310.8,-2998.129288271769,913.400174509936,        705P   6651
7310.8,-3001.6622279855687,922.2945839493493,7310.799999999994,      705P   6652
-3010.747027662081,945.1656257739328,7310.800000000012,              705P   6653
-3021.0870727832453,966.0193602820808,7310.799999999994,             705P   6654
-3032.7418870288275,985.0664692870193,7310.8,-3045.812330899449,     705P   6655
1002.4529339497749,7310.7999999999965,-3057.430515851913,            705P   6656
1017.9076517974152,7310.800000000004,-3070.1675492209865,            705P   6657
1032.0508978984142,7310.800000000001,-3084.0942320851336,            705P   6658
1044.9859951728633,7310.799999999999,-3099.3123052697447,            705P   6659
1056.7848456732768,7310.799999999984,-3112.628112534321,             705P   6660
1067.1088508920172,7310.800000000022,-3126.9329328721774,            705P   6661
1076.5631049482404,7310.79999999999,-3142.294805562422,              705P   6662
1085.1959400558228,7310.800000000001,-3158.8043552028703,            705P   6663
1093.0400777633872,7310.800000000005,-3170.596895702189,             705P   6664
1098.6430355535704,7310.799999999988,-3182.975049015395,             705P   6665
1103.8436153804698,7310.800000000011,-3195.9719101837804,            705P   6666
1108.653779878941,7310.800000000001,-3209.6275855843783,             705P   6667
1113.081719146099,7310.800000000002,-3223.283269162014,              705P   6668
1117.5096599776969,7310.800000000006,-3237.597842447302,             705P   6669
1121.5553838986264,7310.799999999996,-3252.611466987857,             705P   6670
1125.2270991389823,7310.800000000001,-3268.372682735298,             705P   6671
1128.5293651608338,7310.799999999994,-3280.9819536921086,            705P   6672
1131.1710730419015,7310.799999999999,-3294.0687767090276,            705P   6673
1133.5766851356811,7310.800000000005,-3307.6602401722685,            705P   6674
1135.7477442873428,7310.800000000001,-3321.7834324680443,            705P   6675
1137.6857933420579,7310.799999999994,-3332.376031940214,             705P   6676
1139.1392591869753,7310.799999999999,-3343.2678367741114,            705P   6677
1140.4616101407732,7310.800000000004,-3354.4718490958976,            705P   6678
1141.652957661836,7310.8,-3366.0010710317347,1142.7134132085478,     705P   6679
7310.8,-3381.373859141723,1144.1272054085416,7310.800000000001,      705P   6680
-3397.324091296592,1145.3084978211623,7310.8,                        705P   6681
-3413.8872194850815,1146.2561314910909,7310.8,                       705P   6682
-3431.0986956959337,1146.9689474630095,7310.800000000002,            705P   6683
-3448.3108407771433,1147.6815794360039,7310.799999999997,            705P   6684
-3466.1708074614435,1148.159516207466,7310.799999999993,             705P   6685
-3484.7200443390057,1148.3999317409475,7310.8,-3504.,1148.4,0.,      705P   6686
16.,0.,0.,0.,0,0;                                                    705P   6687
126,20,4,0,0,1,0,0.,0.,0.,0.,0.,1.,1.,1.,1.,2.,2.,2.,2.,3.,3.,       707P   6688
3.,3.,4.,4.,4.,4.,5.,5.,5.,5.,5.,1.,1.,1.,1.,1.,1.,1.,1.,1.,1.,      707P   6689
1.,1.,1.,1.,1.,1.,1.,1.,1.,1.,1.,7310.8,-3504.,1148.4,               707P   6690
7363.213236654241,-3504.0000000000023,1148.3999946618976,            707P   6691
7415.626370074632,-3504.0000000000005,1147.6615681119629,            707P   6692
7468.027618666025,-3503.9999999999973,1146.2349292717543,            707P   6693
7520.420066525265,-3503.9999999999995,1144.154640131047,             707P   6694
7599.008777026858,-3503.9999999999986,1141.0341904056722,            707P   6695
7677.575150202144,-3503.999999999999,1136.4440764419703,             707P   6696
7756.131032086531,-3504.0000000000023,1130.5003504239935,            707P   6697
7834.70237963617,-3504.,1123.2651465577917,7913.273451358092,        707P   6698
-3503.9999999999955,1116.0300567935985,7991.856156191861,            707P   6699
-3504.0000000000014,1107.5050745985784,8070.474099299448,            707P   6700
-3504.0000000000005,1097.753307048542,8149.0944429392575,-3504.,     707P   6701
1086.8131293342526,8232.94945534482,-3503.999999999999,              707P   6702
1075.144645950192,8316.80066873658,-3503.999999999995,               707P   6703
1062.1261377781334,8400.603261309381,-3504.000000000006,             707P   6704
1047.810578181091,8484.412220872415,-3504.,1032.2017017217017,       707P   6705
8568.22044879251,-3503.9999999999973,1016.5929743768984,             707P   6706
8652.024877717127,-3504.000000000003,999.6930020776924,              707P   6707
8735.874257236708,-3503.999999999999,981.5067907847623,8819.73,      707P   6708
-3504.,962.0282496,0.,5.,0.,0.,0.,0,0;                               707P   6709
102,4,701,703,705,707;                                               709P   6710
142,0,689,699,709,1,0,0;                                             711P   6711
406,1,7Hnacelle;                                                     713P   6712
144,689,1,0,711,0,1,713;                                             715P   6713
128,20,5,5,5,0,0,0,0,0,0.,0.,0.,0.,0.,0.,70.91149956,                717P   6714
70.91149956,70.91149956,119.5156581,119.5156581,119.5156581,         717P   6715
161.1251982,161.1251982,161.1251982,187.3142551,187.3142551,         717P   6716
187.3142551,236.233223,236.233223,236.233223,283.5712871,            717P   6717
283.5712871,283.5712871,283.5712871,283.5712871,283.5712871,0.,      717P   6718
0.,0.,0.,0.,0.,102.3132198,102.3132198,102.3132198,102.3132198,      717P   6719
102.3132198,102.3132198,1.,1.,1.,1.,1.,1.,1.,1.,1.,1.,1.,1.,1.,      717P   6720
1.,1.,1.,1.,1.,1.,1.,1.,1.070208209,1.069590526,1.068806959,         717P   6721
1.06778849,1.065508611,1.061285076,1.059121914,1.053921074,          717P   6722
1.045898386,1.041529808,1.033280131,1.023749794,1.019913866,         717P   6723
1.008629979,0.9967790533,0.9890485676,0.9740003177,0.9594605519,     717P   6724
0.9525487892,0.9457376058,0.9391036258,1.108393058,1.107412327,      717P   6725
1.106168801,1.104554086,1.100939815,1.094272012,1.0908622,           717P   6726
1.082680313,1.070150355,1.063350378,1.050578706,1.035964113,         717P   6727
1.030104311,1.012937741,0.9951181034,0.9835923667,0.9613375359,      717P   6728
0.9401706121,0.9301862268,0.9204191572,0.9109731689,1.108393058,     717P   6729
1.107412327,1.106168801,1.104554086,1.100939815,1.094272012,         717P   6730
1.0908622,1.082680313,1.070150355,1.063350378,1.050578706,           717P   6731
1.035964113,1.030104311,1.012937741,0.9951181034,0.9835923667,       717P   6732
0.9613375359,0.9401706121,0.9301862268,0.9204191572,                 717P   6733
0.9109731689,1.070208209,1.069590526,1.068806959,1.06778849,         717P   6734
1.065508611,1.061285076,1.059121914,1.053921074,1.045898386,         717P   6735
1.041529808,1.033280131,1.023749794,1.019913866,1.008629979,         717P   6736
0.9967790533,0.9890485676,0.9740003177,0.9594605519,                 717P   6737
0.9525487892,0.9457376058,0.9391036258,1.,1.,1.,1.,1.,1.,1.,1.,      717P   6738
1.,1.,1.,1.,1.,1.,1.,1.,1.,1.,1.,1.,1.,8819.73,-3504.,               717P   6739
962.0282496,8933.1884,-3504.,935.6733656,9046.646808,-3504.,         717P   6740
907.1026424,9159.682472,-3504.,876.4090224,9350.907528,-3504.,       717P   6741
820.600096,9542.132576,-3504.,757.85945304,9620.538032,-3504.,       717P   6742
730.93135808,9764.879944,-3504.,679.03514592,9909.221864,-3504.,     717P   6743
622.55074976,9975.228608,-3504.,595.70383616,10083.70636,-3504.,     717P   6744
549.80214152,10192.18412,-3504.,500.73494536,10234.13752,-3504.,     717P   6745
481.26114536,10354.31036,-3504.,423.9733296,10474.4832,-3504.,       717P   6746
362.06603896,10552.753544,-3504.,319.53911032,10706.764792,          717P   6747
-3504.,230.9119256,10860.776048,-3504.,130.0485196,10935.725296,     717P   6748
-3504.,77.375116976,11011.466184,-3504.,19.959745024,                717P   6749
11087.207088,-3504.,-44.472751784,8819.73,-3246.5173008,             717P   6750
962.0282496,8933.25392,-3246.819132,935.6581456,9046.780392,         717P   6751
-3248.2026088,907.0687128,9159.86172,-3250.6775616,876.3604216,      717P   6752
9351.316368,-3256.7833336,820.4697104,9542.333144,-3266.4451848,     717P   6753
757.79254472,9620.816568,-3271.052372,730.83381848,9765.464784,      717P   6754
-3280.8794832,678.8129692,9909.59428,-3293.252084,622.40383256,      717P   6755
9975.69864,-3299.5004432,595.50851096,10084.324888,                  717P   6756
-3310.6152568,549.52761104,10192.414048,-3322.7589136,               717P   6757
500.6302332,10234.378568,-3327.6101904,481.14737072,10355.20768,     717P   6758
-3341.8858768,423.537018,10475.401784,-3356.7747848,                 717P   6759
361.58599288,10553.666568,-3366.6010024,319.02540784,                717P   6760
10708.226328,-3386.0740192,230.01171048,10861.617896,                717P   6761
-3405.2512792,129.48574072,10936.544712,-3414.5155192,               717P   6762
76.777088864,11011.99748,-3423.6932264,19.50777624,11087.207088,     717P   6763
-3432.6470632,-44.472751784,8819.73,-3088.3859712,925.7874144,       717P   6764
8933.28888,-3088.6276112,900.0723032,9046.851616,-3090.549996,       717P   6765
872.124256,9159.957672,-3094.1465048,842.0371096,9351.53276,         717P   6766
-3103.1288104,787.15507056,9542.439584,-3117.1897424,                717P   6767
725.52668056,9620.964416,-3123.8638176,698.96381568,9765.771224,     717P   6768
-3137.9450712,647.60815936,9909.789936,-3155.3096648,                717P   6769
591.92003616,9975.943,-3164.025776,565.30562264,10084.64168,         717P   6770
-3179.4876208,519.81402784,10192.532192,-3196.4456584,               717P   6771
471.68633864,10234.501136,-3203.2649184,452.5002848,                 717P   6772
10355.665672,-3223.52062,395.73173736,10475.863408,-3245.082216,     717P   6773
335.2641508,10554.114752,-3259.6023592,293.97453472,                 717P   6774
10708.937408,-3289.0943176,208.08017168,10862.02336,                 717P   6775
-3319.4717664,113.02784184,10936.931304,-3334.560148,                717P   6776
63.541654296,11012.243496,-3349.8993448,10.36412828,                 717P   6777
11087.207088,-3365.2861392,-48.171842696,8819.73,-2997.4154976,      717P   6778
846.9447344,8933.28888,-2997.5119448,822.728252,9046.851616,         717P   6779
-2999.6032128,796.2657584,9159.957672,-3003.6635568,767.6330108,     717P   6780
9351.53276,-3013.8951824,715.22584352,9542.439584,-3029.7858656,     717P   6781
656.13116392,9620.964416,-3037.2909232,630.62929136,9765.771224,     717P   6782
-3052.9670672,581.25122592,9909.789936,-3071.9574376,                717P   6783
527.62486952,9975.943,-3081.4136176,501.987266,10084.64168,          717P   6784
-3098.1201056,458.22271,10192.532192,-3116.4943344,412.19692864,     717P   6785
10234.501136,-3123.9046168,393.90575728,10355.665672,                717P   6786
-3146.022008,340.001652,10475.863408,-3169.9703832,283.35330416,     717P   6787
10554.114752,-3186.3519048,245.10846432,10708.937408,                717P   6788
-3220.2197256,166.60029976,10862.02336,-3256.4242664,82.3755836,     717P   6789
10936.931304,-3274.7599968,39.27050712,11012.243496,                 717P   6790
-3293.7828512,-6.205145652,11087.207088,-3313.2739912,               717P   6791
-55.006871472,8819.73,-2955.6,709.89479672,8933.25392,-2955.6,       717P   6792
688.45642856,9046.780392,-2957.7295432,664.78795024,9159.86172,      717P   6793
-2961.9525648,638.94415384,9351.316368,-2972.63694,591.429126,       717P   6794
9542.333144,-2989.1831384,537.65803544,9620.816568,                  717P   6795
-2996.9661712,514.49137856,9765.464784,-3013.1184176,                717P   6796
469.73008088,9909.59428,-3032.513248,421.2813016,9975.69864,         717P   6797
-3042.1056016,398.2314624,10084.324888,-3059.0028392,                717P   6798
359.07616664,10192.414048,-3077.64852,318.25384088,10234.378568,     717P   6799
-3085.1632928,302.14384696,10355.20768,-3107.58898,255.06747392,     717P   6800
10475.401784,-3132.153512,206.36905976,10553.666568,                 717P   6801
-3149.101088,173.9584536,10708.226328,-3184.4217216,108.6349984,     717P   6802
10861.617896,-3223.0908376,40.978762784,10936.544712,                717P   6803
-3242.843032,7.1709555152,11011.99748,-3263.5924512,                 717P   6804
-27.696412128,11087.207088,-3285.12522,-63.858916152,8819.73,        717P   6805
-2955.6,486.7385872,8933.1884,-2955.6,470.16784992,9046.646808,      717P   6806
-2957.7267424,451.46887496,9159.682472,-2961.9469608,                717P   6807
430.69074272,9350.907528,-2972.6063904,392.27402,9542.132576,        717P   6808
-2989.1657992,349.1078224,9620.538032,-2996.9374736,330.701758,      717P   6809
9764.879944,-3013.0449736,295.68429072,9909.221864,                  717P   6810
-3032.4625096,258.83705192,9975.228608,-3042.034704,241.650188,      717P   6811
10083.70636,-3058.8992352,212.91894552,10192.18412,                  717P   6812
-3077.6084544,183.48491424,10234.13752,-3085.1191232,                717P   6813
172.00501952,10354.31036,-3107.41832,138.86723328,10474.4832,        717P   6814
-3131.9625464,105.05533272,10552.753544,-3148.8959896,               717P   6815
82.7907324,10706.764792,-3184.070292,38.56872352,10860.776048,       717P   6816
-3222.8752776,-6.3627257416,10935.725296,-3242.6206432,              717P   6817
-28.374209144,11011.466184,-3263.44034,-50.74736396,                 717P   6818
11087.207088,-3285.12522,-73.235559824,0.,283.5712871,0.,            717P   6819
102.3132198;                                                         717P   6820
126,1,1,0,0,1,0,0.,0.,102.3132198,102.3132198,1.,1.,0.,              719P   6821
102.31321979999998,0.,0.,0.,0.,0.,102.3132198,0.,0.,0.,0,0;          719P   6822
126,1,1,0,0,1,0,0.,0.,281.9718353,281.9718353,1.,1.,0.,0.,0.,        721P   6823
281.9718353,0.,0.,0.,281.9718353,0.,0.,0.,0,0;                       721P   6824
126,53,5,0,0,1,0,0.,0.,0.,0.,0.,0.,20.67024391,20.67024391,          723P   6825
20.67024391,38.064999,38.064999,38.064999,62.05627395,               723P   6826
62.05627395,62.05627395,73.29054311,73.29054311,73.29054311,         723P   6827
80.45367415,80.45367415,80.45367415,91.63757915,91.63757915,         723P   6828
91.63757915,102.2603851,102.2603851,102.2603851,114.9050036,         723P   6829
114.9050036,114.9050036,131.3988776,131.3988776,131.3988776,         723P   6830
138.188051,138.188051,138.188051,145.8485712,145.8485712,            723P   6831
145.8485712,148.0411996,148.0411996,148.0411996,154.6190263,         723P   6832
154.6190263,154.6190263,176.1026301,176.1026301,176.1026301,         723P   6833
195.7839726,195.7839726,195.7839726,199.2839207,199.2839207,         723P   6834
199.2839207,209.4999433,209.4999433,209.4999433,209.4999433,         723P   6835
209.4999433,209.4999433,1.,1.,1.,1.,1.,1.,1.,1.,1.,1.,1.,1.,1.,      723P   6836
1.,1.,1.,1.,1.,1.,1.,1.,1.,1.,1.,1.,1.,1.,1.,1.,1.,1.,1.,1.,1.,      723P   6837
1.,1.,1.,1.,1.,1.,1.,1.,1.,1.,1.,1.,1.,1.,1.,1.,1.,1.,1.,1.,         723P   6838
281.9718353,0.,0.,281.9184966,3.807586534,0.,281.833467,             723P   6839
7.608993636999999,0.,281.7152683,11.404856219999997,0.,              723P   6840
281.4301386000001,18.39638986,0.,280.9973578,25.389248429999995,     723P   6841
0.,280.764536,28.586070329999995,0.,280.1130934,                     723P   6842
36.19456443999999,0.,279.172984,43.794916179999994,0.,               723P   6843
278.50358930000004,48.20059195999999,0.,277.2778138,                 723P   6844
54.616919239999994,0.,275.5393611,60.82506304,0.,274.9255553,        723P   6845
62.77702494999999,0.,273.8103001,65.90773545,0.,272.5003462,         723P   6846
68.89485090999999,0.,271.9596566,70.03215275999999,0.,               723P   6847
270.4933461,72.87138405999998,0.,268.8213544,75.49763286999999,      723P   6848
0.,267.727332,77.00564252,0.,265.4598127,79.75477018,0.,             723P   6849
262.9687454,82.13204215999998,0.,261.7098663,83.20306473,0.,         723P   6850
258.8733046,85.37201047,0.,255.89334459999998,87.19064687,0.,        723P   6851
254.2418865,88.08882929999999,0.,250.38526790000003,                 723P   6852
89.97965758999999,0.,246.4368522,91.51718653999998,0.,               723P   6853
244.1853271,92.29813603,0.,240.9935729,93.29847156,0.,               723P   6854
237.7904631,94.17963633999999,0.,236.8556039,94.42736281999998,      723P   6855
0.,234.8649391,94.93641768,0.,232.8719224,95.40998810999999,0.,      723P   6856
231.8146355,95.65206959999999,0.,230.4540616,95.95285454999998,      723P   6857
0.,229.0919389,96.24121001999998,0.,228.7887404,96.30477885,0.,      723P   6858
227.5755849,96.55671581999998,0.,226.3608272,96.79953676999999,      723P   6859
0.,225.4488808,96.97688072999999,0.,221.5552851,                     723P   6860
97.71425659999998,0.,217.64816559999997,98.37452076999999,0.,        723P   6861
214.6521552,98.84325792999998,0.,208.8973314,99.68077387,0.,         723P   6862
203.1238205,100.4151777,0.,200.3593321,100.74565849999999,0.,        723P   6863
197.099465,101.11312249999999,0.,193.8350969,101.45823799999998,     723P   6864
0.,193.3421409,101.5098472,0.,191.4100523,101.71018919999999,0.,     723P   6865
189.4771932,101.90323219999999,0.,188.0375022,                       723P   6866
102.04325579999998,0.,186.5979704,102.17981869999998,0.,             723P   6867
185.1586538,102.31321979999998,0.,0.,209.4999433,0.,0.,0.,0,0;       723P   6868
126,1,1,0,0,1,0,0.,0.,185.1586538,185.1586538,1.,1.,185.1586538,     725P   6869
102.31321979999998,0.,0.,102.31321979999998,0.,0.,185.1586538,       725P   6870
0.,0.,0.,0,0;                                                        725P   6871
102,4,719,721,723,725;                                               727P   6872
126,56,4,0,0,1,0,0.,0.,0.,0.,0.,1.,1.,1.,1.,2.,2.,2.,2.,3.,3.,       729P   6873
3.,3.,4.,4.,4.,4.,5.,5.,5.,5.,6.,6.,6.,6.,7.,7.,7.,7.,8.,8.,8.,      729P   6874
8.,9.,9.,9.,9.,10.,10.,10.,10.,11.,11.,11.,11.,12.,12.,12.,12.,      729P   6875
13.,13.,13.,13.,14.,14.,14.,14.,14.,1.,1.,1.,1.,1.,1.,1.,1.,1.,      729P   6876
1.,1.,1.,1.,1.,1.,1.,1.,1.,1.,1.,1.,1.,1.,1.,1.,1.,1.,1.,1.,1.,      729P   6877
1.,1.,1.,1.,1.,1.,1.,1.,1.,1.,1.,1.,1.,1.,1.,1.,1.,1.,1.,1.,1.,      729P   6878
1.,1.,1.,1.,1.,1.,8819.73,-2955.6,486.7385872,8819.730000000003,     729P   6879
-2955.6000399740183,501.2503086723426,8819.730000000003,             729P   6880
-2955.782449980159,515.2887217991702,8819.73,-2956.145352428769,     729P   6881
528.8769765847735,8819.73,-2956.6868697301934,542.0382230334435,     729P   6882
8819.730000000003,-2957.2284982717238,555.1991216254942,8819.73,     729P   6883
-2957.948817942226,567.9327402396809,8819.729999999996,              729P   6884
-2958.846891321406,580.2593164124429,8819.73,                        729P   6885
-2959.9217809889687,592.1990876802189,8819.729999999996,             729P   6886
-2960.8432005921727,602.4329311081187,8819.73,-2961.89459024793,     729P   6887
612.3823851882728,8819.730000000003,-2963.0758997516396,             729P   6888
622.0586595535285,8819.73,-2964.3870788986987,631.472963836733,      729P   6889
8819.73,-2965.6983095318465,640.8871347299148,8819.73,               729P   6890
-2967.139411610783,650.0393145301714,8819.73,                        729P   6891
-2968.7107980591054,658.939513144811,8819.73,-2970.412881800409,     729P   6892
667.597740481142,8819.729999999996,-2972.6824275610106,              729P   6893
679.141811978393,8819.73,-2975.184206647337,690.2559407846968,       729P   6894
8819.730000000005,-2977.9204528737405,700.9609317673238,             729P   6895
8819.729999999998,-2980.893400054573,711.2775897935448,              729P   6896
8819.729999999996,-2988.325925717611,737.0687908804883,              729P   6897
8819.73000000001,-2997.2396591986317,760.4296821260294,              729P   6898
8819.729999999996,-3007.680358627282,781.6587770764145,              729P   6899
8819.729999999998,-3019.7508431948336,800.9572720580979,8819.73,     729P   6900
-3029.4072529610985,816.3962796834871,8819.729999999996,             729P   6901
-3040.1069721700837,830.6007092599887,8819.730000000003,             729P   6902
-3051.9026540509776,843.6750284877985,8819.729999999998,             729P   6903
-3064.873670647992,855.694227492634,8819.730000000009,               729P   6904
-3076.223304523654,866.211037245823,8819.729999999996,               729P   6905
-3088.473007719665,875.9202261484429,8819.73,-3101.675855824911,     729P   6906
884.8721880091422,8819.730000000001,-3115.9036906661063,             729P   6907
893.1031153044054,8819.730000000009,-3128.0989814487184,             729P   6908
900.1581988053362,8819.729999999976,-3141.047392801781,              729P   6909
906.683576167331,8819.730000000016,-3154.7942312556,                 729P   6910
912.7021064608501,8819.729999999998,-3169.3966919293566,             729P   6911
918.2297519842461,8819.73,-3183.9991798252768,923.7574056176724,     729P   6912
8819.730000000007,-3199.457441765594,928.7942103727005,              729P   6913
8819.729999999981,-3215.8288674759724,933.356203115392,              729P   6914
8819.729999999998,-3233.1852847410373,937.4530068596404,             729P   6915
8819.730000000009,-3246.2029366352017,940.5255025888112,8819.73,     729P   6916
-3259.7736174024726,943.3367412117871,8819.72999999999,              729P   6917
-3273.930557323666,945.8898094112132,8819.729999999998,              729P   6918
-3288.706986679598,948.1877938697345,8819.73000000001,               729P   6919
-3300.2001081405206,949.9749996566635,8819.73,                       729P   6920
-3312.0682930615176,951.60777575004,8819.729999999989,               729P   6921
-3324.329625932277,953.0867690156542,8819.729999999998,              729P   6922
-3337.002191242488,954.412626319297,8819.729999999998,               729P   6923
-3355.106114666888,956.3066282862036,8819.73,-3374.050523365331,     729P   6924
957.887742456079,8819.73,-3393.8918003485287,959.1567176975639,      729P   6925
8819.73,-3414.6979829198694,960.1111351736382,8819.729999999994,     729P   6926
-3435.5041814444567,961.0655514668416,8819.730000000009,             729P   6927
-3457.275433057055,961.7053962690507,8819.729999999996,              729P   6928
-3480.079882331263,962.0282462519854,8819.73,-3504.,962.0282496,     729P   6929
0.,14.,0.,0.,0.,0,0;                                                 729P   6930
126,60,5,0,0,1,0,0.,0.,0.,0.,0.,0.,1.,1.,1.,1.,1.,2.,2.,2.,2.,       731P   6931
2.,3.,3.,3.,3.,3.,4.,4.,4.,4.,4.,5.,5.,5.,5.,5.,6.,6.,6.,6.,6.,      731P   6932
7.,7.,7.,7.,7.,8.,8.,8.,8.,8.,9.,9.,9.,9.,9.,10.,10.,10.,10.,        731P   6933
10.,11.,11.,11.,11.,11.,12.,12.,12.,12.,12.,12.,1.,1.,1.,1.,1.,      731P   6934
1.,1.,1.,1.,1.,1.,1.,1.,1.,1.,1.,1.,1.,1.,1.,1.,1.,1.,1.,1.,1.,      731P   6935
1.,1.,1.,1.,1.,1.,1.,1.,1.,1.,1.,1.,1.,1.,1.,1.,1.,1.,1.,1.,1.,      731P   6936
1.,1.,1.,1.,1.,1.,1.,1.,1.,1.,1.,1.,1.,1.,8819.73,-3504.,            731P   6937
962.0282496,8880.826198109877,-3504.0000000000005,                   731P   6938
947.8363164610536,8941.910481830522,-3503.999999999999,              731P   6939
933.005042574497,9002.946842896072,-3503.999999999999,               731P   6940
917.5410819185082,9063.943559519814,-3504.,901.4346968898602,        731P   6941
9124.953196394192,-3504.,884.6597583039213,9177.246605217313,        731P   6942
-3504.0000000000005,870.2813876819142,9229.543407388057,             731P   6943
-3503.999999999999,855.4134324699128,9281.87095009168,               731P   6944
-3504.0000000000005,840.040945565052,9334.230905622346,              731P   6945
-3504.0000000000027,824.1531191638984,9386.599271383144,             731P   6946
-3504.0000000000005,807.7432847624508,9429.016417618877,             731P   6947
-3504.0000000000064,794.4516156854288,9471.439732130146,             731P   6948
-3503.999999999996,780.8167289639018,9513.94872223435,               731P   6949
-3503.9999999999964,766.8037400500851,9556.527280969754,             731P   6950
-3504.0000000000073,752.4094341124318,9599.063687095491,             731P   6951
-3504.0000000000005,737.6622660356323,9634.53211120511,              731P   6952
-3503.999999999999,725.3653060415363,9669.96346850218,               731P   6953
-3503.9999999999995,712.8265462227255,9705.361378572352,             731P   6954
-3504.000000000001,700.0380017670018,9740.729461001276,              731P   6955
-3504.000000000002,686.9916878621675,9776.071335374601,-3504.,       731P   6956
673.6796196960245,9809.36195058954,-3504.0000000000014,              731P   6957
661.1402197303158,9842.641502476572,-3504.0000000000027,             731P   6958
648.3612532853563,9875.866771528685,-3504.0000000000005,             731P   6959
635.3542203778914,9909.043268718486,-3503.999999999997,              731P   6960
622.1094543572403,9942.225235498196,-3504.,608.5961219052963,        731P   6961
9975.409253423186,-3504.0000000000027,595.0819641895938,             731P   6962
10008.582207463955,-3504.0000000000005,581.3058921686475,            731P   6963
10041.807475992633,-3503.999999999999,567.2333963494286,             731P   6964
10075.090570461987,-3504.,552.8516892789096,10108.37913540542,       731P   6965
-3504.,538.169705544064,10150.277604762892,-3504.0000000000027,      731P   6966
519.690400634374,10192.194678650307,-3504.0000000000005,             731P   6967
500.7299244232026,10234.123944592491,-3503.999999999999,             731P   6968
481.2676008501695,10276.048810026808,-3503.9999999999995,            731P   6969
461.281547558709,10317.94250230316,-3504.,440.7486758960696,         731P   6970
10357.077676736231,-3504.0000000000036,421.56803769438653,           731P   6971
10396.212851128323,-3503.999999999996,401.8969686217458,             731P   6972
10435.34802499962,-3503.9999999999964,381.706309476465,              731P   6973
10474.483198350837,-3504.0000000000045,360.95898805493516,           731P   6974
10513.618371663231,-3504.0000000000005,339.6100191516213,            731P   6975
10552.753544965113,-3504.0000000000027,318.26091599082827,           731P   6976
10591.88871811861,-3503.999999999997,296.30876624398377,             731P   6977
10631.023891560173,-3503.999999999998,273.70801234472196,            731P   6978
10670.15906553433,-3504.0000000000045,250.3965983122104,             731P   6979
10709.294240093677,-3503.999999999999,226.2959697511501,             731P   6980
10749.950784588867,-3503.9999999999955,201.2581784546129,            731P   6981
10790.60732964159,-3504.0000000000073,175.36767324876612,            731P   6982
10831.141431104532,-3503.9999999999923,148.60735088165669,           731P   6983
10871.627821474105,-3504.0000000000036,120.830474685935,             731P   6984
10912.126728702126,-3503.9999999999995,91.80337938054977,            731P   6985
10932.376245820491,-3503.9999999999955,77.2898189164153,             731P   6986
10952.628569339704,-3504.000000000002,62.463768799688324,            731P   6987
10972.892312619788,-3504.000000000001,47.29580200812333,             731P   6988
10993.172271870488,-3503.999999999993,31.751645672143397,            731P   6989
11013.469426151256,-3504.,15.792181074840139,11025.647577740048,     731P   6990
-3503.999999999998,6.216530757856765,11037.831583284042,             731P   6991
-3504.000000000001,-3.508562696630494,11050.021362775133,            731P   6992
-3504.000000000001,-13.391490126957313,11062.215604216892,           731P   6993
-3503.9999999999977,-23.44112165245525,11074.411763624561,           731P   6994
-3504.,-33.66680667345175,0.,12.,0.,0.,0.,0,0;                       731P   6995
126,100,5,0,0,1,0,0.,0.,0.,0.,0.,0.,1.,1.,1.,1.,1.,2.,2.,2.,2.,      733P   6996
2.,3.,3.,3.,3.,3.,4.,4.,4.,4.,4.,5.,5.,5.,5.,5.,6.,6.,6.,6.,6.,      733P   6997
7.,7.,7.,7.,7.,8.,8.,8.,8.,8.,9.,9.,9.,9.,9.,10.,10.,10.,10.,        733P   6998
10.,11.,11.,11.,11.,11.,12.,12.,12.,12.,12.,13.,13.,13.,13.,13.,     733P   6999
14.,14.,14.,14.,14.,15.,15.,15.,15.,15.,16.,16.,16.,16.,16.,17.,     733P   7000
17.,17.,17.,17.,18.,18.,18.,18.,18.,19.,19.,19.,19.,19.,20.,20.,     733P   7001
20.,20.,20.,20.,1.,1.,1.,1.,1.,1.,1.,1.,1.,1.,1.,1.,1.,1.,1.,1.,     733P   7002
1.,1.,1.,1.,1.,1.,1.,1.,1.,1.,1.,1.,1.,1.,1.,1.,1.,1.,1.,1.,1.,      733P   7003
1.,1.,1.,1.,1.,1.,1.,1.,1.,1.,1.,1.,1.,1.,1.,1.,1.,1.,1.,1.,1.,      733P   7004
1.,1.,1.,1.,1.,1.,1.,1.,1.,1.,1.,1.,1.,1.,1.,1.,1.,1.,1.,1.,1.,      733P   7005
1.,1.,1.,1.,1.,1.,1.,1.,1.,1.,1.,1.,1.,1.,1.,1.,1.,1.,1.,1.,1.,      733P   7006
1.,11074.411763624561,-3504.,-33.66680667345175,                     733P   7007
11073.985084888947,-3491.249715431238,-33.3090649667064,             733P   7008
11073.304898144632,-3478.421209453285,-32.88364063367142,            733P   7009
11072.359386431186,-3465.5815097673,-32.38885287055397,              733P   7010
11071.120843671019,-3452.7872702857694,-31.81871092332226,           733P   7011
11069.534079815146,-3440.1140416776707,-31.160588957864157,          733P   7012
11068.198761090256,-3429.4490369752457,-30.606770627682078,          733P   7013
11066.616837645255,-3418.8697312873555,-29.990575269385495,          733P   7014
11064.754597194815,-3408.416623046157,-29.304336861896815,           733P   7015
11062.5646374838,-3398.133069745347,-28.53682588709556,              733P   7016
11059.967005411492,-3388.05594208285,-27.668376111104536,            733P   7017
11057.459103004201,-3378.3268901703264,-26.82994153640587,           733P   7018
11054.571206138247,-3368.7902222533958,-25.89747693049511,           733P   7019
11051.228234152037,-3359.46873127301,-24.852405027087002,            733P   7020
11047.32902008316,-3350.403577258645,-23.67021630773728,             733P   7021
11042.722794602016,-3341.6160291845194,-22.313571918363497,          733P   7022
11040.748700784154,-3337.8499214527737,-21.73216674521338,           733P   7023
11038.644738201354,-3334.1347564036505,-21.118736491187498,          733P   7024
11036.39908445879,-3330.4722472551884,-20.470378145976852,           733P   7025
11033.998112801797,-3326.863188960505,-19.783746902881866,           733P   7026
11031.42639211586,-3323.307458207792,-19.0550561588124,              733P   7027
11027.41220875257,-3317.757353762921,-17.91763231178426,             733P   7028
11022.981893730665,-3312.336870055381,-16.677778223992124,           733P   7029
11018.077967476744,-3307.046947875824,-15.321270611556715,           733P   7030
11012.638156642955,-3301.890775906123,-13.833214966108516,           733P   7031
11006.620040825637,-3296.8657222007514,-12.204055107397632,          733P   7032
11002.782682147228,-3293.661621577812,-11.165233955600605,           733P   7033
10998.710828893792,-3290.511211615075,-10.06920980035551,            733P   7034
10994.39347676052,-3287.414282572591,-8.913424116799021,             733P   7035
10989.825160977993,-3284.369919638245,-7.696811417395098,            733P   7036
10985.00595631218,-3281.3765029277515,-6.419799251934985,            733P   7037
10977.482417266656,-3276.703212782487,-4.426180766249723,            733P   7038
10969.351078340493,-3272.1561969071313,-2.2861383525961245,          733P   7039
10960.625325965471,-3267.7353237283123,-0.004580111347614771,        733P   7040
10951.352644822833,-3263.4285039386264,2.4053931418257166,           733P   7041
10941.61328659892,-3259.2306843138563,4.922835645111216,             733P   7042
10932.36255578887,-3255.243440679441,7.313963972470307,              733P   7043
10922.690798227366,-3251.3544947189603,9.801992574423023,            733P   7044
10912.65877971094,-3247.555522372914,12.370901402859168,             733P   7045
10902.339244020359,-3243.8395903775017,15.00203768446687,            733P   7046
10891.781043609266,-3240.198033276818,17.682769321673884,            733P   7047
10879.213666377207,-3235.863514990787,20.873641019852784,            733P   7048
10866.306414274448,-3231.6335968283474,24.135196825514452,           733P   7049
10853.145640493389,-3227.4950240168273,27.44526144480235,            733P   7050
10839.798071988087,-3223.438286218008,30.786449260341406,            733P   7051
10826.310809474258,-3219.45761752813,34.14616433123801,              733P   7052
10808.716004443806,-3214.264490648943,38.529081833176825,            733P   7053
10790.876117375043,-3209.1978533335487,42.94528444365026,            733P   7054
10772.890667484675,-3204.2419155014245,47.36813879190082,            733P   7055
10754.814899780298,-3199.38811060136,51.781100321924676,             733P   7056
10736.685867195307,-3194.629825513862,56.17231883654792,             733P   7057
10731.178243290518,-3193.184186962702,57.50602202476031,             733P   7058
10725.6522877244,-3191.7441289798535,58.84236622827781,              733P   7059
10720.14374329412,-3190.317913324041,60.168873546216304,             733P   7060
10714.68282913685,-3188.9123495273343,61.47537498288151,             733P   7061
10709.29424072976,-3187.532794895152,62.75401044776907,              733P   7062
10707.295157854904,-3187.0225278205676,63.237872873300816,           733P   7063
10705.30328939727,-3186.5151005865737,63.7187815863279,              733P   7064
10703.318635356867,-3186.0105131931723,64.19673658685034,            733P   7065
10701.341195733688,-3185.5087656403625,64.67173787486811,            733P   7066
10699.370970527736,-3185.009857928145,65.14378545038124,             733P   7067
10690.85663563361,-3182.853863263553,67.1850458919613,               733P   7068
10682.40383784384,-3180.7326888374046,69.19649269298014,             733P   7069
10673.945545788387,-3178.6290438767087,71.20118162889983,            733P   7070
10665.483115418983,-3176.542613943408,73.19829900446234,             733P   7071
10657.013196776299,-3174.4718891966054,75.18876053823621,            733P   7072
10654.588973926982,-3173.879232550875,75.75845919198565,             733P   7073
10652.164037787565,-3173.2878173754684,76.32763349827309,            733P   7074
10649.738388358044,-3172.6976436703862,76.89628345709856,            733P   7075
10647.312025638425,-3172.1087114356287,77.46440906846206,            733P   7076
10644.884949628704,-3171.5210206711954,78.0320103323636,             733P   7077
10637.60364821942,-3169.757915425558,79.73484647904709,              733P   7078
10630.315043487311,-3168.005566727961,81.43314998288193,             733P   7079
10623.01965153012,-3166.2638208005,83.12680661344662,                733P   7080
10615.71798844558,-3164.5325238652717,84.81570214031966,             733P   7081
10608.410570331433,-3162.811522144372,86.49972233307953,             733P   7082
10584.543109468308,-3157.190442641802,92.00011952025233,             733P   7083
10560.616414786578,-3151.679755995973,97.44797700168759,             733P   7084
10536.641815406336,-3146.274455584059,102.8427568708909,             733P   7085
10512.621960809265,-3140.9701987229673,108.1874809816074,            733P   7086
10488.550820838647,-3135.7633066693425,113.48873094782182,           733P   7087
10466.502160254178,-3130.993822489798,118.34441043952268,            733P   7088
10444.418645531687,-3126.307536788596,123.1611730697822,             733P   7089
10422.303778097175,-3121.702879219826,127.94166531004177,            733P   7090
10400.161095424648,-3117.1788793623614,132.6865592093965,            733P   7091
10377.994171036116,-3112.7351667198527,137.39455239459545,           733P   7092
10374.051933093331,-3111.9448877798413,138.23182728795803,           733P   7093
10370.109088279482,-3111.1571680337174,139.0678726962839,            733P   7094
10366.165636594567,-3110.372007481482,139.9026886195731,             733P   7095
10362.221578038589,-3109.589406123135,140.7362750578256,             733P   7096
10358.276912611547,-3108.809363958676,141.56863201104144,            733P   7097
10350.187410410339,-3107.209690839747,143.27546019400128,            733P   7098
10342.091108281671,-3105.619886276547,144.97833599055832,            733P   7099
10334.00197052003,-3104.042725716129,146.67319018302817,             733P   7100
10325.942252817757,-3102.482374790774,148.353767630173,              733P   7101
10317.942502265038,-3100.9443893179914,150.0116272672016,            733P   7102
10314.468876706043,-3100.2766050799364,150.73789870559824,           733P   7103
10311.007557886984,-3099.6131800203602,151.45959480716522,           733P   7104
10307.55854580786,-3098.9541141392647,152.1767155719026,             733P   7105
10304.121840468672,-3098.2994074366493,152.88926099981038,           733P   7106
10300.697441869419,-3097.6490599125127,153.59723109088853,0.,        733P   7107
20.,0.,0.,0.,0,0;                                                    733P   7108
126,35,5,0,0,1,0,0.,0.,0.,0.,0.,0.,1.,1.,1.,1.,1.,2.,2.,2.,2.,       735P   7109
2.,3.,3.,3.,3.,3.,4.,4.,4.,4.,4.,5.,5.,5.,5.,5.,6.,6.,6.,6.,6.,      735P   7110
7.,7.,7.,7.,7.,7.,1.,1.,1.,1.,1.,1.,1.,1.,1.,1.,1.,1.,1.,1.,1.,      735P   7111
1.,1.,1.,1.,1.,1.,1.,1.,1.,1.,1.,1.,1.,1.,1.,1.,1.,1.,1.,1.,1.,      735P   7112
10300.697441869419,-3097.6490599125127,153.59723109088853,           735P   7113
10262.244750324611,-3090.345792521001,164.25065500518696,            735P   7114
10223.772823794348,-3083.2691896779597,174.8393024603551,            735P   7115
10185.295412390089,-3076.4222953727776,185.35345939702387,           735P   7116
10146.826266223292,-3069.8081535948404,195.78341175582415,           735P   7117
10108.37913540542,-3063.4298083335343,206.1194454773868,             735P   7118
10075.088519316696,-3057.906896597893,215.0690850374158,             735P   7119
10041.808967734656,-3052.5592922487285,223.9496673851214,            735P   7120
10008.583699205981,-3047.393349771555,232.7457603389072,             735P   7121
9975.407202277902,-3042.408508412381,241.4541125212965,              735P   7122
9942.225235498196,-3037.597292177706,250.08365335893245,             735P   7123
9909.04121757319,-3032.785778502804,258.71372810685557,              735P   7124
9875.868263270719,-3028.15028750088,267.2606878695326,               735P   7125
9842.642994218606,-3023.682018217429,275.73584040124763,             735P   7126
9809.359899444247,-3019.3807123367665,284.1349271045887,             735P   7127
9776.071335374601,-3015.2546541820316,292.438123030448,              735P   7128
9733.654189205201,-3009.997123425003,303.01826619437134,             735P   7129
9691.230875057474,-3005.0248439062184,313.44186748357043,            735P   7130
9648.721885270093,-3000.331385353788,323.7146442503881,              735P   7131
9606.14332664842,-2995.919413302226,333.819158871697,                735P   7132
9563.606920464501,-2991.800689092453,343.71481874889975,             735P   7133
9528.152061681434,-2988.367645266057,351.96308562049313,             735P   7134
9492.702498054918,-2985.135883792528,360.07206528715403,             735P   7135
9457.29967919255,-2982.109925214626,368.0238319634759,               735P   7136
9421.94489414043,-2979.290178110433,375.8099848121669,               735P   7137
9386.599271383144,-2976.672939093357,383.43164794404976,             735P   7138
9325.506287692027,-2972.149063272527,396.60539702243176,             735P   7139
9264.413303184532,-2968.2273913748995,409.29437279759964,            735P   7140
9203.386316854687,-2964.9121835298347,421.44495434591556,            735P   7141
9142.384713831034,-2962.2044980227147,433.0270361481293,             735P   7142
9081.376080853663,-2960.105910090259,444.02202902255533,             735P   7143
9029.082671756341,-2958.307110875253,453.4463394711012,              735P   7144
8976.785868496503,-2956.9558692710443,462.43913422747863,            735P   7145
8924.458323980218,-2956.052952635623,470.98943176933824,             735P   7146
8872.098366553037,-2955.6000955863587,479.09024619030936,            735P   7147
8819.73,-2955.6,486.7385872,0.,7.,0.,0.,0.,0,0;                      735P   7148
102,4,729,731,733,735;                                               737P   7149
142,0,717,727,737,1,0,0;                                             739P   7150
406,1,7Hnacelle;                                                     741P   7151
144,717,1,0,739,0,1,741;                                             743P   7152
128,8,5,5,5,0,0,0,0,0,0.,0.,0.,0.,0.,0.,125.5877765,125.5877765,     745P   7153
125.5877765,188.4598599,188.4598599,188.4598599,188.4598599,         745P   7154
188.4598599,188.4598599,0.,0.,0.,0.,0.,0.,90.57588679,               745P   7155
90.57588679,90.57588679,90.57588679,90.57588679,90.57588679,1.,      745P   7156
1.,1.,1.,1.,1.,1.,1.,1.,1.142809042,1.142809042,1.142809042,         745P   7157
1.142809042,1.142809042,1.142809042,1.142809042,1.142809042,         745P   7158
1.142809042,1.226960076,1.226960076,1.226960076,1.226960076,         745P   7159
1.226960076,1.226960076,1.226960076,1.226960076,1.226960076,         745P   7160
1.226960076,1.226960076,1.226960076,1.226960076,1.226960076,         745P   7161
1.226960076,1.226960076,1.226960076,1.226960076,1.142809042,         745P   7162
1.142809042,1.142809042,1.142809042,1.142809042,1.142809042,         745P   7163
1.142809042,1.142809042,1.142809042,1.,1.,1.,1.,1.,1.,1.,1.,1.,      745P   7164
7310.8,-3504.,-215.35290152,7511.7404424,-3504.,-215.35290152,       745P   7165
7712.6808848,-3504.,-213.81621688,7914.8724488,-3504.,               745P   7166
-210.94049824,8216.408224,-3504.,-204.88980056,8517.944,-3504.,      745P   7167
-196.46738112,8618.539336,-3504.,-193.40828752,8719.134664,          745P   7168
-3504.,-190.11264008,8819.73,-3504.,-186.59167128,7310.8,            745P   7169
-3214.4473856,-215.35290152,7511.7404424,-3214.4473856,              745P   7170
-215.35290152,7712.6808848,-3214.4473856,-213.81621504,              745P   7171
7914.8724488,-3214.4473856,-210.94049688,8216.408224,                745P   7172
-3214.4473856,-204.88980232,8517.944,-3214.4473856,-196.467382,      745P   7173
8618.539328,-3214.4473856,-193.4082868,8719.134664,                  745P   7174
-3214.4473856,-190.11264008,8819.73,-3214.4473856,-186.59167128,     745P   7175
7310.8,-3063.6323384,-168.00709792,7511.7404424,-3063.6323384,       745P   7176
-168.25063824,7712.6808848,-3063.6323384,-167.14854608,              745P   7177
7914.8724488,-3063.6323384,-164.92642872,8216.408224,                745P   7178
-3063.6323384,-160.27589248,8517.944,-3063.6323384,                  745P   7179
-154.08283248,8618.539336,-3063.6323384,-151.87003464,               745P   7180
8719.134664,-3063.6323384,-149.53176184,8819.73,-3063.6323384,       745P   7181
-147.07956368,7310.8,-2987.7809984,-56.411968536,7511.7404424,       745P   7182
-2987.7809984,-57.22953884,7712.6808848,-2987.7809984,               745P   7183
-57.151793456,7914.8724488,-2987.7809984,-56.470231328,              745P   7184
8216.408224,-2987.7809984,-55.119896744,8517.944,-2987.7809984,      745P   7185
-54.181490304,8618.539336,-2987.7809984,-53.963435472,               745P   7186
8719.134664,-2987.7809984,-53.881714512,8819.73,-2987.7809984,       745P   7187
-53.948632816,7310.8,-2955.6,165.47237304,7511.7404424,-2955.6,      745P   7188
163.51346016,7712.6808848,-2955.6,161.55449752,7914.8724488,         745P   7189
-2955.6,159.1729784,8216.408224,-2955.6,153.9615308,8517.944,        745P   7190
-2955.6,144.4521212,8618.539328,-2955.6,140.704034,8719.134664,      745P   7191
-2955.6,136.29905664,8819.73,-2955.6,131.22338488,7310.8,            745P   7192
-2955.6,591.47224912,7511.7404424,-2955.6,587.32205144,              745P   7193
7712.6808848,-2955.6,581.45277376,7914.8724488,-2955.6,              745P   7194
573.19038896,8216.408224,-2955.6,555.38085432,8517.944,-2955.6,      745P   7195
525.81248824,8618.539336,-2955.6,514.44973048,8719.134664,           745P   7196
-2955.6,501.430658,8819.73,-2955.6,486.7385872,0.,188.4598599,       745P   7197
0.,90.57588679;                                                      745P   7198
126,1,1,0,0,1,0,0.,0.,10.4722799,10.4722799,1.,1.,188.4598599,       747P   7199
80.10360689,0.,188.4598599,90.57588679,0.,0.,10.4722799,0.,0.,       747P   7200
0.,0,0;                                                              747P   7201
126,1,1,0,0,1,0,0.,0.,188.4598599,188.4598599,1.,1.,188.4598599,     749P   7202
90.57588679,0.,0.,90.57588679,0.,0.,188.4598599,0.,0.,0.,0,0;        749P   7203
126,1,1,0,0,1,0,0.,0.,90.57588679,90.57588679,1.,1.,0.,              751P   7204
90.57588679,0.,0.,0.,0.,0.,90.57588679,0.,0.,0.,0,0;                 751P   7205
126,1,1,0,0,1,0,0.,0.,188.4598599,188.4598599,1.,1.,0.,0.,0.,        753P   7206
188.4598599,0.,0.,0.,188.4598599,0.,0.,0.,0,0;                       753P   7207
126,1,1,0,0,1,0,0.,0.,44.72489927,44.72489927,1.,1.,188.4598599,     755P   7208
0.,0.,188.4598599,44.724899269999995,0.,0.,44.72489927,0.,0.,0.,     755P   7209
0,0;                                                                 755P   7210
126,44,5,0,0,1,0,0.,0.,0.,0.,0.,0.,9.092129100000001,                757P   7211
9.092129100000001,9.092129100000001,10.238425509999999,              757P   7212
10.238425509999999,10.238425509999999,18.26776169,18.26776169,       757P   7213
18.26776169,22.947352359999996,22.947352359999996,                   757P   7214
22.947352359999996,27.62694303,27.62694303,27.62694303,              757P   7215
29.19163102,29.19163102,29.19163102,39.84197131,39.84197131,         757P   7216
39.84197131,41.82397627,41.82397627,41.82397627,47.68772192,         757P   7217
47.68772192,47.68772192,50.158195573,50.158195573,50.158195573,      757P   7218
52.358972587,52.358972587,52.358972587,57.4373753069,                757P   7219
57.4373753069,57.4373753069,58.109119549839995,                      757P   7220
58.109119549839995,58.109119549839995,58.15532905,58.15532905,       757P   7221
58.15532905,58.15532905,58.15532905,58.15532905,1.,1.,1.,1.,1.,      757P   7222
1.,1.,1.,1.,1.,1.,1.,1.,1.,1.,1.,1.,1.,1.,1.,1.,1.,1.,1.,1.,1.,      757P   7223
1.,1.,1.,1.,1.,1.,1.,1.,1.,1.,1.,1.,1.,1.,1.,1.,1.,1.,1.,            757P   7224
188.4598599,44.724899269999995,0.,187.2026038,                       757P   7225
45.155394509999994,0.,185.9461595,45.58438409,0.,184.6913209,        757P   7226
46.01284322,0.,183.2847595,46.49574865999999,0.,181.8810146,         757P   7227
46.983882259999994,0.,181.723878,47.038607219999996,0.,              757P   7228
180.4665552,47.47719226,0.,179.2137219,47.92014531,0.,               757P   7229
178.1290795,48.3097888,0.,176.41643400000004,48.93530582999999,      757P   7230
0.,174.7115225,49.572710349999994,0.,174.0841939,                    757P   7231
49.80912445999999,0.,172.8291067,50.28546224,0.,171.5722284,         757P   7232
50.76881130999999,0.,170.9431069,51.012240229999996,0.,              757P   7233
170.1030185,51.33932718999999,0.,169.2640509,51.66942065,0.,         757P   7234
169.0574775,51.75092478999999,0.,167.41821050000001,                 757P   7235
52.399649909999994,0.,165.7862478,53.06232458,0.,164.3678272,        757P   7236
53.659037409999996,0.,162.7131074,54.404803879999996,0.,             757P   7237
161.105857,55.22008316,0.,160.85445270000002,55.3500617,0.,          757P   7238
159.8664727,55.87122058999999,0.,158.9015074,56.42354022999999,      757P   7239
0.,158.1964346,56.85545987999999,0.,157.21941600000002,              757P   7240
57.49850014,0.,156.2899878,58.187502509999995,0.,156.0189172,        757P   7241
58.39609140999999,0.,155.5163946,58.79867192999999,0.,               757P   7242
155.0348974,59.21824091,0.,154.8132813,59.41986822,0.,               757P   7243
154.0993202,60.101165439999995,0.,153.4575495,60.83169225,0.,        757P   7244
153.0537001,61.368788939999995,0.,152.6664305,                       757P   7245
62.005987819999994,0.,152.3824057,62.67084855,0.,152.3506647,        757P   7246
62.748927359999996,0.,152.3183609,62.83267831,0.,152.2878237,        757P   7247
62.91675587,0.,152.2858656,62.92216869,0.,152.2839148,               757P   7248
62.927582869999995,0.,152.2819713,62.932998399999995,0.,0.,          757P   7249
58.15532905,0.,0.,0.,0,0;                                            757P   7250
126,65,5,0,0,1,0,0.,0.,0.,0.,0.,0.,2.043530760000003,                759P   7251
2.043530760000003,2.043530760000003,2.925076780000005,               759P   7252
2.925076780000005,2.925076780000005,3.365912890000004,               759P   7253
3.365912890000004,3.365912890000004,3.8067489900000027,              759P   7254
3.8067489900000027,3.8067489900000027,7.440542030000003,             759P   7255
7.440542030000003,7.440542030000003,8.448912360000001,               759P   7256
8.448912360000001,8.448912360000001,9.45728269,9.45728269,           759P   7257
9.45728269,11.695281390000005,11.695281390000005,                    759P   7258
11.695281390000005,14.234012800000002,14.234012800000002,            759P   7259
14.234012800000002,14.960186200000003,14.960186200000003,            759P   7260
14.960186200000003,20.39691294,20.39691294,20.39691294,              759P   7261
24.02740257,24.02740257,24.02740257,26.07765167,26.07765167,         759P   7262
26.07765167,28.127834400000005,28.127834400000005,                   759P   7263
28.127834400000005,38.68572567,38.68572567,38.68572567,              759P   7264
43.28320078,43.28320078,43.28320078,44.81621708,44.81621708,         759P   7265
44.81621708,51.54940723,51.54940723,51.54940723,56.658806351,        759P   7266
56.658806351,56.658806351,57.680691568,57.680691568,                 759P   7267
57.680691568,63.46410412,63.46410412,63.46410412,63.46410412,        759P   7268
63.46410412,63.46410412,1.,1.,1.,1.,1.,1.,1.,1.,1.,1.,1.,1.,1.,      759P   7269
1.,1.,1.,1.,1.,1.,1.,1.,1.,1.,1.,1.,1.,1.,1.,1.,1.,1.,1.,1.,1.,      759P   7270
1.,1.,1.,1.,1.,1.,1.,1.,1.,1.,1.,1.,1.,1.,1.,1.,1.,1.,1.,1.,1.,      759P   7271
1.,1.,1.,1.,1.,1.,1.,1.,1.,1.,1.,152.2819713,62.9329981,0.,          759P   7272
152.1960407,63.17244898999999,0.,152.1245277,63.41441337999999,      759P   7273
0.,152.0686652,63.65795596,0.,152.0122386,64.00868085,0.,            759P   7274
151.9895739,64.36037227,0.,151.9858089,64.46649366,0.,               759P   7275
151.98473730000003,64.62544453999999,0.,151.9904405,64.78404542,     759P   7276
0.,151.993091,64.83687847,0.,151.9998778,64.94238645999998,0.,       759P   7277
152.0096176,65.04756256,0.,152.01522190000003,65.10006273,0.,        759P   7278
152.0737054,65.58427313,0.,152.1933974,66.05906352,0.,               759P   7279
152.3442799,66.47102472,0.,152.5845855,66.97855745,0.,               759P   7280
152.87697580000003,67.46201073999998,0.,152.942867,                  759P   7281
67.56594075999999,0.,153.0790386,67.77141386999999,0.,               759P   7282
153.2237225,67.97243505,0.,153.2981412,68.07190641,0.,               759P   7283
153.54390940000002,68.38859942999999,0.,153.8089748,                 759P   7284
68.69453796999998,0.,153.9999036,68.90058487,0.,154.4227239,         759P   7285
69.33012895999998,0.,154.8747641,69.73844635,0.,155.1221367,         759P   7286
69.9496382,0.,155.4483094,70.21391678,0.,155.7841807,                759P   7287
70.46943057,0.,155.8593575,70.52583843,0.,156.501313,                759P   7288
71.00106137,0.,157.1760174,71.44699363,0.,157.7904589,               759P   7289
71.81845219,0.,158.8445452,72.40551602,0.,159.9409965,               759P   7290
72.94422175,0.,160.3864468,73.15294295,0.,161.09187400000002,        759P   7291
73.46929615,0.,161.8092497,73.77117128,0.,162.0695833,               759P   7292
73.87832791,0.,162.5927141,74.08918127,0.,163.120388,                759P   7293
74.29345474,0.,163.3852814,74.39403592,0.,165.0201382,               759P   7294
75.00335116,0.,166.68937,75.55827546,0.,168.1002964,75.99134291,     759P   7295
0.,170.15511150000003,76.57042824,0.,172.2414643,                    759P   7296
77.09161045999998,0.,172.8771965,77.24460368,0.,                     759P   7297
173.72811340000004,77.44209091,0.,174.5826418,77.63164209999998,     759P   7298
0.,174.79619770000002,77.67848685,0.,175.950954,77.92902902,0.,      759P   7299
177.1132244,78.16684330999999,0.,178.0667991,78.35396156999998,      759P   7300
0.,179.7469182,78.67209100999999,0.,181.4310474,78.97306496,0.,      759P   7301
182.1576989,79.09993000999998,0.,183.0291509,79.24866924,0.,         759P   7302
183.901245,79.39345481,0.,184.0466181,79.41747715,0.,                759P   7303
185.0150063,79.57674995999999,0.,185.9848439,79.73125984,0.,         759P   7304
186.8095409,79.85900223,0.,187.6345207,79.98311126,0.,               759P   7305
188.4598599,80.10360689,0.,0.,63.46410412,0.,0.,0.,0,0;              759P   7306
102,7,747,749,751,753,755,757,759;                                   761P   7307
126,8,4,0,0,1,0,0.,0.,0.,0.,0.,1.,1.,1.,1.,2.,2.,2.,2.,2.,1.,1.,     763P   7308
1.,1.,1.,1.,1.,1.,1.,8819.73,-2960.71785733688,                      763P   7309
286.5782145695735,8819.730000000001,-2959.451689912248,              763P   7310
307.7732473275044,8819.730000000005,-2958.392032263942,              763P   7311
330.09114087371586,8819.729999999996,-2957.539068610685,             763P   7312
353.6326240516272,8819.73,-2956.896033637541,378.5245656095134,      763P   7313
8819.73000000001,-2956.252997762039,403.41649702481027,              763P   7314
8819.729999999987,-2955.8199152955817,429.6593144601975,             763P   7315
8819.730000000005,-2955.6000028873764,457.3796839498948,8819.73,     763P   7316
-2955.6,486.7385872,0.,2.,0.,0.,0.,0,0;                              763P   7317
126,20,5,0,0,1,0,0.,0.,0.,0.,0.,0.,1.,1.,1.,1.,1.,2.,2.,2.,2.,       765P   7318
2.,3.,3.,3.,3.,3.,4.,4.,4.,4.,4.,4.,1.,1.,1.,1.,1.,1.,1.,1.,1.,      765P   7319
1.,1.,1.,1.,1.,1.,1.,1.,1.,1.,1.,1.,8819.73,-2955.6,486.7385872,     765P   7320
8780.609591558617,-2955.5999999999995,492.4521787905121,             765P   7321
8741.48918430913,-2955.6000000000013,497.91270532680954,             765P   7322
8702.368777372054,-2955.600000000001,503.1213186280925,              765P   7323
8663.248370313857,-2955.5999999999995,508.08195508635566,            765P   7324
8624.127963146953,-2955.6000000000004,512.8013356663879,             765P   7325
8562.653037583537,-2955.600000000001,520.2174623982693,              765P   7326
8501.178111661753,-2955.600000000002,527.0375856921274,              765P   7327
8439.703185074142,-2955.599999999995,533.2868007172053,              765P   7328
8378.228259071624,-2955.600000000003,539.0039649716324,              765P   7329
8316.753333102282,-2955.6000000000004,544.2323840309074,             765P   7330
8216.28311193789,-2955.5999999999976,552.7773381067827,              765P   7331
8115.812890862345,-2955.600000000008,560.016839339057,               765P   7332
8015.1862795778225,-2955.599999999989,566.1529001523596,             765P   7333
7914.481473162287,-2955.6000000000054,571.3623145625967,             765P   7334
7813.776666717807,-2955.6000000000004,575.7924368270063,             765P   7335
7713.071860273337,-2955.599999999993,580.2225590914153,              765P   7336
7612.367053800016,-2955.6000000000126,583.8733892100015,             765P   7337
7511.740442399979,-2955.599999999991,586.892281439999,               765P   7338
7411.270221200009,-2955.6000000000017,589.3971502800001,7310.8,      765P   7339
-2955.6,591.47224912,0.,4.,0.,0.,0.,0,0;                             765P   7340
126,76,4,0,0,1,0,0.,0.,0.,0.,0.,1.,1.,1.,1.,2.,2.,2.,2.,3.,3.,       767P   7341
3.,3.,4.,4.,4.,4.,5.,5.,5.,5.,6.,6.,6.,6.,7.,7.,7.,7.,8.,8.,8.,      767P   7342
8.,9.,9.,9.,9.,10.,10.,10.,10.,11.,11.,11.,11.,12.,12.,12.,12.,      767P   7343
13.,13.,13.,13.,14.,14.,14.,14.,15.,15.,15.,15.,16.,16.,16.,16.,     767P   7344
17.,17.,17.,17.,18.,18.,18.,18.,19.,19.,19.,19.,19.,1.,1.,1.,1.,     767P   7345
1.,1.,1.,1.,1.,1.,1.,1.,1.,1.,1.,1.,1.,1.,1.,1.,1.,1.,1.,1.,1.,      767P   7346
1.,1.,1.,1.,1.,1.,1.,1.,1.,1.,1.,1.,1.,1.,1.,1.,1.,1.,1.,1.,1.,      767P   7347
1.,1.,1.,1.,1.,1.,1.,1.,1.,1.,1.,1.,1.,1.,1.,1.,1.,1.,1.,1.,1.,      767P   7348
1.,1.,1.,1.,1.,1.,1.,1.,1.,1.,7310.8,-2955.6,591.47224912,           767P   7349
7310.800000000007,-2955.6001380524126,561.8918052343308,             767P   7350
7310.800000000001,-2955.7553446372967,533.6946562557732,             767P   7351
7310.799999999995,-2956.0625578284394,506.77715441675014,            767P   7352
7310.800000000002,-2956.5187156996267,481.03565194968394,            767P   7353
7310.800000000005,-2957.040122334773,451.61777793776645,             767P   7354
7310.799999999992,-2957.7564475988097,423.7402055260159,             767P   7355
7310.8000000000075,-2958.664355858271,397.2628216316798,             767P   7356
7310.800000000001,-2959.763171124001,372.07353248891945,             767P   7357
7310.800000000005,-2960.5873244941845,353.1819429804935,             767P   7358
7310.799999999998,-2961.5187003928495,335.0133197051587,             767P   7359
7310.799999999994,-2962.557389954708,317.52375711257366,             767P   7360
7310.800000000001,-2963.703484314471,300.66934965239693,             767P   7361
7310.800000000001,-2965.040748171372,281.0071652432768,              767P   7362
7310.799999999999,-2966.524084285138,262.20874687081465,             767P   7363
7310.799999999999,-2968.1549742264706,244.21583225642226,            767P   7364
7310.800000000002,-2969.9348995660685,226.97015912151156,            767P   7365
7310.800000000016,-2972.477728318969,202.33419342957896,             767P   7366
7310.799999999983,-2975.3251817323066,179.2264154823671,             767P   7367
7310.800000000006,-2978.4833996270318,157.49235083809475,7310.8,     767P   7368
-2981.964095393899,137.01203012628542,7310.799999999997,             767P   7369
-2984.052554273424,124.72402938961383,7310.799999999999,             767P   7370
-2986.2569549465725,112.88656286516976,7310.8,                       767P   7371
-2988.5801996068444,101.47543745648409,7310.799999999999,            767P   7372
-2991.0251904477395,90.46646006708764,7310.800000000001,             767P   7373
-2993.877728039732,77.6228874501819,7310.8000000000075,              767P   7374
-2996.8961852592415,65.32765146223143,7310.799999999988,             767P   7375
-3000.0857593055166,53.5452154845002,7310.8,-3003.4531035650093,     767P   7376
42.24575764380649,7310.800000000004,-3007.3014964602576,             767P   7377
29.3320909126141,7310.799999999994,-3011.3820919049663,              767P   7378
17.049164662069394,7310.800000000004,-3015.7048110664464,            767P   7379
5.352446026098296,7310.799999999999,-3020.2823121734523,             767P   7380
-5.794598089055476,7310.799999999994,-3025.4319969350126,            767P   7381
-18.335015128177744,7310.800000000003,-3030.90417748681,             767P   7382
-30.17987566180656,7310.799999999998,-3036.7168302599844,            767P   7383
-41.38114968571348,7310.800000000001,-3042.8929873893285,            767P   7384
-51.980402569496725,7310.799999999993,-3049.7553690376308,           767P   7385
-63.757332215981634,7310.8000000000075,-3057.0666198464587,          767P   7386
-74.79118816493231,7310.799999999996,-3064.858180632694,             767P   7387
-85.13886199983632,7310.799999999999,-3073.170823362266,             767P   7388
-94.84439049439521,7310.799999999999,-3078.1584898338056,            767P   7389
-100.66762989789129,7310.8,-3083.3334732561643,                      767P   7390
-106.26001095204052,7310.800000000001,-3088.7053065640994,           767P   7391
-111.63034776328337,7310.800000000001,-3094.283522692369,            767P   7392
-116.78745443806028,7310.800000000001,-3099.8619086325866,           767P   7393
-121.94440792760511,7310.799999999997,-3105.646645424299,            767P   7394
-126.88811113580667,7310.799999999996,-3111.6487927329963,           767P   7395
-131.6260007318825,7310.800000000001,-3117.8794102241686,            767P   7396
-136.1655133850502,7310.799999999999,-3124.110224084216,             767P   7397
-140.70488620398746,7310.799999999999,-3130.5694692024463,           767P   7398
-145.04586659492804,7310.799999999999,-3137.269970651053,            767P   7399
-149.194633825938,7310.8,-3144.2245535022303,                        767P   7400
-153.15736716508343,7310.799999999998,-3152.338356960676,            767P   7401
-157.78047806507783,7310.800000000011,-3160.7985445377467,           767P   7402
-162.1500470282355,7310.799999999997,-3169.626978369928,             767P   7403
-166.27493056183758,7310.8,-3178.8496580834912,                      767P   7404
-170.16189212290166,7310.799999999995,-3188.0723412010557,           767P   7405
-174.04885441296187,7310.800000000001,-3197.68931373524,             767P   7406
-177.69790024494753,7310.800000000006,-3207.7265966589534,           767P   7407
-181.11580253600633,7310.8,-3218.215213618749,                       767P   7408
-184.30733944838678,7310.799999999992,-3230.2022010387714,           767P   7409
-187.95481072320757,7310.800000000017,-3242.778793590217,            767P   7410
-191.30662347218694,7310.799999999993,-3255.9912371545606,           767P   7411
-194.36992079005233,7310.799999999999,-3269.896426956904,            767P   7412
-197.14849294274114,7310.799999999997,-3283.801613619551,            767P   7413
-199.92706575516107,7310.80000000001,-3298.3996956212586,            767P   7414
-202.42090780799882,7310.79999999999,-3313.7475054261613,            767P   7415
-204.63382255609235,7310.8,-3329.915378123126,                       767P   7416
-206.56615406297541,7310.799999999988,-3348.104195662367,            767P   7417
-208.74003101854493,7310.800000000014,-3367.3312834753915,           767P   7418
-210.55876404710784,7310.799999999993,-3387.696334772981,            767P   7419
-212.02289531521683,7310.8,-3409.3274787230785,                      767P   7420
-213.12689575832627,7310.800000000007,-3430.958570064361,            767P   7421
-214.2309024892018,7310.799999999993,-3453.8563003497334,            767P   7422
-214.97472080424254,7310.800000000005,-3478.1482149375665,           767P   7423
-215.352897119893,7310.8,-3504.,-215.35290152,0.,19.,0.,0.,0.,0,     767P   7424
0;                                                                   767P   7425
126,12,4,0,0,1,0,0.,0.,0.,0.,0.,1.,1.,1.,1.,2.,2.,2.,2.,3.,3.,       769P   7426
3.,3.,3.,1.,1.,1.,1.,1.,1.,1.,1.,1.,1.,1.,1.,1.,7310.8,-3504.,       769P   7427
-215.35290152,7436.379329496617,-3503.999999999986,                  769P   7428
-215.3529740124517,7561.9985610282665,-3504.0000000000173,           769P   7429
-214.71241879770238,7687.899520149494,-3503.9999999999945,           769P   7430
-213.4942817103325,7813.776666717807,-3503.9999999999995,            769P   7431
-211.7515453876528,7939.649227770018,-3504.000000000005,             769P   7432
-210.00884841801854,8065.561690809074,-3503.999999999995,            769P   7433
-207.74100541286134,8191.169418134061,-3504.,                        769P   7434
-205.00133454598247,8316.753333102282,-3504.,                        769P   7435
-201.82302469911122,8442.49749843788,-3504.000000000005,             769P   7436
-198.6407083371571,8568.241670628877,-3503.999999999995,             769P   7437
-195.0185281745008,8693.985830649071,-3504.,-190.99288936131973,     769P   7438
8819.73,-3504.,-186.59167128,0.,3.,0.,0.,0.,0,0;                     769P   7439
126,32,4,0,0,1,0,0.,0.,0.,0.,0.,1.,1.,1.,1.,2.,2.,2.,2.,3.,3.,       771P   7440
3.,3.,4.,4.,4.,4.,5.,5.,5.,5.,6.,6.,6.,6.,7.,7.,7.,7.,8.,8.,8.,      771P   7441
8.,8.,1.,1.,1.,1.,1.,1.,1.,1.,1.,1.,1.,1.,1.,1.,1.,1.,1.,1.,1.,      771P   7442
1.,1.,1.,1.,1.,1.,1.,1.,1.,1.,1.,1.,1.,1.,8819.73,-3504.,            771P   7443
-186.59167128,8819.729999999992,-3483.576274927392,                  771P   7444
-186.59157851917536,8819.73,-3464.123640221257,                      771P   7445
-186.39488824127142,8819.730000000007,-3445.567363043149,            771P   7446
-186.0056778317266,8819.730000000003,-3427.832710554621,             771P   7447
-185.42802467597926,8819.729999999996,-3410.09958959291,             771P   7448
-184.8501282430421,8819.729999999996,-3393.189415740217,             771P   7449
-184.0836100866646,8819.73,-3377.0410823703583,                      771P   7450
-183.13035839171792,8819.73,-3361.5934828571494,                     771P   7451
-181.9922613430731,8819.73,-3350.0085821969337,                      771P   7452
-181.13854807139327,8819.73,-3338.81873723219,                       771P   7453
-180.18071507829436,8819.730000000001,-3328.002356222406,            771P   7454
-179.11880741842143,8819.730000000001,-3317.5378474270683,           771P   7455
-177.95287014641949,8819.729999999987,-3303.5854046462396,           771P   7456
-176.39824278311258,8819.730000000027,-3290.2595701650175,           771P   7457
-174.65846171447032,8819.729999999987,-3277.5129253823325,           771P   7458
-172.7329256285185,8819.730000000001,-3265.306199173362,             771P   7459
-170.61924473567743,8819.730000000025,-3250.047820454234,            771P   7460
-167.97714393312808,8819.729999999965,-3235.6328268051625,           771P   7461
-165.04107045207837,8819.730000000007,-3221.984747905361,            771P   7462
-161.80636700634454,8819.730000000003,-3209.042589486863,            771P   7463
-158.26411474926647,8819.729999999981,-3196.1004506495174,           771P   7464
-154.72186461188147,8819.730000000021,-3183.8640452868535,           771P   7465
-150.87205599134006,8819.729999999985,-3172.2725031881305,           771P   7466
-146.70579660543706,8819.73,-3161.277019739679,                      771P   7467
-142.2098007688399,8819.729999999992,-3145.883359126769,             771P   7468
-135.91541138998136,8819.730000000014,-3131.657679499147,            771P   7469
-128.974685848648,8819.729999999987,-3118.466484444932,              771P   7470
-121.35132589408754,8819.73,-3106.212273186596,                      771P   7471
-112.99057192207559,8819.730000000005,-3092.207441093367,            771P   7472
-103.43544569193656,8819.729999999989,-3079.4255433306416,           771P   7473
-92.91681423144853,8819.73000000001,-3067.7206011573835,             771P   7474
-81.35334851037223,8819.73,-3056.9905696939586,                      771P   7475
-68.62485472893499,0.,8.,0.,0.,0.,0,0;                               771P   7476
126,84,6,0,0,1,0,0.,0.,0.,0.,0.,0.,0.,1.,1.,1.,1.,1.,1.,2.,2.,       773P   7477
2.,2.,2.,2.,3.,3.,3.,3.,3.,3.,4.,4.,4.,4.,4.,4.,5.,5.,5.,5.,5.,      773P   7478
5.,6.,6.,6.,6.,6.,6.,7.,7.,7.,7.,7.,7.,8.,8.,8.,8.,8.,8.,9.,9.,      773P   7479
9.,9.,9.,9.,10.,10.,10.,10.,10.,10.,11.,11.,11.,11.,11.,11.,12.,     773P   7480
12.,12.,12.,12.,12.,13.,13.,13.,13.,13.,13.,14.,14.,14.,14.,14.,     773P   7481
14.,14.,1.,1.,1.,1.,1.,1.,1.,1.,1.,1.,1.,1.,1.,1.,1.,1.,1.,1.,       773P   7482
1.,1.,1.,1.,1.,1.,1.,1.,1.,1.,1.,1.,1.,1.,1.,1.,1.,1.,1.,1.,1.,      773P   7483
1.,1.,1.,1.,1.,1.,1.,1.,1.,1.,1.,1.,1.,1.,1.,1.,1.,1.,1.,1.,1.,      773P   7484
1.,1.,1.,1.,1.,1.,1.,1.,1.,1.,1.,1.,1.,1.,1.,1.,1.,1.,1.,1.,1.,      773P   7485
1.,1.,1.,1.,8819.73,-3056.9905696939586,-68.62485472893499,          773P   7486
8811.35111919349,-3055.269583433873,-66.61105120521222,              773P   7487
8802.969312724681,-3053.5750200585267,-64.56397517891035,            773P   7488
8794.60029984862,-3051.9057197370953,-62.48353383000929,             773P   7489
8786.252261246957,-3050.25851162119,-60.365961526314976,             773P   7490
8777.92583902793,-3048.6282138448573,-58.203819823459405,            773P   7491
8769.614136726386,-3047.0076335245813,-55.985997464900635,           773P   7492
8768.566085906741,-3046.8033095355577,-55.70637076497832,            773P   7493
8767.518279686203,-3046.599125851063,-55.42582808295229,             773P   7494
8766.470718064767,-3046.3950824710982,-55.14436941882256,            773P   7495
8765.42340104244,-3046.191179395663,-54.86199477258914,              773P   7496
8764.376328619219,-3045.987416624757,-54.57870414425201,             773P   7497
8763.3295007951,-3045.7837941583794,-54.29449753381115,              773P   7498
8755.990919516566,-3044.356238252089,-52.30190064598531,             773P   7499
8748.688304905056,-3042.939102924157,-50.26883286001785,             773P   7500
8741.42412867809,-3041.529688130381,-48.19051298707822,              773P   7501
8734.194800369743,-3040.1258814915745,-46.06242258115806,            773P   7502
8726.99066733064,-3038.726158293564,-43.88030593907115,              773P   7503
8719.796014727957,-3037.3295814871917,-41.64017010045343,            773P   7504
8715.603984784288,-3036.51584174956,-40.334911101676006,             773P   7505
8711.417281625389,-3035.703512919825,-39.01054179246018,             773P   7506
8707.233737975628,-3034.892582119578,-37.66655759614709,             773P   7507
8703.051186559382,-3034.083036470412,-36.302453936077896,            773P   7508
8698.867460101013,-3033.2748630939195,-34.91772623559371,            773P   7509
8694.6803913249,-3032.4680491116924,-33.511869918035686,             773P   7510
8690.493678698494,-3031.661307799134,-32.10611403248953,             773P   7511
8686.304843528116,-3030.8559989569712,-30.679320110118496,           773P   7512
8682.112488339913,-3030.052278448864,-29.231228109037524,            773P   7513
8677.917043067724,-3029.2502968569856,-27.76158290469817,            773P   7514
8673.720765053075,-3028.450199482023,-26.27013428988861,             773P   7515
8669.527739045181,-3027.652126343177,-24.75663697473366,             773P   7516
8668.12334845548,-3027.384821150321,-24.24969054747001,              773P   7517
8666.728055951502,-3027.1194043791124,-23.743478131366476,           773P   7518
8665.337577190323,-3026.855026443698,-23.236354458043227,            773P   7519
8663.947627829024,-3026.5908377582273,-22.72667425912043,            773P   7520
8662.553923524676,-3026.325988736846,-22.21279226621825,             773P   7521
8661.152179934357,-3026.0596297937027,-21.693063210956865,           773P   7522
8651.629054857089,-3024.2500607560783,-18.161858090724188,           773P   7523
8642.135545020585,-3022.4468413254535,-14.504631982012992,           773P   7524
8632.66742025115,-3020.6353828564124,-10.686026614615791,            773P   7525
8623.27348303872,-3018.7970506858096,-6.654467840771925,             773P   7526
8614.017835460367,-3016.9106391404734,-2.340778865160275,            773P   7527
8604.942146005362,-3014.95519789249,2.3493519433962686,              773P   7528
8603.253516776387,-3014.5913712717534,3.22199438395885,              773P   7529
8601.569905609096,-3014.22487855628,4.10832146554608,                773P   7530
8599.892287067232,-3013.8557489849504,5.008582521978744,             773P   7531
8598.221635714544,-3013.4840117966432,5.9230268870776275,            773P   7532
8596.558926114782,-3013.1096962302377,6.851903894663516,             773P   7533
8594.905132831684,-3012.732831524614,7.795462878557193,              773P   7534
8590.011467606715,-3011.6177102203683,10.587437051697073,            773P   7535
8585.186364667521,-3010.4784009403756,13.512751586849475,            773P   7536
8580.442888533791,-3009.3138712889286,16.583460046606877,            773P   7537
8575.78951590096,-3008.123741877856,19.811538829040643,              773P   7538
8571.238223048429,-3006.9077242354515,23.21085735385643,             773P   7539
8566.812573247798,-3005.6650587154118,26.799148248549592,            773P   7540
8564.948219411337,-3005.141586168332,28.310708434120798,             773P   7541
8563.105574922467,-3004.6131839678183,29.856419756225026,            773P   7542
8561.286679979676,-3004.079922196838,31.43723431792853,              773P   7543
8559.493862967722,-3003.54178251403,33.05448389861429,               773P   7544
8557.729740457638,-3002.9986581537014,34.70987995398198,             773P   7545
8555.997217206726,-3002.4503539258317,36.40551361604799,             773P   7546
8554.453687467236,-3001.9618451860133,37.916234265265174,            773P   7547
8552.93528182438,-3001.469281935209,39.45872344462546,               773P   7548
8551.443859373936,-3000.972368974568,41.03496857486431,              773P   7549
8549.981702647765,-3000.470881807656,42.6468730214381,               773P   7550
8548.551517613807,-2999.9646666404537,44.296256094524054,            773P   7551
8547.15643367609,-2999.4536403813545,45.98485304902037,              773P   7552
8543.937260478839,-2998.2744494692543,49.88129371563375,             773P   7553
8540.905486408057,-2997.0698628371847,53.98573241765956,             773P   7554
8538.096119096608,-2995.837776701387,58.323036748962515,             773P   7555
8535.568646963657,-2994.581837679049,62.90327002135946,              773P   7556
8533.395835653166,-2993.3091510950603,67.72389814173827,             773P   7557
8531.652524472418,-2992.027989288774,72.77199648917663,              773P   7558
8531.421938882153,-2991.8585381951566,73.43967636814308,             773P   7559
8531.19883024045,-2991.6888906444756,74.11153358188838,              773P   7560
8530.983401099416,-2991.5191103498787,74.78735706231139,             773P   7561
8530.775854011166,-2991.349261024511,75.46693574131098,              773P   7562
8530.576391527811,-2991.1794063815196,76.15005855078599,             773P   7563
8530.385216201466,-2991.00961013405,76.83651442263525,               773P   7564
8530.372064375075,-2990.9979295428825,76.88373650943446,             773P   7565
8530.358951606417,-2990.98624911918,76.93097477408938,               773P   7566
8530.345877895494,-2990.974568862941,76.97822921660008,              773P   7567
8530.332843242304,-2990.9628887741665,77.02549983696657,             773P   7568
8530.319847646846,-2990.951208852856,77.0727866351888,               773P   7569
8530.306891109118,-2990.9395298754266,77.12008648659997,0.,14.,      773P   7570
0.,0.,0.,0,0;                                                        773P   7571
126,105,5,0,0,1,0,0.,0.,0.,0.,0.,0.,1.,1.,1.,1.,1.,2.,2.,2.,2.,      775P   7572
2.,3.,3.,3.,3.,3.,4.,4.,4.,4.,4.,5.,5.,5.,5.,5.,6.,6.,6.,6.,6.,      775P   7573
7.,7.,7.,7.,7.,8.,8.,8.,8.,8.,9.,9.,9.,9.,9.,10.,10.,10.,10.,        775P   7574
10.,11.,11.,11.,11.,11.,12.,12.,12.,12.,12.,13.,13.,13.,13.,13.,     775P   7575
14.,14.,14.,14.,14.,15.,15.,15.,15.,15.,16.,16.,16.,16.,16.,17.,     775P   7576
17.,17.,17.,17.,18.,18.,18.,18.,18.,19.,19.,19.,19.,19.,20.,20.,     775P   7577
20.,20.,20.,21.,21.,21.,21.,21.,21.,1.,1.,1.,1.,1.,1.,1.,1.,1.,      775P   7578
1.,1.,1.,1.,1.,1.,1.,1.,1.,1.,1.,1.,1.,1.,1.,1.,1.,1.,1.,1.,1.,      775P   7579
1.,1.,1.,1.,1.,1.,1.,1.,1.,1.,1.,1.,1.,1.,1.,1.,1.,1.,1.,1.,1.,      775P   7580
1.,1.,1.,1.,1.,1.,1.,1.,1.,1.,1.,1.,1.,1.,1.,1.,1.,1.,1.,1.,1.,      775P   7581
1.,1.,1.,1.,1.,1.,1.,1.,1.,1.,1.,1.,1.,1.,1.,1.,1.,1.,1.,1.,1.,      775P   7582
1.,1.,1.,1.,1.,1.,1.,1.,1.,1.,1.,1.,1.,8530.306891109118,            775P   7583
-2990.9395298754266,77.12008648659997,8529.619446309203,             775P   7584
-2990.3198158404157,79.62991621845646,8529.047342308662,             775P   7585
-2989.700963409949,82.18582150928248,8528.600442307665,              775P   7586
-2989.0856217448504,84.77865215043262,8528.285074193633,             775P   7587
-2988.474185337125,87.40781547602303,8528.101533174751,              775P   7588
-2987.869200574302,90.06265768942899,8528.022339310812,              775P   7589
-2987.6082494470406,91.20776880132084,8527.967742470564,             775P   7590
-2987.348362566,92.35827953748114,8527.937614036991,                 775P   7591
-2987.0898078220944,93.5129796397748,8527.931825393074,              775P   7592
-2986.8328531062375,94.67065885006672,8527.950247921792,             775P   7593
-2986.5777663093445,95.8301069102218,8527.959465771799,              775P   7594
-2986.4501660905535,96.4100858009212,8527.97465481404,               775P   7595
-2986.323053562663,96.99038028552997,8527.995815048514,              775P   7596
-2986.1964287256733,97.5709903640481,8528.022946475225,              775P   7597
-2986.0702915795846,98.15191603647558,8528.056049094166,             775P   7598
-2985.944642124396,98.7331573028124,8528.089148283825,               775P   7599
-2985.8190218725863,99.31426417198671,8528.128079496484,             775P   7600
-2985.693977405585,99.89522698384675,8528.172842732141,              775P   7601
-2985.5695087233917,100.47604573839254,8528.223437990799,            775P   7602
-2985.4456158260064,101.05672043562407,8528.279865272454,            775P   7603
-2985.322298713429,101.63725107554133,8528.744360164632,             775P   7604
-2984.306011259003,106.42136712702712,8529.598299871483,             775P   7605
-2983.330486068752,111.18546550896558,8530.805359860131,             775P   7606
-2982.4033398727643,115.88118919468772,8532.310211352546,            775P   7607
-2981.528535982232,120.4628154151724,8534.070379818957,              775P   7608
-2980.7033208825355,124.92102727540822,8534.558799493052,            775P   7609
-2980.4743347807566,126.1581281324653,8535.066991480127,             775P   7610
-2980.2491258142386,127.38595662613147,8535.593981049584,            775P   7611
-2980.0276590343265,128.60420782425976,8536.138793470825,            775P   7612
-2979.809899492366,129.81257679470323,8536.70045401325,              775P   7613
-2979.595812239702,131.01075860531492,8537.262134261226,             775P   7614
-2979.3817118452143,132.20901823127383,8537.840976402545,            775P   7615
-2979.171155409007,133.3978030739085,8538.436190289029,              775P   7616
-2978.9640640027483,134.57710323048332,8539.0469857725,              775P   7617
-2978.760358698105,135.74690879826247,8539.67257270478,              775P   7618
-2978.5599605667426,136.90720987451033,8541.060963790827,            775P   7619
-2978.115199514532,139.4823950170262,8542.523037291783,              775P   7620
-2977.6865004087467,142.0121350567891,8544.050273878735,             775P   7621
-2977.272959850048,144.4970199500684,8545.635175582052,              775P   7622
-2976.8738092553544,146.93727713215452,8547.271265791389,            775P   7623
-2976.4884148578426,149.33277151735896,8549.127167521317,            775P   7624
-2976.0512490075935,152.05003880974039,8551.04931434855,             775P   7625
-2975.631681119883,154.71038999297238,8553.028162399562,             775P   7626
-2975.2288756186144,157.31291157672214,8555.057239170412,            775P   7627
-2974.841835213609,159.85847103653953,8557.13314352672,              775P   7628
-2974.469400900612,162.34971681385682,8557.726934123071,             775P   7629
-2974.362869559393,163.0623165806118,8558.324568828226,              775P   7630
-2974.257529378835,163.77049746199918,8558.925982071565,             775P   7631
-2974.1533513988934,164.4743425076127,8559.531108282472,             775P   7632
-2974.050306659524,165.17393476704603,8560.139881890324,             775P   7633
-2973.9483662006796,165.86935728989295,8564.697626787132,            775P   7634
-2973.1851671506656,171.07577044573253,8569.459259582647,            775P   7635
-2972.484139831564,176.0470348761885,8574.37479154895,               775P   7636
-2971.8390443472376,180.77942407834098,8579.431054816941,            775P   7637
-2971.2419008362995,185.292586198347,8584.60916772406,               775P   7638
-2970.686596226337,189.60517290152836,8588.066726270592,             775P   7639
-2970.315827959026,192.48483044314537,8591.57964548591,              775P   7640
-2969.9635053421302,195.27570742843258,8595.142369872272,            775P   7641
-2969.6279910713947,197.98358453539072,8598.749343931937,            775P   7642
-2969.3076478425673,200.6142424420205,8602.395012167166,             775P   7643
-2969.0008383513937,203.17346182632258,8604.453835755532,            775P   7644
-2968.82761731538,204.61872638208973,8606.525138138584,              775P   7645
-2968.6587437758726,206.04134075148795,8608.607726223438,            775P   7646
-2968.4940077590763,207.4421193843801,8610.700406917209,             775P   7647
-2968.333199291199,208.82187673062901,8612.801987127015,             775P   7648
-2968.176108398445,210.18142724009755,8614.903564889379,             775P   7649
-2968.019031744179,211.54090503137343,8617.014230476767,             775P   7650
-2967.865661005484,212.8803293314736,8619.133319882167,              775P   7651
-2967.7158225386647,214.20041570438786,8621.260169098568,            775P   7652
-2967.569342700022,215.50187971410597,8623.394114118955,             775P   7653
-2967.4260478458577,216.78543692461776,8634.383678683924,            775P   7654
-2966.6881739322566,223.39527700981435,8645.566079896493,            775P   7655
-2966.035126444829,229.52759019779907,8656.853491038646,             775P   7656
-2965.448727500585,235.24699105200165,8668.305283765965,             775P   7657
-2964.920888768008,240.55640805787579,8679.879521629953,             775P   7658
-2964.444644041801,245.46096258139784,8684.919446460826,             775P   7659
-2964.23727370395,247.59657503795512,8689.98298200308,               775P   7660
-2964.039666284642,249.655840380448,8695.06859737241,                775P   7661
-2963.8512151733903,251.63959280395596,8700.173786812296,            775P   7662
-2963.6712328213143,253.55079965263212,8705.29506969401,             775P   7663
-2963.4989507411374,255.3945614197034,8707.00305625111,              775P   7664
-2963.441493766242,256.0094699558389,8708.711500794649,              775P   7665
-2963.3849340422403,256.61643699790693,8710.421372059087,            775P   7666
-2963.32920984289,257.21602016621443,8712.13363877888,               775P   7667
-2963.2742594419515,257.80877708106823,8713.849269688484,            775P   7668
-2963.2200211131812,258.3952653627749,8721.383150407179,             775P   7669
-2962.9818493547527,260.9707065089093,8728.956914906137,             775P   7670
-2962.7582439945577,263.4164777901888,8736.58551252646,              775P   7671
-2962.546280438396,265.75693481367716,8744.22746390319,              775P   7672
-2962.3450801499775,267.9985703694671,8751.879785649047,             775P   7673
-2962.1534092467446,270.1508727534146,8757.686298842726,             775P   7674
-2962.007973020065,271.7840170436533,8763.499931323286,              775P   7675
-2961.867996442381,273.3660536700402,8769.312435399386,              775P   7676
-2961.7331373801458,274.89913232586434,8775.12247551929,             775P   7677
-2961.6030810829634,276.38486481142775,8780.935628270863,            775P   7678
-2961.4775401835873,277.82432503404476,8782.098232205033,            775P   7679
-2961.4524334758985,278.1122144309934,8783.261065448713,             775P   7680
-2961.427503274121,278.3982747648717,8784.424128001898,              775P   7681
-2961.4027495782548,278.6825060356797,8785.58741986459,              775P   7682
-2961.3781723882994,278.9649082434174,8786.75094103679,              775P   7683
-2961.3537717042545,279.2454813880847,8793.336531573048,             775P   7684
-2961.215653383526,280.83354235554503,8799.929292511606,             775P   7685
-2961.083142925769,282.3625199587352,8806.527164078358,              775P   7686
-2960.956100191639,283.83074039634414,8813.128086499193,             775P   7687
-2960.8343850417914,285.23652986706065,8819.73,                      775P   7688
-2960.71785733688,286.5782145695735,0.,21.,0.,0.,0.,0,0;             775P   7689
102,7,763,765,767,769,771,773,775;                                   777P   7690
142,0,745,761,777,1,0,0;                                             779P   7691
406,1,7Hnacelle;                                                     781P   7692
144,745,1,0,779,0,1,781;                                             783P   7693
128,8,5,5,5,0,0,0,0,0,0.,0.,0.,0.,0.,0.,122.227214,122.227214,       785P   7694
122.227214,269.6485193,269.6485193,269.6485193,269.6485193,          785P   7695
269.6485193,269.6485193,0.,0.,0.,0.,0.,0.,90.57588679,               785P   7696
90.57588679,90.57588679,90.57588679,90.57588679,90.57588679,1.,      785P   7697
1.,1.,1.,1.,1.,1.,1.,1.,1.142809042,1.142809042,1.142809042,         785P   7698
1.142809042,1.142809042,1.142809042,1.142809042,1.142809042,         785P   7699
1.142809042,1.226960076,1.226960076,1.226960076,1.226960076,         785P   7700
1.226960076,1.226960076,1.226960076,1.226960076,1.226960076,         785P   7701
1.226960076,1.226960076,1.226960076,1.226960076,1.226960076,         785P   7702
1.226960076,1.226960076,1.226960076,1.226960076,1.142809042,         785P   7703
1.142809042,1.142809042,1.142809042,1.142809042,1.142809042,         785P   7704
1.142809042,1.142809042,1.142809042,1.,1.,1.,1.,1.,1.,1.,1.,1.,      785P   7705
8819.73,-3504.,-186.59167128,9015.293544,-3504.,-179.74669056,       785P   7706
9210.857016,-3504.,-172.05024224,9406.652208,-3504.,                 785P   7707
-163.5746712,9838.089832,-3504.,-143.34207544,10269.527464,          785P   7708
-3504.,-119.93637592,10505.401656,-3504.,-106.28474288,              785P   7709
10741.27564,-3504.,-91.84890584,10977.149736,-3504.,                 785P   7710
-76.688510064,8819.73,-3214.4473856,-186.59167128,9015.293544,       785P   7711
-3214.4473856,-179.74669056,9210.857056,-3217.7835144,               785P   7712
-172.05022896,9406.652208,-3224.4202328,-163.5746712,                785P   7713
9838.089832,-3246.2120056,-143.34207544,10269.527464,                785P   7714
-3283.6040184,-119.93637592,10505.401728,-3308.6358008,              785P   7715
-106.2847432,10741.27564,-3338.1854328,-91.84890584,                 785P   7716
10977.149736,-3372.1844864,-76.688510064,8819.73,-3063.6323384,      785P   7717
-147.07956368,9015.293544,-3063.6323384,-142.31233896,               785P   7718
9210.857032,-3068.7061736,-137.1146368,9406.652208,                  785P   7719
-3078.7995936,-131.56664656,9838.089832,-3111.9417272,               785P   7720
-118.45008816,10269.527464,-3168.80958,-103.28277264,                785P   7721
10505.401672,-3206.8793616,-94.339452,10741.27564,-3251.820016,      785P   7722
-84.76122464,10977.149736,-3303.5276624,-74.57426276,8819.73,        785P   7723
-2987.7809984,-53.948632816,9015.293544,-2987.7809984,               785P   7724
-54.078726136,9210.857032,-2993.7287632,-54.77066304,                785P   7725
9406.652208,-3005.5607368,-56.123009016,9838.089832,                 785P   7726
-3044.411448,-59.779111528,10269.527464,-3111.0745496,               785P   7727
-64.0298532,10505.401672,-3155.7015944,-66.184152392,                785P   7728
10741.27564,-3208.3831512,-68.055399792,10977.149736,                785P   7729
-3268.997208,-69.590934064,8819.73,-2955.6,131.22338488,             785P   7730
9015.293544,-2955.6,121.35596536,9210.857056,-2961.918568,           785P   7731
108.95365488,9406.652208,-2974.488108,93.88140368,9838.089832,       785P   7732
-3015.7607552,56.87625772,10269.527464,-3086.57966,14.016637112,     785P   7733
10505.401728,-3133.9887288,-10.203031288,10741.27564,                785P   7734
-3189.9544456,-34.83924636,10977.149736,-3254.347176,                785P   7735
-59.682592976,8819.73,-2955.6,486.7385872,9015.293544,-2955.6,       785P   7736
458.17629392,9210.857016,-2961.9185408,423.29101712,9406.652208,     785P   7737
-2974.488076,381.87766688,9838.089832,-3015.7607024,                 785P   7738
280.84507176,10269.527464,-3086.5796808,163.85954608,                785P   7739
10505.401656,-3133.9887464,97.27616936,10741.27564,                  785P   7740
-3189.9544352,28.933064688,10977.149736,-3254.3471744,               785P   7741
-40.659384552,0.,269.6485193,0.,90.57588679;                         785P   7742
126,59,5,0,0,1,0,0.,0.,0.,0.,0.,0.,10.079465199999987,               787P   7743
10.079465199999987,10.079465199999987,15.2244886,15.2244886,         787P   7744
15.2244886,17.797277899999983,17.797277899999983,                    787P   7745
17.797277899999983,20.369794999999982,20.369794999999982,            787P   7746
20.369794999999982,46.09958639999999,46.09958639999999,              787P   7747
46.09958639999999,54.35406449999999,54.35406449999999,               787P   7748
54.35406449999999,62.60854269999999,62.60854269999999,               787P   7749
62.60854269999999,90.4056493,90.4056493,90.4056493,100.0995135,      787P   7750
100.0995135,100.0995135,140.46317119999998,140.46317119999998,       787P   7751
140.46317119999998,143.9263254,143.9263254,143.9263254,              787P   7752
154.31577549999997,154.31577549999997,154.31577549999997,            787P   7753
175.25245257,175.25245257,175.25245257,203.07250467,                 787P   7754
203.07250467,203.07250467,208.11735711999998,208.11735711999998,     787P   7755
208.11735711999998,210.63978393999997,210.63978393999997,            787P   7756
210.63978393999997,223.25189246,223.25189246,223.25189246,           787P   7757
243.77897514999998,243.77897514999998,243.77897514999998,            787P   7758
257.5227852,257.5227852,257.5227852,257.5227852,257.5227852,         787P   7759
257.5227852,1.,1.,1.,1.,1.,1.,1.,1.,1.,1.,1.,1.,1.,1.,1.,1.,1.,      787P   7760
1.,1.,1.,1.,1.,1.,1.,1.,1.,1.,1.,1.,1.,1.,1.,1.,1.,1.,1.,1.,1.,      787P   7761
1.,1.,1.,1.,1.,1.,1.,1.,1.,1.,1.,1.,1.,1.,1.,1.,1.,1.,1.,1.,1.,      787P   7762
1.,0.,80.10360689,0.,1.438420236,80.31360945,0.,                     787P   7763
2.8779479969999997,80.51262482000001,0.,4.318053793999999,           787P   7764
80.70061798000002,0.,6.499705525999999,80.96946884,0.,               787P   7765
8.690248093,81.21755061,0.,9.431616564,81.29914936,0.,               787P   7766
10.54520142,81.41839581,0.,11.660439629999999,81.53316505000001,     787P   7767
0.,12.032177149999999,81.57092258,0.,12.776137689999999,             787P   7768
81.64552122,0.,13.520405189999998,81.71829868,0.,                    787P   7769
13.892594939999999,81.75424919,0.,17.988130279999996,                787P   7770
82.14515945,0.,22.09206535,82.48733731000002,0.,                     787P   7771
25.825932069999997,82.77430691,0.,30.759007449999995,                787P   7772
83.12729176,0.,35.6898989,83.45128965000002,0.,36.88742118,          787P   7773
83.52838233000001,0.,39.28215644,83.67954881,0.,                     787P   7774
41.67662248999999,83.82517899,0.,42.873808579999995,83.89672391,     787P   7775
0.,48.10216425,84.20405951000001,0.,53.32882056999999,               787P   7776
84.49058124,0.,57.35742908999999,84.70235359,0.,                     787P   7777
62.78681578999999,84.97767645,0.,68.2115514,85.2401513,0.,           787P   7778
69.61391213,85.30718143000001,0.,76.85370592999999,85.64913357,      787P   7779
0.,84.08449812,85.97031324000001,0.,89.90897460999999,               787P   7780
86.2180011,0.,96.22497404,86.47809225,0.,102.5322972,                787P   7781
86.73309310000002,0.,103.03064319999999,86.75321366,0.,              787P   7782
105.02391819999998,86.83358977,0.,107.01690679999999,                787P   7783
86.91358529,0.,108.5118243,86.97344304,0.,113.0201677,               787P   7784
87.15374167000002,0.,117.53142229999999,87.33417485000001,0.,        787P   7785
120.54800439999998,87.45544846000001,0.,127.5716477,                 787P   7786
87.74073435000001,0.,134.5829995,88.03484616,0.,138.5762621,         787P   7787
88.20653181,0.,143.2777757,88.41432588,0.,147.967812,                787P   7788
88.62877767000002,0.,148.6875022,88.6618568,0.,149.7667227,          787P   7789
88.71172099,0.,150.8455791,88.76196297000001,0.,151.2051679,         787P   7790
88.77875298000001,0.,153.3624141,88.87974667,0.,155.5177922,         787P   7791
88.9822678,0.,157.31182,89.06876978000001,0.,162.0193337,            787P   7792
89.2989672,0.,166.7104845,89.53747123000001,0.,169.6102979,          787P   7793
89.68880269,0.,174.44579030000003,89.94881633000001,0.,              787P   7794
179.27746150000002,90.22460302000002,0.,181.21516290000002,          787P   7795
90.33811316,0.,183.1533315,90.45498373,0.,185.0919797,               787P   7796
90.57570874000001,0.,0.,257.5227852,0.,0.,0.,0,0;                    787P   7797
126,1,1,0,0,1,0,0.,0.,185.0920297,185.0920297,1.,1.,185.0920297,     789P   7798
90.57588679,0.,0.,90.57588679,0.,0.,185.0920297,0.,0.,0.,0,0;        789P   7799
126,1,1,0,0,1,0,80.10360689000001,80.10360689000001,                 791P   7800
90.57588679000001,90.57588679000001,1.,1.,0.,90.57588679,0.,0.,      791P   7801
80.10360689,0.,80.10360689000001,90.57588679000001,0.,0.,0.,0,0;     791P   7802
102,3,787,789,791;                                                   793P   7803
126,100,5,0,0,1,0,0.,0.,0.,0.,0.,0.,1.,1.,1.,1.,1.,2.,2.,2.,2.,      795P   7804
2.,3.,3.,3.,3.,3.,4.,4.,4.,4.,4.,5.,5.,5.,5.,5.,6.,6.,6.,6.,6.,      795P   7805
7.,7.,7.,7.,7.,8.,8.,8.,8.,8.,9.,9.,9.,9.,9.,10.,10.,10.,10.,        795P   7806
10.,11.,11.,11.,11.,11.,12.,12.,12.,12.,12.,13.,13.,13.,13.,13.,     795P   7807
14.,14.,14.,14.,14.,15.,15.,15.,15.,15.,16.,16.,16.,16.,16.,17.,     795P   7808
17.,17.,17.,17.,18.,18.,18.,18.,18.,19.,19.,19.,19.,19.,20.,20.,     795P   7809
20.,20.,20.,20.,1.,1.,1.,1.,1.,1.,1.,1.,1.,1.,1.,1.,1.,1.,1.,1.,     795P   7810
1.,1.,1.,1.,1.,1.,1.,1.,1.,1.,1.,1.,1.,1.,1.,1.,1.,1.,1.,1.,1.,      795P   7811
1.,1.,1.,1.,1.,1.,1.,1.,1.,1.,1.,1.,1.,1.,1.,1.,1.,1.,1.,1.,1.,      795P   7812
1.,1.,1.,1.,1.,1.,1.,1.,1.,1.,1.,1.,1.,1.,1.,1.,1.,1.,1.,1.,1.,      795P   7813
1.,1.,1.,1.,1.,1.,1.,1.,1.,1.,1.,1.,1.,1.,1.,1.,1.,1.,1.,1.,1.,      795P   7814
1.,8819.73,-2960.71785733688,286.5782145695735,                      795P   7815
8831.239907458612,-2960.514688470367,288.9176126528021,              795P   7816
8842.75050820241,-2960.3489545001958,291.06298972930324,             795P   7817
8854.276439398192,-2960.219340748239,293.01407943054255,             795P   7818
8865.828980312466,-2960.1245307629283,294.77811462682325,            795P   7819
8877.416052311464,-2960.0632063192456,296.36982742728617,            795P   7820
8883.330143317604,-2960.031906573113,297.1822604173992,              795P   7821
8889.253000065106,-2960.00933531002,297.9495883233513,               795P   7822
8895.184011692101,-2959.995324579929,298.67374275297175,             795P   7823
8901.122567336723,-2959.9897064328006,299.35665531409,               795P   7824
8907.0680561371,-2959.9923129185954,300.00025761453537,              795P   7825
8910.041058771076,-2959.9936169769835,300.3221117472098,             795P   7826
8913.014869390761,-2959.996976916802,300.63407027231756,             795P   7827
8915.989600505047,-2960.002372132956,300.9364058885579,              795P   7828
8918.96536462283,-2960.009782020352,301.2293912946301,               795P   7829
8921.942274253008,-2960.019185973895,301.51329918923335,             795P   7830
8924.918756817387,-2960.028588881569,301.79717078950114,             795P   7831
8927.895870335138,-2960.039983008912,302.0719449855363,              795P   7832
8930.873592823053,-2960.0533476677483,302.3378976306953,             795P   7833
8933.851902297916,-2960.068662169904,302.59530457833455,             795P   7834
8936.83077677652,-2960.0859058272026,302.8444416818105,              795P   7835
8966.624877328793,-2960.2583955539194,305.3362655842768,             795P   7836
8996.475811472294,-2960.6238979011655,306.99904978965066,            795P   7837
9026.351997313626,-2961.1638599991334,308.08947715787815,            795P   7838
9056.237872888443,-2961.8730580553383,308.6798735200073,             795P   7839
9086.11519320349,-2962.7461528596045,308.8224421695763,              795P   7840
9095.700296396692,-2963.026260674665,308.86819680368427,             795P   7841
9105.284375172314,-2963.3232357739203,308.86787714071204,            795P   7842
9114.867510483075,-2963.636942469756,308.82321222967806,             795P   7843
9124.449783281692,-2963.9672450745566,308.73593111960093,            795P   7844
9134.031274520888,-2964.314007900708,308.6077628594991,              795P   7845
9143.612889713386,-2964.6607787027424,308.4796151138486,             795P   7846
9153.19419827087,-2965.0240229422448,308.31081533411293,             795P   7847
9162.7751023216,-2965.403622947952,308.1030224279608,                795P   7848
9172.355503993838,-2965.799461048602,307.8578953030609,              795P   7849
9181.935305415838,-2966.2114195729314,307.5770928670819,             795P   7850
9214.195410430591,-2967.5987166884343,306.6312606910091,             795P   7851
9246.448572904135,-2969.168904776702,305.2791114998048,              795P   7852
9278.691762567161,-2970.9182356579536,303.5754589418362,             795P   7853
9310.910537644408,-2972.843630932443,301.5495211159433,              795P   7854
9343.108520800612,-2974.9435101712943,299.2139028041097,             795P   7855
9354.337103775879,-2975.6758145053964,298.39940121710197,            795P   7856
9365.563275773857,-2976.4293518546747,297.54717751333794,            795P   7857
9376.786896307382,-2977.2040409022484,296.6578552476366,             795P   7858
9388.0078248893,-2977.999800331236,295.7320579748171,                795P   7859
9399.22592103245,-2978.8165488247573,294.7704092496986,              795P   7860
9445.93621881474,-2982.2173576015343,290.76635709927814,             795P   7861
9492.597907613555,-2985.982051925076,286.14165256023534,             795P   7862
9539.208075556224,-2990.105327951906,280.94553509952834,             795P   7863
9585.753585022165,-2994.580797670534,275.2460294507483,              795P   7864
9632.236562685328,-2999.403882878478,269.1080506089276,              795P   7865
9636.224669554313,-2999.817692312346,268.5813997822028,              795P   7866
9640.212431327354,-3000.23406920093,268.0515578450028,               795P   7867
9644.199848004455,-3000.653013544231,267.5185247973275,              795P   7868
9648.186919585616,-3001.074525342247,266.9823006391769,              795P   7869
9652.173646070833,-3001.498604594978,266.4428853705511,              795P   7870
9664.134061747509,-3002.7708610712825,264.82474228123203,            795P   7871
9676.093605751963,-3004.0664168048916,263.1780866720227,             795P   7872
9688.053653596777,-3005.385386611609,261.5037819474506,              795P   7873
9700.015580794528,-3006.7278853072416,259.80269151204345,            795P   7874
9711.9807628578,-3008.0940277075933,258.0756787703287,               795P   7875
9729.103124152087,-3010.0490249790964,255.60409200772276,            795P   7876
9746.219367449881,-3012.050956209625,253.08203361400714,             795P   7877
9763.358187757727,-3014.103060180682,250.50658123193688,             795P   7878
9780.540469837526,-3016.2080874015196,247.87552327718203,            795P   7879
9797.779288206546,-3018.3683001091363,245.18735893832763,            795P   7880
9804.737643200602,-3019.240135469501,244.1076516152025,              795P   7881
9811.702437443266,-3020.120641249576,243.0193698964615,              795P   7882
9818.673670934535,-3021.009817449358,241.9225137821046,              795P   7883
9825.651343674414,-3021.9076640688477,240.81708327213175,            795P   7884
9832.635455662896,-3022.814181108046,239.70307836654302,             795P   7885
9864.620771591386,-3026.965920077615,234.602944119952,               795P   7886
9896.625571935736,-3031.285168086724,229.35212035823324,             795P   7887
9928.571673226324,-3035.7618970473736,223.97768015189197,            795P   7888
9960.410221734746,-3040.3861542386403,218.4928688329608,             795P   7889
9992.182977494711,-3045.1625529375133,212.88935250222892,            795P   7890
9997.944397966534,-3046.0286748910116,211.87325987821532,            795P   7891
10003.70400921301,-3046.8998443479904,210.85318611305874,            795P   7892
10009.461811234141,-3047.7760613084492,209.8291312067592,            795P   7893
10015.21780402993,-3048.6573257723885,208.80109515931667,            795P   7894
10020.971987600371,-3049.543637739807,207.7690779707311,             795P   7895
10023.8492790954,-3049.9868206890987,207.25302796291726,             795P   7896
10026.726243609493,-3050.431281172654,206.73595373844154,            795P   7897
10029.60288114265,-3050.877019190472,206.21785529730403,             795P   7898
10032.47919169487,-3051.3240347425535,205.69873263950467,            795P   7899
10035.355175266155,-3051.7723278288977,205.17858576504344,           795P   7900
10049.735180770102,-3054.0137958979703,202.57785356512198,           795P   7901
10064.103096524208,-3056.2865919247697,199.95211152312663,           795P   7902
10078.455746356725,-3058.590047644656,197.30202875831841,            795P   7903
10092.789954095912,-3060.9234947929917,194.62827438995845,           795P   7904
10107.102543570014,-3063.2862651051378,191.93151753730768,           795P   7905
10130.399876325917,-3067.1322158754792,187.54202504520458,           795P   7906
10153.64454789445,-3071.056574901493,183.091076349481,               795P   7907
10176.84455991299,-3075.05968552404,178.57882283372766,              795P   7908
10200.014132044716,-3079.1434728888566,174.00566649741046,           795P   7909
10223.17370197861,-3083.3114439465526,169.3722599558703,             795P   7910
10238.679675899835,-3086.1020308261336,166.27006431172802,           795P   7911
10254.181780488147,-3088.930434888655,163.14068878852683,            795P   7912
10269.683271816088,-3091.7973065967317,159.98490817247756,           795P   7913
10285.187405956196,-3094.703296412979,156.80349724979112,            795P   7914
10300.697838980845,-3097.6491307701745,153.5987287423337,0.,20.,     795P   7915
0.,0.,0.,0,0;                                                        795P   7916
126,24,4,0,0,1,0,0.,0.,0.,0.,0.,1.,1.,1.,1.,2.,2.,2.,2.,3.,3.,       797P   7917
3.,3.,4.,4.,4.,4.,5.,5.,5.,5.,6.,6.,6.,6.,6.,1.,1.,1.,1.,1.,1.,      797P   7918
1.,1.,1.,1.,1.,1.,1.,1.,1.,1.,1.,1.,1.,1.,1.,1.,1.,1.,1.,            797P   7919
10300.697838980845,-3097.6491307701745,153.5987287423337,            797P   7920
10237.833018274943,-3085.709333127275,171.0159070191997,             797P   7921
10174.968196551801,-3074.4253072421197,188.23208083494504,           797P   7922
10112.10337553664,-3063.8003364425613,205.21787841597285,            797P   7923
10049.23855614804,-3053.8377603786344,221.9337773271387,             797P   7924
9986.373736759435,-3043.87518431471,238.64967623830455,              797P   7925
9923.508918877795,-3034.575003068713,255.09557070357644,             797P   7926
9860.64410342168,-3025.940556290696,271.2319382878104,               797P   7927
9797.779288206548,-3017.9752415328144,287.00707499450465,            797P   7928
9729.875391298776,-3009.3714407659263,304.0464543433269,             797P   7929
9661.971022515805,-3001.548315421858,320.66545921978656,             797P   7930
9594.055401342612,-2994.5096083821477,336.8008847376525,             797P   7931
9526.131999778618,-2988.259972144918,352.3742714172382,              797P   7932
9458.208680983045,-2982.010341219549,367.94745627345253,             797P   7933
9390.276922714718,-2976.5497387984924,382.9602094034066,             797P   7934
9322.340886709917,-2971.882861645378,397.3323894659862,              797P   7935
9254.407491603999,-2968.014578381684,410.99663155020147,             797P   7936
9206.854099941853,-2965.3067791287854,420.56163779986866,            797P   7937
9159.301877646387,-2962.9902828804666,429.7800584459344,             797P   7938
9111.75304403264,-2961.0667497048753,438.6291622949188,              797P   7939
9064.208382673267,-2959.537746309992,447.09440076328843,             797P   7940
9003.079563857813,-2957.5718868241042,457.9782019750293,             797P   7941
8941.957300614475,-2956.2581873091876,468.2282827320399,             797P   7942
8880.843585152528,-2955.5999985657936,477.8129250423109,8819.73,     797P   7943
-2955.6,486.7385872,0.,6.,0.,0.,0.,0,0;                              797P   7944
126,8,4,0,0,1,0,0.,0.,0.,0.,0.,1.,1.,1.,1.,2.,2.,2.,2.,2.,1.,1.,     799P   7945
1.,1.,1.,1.,1.,1.,1.,8819.73,-2955.6,486.7385872,8819.73,            799P   7946
-2955.600002887373,457.37968394989406,8819.730000000001,             799P   7947
-2955.8199152955876,429.65931446019863,8819.730000000003,            799P   7948
-2956.252997762036,403.4164970248095,8819.73,                        799P   7949
-2956.8960336375408,378.52456560951373,8819.730000000001,            799P   7950
-2957.5390686106894,353.632624051627,8819.729999999998,              799P   7951
-2958.3920322639365,330.09114087371654,8819.73,                      799P   7952
-2959.45168991225,307.7732473275029,8819.73,-2960.71785733688,       799P   7953
286.5782145695735,0.,2.,0.,0.,0.,0,0;                                799P   7954
102,3,795,797,799;                                                   801P   7955
142,0,785,793,801,1,0,0;                                             803P   7956
406,1,7Hnacelle;                                                     805P   7957
144,785,1,0,803,0,1,805;                                             807P   7958
128,8,5,5,5,0,0,0,0,0,0.,0.,0.,0.,0.,0.,122.227214,122.227214,       809P   7959
122.227214,269.6485193,269.6485193,269.6485193,269.6485193,          809P   7960
269.6485193,269.6485193,0.,0.,0.,0.,0.,0.,90.57588679,               809P   7961
90.57588679,90.57588679,90.57588679,90.57588679,90.57588679,1.,      809P   7962
1.,1.,1.,1.,1.,1.,1.,1.,1.142809042,1.142809042,1.142809042,         809P   7963
1.142809042,1.142809042,1.142809042,1.142809042,1.142809042,         809P   7964
1.142809042,1.226960076,1.226960076,1.226960076,1.226960076,         809P   7965
1.226960076,1.226960076,1.226960076,1.226960076,1.226960076,         809P   7966
1.226960076,1.226960076,1.226960076,1.226960076,1.226960076,         809P   7967
1.226960076,1.226960076,1.226960076,1.226960076,1.142809042,         809P   7968
1.142809042,1.142809042,1.142809042,1.142809042,1.142809042,         809P   7969
1.142809042,1.142809042,1.142809042,1.,1.,1.,1.,1.,1.,1.,1.,1.,      809P   7970
8819.73,-3504.,-186.59167128,9015.293544,-3504.,-179.74669056,       809P   7971
9210.857016,-3504.,-172.05024224,9406.652208,-3504.,                 809P   7972
-163.5746712,9838.089832,-3504.,-143.34207544,10269.527464,          809P   7973
-3504.,-119.93637592,10505.401656,-3504.,-106.28474288,              809P   7974
10741.27564,-3504.,-91.84890584,10977.149736,-3504.,                 809P   7975
-76.688510064,8819.73,-3214.4473856,-186.59167128,9015.293544,       809P   7976
-3214.4473856,-179.74669056,9210.857056,-3217.7835144,               809P   7977
-172.05022896,9406.652208,-3224.4202328,-163.5746712,                809P   7978
9838.089832,-3246.2120056,-143.34207544,10269.527464,                809P   7979
-3283.6040184,-119.93637592,10505.401728,-3308.6358008,              809P   7980
-106.2847432,10741.27564,-3338.1854328,-91.84890584,                 809P   7981
10977.149736,-3372.1844864,-76.688510064,8819.73,-3063.6323384,      809P   7982
-147.07956368,9015.293544,-3063.6323384,-142.31233896,               809P   7983
9210.857032,-3068.7061736,-137.1146368,9406.652208,                  809P   7984
-3078.7995936,-131.56664656,9838.089832,-3111.9417272,               809P   7985
-118.45008816,10269.527464,-3168.80958,-103.28277264,                809P   7986
10505.401672,-3206.8793616,-94.339452,10741.27564,-3251.820016,      809P   7987
-84.76122464,10977.149736,-3303.5276624,-74.57426276,8819.73,        809P   7988
-2987.7809984,-53.948632816,9015.293544,-2987.7809984,               809P   7989
-54.078726136,9210.857032,-2993.7287632,-54.77066304,                809P   7990
9406.652208,-3005.5607368,-56.123009016,9838.089832,                 809P   7991
-3044.411448,-59.779111528,10269.527464,-3111.0745496,               809P   7992
-64.0298532,10505.401672,-3155.7015944,-66.184152392,                809P   7993
10741.27564,-3208.3831512,-68.055399792,10977.149736,                809P   7994
-3268.997208,-69.590934064,8819.73,-2955.6,131.22338488,             809P   7995
9015.293544,-2955.6,121.35596536,9210.857056,-2961.918568,           809P   7996
108.95365488,9406.652208,-2974.488108,93.88140368,9838.089832,       809P   7997
-3015.7607552,56.87625772,10269.527464,-3086.57966,14.016637112,     809P   7998
10505.401728,-3133.9887288,-10.203031288,10741.27564,                809P   7999
-3189.9544456,-34.83924636,10977.149736,-3254.347176,                809P   8000
-59.682592976,8819.73,-2955.6,486.7385872,9015.293544,-2955.6,       809P   8001
458.17629392,9210.857016,-2961.9185408,423.29101712,9406.652208,     809P   8002
-2974.488076,381.87766688,9838.089832,-3015.7607024,                 809P   8003
280.84507176,10269.527464,-3086.5796808,163.85954608,                809P   8004
10505.401656,-3133.9887464,97.27616936,10741.27564,                  809P   8005
-3189.9544352,28.933064688,10977.149736,-3254.3471744,               809P   8006
-40.659384552,0.,269.6485193,0.,90.57588679;                         809P   8007
126,41,5,0,0,1,0,0.,0.,0.,0.,0.,0.,10.545885999999996,               811P   8008
10.545885999999996,10.545885999999996,27.898211900000007,            811P   8009
27.898211900000007,27.898211900000007,55.426724199999995,            811P   8010
55.426724199999995,55.426724199999995,75.31258566,75.31258566,       811P   8011
75.31258566,79.73448135,79.73448135,79.73448135,99.448116,           811P   8012
99.448116,99.448116,116.01751988999999,116.01751988999999,           811P   8013
116.01751988999999,118.90458324,118.90458324,118.90458324,           811P   8014
134.17656612,134.17656612,134.17656612,150.6732134,150.6732134,      811P   8015
150.6732134,152.61440584,152.61440584,152.61440584,                  811P   8016
158.428519592,158.428519592,158.428519592,164.5811191,               811P   8017
164.5811191,164.5811191,164.5811191,164.5811191,164.5811191,1.,      811P   8018
1.,1.,1.,1.,1.,1.,1.,1.,1.,1.,1.,1.,1.,1.,1.,1.,1.,1.,1.,1.,1.,      811P   8019
1.,1.,1.,1.,1.,1.,1.,1.,1.,1.,1.,1.,1.,1.,1.,1.,1.,1.,1.,1.,         811P   8020
102.7566344,0.,0.,102.3360467,0.8639462902,0.,                       811P   8021
101.77106809999998,1.724465847,0.,101.07480709999999,                811P   8022
2.5700868170000004,0.,98.96305439999999,4.744590362000001,0.,        811P   8023
96.26393139,6.755150026000001,0.,94.43886589,7.942414562000001,      811P   8024
0.,89.48355536999999,10.866216170000001,0.,84.04108810999999,        811P   8025
13.49562361,0.,80.63283228999998,15.027459060000002,0.,              811P   8026
74.61556346999998,17.59080457,0.,68.45363555,20.042091910000003,     811P   8027
0.,65.85122097999998,21.055247750000003,0.,62.64947161999999,        811P   8028
22.28015842,0.,59.42681059,23.49072798,0.,58.83988750999999,         811P   8029
23.71049508,0.,55.632624299999996,24.9076916,0.,52.40471475,         811P   8030
26.09290893,0.,49.75560736999999,27.054341480000005,0.,              811P   8031
44.858768209999994,28.814651270000002,0.,39.93908902,                811P   8032
30.563391170000003,0.,37.68925923,31.3608685,0.,35.04669953,         811P   8033
32.29767619,0.,32.40097122,33.23754735000001,0.,                     811P   8034
32.00889320999999,33.37687862000001,0.,29.53886158,                  811P   8035
34.25497260000001,0.,27.067494169999996,35.135781050000006,0.,       811P   8036
24.98968368,35.87854199,0.,20.668017809999995,37.42785038,0.,        811P   8037
16.34046975,38.98238159,0.,14.089656999999999,39.79005577,0.,        811P   8038
11.568285609999998,40.69014009,0.,9.042706653999998,41.5828603,      811P   8039
0.,8.778927852999999,41.67599628,0.,7.716273122999999,               811P   8040
42.05077814,0.,6.652243621999999,42.42430489000001,0.,               811P   8041
5.853103561999999,42.70378677,0.,4.205362477999999,43.27771694,      811P   8042
0.,2.5526230479999996,43.84880090000001,0.,1.701852455,              811P   8043
44.14161704000001,0.,0.8507790419999999,44.43358523,0.,0.,           811P   8044
44.72489927,0.,0.,164.5811191,0.,0.,0.,0,0;                          811P   8045
126,1,1,0,0,1,0,0.,0.,44.72489927,44.72489927,1.,1.,0.,              813P   8046
44.72489927,0.,0.,0.,0.,0.,44.72489927,0.,0.,0.,0,0;                 813P   8047
126,1,1,0,0,1,0,0.,0.,102.7566344,102.7566344,1.,1.,0.,0.,0.,        815P   8048
102.7566344,0.,0.,0.,102.7566344,0.,0.,0.,0,0;                       815P   8049
102,3,811,813,815;                                                   817P   8050
126,85,5,0,0,1,0,0.,0.,0.,0.,0.,0.,1.,1.,1.,1.,1.,2.,2.,2.,2.,       819P   8051
2.,3.,3.,3.,3.,3.,4.,4.,4.,4.,4.,5.,5.,5.,5.,5.,6.,6.,6.,6.,6.,      819P   8052
7.,7.,7.,7.,7.,8.,8.,8.,8.,8.,9.,9.,9.,9.,9.,10.,10.,10.,10.,        819P   8053
10.,11.,11.,11.,11.,11.,12.,12.,12.,12.,12.,13.,13.,13.,13.,13.,     819P   8054
14.,14.,14.,14.,14.,15.,15.,15.,15.,15.,16.,16.,16.,16.,16.,17.,     819P   8055
17.,17.,17.,17.,17.,1.,1.,1.,1.,1.,1.,1.,1.,1.,1.,1.,1.,1.,1.,       819P   8056
1.,1.,1.,1.,1.,1.,1.,1.,1.,1.,1.,1.,1.,1.,1.,1.,1.,1.,1.,1.,1.,      819P   8057
1.,1.,1.,1.,1.,1.,1.,1.,1.,1.,1.,1.,1.,1.,1.,1.,1.,1.,1.,1.,1.,      819P   8058
1.,1.,1.,1.,1.,1.,1.,1.,1.,1.,1.,1.,1.,1.,1.,1.,1.,1.,1.,1.,1.,      819P   8059
1.,1.,1.,1.,1.,1.,1.,1.,1.,9642.007383907576,                        819P   8060
-3504.0000000000005,-152.23716294086003,9638.642253482672,           819P   8061
-3489.4900643582973,-152.39888288635672,9634.121830109458,           819P   8062
-3475.5128800136026,-152.53782486143763,9628.550968241232,           819P   8063
-3462.2107166115416,-152.65009640198113,9622.163847507361,           819P   8064
-3449.636919132567,-152.7336848974398,9615.105078328019,             819P   8065
-3437.7276950849823,-152.78826454364878,9612.20143623291,            819P   8066
-3432.828802059941,-152.8107098737334,9609.184132150234,             819P   8067
-3428.0423597611766,-152.8282316011992,9606.063315343385,            819P   8068
-3423.3641116946874,-152.8407842968289,9602.848284613981,            819P   8069
-3418.789856519461,-152.8483320231527,9599.547488301863,             819P   8070
-3414.3154480474695,-152.85084833444841,9594.926380959454,           819P   8071
-3408.0512786351646,-152.85437171574924,9590.137128204824,           819P   8072
-3401.982794443393,-152.84803085019442,9585.202973504398,            819P   8073
-3396.098638887069,-152.8317583424789,9580.143493517415,             819P   8074
-3390.387540731825,-152.8055027747135,9574.974598095927,             819P   8075
-3384.838314094007,-152.76922870642463,9569.067294007327,            819P   8076
-3378.496341502247,-152.72777367711268,9563.016945513555,            819P   8077
-3372.3657533557644,-152.67322039286643,9556.847339658447,           819P   8078
-3366.429855712582,-152.60552566530612,9550.575081805093,            819P   8079
-3360.671822429529,-152.5245864269372,9544.20959563582,              819P   8080
-3355.0746951622327,-152.4302397311506,9537.897964423495,            819P   8081
-3349.5249768863546,-152.33669158654158,9531.494776582402,           819P   8082
-3344.1334441235304,-152.22994853375602,9525.01379068193,            819P   8083
-3338.8878002939014,-152.10989792978572,9518.465537100343,           819P   8084
-3333.776798156017,-151.9763919173829,9511.857318024782,             819P   8085
-3328.7902398068354,-151.82924742506015,9502.60556494846,            819P   8086
-3321.8090333940413,-151.62324253454383,9493.237274412884,           819P   8087
-3315.0718327809527,-151.39050943087403,9483.771090622533,           819P   8088
-3308.550508988453,-151.1305225140672,9474.21975601306,              819P   8089
-3302.221563385763,-150.84258089599405,9464.590111251287,            819P   8090
-3296.0661276904366,-150.5258084003797,9453.584646939426,            819P   8091
-3289.0313309643616,-150.16376756331405,9442.478650347526,           819P   8092
-3282.2233250815675,-149.76414979646282,9431.28115367721,            819P   8093
-3275.6138522695683,-149.32549916604182,9420.004430387044,           819P   8094
-3269.1838491067692,-148.84657918415974,9408.66399519253,            819P   8095
-3262.9234465224645,-148.32637280881806,9388.184427867829,           819P   8096
-3251.617621021182,-147.38695386273048,9367.500839263543,            819P   8097
-3240.865246827868,-146.31314217243312,9346.672389037645,            819P   8098
-3230.581761983241,-145.09822894836648,9325.70859025409,             819P   8099
-3220.710466174067,-143.73397644447869,9304.632794755184,            819P   8100
-3211.2219730637084,-142.21452100368842,9299.946288568846,           819P   8101
-3209.112076288967,-141.8766538576322,9295.254292585794,             819P   8102
-3207.021103732967,-141.53111979644657,9290.55681077228,             819P   8103
-3204.948670367292,-141.17784394366066,9285.853847094557,            819P   8104
-3202.894391163526,-140.81675142280355,9281.145405518875,            819P   8105
-3200.857881093252,-140.44776735740436,9260.154172786324,            819P   8106
-3191.7787436653807,-138.80276190331693,9239.0528115737,             819P   8107
-3183.0528690198644,-137.00080043893706,9217.850969943833,           819P   8108
-3174.6546960797536,-135.0362314386265,9196.557586255123,            819P   8109
-3166.561352952187,-132.90116341381741,9175.210764764306,            819P   8110
-3158.7548874483814,-130.58516834439,9157.268659556004,              819P   8111
-3152.1935167652427,-128.63856208844777,9139.28880290011,            819P   8112
-3145.8347727428973,-126.5641717923969,9121.284131043714,            819P   8113
-3139.665126830538,-124.3549596001882,9103.27506332086,              819P   8114
-3133.672144217221,-122.0022221902002,9085.248139430207,             819P   8115
-3127.8421080391636,-119.4937913977107,9082.107654936952,            819P   8116
-3126.8264825262954,-119.05683275319211,9078.966890412989,           819P   8117
-3125.8158341728904,-118.61511755957197,9075.825845858315,           819P   8118
-3124.810162978948,-118.16864581685029,9072.684521272935,            819P   8119
-3123.809468944469,-117.71741752502706,9069.542916656841,            819P   8120
-3122.8137520694518,-117.26143268410223,9052.91839140291,            819P   8121
-3117.5443806922594,-114.84806477712822,9036.287439388923,           819P   8122
-3112.413782346045,-112.30006921690679,9019.66122722203,             819P   8123
-3107.420040552072,-109.61128445357741,9003.038339768493,            819P   8124
-3102.563791536132,-106.77775287950084,8986.404780153669,            819P   8125
-3097.848224228545,-103.79772082925906,8968.437427030585,            819P   8126
-3092.7545611427136,-100.57876543811203,8950.457929681632,           819P   8127
-3087.825239350366,-97.1891662826395,8932.449937861245,              819P   8128
-3083.064756873702,-93.62733966936865,8914.401599890241,             819P   8129
-3078.487086231357,-89.90061412869088,8896.326676221315,             819P   8130
-3074.105669093405,-86.02592992904405,8894.20207161042,              819P   8131
-3073.5906503120186,-85.57046402689242,8892.077658473394,            819P   8132
-3073.0784947107745,-85.11310561491138,8889.953436810236,            819P   8133
-3072.5692022896724,-84.6538546931009,8887.829406620946,             819P   8134
-3072.0627730487126,-84.192711261461,8885.705567905525,              819P   8135
-3071.5592069878953,-83.72967531999169,8879.330491129978,            819P   8136
-3070.047652526738,-82.33982312422509,8872.947308604847,             819P   8137
-3068.5597137508767,-80.93112032175667,8866.554748842742,            819P   8138
-3067.095173057114,-79.50346889816825,8860.151540356268,             819P   8139
-3065.6538128422535,-78.05677083904168,8853.736411658027,            819P   8140
-3064.2354155030966,-76.59092812995877,8846.949145623294,            819P   8141
-3062.7346287462365,-75.0399397304486,8840.150787982737,             819P   8142
-3061.2597334852635,-73.4676330373127,8833.344951205969,             819P   8143
-3059.8110846726504,-71.87459375739297,8826.536189738155,            819P   8144
-3058.3883619591834,-70.26064649040441,8819.73,                      819P   8145
-3056.9905696939586,-68.62485472893495,0.,17.,0.,0.,0.,0,0;          819P   8146
126,32,4,0,0,1,0,0.,0.,0.,0.,0.,1.,1.,1.,1.,2.,2.,2.,2.,3.,3.,       821P   8147
3.,3.,4.,4.,4.,4.,5.,5.,5.,5.,6.,6.,6.,6.,7.,7.,7.,7.,8.,8.,8.,      821P   8148
8.,8.,1.,1.,1.,1.,1.,1.,1.,1.,1.,1.,1.,1.,1.,1.,1.,1.,1.,1.,1.,      821P   8149
1.,1.,1.,1.,1.,1.,1.,1.,1.,1.,1.,1.,1.,1.,8819.73,                   821P   8150
-3056.9905696939586,-68.62485472893495,8819.730000000012,            821P   8151
-3067.7206011573808,-81.35334851037233,8819.729999999983,            821P   8152
-3079.425543330644,-92.91681423144828,8819.730000000014,             821P   8153
-3092.207441093369,-103.43544569193676,8819.73,                      821P   8154
-3106.212273186596,-112.99057192207559,8819.729999999994,            821P   8155
-3120.217072424995,-122.5457163956103,8819.730000000018,             821P   8156
-3135.44575386063,-131.1377482796762,8819.729999999985,              821P   8157
-3152.043639960361,-138.84836108932762,8819.729999999998,            821P   8158
-3170.218041627098,-145.72787880243666,8819.730000000125,            821P   8159
-3180.441161512333,-149.59761787206187,8819.72999999989,             821P   8160
-3191.1634357214207,-153.20444172288757,8819.73000000004,            821P   8161
-3202.421855088771,-156.5573722037076,8819.729999999998,             821P   8162
-3214.2620546568505,-159.6625979796013,8819.729999999996,            821P   8163
-3224.78667115021,-162.4227986816108,8819.73000000001,               821P   8164
-3235.7710067450917,-164.98728257456264,8819.729999999992,           821P   8165
-3247.247028477824,-167.36039770319724,8819.73,                      821P   8166
-3259.253138805973,-169.54474701183273,8819.730000000021,            821P   8167
-3274.260733953172,-172.27518580203838,8819.729999999978,            821P   8168
-3290.0968625362652,-174.71066860616804,8819.730000000007,           821P   8169
-3306.836088682217,-176.8563067296814,8819.73,                       821P   8170
-3324.573196137313,-178.71282943638153,8819.73,                      821P   8171
-3335.215643847025,-179.8267093894898,8819.729999999996,             821P   8172
-3346.216722917883,-180.83662790395692,8819.729999999996,            821P   8173
-3357.598552275487,-181.74243999513206,8819.73,                      821P   8174
-3369.3832508454384,-182.54400067836437,8819.729999999992,           821P   8175
-3383.1328160804246,-183.4790236219391,8819.730000000003,            821P   8176
-3397.429954690547,-184.27226906835523,8819.73000000001,             821P   8177
-3412.3161063054113,-184.92238631917968,8819.729999999998,           821P   8178
-3427.832710554621,-185.42802467597923,8819.73,                      821P   8179
-3445.5668901059485,-186.00575053170752,8819.730000000003,           821P   8180
-3464.123642107087,-186.3948880631075,8819.730000000005,             821P   8181
-3483.576750693337,-186.59150555194856,8819.73,-3504.,               821P   8182
-186.59167128,0.,8.,0.,0.,0.,0,0;                                    821P   8183
126,4,4,0,0,1,0,0.,0.,0.,0.,0.,1.,1.,1.,1.,1.,1.,1.,1.,1.,1.,        823P   8184
8819.73,-3504.,-186.59167128,9025.229587025387,                      823P   8185
-3503.9999999999977,-179.39894176845013,9230.805108437331,           823P   8186
-3504.0000000000077,-171.20040872061207,9436.481605242658,           823P   8187
-3503.9999999999973,-162.11531498412705,9642.007383907576,           823P   8188
-3504.0000000000005,-152.23716294086003,0.,1.,0.,0.,0.,0,0;          823P   8189
102,3,819,821,823;                                                   825P   8190
142,0,809,817,825,1,0,0;                                             827P   8191
406,1,7Hnacelle;                                                     829P   8192
144,809,1,0,827,0,1,829;                                             831P   8193
128,8,5,5,5,0,0,0,0,0,0.,0.,0.,0.,0.,0.,122.227214,122.227214,       833P   8194
122.227214,269.6485193,269.6485193,269.6485193,269.6485193,          833P   8195
269.6485193,269.6485193,0.,0.,0.,0.,0.,0.,90.57588679,               833P   8196
90.57588679,90.57588679,90.57588679,90.57588679,90.57588679,1.,      833P   8197
1.,1.,1.,1.,1.,1.,1.,1.,1.142809042,1.142809042,1.142809042,         833P   8198
1.142809042,1.142809042,1.142809042,1.142809042,1.142809042,         833P   8199
1.142809042,1.226960076,1.226960076,1.226960076,1.226960076,         833P   8200
1.226960076,1.226960076,1.226960076,1.226960076,1.226960076,         833P   8201
1.226960076,1.226960076,1.226960076,1.226960076,1.226960076,         833P   8202
1.226960076,1.226960076,1.226960076,1.226960076,1.142809042,         833P   8203
1.142809042,1.142809042,1.142809042,1.142809042,1.142809042,         833P   8204
1.142809042,1.142809042,1.142809042,1.,1.,1.,1.,1.,1.,1.,1.,1.,      833P   8205
8819.73,-3504.,-186.59167128,9015.293544,-3504.,-179.74669056,       833P   8206
9210.857016,-3504.,-172.05024224,9406.652208,-3504.,                 833P   8207
-163.5746712,9838.089832,-3504.,-143.34207544,10269.527464,          833P   8208
-3504.,-119.93637592,10505.401656,-3504.,-106.28474288,              833P   8209
10741.27564,-3504.,-91.84890584,10977.149736,-3504.,                 833P   8210
-76.688510064,8819.73,-3793.5526144,-186.59167128,9015.293544,       833P   8211
-3793.5526144,-179.74669056,9210.857056,-3790.2164856,               833P   8212
-172.05022896,9406.652208,-3783.5797672,-163.5746712,                833P   8213
9838.089832,-3761.7879944,-143.34207544,10269.527464,                833P   8214
-3724.3959816,-119.93637592,10505.401728,-3699.3641992,              833P   8215
-106.2847432,10741.27564,-3669.8145672,-91.84890584,                 833P   8216
10977.149736,-3635.8155136,-76.688510064,8819.73,-3944.3676616,      833P   8217
-147.07956368,9015.293544,-3944.3676616,-142.31233896,               833P   8218
9210.857032,-3939.2938264,-137.1146368,9406.652208,                  833P   8219
-3929.2004064,-131.56664656,9838.089832,-3896.0582728,               833P   8220
-118.45008816,10269.527464,-3839.19042,-103.28277264,                833P   8221
10505.401672,-3801.1206384,-94.339452,10741.27564,-3756.179984,      833P   8222
-84.76122464,10977.149736,-3704.4723376,-74.57426276,8819.73,        833P   8223
-4020.2190016,-53.948632816,9015.293544,-4020.2190016,               833P   8224
-54.078726136,9210.857032,-4014.2712368,-54.77066304,                833P   8225
9406.652208,-4002.4392632,-56.123009016,9838.089832,                 833P   8226
-3963.588552,-59.779111528,10269.527464,-3896.9254504,               833P   8227
-64.0298532,10505.401672,-3852.2984056,-66.184152392,                833P   8228
10741.27564,-3799.6168488,-68.055399792,10977.149736,                833P   8229
-3739.002792,-69.590934064,8819.73,-4052.4,131.22338488,             833P   8230
9015.293544,-4052.4,121.35596536,9210.857056,-4046.081432,           833P   8231
108.95365488,9406.652208,-4033.511892,93.88140368,9838.089832,       833P   8232
-3992.2392448,56.87625772,10269.527464,-3921.42034,14.016637112,     833P   8233
10505.401728,-3874.0112712,-10.203031288,10741.27564,                833P   8234
-3818.0455544,-34.83924636,10977.149736,-3753.652824,                833P   8235
-59.682592976,8819.73,-4052.4,486.7385872,9015.293544,-4052.4,       833P   8236
458.17629392,9210.857016,-4046.0814592,423.29101712,9406.652208,     833P   8237
-4033.511924,381.87766688,9838.089832,-3992.2392976,                 833P   8238
280.84507176,10269.527464,-3921.4203192,163.85954608,                833P   8239
10505.401656,-3874.0112536,97.27616936,10741.27564,                  833P   8240
-3818.0455648,28.933064688,10977.149736,-3753.6528256,               833P   8241
-40.659384552,0.,269.6485193,0.,90.57588679;                         833P   8242
126,1,1,0,0,1,0,0.,0.,45.99187735,45.99187735,1.,1.,0.,              835P   8243
45.99187735000001,0.,0.,0.,0.,0.,45.99187735,0.,0.,0.,0,0;           835P   8244
126,1,1,0,0,1,0,0.,0.,102.7566344,102.7566344,1.,1.,0.,0.,0.,        837P   8245
102.7566344,0.,0.,0.,102.7566344,0.,0.,0.,0,0;                       837P   8246
126,53,5,0,0,1,0,0.,0.,0.,0.,0.,0.,7.645909064,7.645909064,          839P   8247
7.645909064,15.22321956,15.22321956,15.22321956,25.04483743,         839P   8248
25.04483743,25.04483743,39.48378842,39.48378842,39.48378842,         839P   8249
62.50648316,62.50648316,62.50648316,83.7303361,83.7303361,           839P   8250
83.7303361,88.56348989,88.56348989,88.56348989,99.16608836,          839P   8251
99.16608836,99.16608836,110.6509914,110.6509914,110.6509914,         839P   8252
122.8936472,122.8936472,122.8936472,126.1708768,126.1708768,         839P   8253
126.1708768,129.4496029,129.4496029,129.4496029,136.0070411,         839P   8254
136.0070411,136.0070411,154.1990963,154.1990963,154.1990963,         839P   8255
158.5773556,158.5773556,158.5773556,160.7698277,160.7698277,         839P   8256
160.7698277,171.0457871,171.0457871,171.0457871,171.0457871,         839P   8257
171.0457871,171.0457871,1.,1.,1.,1.,1.,1.,1.,1.,1.,1.,1.,1.,1.,      839P   8258
1.,1.,1.,1.,1.,1.,1.,1.,1.,1.,1.,1.,1.,1.,1.,1.,1.,1.,1.,1.,1.,      839P   8259
1.,1.,1.,1.,1.,1.,1.,1.,1.,1.,1.,1.,1.,1.,1.,1.,1.,1.,1.,1.,         839P   8260
102.7566344,0.,0.,103.0615661,0.6263726804,0.,103.2880369,           839P   8261
1.2806521720000001,0.,103.4193623,1.962512993,0.,103.4487509,        839P   8262
3.3637250610000002,0.,103.0033036,4.800327575,0.,102.6607371,        839P   8263
5.510771432,0.,101.6358816,7.105602748,0.,100.1648885,               839P   8264
8.589440509000001,0.,99.22889227,9.386049722000001,0.,               839P   8265
96.75625871000001,11.2476713,0.,93.95882347,12.89982377,0.,          839P   8266
92.23622541,13.823034260000002,0.,87.63852067,16.10714578,0.,        839P   8267
82.81516867,18.146585240000004,0.,79.82823267,19.33563302,0.,        839P   8268
73.99396965,21.5525337,0.,68.07901093,23.653579390000004,0.,         839P   8269
65.23175643,24.64243087,0.,61.721958660000006,25.84052836,0.,        839P   8270
58.20021737,27.02232014,0.,57.54732394,27.2407541,0.,                839P   8271
55.45858056,27.937565580000005,0.,53.36541477,28.62972967,0.,        839P   8272
51.92527159000001,29.103359150000003,0.,48.92103623,                 839P   8273
30.086523320000005,0.,45.90933651,31.06356286,0.,44.3416621,         839P   8274
31.570270240000003,0.,41.10132809,32.61493231,0.,37.85966092,        839P   8275
33.65717853,0.,36.1872697,34.1948788,0.,34.06831247,34.87722741,     839P   8276
0.,31.94994493,35.56170125,0.,31.50161919,35.70667657,0.,            839P   8277
30.60679515,35.99628689,0.,29.71209776,36.28637548,0.,               839P   8278
29.26469996,36.43157134,0.,27.92272615,36.8675088,0.,                839P   8279
26.581487770000003,37.30449782,0.,25.68772888,37.59629159000001,     839P   8280
0.,22.3160434,38.69931546,0.,18.94935793,39.80851225,0.,             839P   8281
16.47608111,40.62671035,0.,13.40386537,41.64263522,0.,               839P   8282
10.32725768,42.65353363,0.,9.730280344,42.84938926,0.,               839P   8283
8.834154893,43.14286497,0.,7.937810117,43.43551594,0.,7.6410035,     839P   8284
43.53231561,0.,5.93979676,44.0865225,0.,4.235518014,44.63807015,     839P   8285
0.,2.824838862,45.0916755,0.,1.41219101,45.54274831,0.,0.,           839P   8286
45.99187735000001,0.,0.,171.0457871,0.,0.,0.,0,0;                    839P   8287
102,3,835,837,839;                                                   841P   8288
126,32,4,0,0,1,0,0.,0.,0.,0.,0.,1.,1.,1.,1.,2.,2.,2.,2.,3.,3.,       843P   8289
3.,3.,4.,4.,4.,4.,5.,5.,5.,5.,6.,6.,6.,6.,7.,7.,7.,7.,8.,8.,8.,      843P   8290
8.,8.,1.,1.,1.,1.,1.,1.,1.,1.,1.,1.,1.,1.,1.,1.,1.,1.,1.,1.,1.,      843P   8291
1.,1.,1.,1.,1.,1.,1.,1.,1.,1.,1.,1.,1.,1.,8819.730000000001,         843P   8292
-3956.9725767417804,-61.27163941482198,8819.730000000014,            843P   8293
-3946.3581336078423,-74.87753353140587,8819.729999999972,            843P   8294
-3934.7429701011,-87.21419260282775,8819.730000000014,               843P   8295
-3922.02177994769,-98.41914192740705,8819.73,-3908.042083252004,     843P   8296
-108.58497832075685,8819.730000000001,-3895.8098678385677,           843P   8297
-117.48010779179336,8819.729999999985,-3882.6133722156046,           843P   8298
-125.58002369680726,8819.730000000014,-3868.3507801753153,           843P   8299
-132.94709506836085,8819.729999999998,-3852.881448959766,            843P   8300
-139.62268147558606,8819.729999999972,-3844.0418188980466,           843P   8301
-143.4373058649277,8819.730000000052,-3834.8080559000477,            843P   8302
-147.0261597909971,8819.72999999996,-3825.1537997641913,             843P   8303
-150.39699976217156,8819.73,-3815.0474137297565,                     843P   8304
-153.55554653132413,8819.729999999996,-3807.467509135583,            843P   8305
-155.9244225556809,8819.730000000001,-3799.633660889078,             843P   8306
-158.17401253910583,8819.730000000005,-3791.5314989433205,           843P   8307
-160.30642286659202,8819.73,-3783.1466532513873,                     843P   8308
-162.32375992313263,8819.730000000005,-3770.569224833786,            843P   8309
-165.34971387357407,8819.729999999998,-3757.35476340248,             843P   8310
-168.11646807849226,8819.729999999996,-3743.451540450211,            843P   8311
-170.63008766241254,8819.729999999998,-3728.7955948873528,           843P   8312
-172.893506327585,8819.729999999998,-3717.396285894859,              843P   8313
-174.6538946617351,8819.730000000003,-3705.5424887672953,            843P   8314
-176.26312581508768,8819.730000000007,-3693.201437959591,            843P   8315
-177.72203148580536,8819.729999999996,-3680.3403679266758,           843P   8316
-179.03144337205086,8819.729999999983,-3661.9668085141934,           843P   8317
-180.90190318244524,8819.730000000036,-3642.529024337914,            843P   8318
-182.4666765484337,8819.729999999961,-3621.9230281897135,            843P   8319
-183.72636470382952,8819.73,-3600.015585625818,                      843P   8320
-184.67625513332348,8819.729999999978,-3578.1080872072976,           843P   8321
-185.626141715673,8819.730000000029,-3554.898591977304,              843P   8322
-186.26618557840965,8819.729999999978,-3530.253533444389,            843P   8323
-186.5916601776639,8819.73,-3504.,-186.59167128,0.,8.,0.,0.,0.,      843P   8324
0,0;                                                                 843P   8325
126,4,4,0,0,1,0,0.,0.,0.,0.,0.,1.,1.,1.,1.,1.,1.,1.,1.,1.,1.,        845P   8326
8819.73,-3504.,-186.59167128,9025.229587025391,                      845P   8327
-3503.9999999999973,-179.39894176845036,9230.805108437315,           845P   8328
-3504.0000000000064,-171.20040872061173,9436.481605242661,           845P   8329
-3503.999999999997,-162.11531498412714,9642.007383907576,            845P   8330
-3504.0000000000005,-152.23716294086003,0.,1.,0.,0.,0.,0,0;          845P   8331
126,85,5,0,0,1,0,0.,0.,0.,0.,0.,0.,1.,1.,1.,1.,1.,2.,2.,2.,2.,       847P   8332
2.,3.,3.,3.,3.,3.,4.,4.,4.,4.,4.,5.,5.,5.,5.,5.,6.,6.,6.,6.,6.,      847P   8333
7.,7.,7.,7.,7.,8.,8.,8.,8.,8.,9.,9.,9.,9.,9.,10.,10.,10.,10.,        847P   8334
10.,11.,11.,11.,11.,11.,12.,12.,12.,12.,12.,13.,13.,13.,13.,13.,     847P   8335
14.,14.,14.,14.,14.,15.,15.,15.,15.,15.,16.,16.,16.,16.,16.,17.,     847P   8336
17.,17.,17.,17.,17.,1.,1.,1.,1.,1.,1.,1.,1.,1.,1.,1.,1.,1.,1.,       847P   8337
1.,1.,1.,1.,1.,1.,1.,1.,1.,1.,1.,1.,1.,1.,1.,1.,1.,1.,1.,1.,1.,      847P   8338
1.,1.,1.,1.,1.,1.,1.,1.,1.,1.,1.,1.,1.,1.,1.,1.,1.,1.,1.,1.,1.,      847P   8339
1.,1.,1.,1.,1.,1.,1.,1.,1.,1.,1.,1.,1.,1.,1.,1.,1.,1.,1.,1.,1.,      847P   8340
1.,1.,1.,1.,1.,1.,1.,1.,1.,9642.007383907576,                        847P   8341
-3504.0000000000005,-152.23716294086003,9644.447148466068,           847P   8342
-3514.5198997057223,-152.11991021963246,9646.259135974786,           847P   8343
-3525.2315094131363,-151.99158158778,9647.309863515022,              847P   8344
-3536.0990639831584,-151.85235895414394,9647.42796324475,            847P   8345
-3547.0027605612904,-151.7030868313148,9646.58769551724,             847P   8346
-3557.7565012558703,-151.54556766604594,9645.754966653221,           847P   8347
-3568.4137287717194,-151.38945962553424,9643.980989940932,           847P   8348
-3578.923690776915,-151.2253508268254,9641.240118234356,             847P   8349
-3589.092955192752,-151.0551800497821,9637.669019701614,             847P   8350
-3598.804845244521,-150.8801867064173,9633.420866303904,             847P   8351
-3608.0287282781806,-150.70080977151807,9627.914461294467,           847P   8352
-3619.984602235348,-150.46827144198426,9621.270535402133,            847P   8353
-3631.120545240824,-150.22839248529834,9613.781377910876,            847P   8354
-3641.4464233655626,-149.97996614538974,9605.771847549098,           847P   8355
-3651.013327052514,-149.7231328463384,9597.336248171334,             847P   8356
-3659.9742296012187,-149.45487625631222,9584.934909820004,           847P   8357
-3673.147811280826,-149.06052560399627,9571.612725932075,            847P   8358
-3685.011704120437,-148.64099035451468,9557.828725363132,            847P   8359
-3695.885861882609,-148.19117058432028,9543.64821547669,             847P   8360
-3706.0300753451625,-147.70377083940264,9529.199113476592,           847P   8361
-3715.559902679488,-147.17455169480664,9506.160234758952,            847P   8362
-3730.7550385815175,-146.33095371666207,9482.438488726626,           847P   8363
-3744.3882833888224,-145.3808157481573,9458.53451930306,             847P   8364
-3756.946468735218,-144.31352350016272,9434.23935707801,             847P   8365
-3768.7717675470485,-143.10158354580665,9409.768799917203,           847P   8366
-3779.9415540175482,-141.73472942734742,9387.210211951087,           847P   8367
-3790.238628234058,-140.47482807757015,9364.502571498475,            847P   8368
-3799.978759570036,-139.0840836357784,9341.714494384338,             847P   8369
-3809.267412250624,-137.55240119440515,9318.833994428875,            847P   8370
-3818.172432521599,-135.86789626948254,9295.890137409928,            847P   8371
-3826.7237408231026,-134.02263364047724,9290.664561835023,           847P   8372
-3828.671302496753,-133.60238987715286,9285.438565071152,            847P   8373
-3830.5995440636593,-133.1740699951302,9280.210283246386,            847P   8374
-3832.5095363568153,-132.73741924506868,9274.977852488797,           847P   8375
-3834.4023502092114,-132.29218287762774,9269.73940892645,            847P   8376
-3836.2790564538386,-131.8381061434667,9258.249764063774,            847P   8377
-3840.395244880528,-130.84209603003256,9246.741289924603,            847P   8378
-3844.4301582091807,-129.80453634663215,9235.215554142651,           847P   8379
-3848.3865763255594,-128.72437817281826,9223.674124351628,           847P   8380
-3852.267279115427,-127.60057258814383,9212.118568185246,            847P   8381
-3856.075046464547,-126.43207067216176,9199.601644977814,            847P   8382
-3860.1996202657374,-125.16631713896824,9187.068292658922,           847P   8383
-3864.2386121281893,-123.84797606256033,9174.522694219024,           847P   8384
-3868.1950807949697,-122.47556922728869,9161.969909218285,           847P   8385
-3872.0721792575055,-121.04717635128077,9149.415873786565,           847P   8386
-3875.873154755585,-119.56043508644092,9136.033300581472,            847P   8387
-3879.9249909422942,-117.97556690931772,9122.64761442611,            847P   8388
-3883.890652237464,-116.32424053952568,9109.265030192459,            847P   8389
-3887.77452934519,-114.60336995451948,9095.88809129219,              847P   8390
-3891.581096397186,-112.80905919166408,9082.515669676668,            847P   8391
-3895.3149109527844,-110.93660234823469,9078.936896169056,           847P   8392
-3896.3141462394115,-110.43551155925067,9075.354453011332,           847P   8393
-3897.309258629045,-109.92824246659995,9071.770860594295,            847P   8394
-3898.299603033182,-109.41508323739484,9068.188639308748,            847P   8395
-3899.2845343633185,-108.89632203874766,9064.61030954549,            847P   8396
-3900.2634075309497,-108.37224703777076,9061.02937857352,            847P   8397
-3901.242963657755,-107.84786985021366,9057.448967279075,            847P   8398
-3902.217417499352,-107.31759981562519,9053.869075662158,            847P   8399
-3903.186769055741,-106.78143693400537,9050.289703722765,            847P   8400
-3904.151018326922,-106.23938120535418,9046.710851460899,            847P   8401
-3905.1101653128944,-105.69143262967162,9039.553177747686,           847P   8402
-3907.028419097122,-104.595490015764,9032.398618971522,              847P   8403
-3908.9262353462573,-103.47570551571965,9025.247200455151,           847P   8404
-3910.8035061952905,-102.33178997109155,9018.098947521317,           847P   8405
-3912.660123779214,-101.1634542234327,9010.953885492765,             847P   8406
-3914.4959802330186,-99.97040911429605,8991.13139812377,             847P   8407
-3919.58911692131,-96.66061113118958,8971.33121033396,               847P   8408
-3924.5223143661237,-93.1607909901618,8951.542867610651,             847P   8409
-3929.2926731882535,-89.46578951627697,8931.731284911668,            847P   8410
-3933.887804064003,-85.5781218066305,8911.897369925538,              847P   8411
-3938.290691276157,-81.51464418898654,8907.124022311305,             847P   8412
-3939.350325648285,-80.53670938708515,8902.349241029535,             847P   8413
-3940.398836522151,-79.54855302165657,8897.573232730232,             847P   8414
-3941.43597612284,-78.55046401437225,8892.796204063392,              847P   8415
-3942.461496675438,-77.54273128690357,8888.018361679015,             847P   8416
-3943.4751504050287,-76.52564376092192,8885.630905490278,            847P   8417
-3943.9816902421526,-76.01738591302488,8883.242479151639,            847P   8418
-3944.4854005369302,-75.50666880808176,8880.8530826631,              847P   8419
-3944.9862812893625,-74.99349244609257,8878.462716024658,            847P   8420
-3945.48433249945,-74.47785682705734,8876.071379236317,              847P   8421
-3945.9795541671924,-73.95976195097602,8864.85107589107,             847P   8422
-3948.3031064512147,-71.52886854262562,8853.61418879536,             847P   8423
-3950.563081011449,-69.04548896812716,8842.328710811327,             847P   8424
-3952.7642713721584,-66.50448010170662,8831.027528201908,            847P   8425
-3954.899462843793,-63.914241299242136,8819.730000000001,            847P   8426
-3956.9725767417804,-61.27163941482198,0.,17.,0.,0.,0.,0,0;          847P   8427
102,3,843,845,847;                                                   849P   8428
142,0,833,841,849,1,0,0;                                             851P   8429
406,1,7Hnacelle;                                                     853P   8430
144,833,1,0,851,0,1,853;                                             855P   8431
128,8,5,5,5,0,0,0,0,0,0.,0.,0.,0.,0.,0.,122.227214,122.227214,       857P   8432
122.227214,269.6485193,269.6485193,269.6485193,269.6485193,          857P   8433
269.6485193,269.6485193,0.,0.,0.,0.,0.,0.,90.57588679,               857P   8434
90.57588679,90.57588679,90.57588679,90.57588679,90.57588679,1.,      857P   8435
1.,1.,1.,1.,1.,1.,1.,1.,1.142809042,1.142809042,1.142809042,         857P   8436
1.142809042,1.142809042,1.142809042,1.142809042,1.142809042,         857P   8437
1.142809042,1.226960076,1.226960076,1.226960076,1.226960076,         857P   8438
1.226960076,1.226960076,1.226960076,1.226960076,1.226960076,         857P   8439
1.226960076,1.226960076,1.226960076,1.226960076,1.226960076,         857P   8440
1.226960076,1.226960076,1.226960076,1.226960076,1.142809042,         857P   8441
1.142809042,1.142809042,1.142809042,1.142809042,1.142809042,         857P   8442
1.142809042,1.142809042,1.142809042,1.,1.,1.,1.,1.,1.,1.,1.,1.,      857P   8443
8819.73,-3504.,-186.59167128,9015.293544,-3504.,-179.74669056,       857P   8444
9210.857016,-3504.,-172.05024224,9406.652208,-3504.,                 857P   8445
-163.5746712,9838.089832,-3504.,-143.34207544,10269.527464,          857P   8446
-3504.,-119.93637592,10505.401656,-3504.,-106.28474288,              857P   8447
10741.27564,-3504.,-91.84890584,10977.149736,-3504.,                 857P   8448
-76.688510064,8819.73,-3793.5526144,-186.59167128,9015.293544,       857P   8449
-3793.5526144,-179.74669056,9210.857056,-3790.2164856,               857P   8450
-172.05022896,9406.652208,-3783.5797672,-163.5746712,                857P   8451
9838.089832,-3761.7879944,-143.34207544,10269.527464,                857P   8452
-3724.3959816,-119.93637592,10505.401728,-3699.3641992,              857P   8453
-106.2847432,10741.27564,-3669.8145672,-91.84890584,                 857P   8454
10977.149736,-3635.8155136,-76.688510064,8819.73,-3944.3676616,      857P   8455
-147.07956368,9015.293544,-3944.3676616,-142.31233896,               857P   8456
9210.857032,-3939.2938264,-137.1146368,9406.652208,                  857P   8457
-3929.2004064,-131.56664656,9838.089832,-3896.0582728,               857P   8458
-118.45008816,10269.527464,-3839.19042,-103.28277264,                857P   8459
10505.401672,-3801.1206384,-94.339452,10741.27564,-3756.179984,      857P   8460
-84.76122464,10977.149736,-3704.4723376,-74.57426276,8819.73,        857P   8461
-4020.2190016,-53.948632816,9015.293544,-4020.2190016,               857P   8462
-54.078726136,9210.857032,-4014.2712368,-54.77066304,                857P   8463
9406.652208,-4002.4392632,-56.123009016,9838.089832,                 857P   8464
-3963.588552,-59.779111528,10269.527464,-3896.9254504,               857P   8465
-64.0298532,10505.401672,-3852.2984056,-66.184152392,                857P   8466
10741.27564,-3799.6168488,-68.055399792,10977.149736,                857P   8467
-3739.002792,-69.590934064,8819.73,-4052.4,131.22338488,             857P   8468
9015.293544,-4052.4,121.35596536,9210.857056,-4046.081432,           857P   8469
108.95365488,9406.652208,-4033.511892,93.88140368,9838.089832,       857P   8470
-3992.2392448,56.87625772,10269.527464,-3921.42034,14.016637112,     857P   8471
10505.401728,-3874.0112712,-10.203031288,10741.27564,                857P   8472
-3818.0455544,-34.83924636,10977.149736,-3753.652824,                857P   8473
-59.682592976,8819.73,-4052.4,486.7385872,9015.293544,-4052.4,       857P   8474
458.17629392,9210.857016,-4046.0814592,423.29101712,9406.652208,     857P   8475
-4033.511924,381.87766688,9838.089832,-3992.2392976,                 857P   8476
280.84507176,10269.527464,-3921.4203192,163.85954608,                857P   8477
10505.401656,-3874.0112536,97.27616936,10741.27564,                  857P   8478
-3818.0455648,28.933064688,10977.149736,-3753.6528256,               857P   8479
-40.659384552,0.,269.6485193,0.,90.57588679;                         857P   8480
126,1,1,0,0,1,0,0.,0.,211.2069937,211.2069937,1.,1.,211.2069937,     859P   8481
90.57588679000001,0.,0.,90.57588679000001,0.,0.,211.2069937,0.,      859P   8482
0.,0.,0,0;                                                           859P   8483
126,1,1,0,0,1,0,0.,0.,11.19214722,11.19214722,1.,1.,0.,              861P   8484
90.57588679000001,0.,0.,79.38373956,0.,0.,11.19214722,0.,0.,0.,      861P   8485
0,0;                                                                 861P   8486
126,59,5,0,0,1,0,0.,0.,0.,0.,0.,0.,4.803344236,4.803344236,          863P   8487
4.803344236,13.35856763,13.35856763,13.35856763,15.91286375,         863P   8488
15.91286375,15.91286375,23.57426109,23.57426109,23.57426109,         863P   8489
47.37047468,47.37047468,47.37047468,53.87279492,53.87279492,         863P   8490
53.87279492,87.37364325,87.37364325,87.37364325,101.1647472,         863P   8491
101.1647472,101.1647472,134.3366795,134.3366795,134.3366795,         863P   8492
139.4839295,139.4839295,139.4839295,164.0749732,164.0749732,         863P   8493
164.0749732,185.3779007,185.3779007,185.3779007,203.8286147,         863P   8494
203.8286147,203.8286147,206.4644413,206.4644413,206.4644413,         863P   8495
227.5168744,227.5168744,227.5168744,246.5429657,246.5429657,         863P   8496
246.5429657,265.0394321,265.0394321,265.0394321,269.2697359,         863P   8497
269.2697359,269.2697359,297.991891,297.991891,297.991891,            863P   8498
297.991891,297.991891,297.991891,1.,1.,1.,1.,1.,1.,1.,1.,1.,1.,      863P   8499
1.,1.,1.,1.,1.,1.,1.,1.,1.,1.,1.,1.,1.,1.,1.,1.,1.,1.,1.,1.,1.,      863P   8500
1.,1.,1.,1.,1.,1.,1.,1.,1.,1.,1.,1.,1.,1.,1.,1.,1.,1.,1.,1.,1.,      863P   8501
1.,1.,1.,1.,1.,1.,1.,1.,0.,79.38373956,0.,0.6736451704000002,        863P   8502
79.47656287,0.,1.347552646,79.56691928,0.,2.021823457,               863P   8503
79.65484625,0.,3.898403719,79.89279944,0.,5.780002428,               863P   8504
80.1131521,0.,6.987975186,80.24755763,0.,8.560910453,                863P   8505
80.41426813,0.,10.13741788,80.57169389000002,0.,10.49971257,         863P   8506
80.60738011000001,0.,11.95033934,80.74835789,0.,13.40217096,         863P   8507
80.88211520000002,0.,14.49164708,80.97886226000001,0.,               863P   8508
18.96721284,81.36305774000002,0.,23.450828850000004,                 863P   8509
81.69908700000002,0.,26.84441627,81.93523361000001,0.,               863P   8510
31.16412302,82.21627143,0.,35.48263958,82.47637749,0.,               863P   8511
36.40938081,82.5312843,0.,42.11087917,82.86382404,0.,                863P   8512
47.812456430000005,83.16581089,0.,52.58739486,83.40381504,0.,        863P   8513
59.32413751,83.72329416000001,0.,66.05715727,84.0217362,0.,          863P   8514
68.01986445,84.10702928,0.,74.70388076,84.39197442000001,0.,         863P   8515
81.38380441,84.65906637000002,0.,86.10021556,84.84016826,0.,         863P   8516
91.54557911,85.04266765000001,0.,96.98799995,85.2400157,0.,          863P   8517
97.71798907,85.26640267,0.,101.94106970000001,85.41860935,0.,        863P   8518
106.1648368,85.56846906,0.,109.662977,85.69168105,0.,                863P   8519
116.1982651,85.92213835000001,0.,122.7373306,86.15599452000001,      863P   8520
0.,125.7717503,86.26574772,0.,131.4279087,86.47336249000001,0.,      863P   8521
137.0695226,86.68687682,0.,139.6843313,86.78737557000001,0.,         863P   8522
142.6688737,86.90389642000001,0.,145.6524238,87.02250364,0.,         863P   8523
146.0253513,87.03736231,0.,149.3765657,87.17118897,0.,               863P   8524
152.7247117,87.30763755000001,0.,155.6942588,87.43096094000002,      863P   8525
0.,161.3371449,87.67005635000001,0.,166.96793029999998,              863P   8526
87.91970725,0.,169.6398087,88.04106829,0.,174.9112027,               863P   8527
88.28749734,0.,180.1905923,88.55152261000002,0.,182.7959562,         863P   8528
88.68679606000002,0.,186.0002382,88.86053667000002,0.,               863P   8529
189.20383219999997,89.04478935,0.,189.8015711,89.07954679,0.,        863P   8530
194.4458677,89.35263951000002,0.,199.0876296,89.64991297,0.,         863P   8531
203.1276074,89.93084491000002,0.,207.1688327,90.23721988000001,      863P   8532
0.,211.2069652,90.57575125000001,0.,0.,297.991891,0.,0.,0.,0,0;      863P   8533
102,3,859,861,863;                                                   865P   8534
126,28,4,0,0,1,0,0.,0.,0.,0.,0.,1.,1.,1.,1.,2.,2.,2.,2.,3.,3.,       867P   8535
3.,3.,4.,4.,4.,4.,5.,5.,5.,5.,6.,6.,6.,6.,7.,7.,7.,7.,7.,1.,1.,      867P   8536
1.,1.,1.,1.,1.,1.,1.,1.,1.,1.,1.,1.,1.,1.,1.,1.,1.,1.,1.,1.,1.,      867P   8537
1.,1.,1.,1.,1.,1.,10509.617560650471,-3867.9626567888436,            867P   8538
94.94737830874635,10465.127670789363,-3877.564498147489,             867P   8539
107.58815849474416,10420.637779475186,-3886.8406128844426,           867P   8540
120.15036488506067,10376.147887074403,-3895.789846467687,            867P   8541
132.6249653371141,10331.65799395349,-3904.411044365203,              867P   8542
145.0029277083227,10264.923154308963,-3917.342840071053,             867P   8543
163.56970655959935,10198.18831312101,-3929.5365491251428,            867P   8544
181.9180326811359,10131.453472372401,-3940.9882518882287,            867P   8545
200.01408730460645,10064.71863339396,-3951.6939574519465,            867P   8546
217.8114904527056,9997.983794403424,-3962.3996630073457,             867P   8547
235.6088828971889,9931.248957014855,-3972.359371247696,              867P   8548
253.10747514236536,9864.514122455972,-3981.5690911936995,            867P   8549
270.2607959485209,9797.779288206548,-3990.024758467186,              867P   8550
287.00707499450465,9736.665704014913,-3997.7681840974146,            867P   8551
302.3427041041788,9675.551982185074,-4004.879246938611,              867P   8552
317.3372335031809,9614.429710621554,-4011.355253926646,              867P   8553
331.94593551411816,9553.300884221839,-4017.1928474318775,            867P   8554
346.1114991591902,9505.756275525173,-4021.733195799862,              867P   8555
357.1292678120368,9458.20725101276,-4025.8873721266245,              867P   8556
367.8792675156186,9410.655261660018,-4029.653764305569,              867P   8557
378.3354573137017,9363.101758442363,-4033.0307602300995,             867P   8558
388.47179625005185,9295.168360832786,-4037.8550288051847,            867P   8559
402.95235723993557,9227.232326387848,-4041.884582694948,             867P   8560
416.78136490544637,9159.300574562267,-4045.1145511961345,            867P   8561
429.8836527852751,9091.377263814558,-4047.5402458720273,             867P   8562
442.21028573954726,9023.453870298432,-4049.965945859778,             867P   8563
454.5371205171889,8955.538258778186,-4051.5874143203437,             867P   8564
466.0899074812881,8887.633897975433,-4052.4000070824895,             867P   8565
476.8213933533824,8819.73,-4052.4,486.7385872,0.,7.,0.,0.,0.,0,      867P   8566
0;                                                                   867P   8567
126,8,4,0,0,1,0,0.,0.,0.,0.,0.,1.,1.,1.,1.,2.,2.,2.,2.,2.,1.,1.,     869P   8568
1.,1.,1.,1.,1.,1.,1.,8819.73,-4052.4,486.7385872,                    869P   8569
8819.729999999994,-4052.3999960243254,455.3615594594203,             869P   8570
8819.73000000001,-4052.1488139409266,425.8560126527585,              869P   8571
8819.729999999996,-4051.654669759777,398.0256112165918,8819.73,      869P   8572
-4050.921209406663,371.7183688608483,8819.73,-4050.187750373388,     869P   8573
345.41111174756816,8819.729999999992,-4049.2150085570993,            869P   8574
320.6264295050301,8819.730000000009,-4048.0066562618103,             869P   8575
297.212040919909,8819.73,-4046.5624329975126,275.0488513585199,      869P   8576
0.,2.,0.,0.,0.,0,0;                                                  869P   8577
126,100,5,0,0,1,0,0.,0.,0.,0.,0.,0.,1.,1.,1.,1.,1.,2.,2.,2.,2.,      871P   8578
2.,3.,3.,3.,3.,3.,4.,4.,4.,4.,4.,5.,5.,5.,5.,5.,6.,6.,6.,6.,6.,      871P   8579
7.,7.,7.,7.,7.,8.,8.,8.,8.,8.,9.,9.,9.,9.,9.,10.,10.,10.,10.,        871P   8580
10.,11.,11.,11.,11.,11.,12.,12.,12.,12.,12.,13.,13.,13.,13.,13.,     871P   8581
14.,14.,14.,14.,14.,15.,15.,15.,15.,15.,16.,16.,16.,16.,16.,17.,     871P   8582
17.,17.,17.,17.,18.,18.,18.,18.,18.,19.,19.,19.,19.,19.,20.,20.,     871P   8583
20.,20.,20.,20.,1.,1.,1.,1.,1.,1.,1.,1.,1.,1.,1.,1.,1.,1.,1.,1.,     871P   8584
1.,1.,1.,1.,1.,1.,1.,1.,1.,1.,1.,1.,1.,1.,1.,1.,1.,1.,1.,1.,1.,      871P   8585
1.,1.,1.,1.,1.,1.,1.,1.,1.,1.,1.,1.,1.,1.,1.,1.,1.,1.,1.,1.,1.,      871P   8586
1.,1.,1.,1.,1.,1.,1.,1.,1.,1.,1.,1.,1.,1.,1.,1.,1.,1.,1.,1.,1.,      871P   8587
1.,1.,1.,1.,1.,1.,1.,1.,1.,1.,1.,1.,1.,1.,1.,1.,1.,1.,1.,1.,1.,      871P   8588
1.,8819.73,-4046.5624329975126,275.0488513585199,                    871P   8589
8825.119232872203,-4046.6582586201785,276.03916236574435,            871P   8590
8830.510394766374,-4046.7458093170653,276.9866212853824,             871P   8591
8835.904542767663,-4046.825229027316,277.89187908433536,             871P   8592
8841.302733961225,-4046.8966616900716,278.7555867295045,             871P   8593
8846.706025432213,-4046.9602512444767,279.5783951877912,             871P   8594
8856.329942710934,-4047.0735127734188,281.04403720196547,            871P   8595
8865.96995592758,-4047.161902688314,282.3803445322707,               871P   8596
8875.634539284545,-4047.226279888311,283.5939181179386,              871P   8597
8885.324358742577,-4047.267453129554,284.6929577346551,              871P   8598
8895.032272020768,-4047.2861810251816,285.68726199456086,            871P   8599
8897.930945411501,-4047.291772430184,285.9841039505057,              871P   8600
8900.829894671297,-4047.295363326677,286.2714395342486,              871P   8601
8903.729601046238,-4047.296974676786,286.54956085339114,             871P   8602
8906.6305457824,-4047.2966274426353,286.81876001553496,              871P   8603
8909.53321012586,-4047.2943425863527,287.0793291282815,              871P   8604
8918.238771684883,-4047.287488689385,287.86082127089594,             871P   8605
8926.949913511453,-4047.2632086280437,288.5638699099969,             871P   8606
8935.666249285243,-4047.222107711922,289.19593833426745,             871P   8607
8944.387177130246,-4047.1646746016286,289.7631974373053,             871P   8608
8953.111879614784,-4047.091281308789,290.270525717623,               871P   8609
8980.210865893683,-4046.863327324636,291.84632989166045,             871P   8610
9007.347850314598,-4046.481467144305,292.8444165758637,              871P   8611
9034.501696403437,-4045.957197602967,293.41392958270035,             871P   8612
9061.64945700498,-4045.2942888808457,293.59987065988986,             871P   8613
9088.792540905166,-4044.4968755766986,293.44197120666166,            871P   8614
9096.209394912434,-4044.2789528903954,293.3988596829335,             871P   8615
9103.625868185085,-4044.050967933921,293.3300945772312,              871P   8616
9111.042152418448,-4043.812978941546,293.2365187409466,              871P   8617
9118.458439307844,-4043.565044147539,293.1189750254717,              871P   8618
9125.874920548596,-4043.3072217861713,292.97830628219833,            871P   8619
9164.085536558674,-4041.978871735535,292.25353544104837,             871P   8620
9202.298726920904,-4040.38813029235,290.9142073308458,               871P   8621
9240.514548505198,-4038.542590588215,289.067340980287,               871P   8622
9278.709192730868,-4036.4475319948388,286.7716757448041,             871P   8623
9316.88877545649,-4034.105501507791,284.05106003089986,              871P   8624
9332.606312503003,-4033.141336905935,282.93112204742147,             871P   8625
9348.319757476878,-4032.135414716,281.7391178450949,                 871P   8626
9364.030022487033,-4031.087852262381,280.47684547878936,             871P   8627
9379.738019642386,-4029.998766869473,279.14610300337415,             871P   8628
9395.444661051852,-4028.8682758616696,277.7486884737187,             871P   8629
9433.223177961525,-4026.1491454915486,274.38760239474925,            871P   8630
9470.984241507125,-4023.1911207096737,270.64217622122914,            871P   8631
9508.728274504232,-4019.9966355369706,266.54114576741955,            871P   8632
9546.449858980233,-4016.5686326497184,262.1206105587925,             871P   8633
9584.15131641168,-4012.909144782888,257.41425575215953,              871P   8634
9590.002425104196,-4012.341200415784,256.6838372944103,              871P   8635
9595.849091806289,-4011.7680805110303,255.94705797554195,            871P   8636
9601.69401365835,-4011.189523411985,255.20368720388927,              871P   8637
9607.539887800767,-4010.605267462004,254.45349438778703,             871P   8638
9613.389411373928,-4010.0150510044446,253.69624893557,               871P   8639
9641.331877669807,-4007.1956378565123,250.07895493981422,            871P   8640
9669.276748890492,-4004.2482011091015,246.31086126702326,            871P   8641
9697.263876292829,-4001.169105009463,242.39887576218027,             871P   8642
9725.278873679288,-3997.9595569988105,238.3593468484313,             871P   8643
9753.315944977569,-3994.6205259693434,234.20224776579886,            871P   8644
9762.182828484958,-3993.5646109775817,232.88766866458184,            871P   8645
9771.06260456155,-3992.494358208346,231.5594525414865,               871P   8646
9779.955273207346,-3991.4097676616375,230.21759939651292,            871P   8647
9788.860834422345,-3990.3108393374555,228.86210922966106,            871P   8648
9797.779288206548,-3989.1975732358,227.49298204093097,               871P   8649
9813.09429419738,-3987.2860466524344,225.15217243863637,             871P   8650
9828.455893848542,-3985.3308919171077,222.76998418988,               871P   8651
9843.843167786832,-3983.334335940266,220.35144466008038,             871P   8652
9859.232572863864,-3981.299387991723,217.902118321545,               871P   8653
9874.597942156075,-3979.2298397006552,215.42810675347053,            871P   8654
9895.570263642672,-3976.405103108751,212.0510761515485,              871P   8655
9916.518121848432,-3973.5131369197306,208.62377143824733,            871P   8656
9937.43565561221,-3970.5552631145392,205.1483530643506,              871P   8657
9958.3284875571,-3967.531049327176,201.6240472993589,                871P   8658
9979.213724090456,-3964.4383088446957,198.04714623148953,            871P   8659
9982.197486394662,-3963.996460853503,197.53613665625338,             871P   8660
9985.181034771605,-3963.5532219934516,197.024064428997,              871P   8661
9988.16436922129,-3963.108592264543,196.51092954972054,              871P   8662
9991.147489743715,-3962.6625716667763,195.99673201842393,            871P   8663
9994.130396338876,-3962.2151602001513,195.48147183510713,            871P   8664
10017.95473643673,-3958.6417261474517,191.36610512432156,            871P   8665
10041.75863778605,-3954.980546377884,187.18413966569597,             871P   8666
10065.516652494325,-3951.2361247067047,182.93980468397325,           871P   8667
10089.227574212282,-3947.4093149627706,178.63451710219704,           871P   8668
10112.914438133881,-3943.4973209885375,174.26688154171177,           871P   8669
10134.320780967313,-3939.961901766484,170.3197784905429,             871P   8670
10155.704608847369,-3936.357201455405,166.32225548329404,            871P   8671
10177.080726618966,-3932.681168813529,162.27391707556595,            871P   8672
10198.462709437934,-3928.9315751432177,158.17528431864736,           871P   8673
10219.862902771032,-3925.10601429097,154.02779475951522,             871P   8674
10240.666930397598,-3921.3870175382626,149.99581863919224,           871P   8675
10261.486087911922,-3917.5966466196796,145.91783527487726,           871P   8676
10282.329644179752,-3913.7329405261744,141.7955245538427,            871P   8677
10303.19168820971,-3909.7967678765754,137.63270609819048,            871P   8678
10324.051129153304,-3905.791826917583,133.43533926485188,            871P   8679
10328.825043560737,-3904.875259369067,132.47470087779513,            871P   8680
10333.59821768928,-3903.9552130232305,131.51238256122213,            871P   8681
10338.370651538931,-3903.0316878800745,130.5483843151329,            871P   8682
10343.142345109694,-3902.1046839395985,129.5827061395274,            871P   8683
10347.913298401567,-3901.1742012018017,128.61534803440568,           871P   8684
10380.295675745372,-3894.858668874775,122.04954278924654,            871P   8685
10412.662647143992,-3888.3791072670106,115.40305576230007,           871P   8686
10444.982470519277,-3881.7419924519063,108.68293926704729,           871P   8687
10477.312273157871,-3874.9348300657844,101.86435267545204,           871P   8688
10509.617560650471,-3867.9626567888436,94.94737830874635,0.,20.,     871P   8689
0.,0.,0.,0,0;                                                        871P   8690
102,3,867,869,871;                                                   873P   8691
142,0,857,865,873,1,0,0;                                             875P   8692
406,1,7Hnacelle;                                                     877P   8693
144,857,1,0,875,0,1,877;                                             879P   8694
128,17,5,5,5,0,0,0,0,0,0.,0.,0.,0.,0.,0.,29.48354797,                881P   8695
29.48354797,29.48354797,51.27584917,51.27584917,51.27584917,         881P   8696
71.70448907,71.70448907,71.70448907,90.84965945,90.84965945,         881P   8697
90.84965945,125.003151,125.003151,125.003151,125.003151,             881P   8698
125.003151,125.003151,0.,0.,0.,0.,0.,0.,123.4887794,123.4887794,     881P   8699
123.4887794,123.4887794,123.4887794,123.4887794,1.,1.,1.,1.,1.,      881P   8700
1.,1.,1.,1.,1.,1.,1.,1.,1.,1.,1.,1.,1.,0.9391036258,                 881P   8701
0.9524000767,0.9658668159,0.9794243887,1.002964587,1.02598096,       881P   8702
1.035610326,1.053819785,1.070876864,1.07879379,1.093347259,          881P   8703
1.1061243,1.111838045,1.126270376,1.136292258,1.140648398,           881P   8704
1.142809042,1.142809042,0.9109731689,0.9299057133,0.9493569717,      881P   8705
0.9692279822,1.004239115,1.039304201,1.054123518,1.082418908,        881P   8706
1.109392605,1.122016048,1.145394396,1.166191377,1.175547674,         881P   8707
1.199297909,1.216019804,1.223333411,1.226960076,1.226960076,         881P   8708
0.9109731689,0.9299057133,0.9493569717,0.9692279822,1.004239115,     881P   8709
1.039304201,1.054123518,1.082418908,1.109392605,1.122016048,         881P   8710
1.145394396,1.166191377,1.175547674,1.199297909,1.216019804,         881P   8711
1.223333411,1.226960076,1.226960076,0.9391036258,0.9524000767,       881P   8712
0.9658668159,0.9794243887,1.002964587,1.02598096,1.035610326,        881P   8713
1.053819785,1.070876864,1.07879379,1.093347259,1.1061243,            881P   8714
1.111838045,1.126270376,1.136292258,1.140648398,1.142809042,         881P   8715
1.142809042,1.,1.,1.,1.,1.,1.,1.,1.,1.,1.,1.,1.,1.,1.,1.,1.,1.,      881P   8716
1.,6310.8,-3504.,234.4,6357.9736768,-3504.,184.95394688,             881P   8717
6405.1473536,-3504.,136.50899432,6452.3210304,-3504.,                881P   8718
89.46240488,6534.3623888,-3504.,11.350925592,6616.4037472,           881P   8719
-3504.,-55.618563616,6651.2817184,-3504.,-81.4755748,                881P   8720
6718.8352248,-3504.,-124.82863272,6786.3887304,-3504.,               881P   8721
-155.2335148,6819.0694376,-3504.,-166.91222192,6882.3875336,         881P   8722
-3504.,-184.9776016,6945.7056304,-3504.,-196.1141764,                881P   8723
6976.360388,-3504.,-200.3137056,7061.6382464,-3504.,                 881P   8724
-209.53455352,7146.9161056,-3504.,-213.40396648,7201.50882,          881P   8725
-3504.,-214.78260168,7256.1544136,-3504.,-215.35290152,7310.8,       881P   8726
-3504.,-215.35290152,6310.8,-3384.8148032,234.4,6357.3150856,        881P   8727
-3372.8654768,185.64426288,6404.1566128,-3360.6803344,               881P   8728
137.51972816,6451.3389536,-3348.4198664,90.4219168,6533.159844,      881P   8729
-3327.4818784,12.392844656,6615.9066984,-3307.3741624,               881P   8730
-55.222699776,6650.8018824,-3299.1458784,-81.15351616,               881P   8731
6718.1296528,-3283.8772184,-124.44649216,6786.0149904,               881P   8732
-3269.8695984,-155.07812632,6818.7208288,-3263.4867424,              881P   8733
-166.80754624,6881.8944832,-3251.9488072,-184.86477816,              881P   8734
6945.4546152,-3242.003624,-196.07547256,6976.1383048,                881P   8735
-3237.6181904,-200.2886128,7060.979664,-3226.7143432,                881P   8736
-209.47312104,7146.4963928,-3219.2549224,-213.39638512,              881P   8737
7201.301816,-3216.0401008,-214.78152152,7256.1544136,                881P   8738
-3214.4473856,-215.35290152,7310.8,-3214.4473856,-215.35290152,      881P   8739
6310.8,-3272.2977112,281.41862336,6357.0132376,-3255.7232064,        881P   8740
236.5943344,6403.6846704,-3239.2764952,191.48882992,                 881P   8741
6450.8517328,-3223.1193128,146.56101784,6532.5488424,                881P   8742
-3196.227336,71.23889692,6615.6536264,-3171.2144016,                 881P   8743
4.1532103104,6650.5512696,-3161.1719736,-21.760720688,               881P   8744
6717.7581328,-3142.8219336,-65.518373224,6785.8164992,               881P   8745
-3126.3112456,-97.6614224,6818.5320704,-3118.8832376,                881P   8746
-110.24075504,6881.6265176,-3105.6019752,-130.01232272,              881P   8747
6945.317148,-3094.2986984,-143.04431248,6976.0151144,                881P   8748
-3089.3563512,-148.09026872,7060.6176776,-3077.1788376,              881P   8749
-159.36692144,7146.2586632,-3068.9251472,-164.89569256,              881P   8750
7201.1848296,-3065.3839072,-166.98529248,7256.1544136,               881P   8751
-3063.6323384,-167.94086736,7310.8,-3063.6323384,-168.00709792,      881P   8752
6310.8,-3185.4186232,368.29771096,6357.0132376,-3168.1470104,        881P   8753
331.68431344,6403.6846704,-3151.43486,293.71112896,6450.8517328,     881P   8754
-3135.3724544,254.87161024,6532.5488424,-3109.134648,                881P   8755
188.17538752,6615.6536264,-3085.4019224,126.30419888,                881P   8756
6650.5512696,-3075.9755728,101.93676192,6717.7581328,                881P   8757
-3058.911012,59.823554328,6785.8164992,-3043.8010504,                881P   8758
27.167047216,6818.5320704,-3037.050216,13.918700552,                 881P   8759
6881.6265176,-3025.0490264,-7.6284776024,6945.317148,                881P   8760
-3014.93438,-22.95130116,6976.0151144,-3010.5297648,                 881P   8761
-29.122905928,7060.6176776,-2999.7107688,-43.392736888,              881P   8762
7146.2586632,-2992.4380896,-51.368396888,7201.1848296,               881P   8763
-2989.3243752,-54.586436096,7256.1544136,-2987.7809984,              881P   8764
-56.189630968,7310.8,-2987.7809984,-56.411968536,6310.8,-3138.4,     881P   8765
480.81480352,6357.3150856,-3121.4698936,458.49035616,                881P   8766
6404.1566128,-3105.392256,434.43697856,6451.3389536,                 881P   8767
-3090.1911376,409.0198424,6533.159844,-3065.5848952,                 881P   8768
363.88772152,6615.9066984,-3043.7829112,319.93864136,                881P   8769
6650.8018824,-3035.1369472,302.1271228,6718.1296528,                 881P   8770
-3019.5257032,270.39317128,6786.0149904,-3005.8677176,               881P   8771
244.3169224,6818.7208288,-2999.772052,233.30607488,6881.8944832,     881P   8772
-2988.9430328,214.7210268,6945.4546152,-2979.8827016,                881P   8773
200.56589232,6976.1383048,-2975.9374792,194.65114704,                881P   8774
7060.979664,-2966.2228112,180.50881656,7146.4963928,                 881P   8775
-2959.7489016,171.78758944,7201.301816,-2956.9796096,                881P   8776
168.05298224,7256.1544136,-2955.6,166.00509776,7310.8,-2955.6,       881P   8777
165.47237304,6310.8,-3138.4,600.,6357.9736768,-3121.2301856,         881P   8778
600.,6405.1473536,-3105.059332,599.9670572,6452.3210304,             881P   8779
-3089.8895272,599.8987288,6534.3623888,-3065.2518424,                881P   8780
599.71351688,6616.4037472,-3043.6546784,599.40304488,                881P   8781
6651.2817184,-3035.0234232,599.24710824,6718.8352248,                881P   8782
-3019.373404,598.89588936,6786.3887304,-3005.794472,                 881P   8783
598.44325984,6819.0694376,-2999.7107872,598.19921088,                881P   8784
6882.3875336,-2988.8657472,597.67491752,6945.7056304,                881P   8785
-2979.8482288,597.04474184,6976.360388,-2975.911252,                 881P   8786
596.71348024,7061.6382464,-2966.153444,595.71499328,                 881P   8787
7146.9161056,-2959.7243592,594.48947712,7201.50882,                  881P   8788
-2956.9769768,593.6024404,7256.1544136,-2955.6,592.60089192,         881P   8789
7310.8,-2955.6,591.47224912,0.,125.003151,0.,123.4887794;            881P   8790
126,1,1,0,0,1,0,0.,0.,125.003151,125.003151,1.,1.,0.,0.,0.,          883P   8791
125.003151,0.,0.,0.,125.003151,0.,0.,0.,0,0;                         883P   8792
126,1,1,0,0,1,0,0.,0.,123.4887794,123.4887794,1.,1.,125.003151,      885P   8793
0.,0.,125.003151,123.4887794,0.,0.,123.4887794,0.,0.,0.,0,0;         885P   8794
126,1,1,0,0,1,0,0.,0.,6.015110136,6.015110136,1.,1.,125.003151,      887P   8795
123.4887794,0.,118.98804090000002,123.4887794,0.,0.,6.015110136,     887P   8796
0.,0.,0.,0,0;                                                        887P   8797
126,1,1,0,0,1,0,0.,0.,118.9880409,118.9880409,1.,1.,                 889P   8798
118.98804090000002,123.4887794,0.,0.,123.4887794,0.,0.,              889P   8799
118.9880409,0.,0.,0.,0,0;                                            889P   8800
126,1,1,0,0,1,0,0.,0.,123.4887794,123.4887794,1.,1.,0.,              891P   8801
123.4887794,0.,0.,0.,0.,0.,123.4887794,0.,0.,0.,0,0;                 891P   8802
102,5,883,885,887,889,891;                                           893P   8803
126,55,5,0,0,1,0,0.,0.,0.,0.,0.,0.,1.,1.,1.,1.,1.,2.,2.,2.,2.,       895P   8804
2.,3.,3.,3.,3.,3.,4.,4.,4.,4.,4.,5.,5.,5.,5.,5.,6.,6.,6.,6.,6.,      895P   8805
7.,7.,7.,7.,7.,8.,8.,8.,8.,8.,9.,9.,9.,9.,9.,10.,10.,10.,10.,        895P   8806
10.,11.,11.,11.,11.,11.,11.,1.,1.,1.,1.,1.,1.,1.,1.,1.,1.,1.,1.,     895P   8807
1.,1.,1.,1.,1.,1.,1.,1.,1.,1.,1.,1.,1.,1.,1.,1.,1.,1.,1.,1.,1.,      895P   8808
1.,1.,1.,1.,1.,1.,1.,1.,1.,1.,1.,1.,1.,1.,1.,1.,1.,1.,1.,1.,1.,      895P   8809
1.,1.,6310.8,-3504.,234.4,6334.3868384000625,-3504.000000000012,     895P   8810
209.6769734400027,6357.97367679995,-3504.0000000000005,              895P   8811
185.20422201999685,6381.560515200012,-3503.9999999999864,            895P   8812
161.03140356000202,6405.14735358723,-3504.0000000000086,             895P   8813
137.2292360455538,6428.734191955287,-3504.0000000000005,             895P   8814
113.9044985016832,6452.321030323479,-3504.0000000000637,             895P   8815
90.57976095781248,6475.907868672111,-3503.999999999928,              895P   8816
67.73245338451422,6499.49470699568,-3504.000000000043,               895P   8817
45.4693548068111,6523.081545293381,-3503.9999999999905,              895P   8818
23.933305289186457,6546.668383591202,-3504.,3.318206809500442,       895P   8819
6559.347533251142,-3503.9999999999964,-7.7633431830781285,           895P   8820
6572.026713577074,-3504.000000000001,-18.579363494408582,            895P   8821
6584.7063334610575,-3504.0000000000027,-29.099707301968845,          895P   8822
6597.386458330504,-3503.999999999999,-39.293064253497654,            895P   8823
6610.06681014817,-3503.9999999999986,-49.12696046699457,             895P   8824
6622.747161965846,-3504.000000000003,-58.96085668049144,             895P   8825
6635.42780206365,-3503.999999999998,-68.4364731953614,               895P   8826
6648.1084524043745,-3503.9999999999977,-77.52133612960415,           895P   8827
6660.788884010553,-3504.0000000000027,-86.18936672367086,            895P   8828
6673.468916964468,-3504.0000000000005,-94.4208813404642,             895P   8829
6682.978942024933,-3504.000000000008,-100.59452394640729,            895P   8830
6692.488774841482,-3503.999999999998,-106.52324248553336,            895P   8831
6701.998344945063,-3503.9999999999955,-112.1988375561559,            895P   8832
6711.507715376711,-3504.0000000000023,-117.61740523785299,           895P   8833
6721.017082687542,-3504.,-122.77933709146728,6743.302871744276,      895P   8834
-3503.9999999999973,-134.8766655963655,6765.588660713929,            895P   8835
-3504.0000000000036,-145.56480643842872,6787.872827905482,           895P   8836
-3504.0000000000023,-154.84331496092153,6810.157068770827,           895P   8837
-3503.999999999996,-162.85892989003966,6832.441872554742,-3504.,     895P   8838
-169.77973416824537,6842.841442225036,-3504.,                        895P   8839
-173.00945121673857,6853.241161922631,-3504.,                        895P   8840
-176.00068245839725,6863.64101803267,-3504.,-178.77079391598681,     895P   8841
6874.040996940296,-3504.0000000000005,-181.33715161227272,           895P   8842
6884.441085030654,-3504.0000000000005,-183.71712157002037,           895P   8843
6898.055384537934,-3503.9999999999964,-186.83238323896904,           895P   8844
6911.669866859363,-3504.0000000000027,-189.6273549984141,            895P   8845
6925.285994178579,-3504.000000000002,-192.1399853753821,             895P   8846
6938.903766475862,-3503.9999999999955,-194.40329491309396,           895P   8847
6952.521721528127,-3504.,-196.44537617096486,6969.5439460108555,     895P   8848
-3503.9999999999886,-198.99793103492573,6986.567621252597,           895P   8849
-3504.000000000004,-201.20506484989045,7003.588863227315,            895P   8850
-3504.0000000000064,-203.12142695044645,7020.607072219658,           895P   8851
-3503.9999999999936,-204.7910950975105,7037.624932824956,            895P   8852
-3504.0000000000005,-206.2475754783285,7055.840157246138,            895P   8853
-3504.0000000000036,-207.80647103748976,7074.055272903504,           895P   8854
-3503.9999999999964,-209.12146878484646,7092.268611691167,           895P   8855
-3503.9999999999977,-210.232495524304,7110.479811020469,             895P   8856
-3504.0000000000064,-211.17109430981589,7128.689813819989,           895P   8857
-3504.,-211.96042444538347,7165.1097613922375,                       895P   8858
-3504.000000000002,-213.5392218009929,7201.524487644457,             895P   8859
-3503.999999999997,-214.5219726903692,7237.939214933319,             895P   8860
-3504.0000000000014,-215.09943492444498,7274.369609066678,           895P   8861
-3504.0000000000027,-215.35290151999996,7310.8,-3504.,               895P   8862
-215.35290152,0.,11.,0.,0.,0.,0,0;                                   895P   8863
126,72,4,0,0,1,0,0.,0.,0.,0.,0.,1.,1.,1.,1.,2.,2.,2.,2.,3.,3.,       897P   8864
3.,3.,4.,4.,4.,4.,5.,5.,5.,5.,6.,6.,6.,6.,7.,7.,7.,7.,8.,8.,8.,      897P   8865
8.,9.,9.,9.,9.,10.,10.,10.,10.,11.,11.,11.,11.,12.,12.,12.,12.,      897P   8866
13.,13.,13.,13.,14.,14.,14.,14.,15.,15.,15.,15.,16.,16.,16.,16.,     897P   8867
17.,17.,17.,17.,18.,18.,18.,18.,18.,1.,1.,1.,1.,1.,1.,1.,1.,1.,      897P   8868
1.,1.,1.,1.,1.,1.,1.,1.,1.,1.,1.,1.,1.,1.,1.,1.,1.,1.,1.,1.,1.,      897P   8869
1.,1.,1.,1.,1.,1.,1.,1.,1.,1.,1.,1.,1.,1.,1.,1.,1.,1.,1.,1.,1.,      897P   8870
1.,1.,1.,1.,1.,1.,1.,1.,1.,1.,1.,1.,1.,1.,1.,1.,1.,1.,1.,1.,1.,      897P   8871
1.,7310.8,-3504.,-215.35290152,7310.799999999996,                    897P   8872
-3483.893033440113,-215.3529006510364,7310.800000000016,             897P   8873
-3464.7297784954885,-215.12411939126966,7310.799999999983,           897P   8874
-3446.432056067312,-214.67247822242632,7310.800000000003,            897P   8875
-3428.9361156253617,-214.0012550427264,7310.7999999999965,           897P   8876
-3408.940752219174,-213.23414347356535,7310.799999999997,            897P   8877
-3389.9923336114225,-212.1802608405183,7310.800000000007,            897P   8878
-3371.99562477632,-210.84451464314662,7310.799999999999,             897P   8879
-3354.874435450396,-209.22789941989743,7310.8,                       897P   8880
-3342.0337999402686,-208.01537632700277,7310.8,                      897P   8881
-3329.6845654243507,-206.64510372184154,7310.799999999999,           897P   8882
-3317.7968892488266,-205.11694752376795,7310.8,                      897P   8883
-3306.340928759882,-203.43077365213614,7310.800000000003,            897P   8884
-3291.06668001392,-201.18245778002623,7310.799999999995,             897P   8885
-3276.5615519606536,-198.65281854874885,7310.800000000008,           897P   8886
-3262.760635002527,-195.8401963499108,7310.799999999997,             897P   8887
-3249.6113568327746,-192.739532035405,7310.799999999971,             897P   8888
-3233.1748061201542,-188.8637036950302,7310.800000000031,            897P   8889
-3217.7560489896896,-184.5378086658806,7310.799999999988,            897P   8890
-3203.2527694565783,-179.75200227726307,7310.800000000002,           897P   8891
-3189.5854493133597,-174.4882227891144,7310.800000000003,            897P   8892
-3181.38518408657,-171.329893670469,7310.799999999999,               897P   8893
-3173.48532634152,-167.99971638496766,7310.7999999999965,            897P   8894
-3165.86983864988,-164.49323775433453,7310.8,-3158.522683583321,     897P   8895
-160.8060046002938,7310.799999999991,-3140.1552218333404,            897P   8896
-151.58779773245251,7310.800000000017,-3123.467216599687,            897P   8897
-141.23827271676024,7310.799999999986,-3108.2291147478777,           897P   8898
-129.6799653591885,7310.800000000001,-3094.283522692369,             897P   8899
-116.78745443806027,7310.799999999983,-3085.916088669702,            897P   8900
-109.05192254311068,7310.800000000024,-3078.0136310959588,           897P   8901
-100.83592772361229,7310.799999999993,-3070.5416873072295,           897P   8902
-92.11226061752642,7310.800000000002,-3063.4727087950205,            897P   8903
-82.84613804406708,7310.799999999978,-3055.618300033274,             897P   8904
-72.55046936800208,7310.800000000023,-3048.2612726956436,            897P   8905
-61.58495273170446,7310.79999999999,-3041.3639194060042,             897P   8906
-49.90210766310157,7310.799999999999,-3034.8970978523657,            897P   8907
-37.4404320657454,7310.799999999998,-3031.0170568476115,             897P   8908
-29.963304983171625,7310.800000000001,-3027.2917977820007,           897P   8909
-22.20620894555973,7310.800000000004,-3023.715492331843,             897P   8910
-14.154765973868203,7310.799999999999,-3020.2823121734514,           897P   8911
-5.794598089055534,7310.799999999998,-3016.849234455602,             897P   8912
2.5658256183076293,7310.800000000001,-3013.5592951699546,            897P   8913
11.234925633305366,7310.800000000003,-3010.407587137919,             897P   8914
20.229379943846034,7310.800000000001,-3007.3892031809087,            897P   8915
29.56586653783799,7310.800000000001,-3003.8678119572137,             897P   8916
40.45859459738674,7310.799999999996,-3000.528128144542,              897P   8917
51.817581234959064,7310.8,-2997.3630550324697,                       897P   8918
63.671254963394254,7310.8,-2994.366994702814,76.05338749261104,      897P   8919
7310.799999999994,-2991.370933713923,88.43552427285519,              897P   8920
7310.80000000001,-2988.5438800371594,101.34617410421916,             897P   8921
7310.799999999991,-2985.880227820868,114.81913551055278,7310.8,      897P   8922
-2983.3757700880674,128.89462808097417,7310.800000000001,            897P   8923
-2980.5135323727036,144.98090113565885,7310.799999999999,            897P   8924
-2977.8592173477,161.85428724877846,7310.8,-2975.4065387135347,      897P   8925
179.5747447033255,7310.800000000001,-2973.1514996823726,             897P   8926
198.21581165520627,7310.799999999994,-2970.896460232766,             897P   8927
216.85687480201528,7310.800000000007,-2968.8390605709988,            897P   8928
236.41873163888593,7310.799999999997,-2966.975295543729,             897P   8929
256.9748442583473,7310.8,-2965.3034527115487,278.6157799657815,      897P   8930
7310.800000000004,-2963.4226275536075,302.96178470778966,            897P   8931
7310.799999999996,-2961.7847169804345,328.68123258503505,            897P   8932
7310.800000000004,-2960.387255461822,355.90252554361246,             897P   8933
7310.799999999999,-2959.2316671563326,384.78982305678653,            897P   8934
7310.80000000001,-2958.076075546296,413.67705689978254,              897P   8935
7310.79999999998,-2957.1623857979616,444.2309603131825,              897P   8936
7310.800000000015,-2956.4919811947907,476.61498897118497,            897P   8937
7310.799999999999,-2956.0706305753743,511.04018136700563,            897P   8938
7310.800000000002,-2955.8365621767844,530.1654801430258,             897P   8939
7310.800000000003,-2955.679295154161,549.920014580643,               897P   8940
7310.800000000002,-2955.600038198301,570.3426493496902,7310.8,       897P   8941
-2955.6,591.47224912,0.,18.,0.,0.,0.,0,0;                            897P   8942
126,2,2,0,0,1,0,0.,0.,0.,1.,1.,1.,1.,1.,1.,7310.8,-2955.6,           899P   8943
591.47224912,7286.739100010406,-2955.600075583119,                   899P   8944
591.9690184433265,7262.681296791832,-2956.0267930001464,             899P   8945
592.4273966643701,0.,1.,0.,0.,0.,0,0;                                899P   8946
126,32,4,0,0,1,0,0.,0.,0.,0.,0.,1.,1.,1.,1.,2.,2.,2.,2.,3.,3.,       901P   8947
3.,3.,4.,4.,4.,4.,5.,5.,5.,5.,6.,6.,6.,6.,7.,7.,7.,7.,8.,8.,8.,      901P   8948
8.,8.,1.,1.,1.,1.,1.,1.,1.,1.,1.,1.,1.,1.,1.,1.,1.,1.,1.,1.,1.,      901P   8949
1.,1.,1.,1.,1.,1.,1.,1.,1.,1.,1.,1.,1.,1.,7262.681296791832,         901P   8950
-2956.0267930001464,592.4273966643701,7206.408586988995,             901P   8951
-2957.0248593408373,593.4999729219717,7150.168422569264,             901P   8952
-2959.5767766426948,594.4360611114868,7093.904518057033,             901P   8953
-2963.6801655217623,595.2540827427554,7037.624932824956,             901P   8954
-2969.3306365456715,595.9668630529743,6999.338339845899,             901P   8955
-2973.1745681286407,596.4517266136006,6961.033009164701,             901P   8956
-2977.736864849632,596.8881182718346,6922.727678365054,              901P   8957
-2983.01364177896,597.2795910714284,6884.441085030654,               901P   8958
-2989.001013986937,597.6296980561347,6865.86952810422,               901P   8959
-2991.905224484525,597.7995066326391,6847.298321103668,              901P   8960
-2994.977067236102,597.9596020706924,6828.727536458069,              901P   8961
-2998.21635726121,598.110355793257,6810.157246596491,                901P   8962
-3001.6229095793906,598.2521392232951,6787.872874749335,             901P   8963
-3005.7107783730935,598.4222724285573,6765.588251266405,             901P   8964
-3010.0396838121565,598.5794964287693,6743.303084471281,             901P   8965
-3014.6093983297983,598.724389224413,6721.017082687542,              901P   8966
-3019.41969435924,598.8575288159707,6701.2060326754945,              901P   8967
-3023.6957891078864,598.9758783403331,6681.394279040338,             901P   8968
-3028.1620592956324,599.0849332441578,6661.581676101234,             901P   8969
-3032.818349114694,599.1850595855722,6641.768078177342,              901P   8970
-3037.664502757287,599.2766234227037,6617.991808952725,              901P   8971
-3043.479872402079,599.3864927552455,6594.216045810293,              901P   8972
-3049.5681670329905,599.4840241212539,6570.44137520485,              901P   8973
-3055.9288838795806,599.5697796906267,6546.668383591202,             901P   8974
-3062.5615201714086,599.6443216332608,6517.184835725581,             901P   8975
-3070.7873760132816,599.7367552826371,6487.701287838054,             901P   8976
-3079.4320940798752,599.8119662792644,6458.217739918122,             901P   8977
-3088.4950161592196,599.8708944081893,6428.734191955287,             901P   8978
-3097.9754840393425,599.9144794544577,6399.250643994506,             901P   8979
-3107.45595228015,599.9580501187098,6369.767096003024,               901P   8980
-3117.3539650299817,599.9862837524423,6340.283547998851,             901P   8981
-3127.668866274658,599.9999953735681,6310.8,-3138.4,600.,0.,8.,      901P   8982
0.,0.,0.,0,0;                                                        901P   8983
126,30,5,0,0,1,0,0.,0.,0.,0.,0.,0.,1.,1.,1.,1.,1.,2.,2.,2.,2.,       903P   8984
2.,3.,3.,3.,3.,3.,4.,4.,4.,4.,4.,5.,5.,5.,5.,5.,6.,6.,6.,6.,6.,      903P   8985
6.,1.,1.,1.,1.,1.,1.,1.,1.,1.,1.,1.,1.,1.,1.,1.,1.,1.,1.,1.,1.,      903P   8986
1.,1.,1.,1.,1.,1.,1.,1.,1.,1.,1.,6310.8,-3138.4,600.,                903P   8987
6310.800000000002,-3138.400016838234,576.6818128761321,              903P   8988
6310.799999999989,-3140.258996520529,553.1787887161893,              903P   8989
6310.80000000002,-3144.036290049269,529.7100751485938,               903P   8990
6310.799999999994,-3149.745356054661,506.5168300485603,              903P   8991
6310.799999999999,-3157.345069940227,483.83752992061466,             903P   8992
6310.800000000002,-3164.944729669036,461.15859511336805,             903P   8993
6310.800000000001,-3174.435464383625,438.99177935838156,             903P   8994
6310.799999999999,-3185.775709952405,417.58079353530684,             903P   8995
6310.799999999998,-3198.8723994941824,397.15283978174966,6310.8,     903P   8996
-3213.5809633781596,377.91861149327053,6310.800000000002,            903P   8997
-3224.36732907033,363.8131174976958,6310.799999999997,               903P   8998
-3236.021165906812,350.3480161830913,6310.799999999997,              903P   8999
-3248.485565781585,337.6047893440027,6310.800000000004,              903P   9000
-3261.6920459183307,325.6539663607558,6310.8,-3275.56054887043,      903P   9001
314.5551241994565,6310.799999999999,-3293.2109013730706,             903P   9002
300.42940364418416,6310.799999999997,-3311.936330404533,             903P   9003
287.6823651924444,6310.800000000001,-3331.569113318753,              903P   9004
276.4366730180579,6310.800000000006,-3351.9273558453638,             903P   9005
266.7763230479058,6310.8,-3372.8149920896954,258.7466429619301,      903P   9006
6310.7999999999965,-3384.750892023156,254.15822003528731,            903P   9007
6310.800000000007,-3396.860100587898,250.10218486974208,             903P   9008
6310.800000000005,-3409.10642290748,246.58683453134532,              903P   9009
6310.799999999993,-3421.453683585026,243.61621094074403,6310.8,      903P   9010
-3433.86572670322,241.19010087318128,6310.800000000004,              903P   9011
-3447.829247007451,238.46070630487372,6310.799999999999,             903P   9012
-3461.875057665441,236.42056468882356,6310.799999999997,             903P   9013
-3475.9515652077375,235.0692278300006,6310.799999999999,             903P   9014
-3490.009116751401,234.40001241259162,6310.8,-3504.,234.4,0.,6.,     903P   9015
0.,0.,0.,0,0;                                                        903P   9016
102,5,895,897,899,901,903;                                           905P   9017
142,0,881,893,905,1,0,0;                                             907P   9018
406,1,7Hnacelle;                                                     909P   9019
144,881,1,0,907,0,1,909;                                             911P   9020
128,8,5,5,5,0,0,0,0,0,0.,0.,0.,0.,0.,0.,125.5877765,125.5877765,     913P   9021
125.5877765,188.4598599,188.4598599,188.4598599,188.4598599,         913P   9022
188.4598599,188.4598599,0.,0.,0.,0.,0.,0.,90.57588679,               913P   9023
90.57588679,90.57588679,90.57588679,90.57588679,90.57588679,1.,      913P   9024
1.,1.,1.,1.,1.,1.,1.,1.,1.142809042,1.142809042,1.142809042,         913P   9025
1.142809042,1.142809042,1.142809042,1.142809042,1.142809042,         913P   9026
1.142809042,1.226960076,1.226960076,1.226960076,1.226960076,         913P   9027
1.226960076,1.226960076,1.226960076,1.226960076,1.226960076,         913P   9028
1.226960076,1.226960076,1.226960076,1.226960076,1.226960076,         913P   9029
1.226960076,1.226960076,1.226960076,1.226960076,1.142809042,         913P   9030
1.142809042,1.142809042,1.142809042,1.142809042,1.142809042,         913P   9031
1.142809042,1.142809042,1.142809042,1.,1.,1.,1.,1.,1.,1.,1.,1.,      913P   9032
7310.8,-3504.,-215.35290152,7511.7404424,-3504.,-215.35290152,       913P   9033
7712.6808848,-3504.,-213.81621688,7914.8724488,-3504.,               913P   9034
-210.94049824,8216.408224,-3504.,-204.88980056,8517.944,-3504.,      913P   9035
-196.46738112,8618.539336,-3504.,-193.40828752,8719.134664,          913P   9036
-3504.,-190.11264008,8819.73,-3504.,-186.59167128,7310.8,            913P   9037
-3793.5526144,-215.35290152,7511.7404424,-3793.5526144,              913P   9038
-215.35290152,7712.6808848,-3793.5526144,-213.81621504,              913P   9039
7914.8724488,-3793.5526144,-210.94049688,8216.408224,                913P   9040
-3793.5526144,-204.88980232,8517.944,-3793.5526144,-196.467382,      913P   9041
8618.539328,-3793.5526144,-193.4082868,8719.134664,                  913P   9042
-3793.5526144,-190.11264008,8819.73,-3793.5526144,-186.59167128,     913P   9043
7310.8,-3944.3676616,-168.00709792,7511.7404424,-3944.3676616,       913P   9044
-168.25063824,7712.6808848,-3944.3676616,-167.14854608,              913P   9045
7914.8724488,-3944.3676616,-164.92642872,8216.408224,                913P   9046
-3944.3676616,-160.27589248,8517.944,-3944.3676616,                  913P   9047
-154.08283248,8618.539336,-3944.3676616,-151.87003464,               913P   9048
8719.134664,-3944.3676616,-149.53176184,8819.73,-3944.3676616,       913P   9049
-147.07956368,7310.8,-4020.2190016,-56.411968536,7511.7404424,       913P   9050
-4020.2190016,-57.22953884,7712.6808848,-4020.2190016,               913P   9051
-57.151793456,7914.8724488,-4020.2190016,-56.470231328,              913P   9052
8216.408224,-4020.2190016,-55.119896744,8517.944,-4020.2190016,      913P   9053
-54.181490304,8618.539336,-4020.2190016,-53.963435472,               913P   9054
8719.134664,-4020.2190016,-53.881714512,8819.73,-4020.2190016,       913P   9055
-53.948632816,7310.8,-4052.4,165.47237304,7511.7404424,-4052.4,      913P   9056
163.51346016,7712.6808848,-4052.4,161.55449752,7914.8724488,         913P   9057
-4052.4,159.1729784,8216.408224,-4052.4,153.9615308,8517.944,        913P   9058
-4052.4,144.4521212,8618.539328,-4052.4,140.704034,8719.134664,      913P   9059
-4052.4,136.29905664,8819.73,-4052.4,131.22338488,7310.8,            913P   9060
-4052.4,591.47224912,7511.7404424,-4052.4,587.32205144,              913P   9061
7712.6808848,-4052.4,581.45277376,7914.8724488,-4052.4,              913P   9062
573.19038896,8216.408224,-4052.4,555.38085432,8517.944,-4052.4,      913P   9063
525.81248824,8618.539336,-4052.4,514.44973048,8719.134664,           913P   9064
-4052.4,501.430658,8819.73,-4052.4,486.7385872,0.,188.4598599,       913P   9065
0.,90.57588679;                                                      913P   9066
126,1,1,0,0,1,0,79.38373956,79.38373956,90.57588679,90.57588679,     915P   9067
1.,1.,188.4598599,79.38373956,0.,188.4598599,90.57588679,0.,         915P   9068
79.38373956,90.57588679,0.,0.,0.,0,0;                                915P   9069
126,1,1,0,0,1,0,0.,0.,188.4598599,188.4598599,1.,1.,188.4598599,     917P   9070
90.57588679,0.,0.,90.57588679,0.,0.,188.4598599,0.,0.,0.,0,0;        917P   9071
126,1,1,0,0,1,0,0.,0.,90.57588679,90.57588679,1.,1.,0.,              919P   9072
90.57588679,0.,0.,0.,0.,0.,90.57588679,0.,0.,0.,0,0;                 919P   9073
126,1,1,0,0,1,0,0.,0.,188.4598599,188.4598599,1.,1.,0.,0.,0.,        921P   9074
188.4598599,0.,0.,0.,188.4598599,0.,0.,0.,0,0;                       921P   9075
126,1,1,0,0,1,0,0.,0.,45.99187735,45.99187735,1.,1.,188.4598599,     923P   9076
0.,0.,188.4598599,45.99187735,0.,0.,45.99187735,0.,0.,0.,0,0;        923P   9077
126,50,5,0,0,1,0,0.,0.,0.,0.,0.,0.,9.146980338,9.146980338,          925P   9078
9.146980338,10.30083116,10.30083116,10.30083116,18.38114562,         925P   9079
18.38114562,18.38114562,23.0910614,23.0910614,23.0910614,            925P   9080
27.80097717,27.80097717,27.80097717,29.38081428,29.38081428,         925P   9081
29.38081428,38.24352046,38.24352046,38.24352046,40.26981167,         925P   9082
40.26981167,40.26981167,42.29591738,42.29591738,42.29591738,         925P   9083
48.22109471,48.22109471,48.22109471,50.70212011,50.70212011,         925P   9084
50.70212011,52.87361134,52.87361134,52.87361134,56.35140357,         925P   9085
56.35140357,56.35140357,57.06701293,57.06701293,57.06701293,         925P   9086
57.7826223,57.7826223,57.7826223,58.26476398,58.26476398,            925P   9087
58.26476398,58.26476398,58.26476398,58.26476398,1.,1.,1.,1.,1.,      925P   9088
1.,1.,1.,1.,1.,1.,1.,1.,1.,1.,1.,1.,1.,1.,1.,1.,1.,1.,1.,1.,1.,      925P   9089
1.,1.,1.,1.,1.,1.,1.,1.,1.,1.,1.,1.,1.,1.,1.,1.,1.,1.,1.,1.,1.,      925P   9090
1.,1.,1.,1.,188.4598599,45.99187735,0.,187.2028207,46.39166235,      925P   9091
0.,185.9462921,46.78987928,0.,184.6901158,47.18746951,0.,            925P   9092
183.2834679,47.63425068,0.,181.8805333,48.08460473000001,0.,         925P   9093
181.7234296,48.13510082,0.,180.4663772,48.53969363000001,0.,         925P   9094
179.21167120000004,48.94826217,0.,178.12433710000002,49.3076939,     925P   9095
0.,176.4106992,49.88370537,0.,174.7066226,50.47071999,0.,            925P   9096
174.07978110000002,50.688516660000005,0.,172.82592620000003,         925P   9097
51.127557810000006,0.,171.57036580000002,51.573602920000006,0.,      925P   9098
170.9418151,51.79840779,0.,170.1015574,52.10093489,0.,               925P   9099
169.26195670000004,52.40649334,0.,169.05784210000002,                925P   9100
52.480987080000006,0.,167.66535530000002,52.99073115,0.,             925P   9101
166.2779446,53.50984403,0.,165.10379840000002,53.96108269,0.,        925P   9102
163.6744138,54.537725560000005,0.,162.2712458,55.15576177,0.,        925P   9103
162.0111072,55.27232139,0.,161.49304839999996,55.50872134,0.,        925P   9104
160.9796223,55.75218993,0.,160.7239965,55.87587508,0.,               925P   9105
159.7267283,56.36876895,0.,158.7521038,56.89332255,0.,               925P   9106
158.0416376,57.30346445,0.,157.0578761,57.91461875,0.,               925P   9107
156.1219138,58.57353071,0.,155.8501268,58.77253809,0.,               925P   9108
155.3506259,59.15433051,0.,154.8726279,59.554195400000005,0.,        925P   9109
154.6547413,59.74511874,0.,154.10328770000004,60.25371131,0.,        925P   9110
153.5978594,60.79467302,0.,153.3076882,61.14093077,0.,               925P   9111
152.9894104,61.57456568,0.,152.7186511,62.02681568,0.,               925P   9112
152.6738688,62.104560160000005,0.,152.587343,62.261040380000004,     925P   9113
0.,152.5070692,62.4195835,0.,152.468539,62.499395320000005,0.,       925P   9114
152.40690610000001,62.63376087,0.,152.3501984,62.76937274000001,     925P   9115
0.,152.3281907,62.8241482,0.,152.3070223,62.879097130000005,0.,      925P   9116
152.2867119,62.934208170000005,0.,0.,58.26476398,0.,0.,0.,0,0;       925P   9117
126,65,5,0,0,1,0,0.6067978018,0.6067978018,0.6067978018,             927P   9118
0.6067978018,0.6067978018,0.6067978018,2.428435203,2.428435203,      927P   9119
2.428435203,3.284543783,3.284543783,3.284543783,4.141018288,         927P   9120
4.141018288,4.141018288,7.679832616,7.679832616,7.679832616,         927P   9121
8.669723821,8.669723821,8.669723821,9.659615026,9.659615026,         927P   9122
9.659615026,11.87146718,11.87146718,11.87146718,14.40807423,         927P   9123
14.40807423,14.40807423,15.14345898,15.14345898,15.14345898,         927P   9124
15.87884374,15.87884374,15.87884374,20.66956172,20.66956172,         927P   9125
20.66956172,24.37269465,24.37269465,24.37269465,26.46689813,         927P   9126
26.46689813,26.46689813,28.56110162,28.56110162,28.56110162,         927P   9127
39.38325374,39.38325374,39.38325374,42.51634477,42.51634477,         927P   9128
42.51634477,44.08249185,44.08249185,44.08249185,45.64904753,         927P   9129
45.64904753,45.64904753,56.89522432,56.89522432,56.89522432,         927P   9130
59.05478469,59.05478469,59.05478469,64.3726146,64.3726146,           927P   9131
64.3726146,64.3726146,64.3726146,64.3726146,1.,1.,1.,1.,1.,1.,       927P   9132
1.,1.,1.,1.,1.,1.,1.,1.,1.,1.,1.,1.,1.,1.,1.,1.,1.,1.,1.,1.,1.,      927P   9133
1.,1.,1.,1.,1.,1.,1.,1.,1.,1.,1.,1.,1.,1.,1.,1.,1.,1.,1.,1.,1.,      927P   9134
1.,1.,1.,1.,1.,1.,1.,1.,1.,1.,1.,1.,1.,1.,1.,1.,1.,1.,               927P   9135
152.2867119,62.93420788,0.,152.2099875,63.14239419,0.,               927P   9136
152.145518,63.35285976,0.,152.09429080000004,63.56499279,0.,         927P   9137
152.0393872,63.87892221,0.,152.0145901,64.19417698,0.,               927P   9138
152.0097402,64.29514125,0.,152.0061723,64.49686323,0.,               927P   9139
152.0146938,64.69810064,0.,152.02193070000004,64.79840459,0.,        927P   9140
152.0741695,65.31175741,0.,152.20172230000003,65.814031,0.,          927P   9141
152.3482089,66.20704041,0.,152.5825895,66.69142097,0.,               927P   9142
152.8680371,67.15192338,0.,152.9327847,67.25148909,0.,               927P   9143
153.0666083,67.44822731,0.,153.2087998,67.6404945,0.,                927P   9144
153.2819162,67.73557823,0.,153.52446980000002,68.03957643,0.,        927P   9145
153.78594450000003,68.33279332,0.,153.9745833,68.53052272,0.,        927P   9146
154.3944567,68.94489853,0.,154.8427064,69.33836839,0.,               927P   9147
155.089048,69.54283058,0.,155.4145067,69.7993817,0.,155.749231,      927P   9148
70.04730314,0.,155.8249222,70.10259934,0.,155.9772027,               927P   9149
70.21235699,0.,156.1312678,70.32049308,0.,156.2087361,               927P   9150
70.37416111,0.,156.7939848,70.77442222,0.,157.4021491,               927P   9151
71.15225018,0.,157.9431351,71.46370588,0.,158.9247681,               927P   9152
71.99023361,0.,159.9417151,72.47565177,0.,160.39144580000004,        927P   9153
72.6802626,0.,161.103859,72.9903269,0.,161.8279774,73.28586085,      927P   9154
0.,162.090973,73.39082714,0.,162.6192512,73.59725436,0.,             927P   9155
163.1519363,73.79709178,0.,163.4193058,73.89545355,0.,               927P   9156
165.074019,74.49284404,0.,166.762217,75.03540251,0.,168.1892571,     927P   9157
75.45800175,0.,170.05640010000002,75.96407736,0.,                    927P   9158
171.94851800000004,76.42314802,0.,172.3745422,76.52391697,0.,        927P   9159
173.0151616,76.67171718,0.,173.65801290000002,76.81476652,0.,        927P   9160
173.8727661,76.86198783,0.,174.3022019,76.95532345,0.,               927P   9161
174.73264510000004,77.04676075,0.,174.948167,77.09203188,0.,         927P   9162
176.7131395,77.45873774,0.,178.49634840000002,77.79745206,0.,        927P   9163
180.082446,78.0810097,0.,181.9519425,78.39883643,0.,                 927P   9164
183.82710730000002,78.69788519,0.,184.12886560000004,78.7454998,     927P   9165
0.,185.1755922,78.90889407,0.,186.223263,79.06630469,0.,             927P   9166
186.968574,79.17517952,0.,187.7140606,79.28097396,0.,                927P   9167
188.4598599,79.38373956,0.,0.6067978018,64.3726146,0.,0.,0.,0,0;     927P   9168
102,7,915,917,919,921,923,925,927;                                   929P   9169
126,8,4,0,0,1,0,0.,0.,0.,0.,0.,1.,1.,1.,1.,2.,2.,2.,2.,2.,1.,1.,     931P   9170
1.,1.,1.,1.,1.,1.,1.,8819.730000000001,-4046.5624329975117,          931P   9171
275.0488513585201,8819.729999999994,-4048.0066562618085,             931P   9172
297.2120409199107,8819.730000000007,-4049.2150085571025,             931P   9173
320.62642950502755,8819.729999999992,-4050.187750373385,             931P   9174
345.41111174756884,8819.73,-4050.921209406663,                       931P   9175
371.71836886084884,8819.730000000001,-4051.654669759782,             931P   9176
398.02561121659187,8819.729999999998,-4052.1488139409175,            931P   9177
425.85601265275795,8819.730000000001,-4052.39999602433,              931P   9178
455.3615594594183,8819.73,-4052.4,486.7385872,0.,2.,0.,0.,0.,0,      931P   9179
0;                                                                   931P   9180
126,20,5,0,0,1,0,0.,0.,0.,0.,0.,0.,1.,1.,1.,1.,1.,2.,2.,2.,2.,       933P   9181
2.,3.,3.,3.,3.,3.,4.,4.,4.,4.,4.,4.,1.,1.,1.,1.,1.,1.,1.,1.,1.,      933P   9182
1.,1.,1.,1.,1.,1.,1.,1.,1.,1.,1.,1.,8819.73,-4052.4,486.7385872,     933P   9183
8775.0209617906,-4052.4000000000005,493.2684319777599,               933P   9184
8730.311925108028,-4052.3999999999996,499.46765989608764,            933P   9185
8685.60288869719,-4052.3999999999996,505.3381501885219,              933P   9186
8640.89385199536,-4052.4000000000005,510.8863429358348,              933P   9187
8596.184815132165,-4052.4,516.1232390660319,8540.298519063865,       933P   9188
-4052.4,522.6693888398751,8484.412222529689,-4052.400000000001,      933P   9189
528.7285454275418,8428.525925899732,-4052.3999999999996,             933P   9190
534.3225188879114,8372.639629397974,-4052.399999999997,              933P   9191
539.4791647535894,8316.753333102282,-4052.4000000000005,             933P   9192
544.2323840309074,8216.283111937912,-4052.400000000008,              933P   9193
552.7773381067849,8115.81289086229,-4052.3999999999805,              933P   9194
560.0168393390529,8015.186279577869,-4052.4000000000137,             933P   9195
566.1529001523626,7914.481473162271,-4052.3999999999983,             933P   9196
571.3623145625966,7813.776666717805,-4052.399999999999,              933P   9197
575.7924368270061,7713.071860273353,-4052.3999999999937,             933P   9198
580.2225590914143,7612.367053799983,-4052.400000000014,              933P   9199
583.873389210003,7511.740442400021,-4052.3999999999905,              933P   9200
586.892281439998,7411.270221199991,-4052.400000000005,               933P   9201
589.3971502800009,7310.8,-4052.4,591.47224912,0.,4.,0.,0.,0.,0,      933P   9202
0;                                                                   933P   9203
126,72,4,0,0,1,0,0.,0.,0.,0.,0.,1.,1.,1.,1.,2.,2.,2.,2.,3.,3.,       935P   9204
3.,3.,4.,4.,4.,4.,5.,5.,5.,5.,6.,6.,6.,6.,7.,7.,7.,7.,8.,8.,8.,      935P   9205
8.,9.,9.,9.,9.,10.,10.,10.,10.,11.,11.,11.,11.,12.,12.,12.,12.,      935P   9206
13.,13.,13.,13.,14.,14.,14.,14.,15.,15.,15.,15.,16.,16.,16.,16.,     935P   9207
17.,17.,17.,17.,18.,18.,18.,18.,18.,1.,1.,1.,1.,1.,1.,1.,1.,1.,      935P   9208
1.,1.,1.,1.,1.,1.,1.,1.,1.,1.,1.,1.,1.,1.,1.,1.,1.,1.,1.,1.,1.,      935P   9209
1.,1.,1.,1.,1.,1.,1.,1.,1.,1.,1.,1.,1.,1.,1.,1.,1.,1.,1.,1.,1.,      935P   9210
1.,1.,1.,1.,1.,1.,1.,1.,1.,1.,1.,1.,1.,1.,1.,1.,1.,1.,1.,1.,1.,      935P   9211
1.,7310.8,-4052.4,591.47224912,7310.799999999999,                    935P   9212
-4052.3999618016983,570.3426493496886,7310.799999999998,             935P   9213
-4052.320704845839,549.9200145806434,7310.799999999998,              935P   9214
-4052.163437823216,530.1654801430278,7310.8,-4051.9293694246257,     935P   9215
511.0401813670051,7310.799999999999,-4051.5080188052093,             935P   9216
476.61498897118196,7310.8000000000075,-4050.8376142020416,           935P   9217
444.23096031318823,7310.799999999998,-4049.9239244537016,            935P   9218
413.677056899779,7310.8,-4048.7683328436674,384.7898230567865,       935P   9219
7310.799999999997,-4047.612744538174,355.9025255436123,              935P   9220
7310.800000000003,-4046.215283019572,328.6812325850353,              935P   9221
7310.799999999997,-4044.5773724463875,302.9617847077893,7310.8,      935P   9222
-4042.6965472884513,278.6157799657816,7310.799999999999,             935P   9223
-4041.0247044562702,256.97484425834665,7310.800000000001,            935P   9224
-4039.1609394290035,236.4187316388868,7310.800000000001,             935P   9225
-4037.103539767233,216.85687480201463,7310.799999999999,             935P   9226
-4034.8485003176283,198.21581165520635,7310.799999999994,            935P   9227
-4032.5934612864676,179.5747447033258,7310.800000000008,             935P   9228
-4030.1407826522995,161.85428724877772,7310.799999999995,            935P   9229
-4027.486467627295,144.98090113565902,7310.8,-4024.624229911933,     935P   9230
128.8946280809741,7310.800000000004,-4022.1197721791323,             935P   9231
114.81913551055304,7310.8,-4019.456119962842,101.34617410421895,     935P   9232
7310.8,-4016.6290662860742,88.43552427285537,7310.8,                 935P   9233
-4013.633005297186,76.05338749261108,7310.799999999996,              935P   9234
-4010.6369449675312,63.67125496339447,7310.800000000006,             935P   9235
-4007.471871855453,51.81758123495866,7310.799999999996,              935P   9236
-4004.132188042792,40.4585945973868,7310.8,-4000.6107968190913,      935P   9237
29.565866537838016,7310.800000000003,-3997.5924128620836,            935P   9238
20.229379943846205,7310.800000000003,-3994.4407048300463,            935P   9239
11.234925633305382,7310.800000000001,-3991.150765544396,             935P   9240
2.5658256183074877,7310.800000000001,-3987.717687826549,             935P   9241
-5.794598089055542,7310.799999999999,-3984.2845076681565,            935P   9242
-14.154765973867988,7310.799999999999,-3980.708202217999,            935P   9243
-22.206208945559734,7310.800000000001,-3976.982943152388,            935P   9244
-29.963304983171867,7310.800000000002,-3973.102902147635,            935P   9245
-37.440432065745476,7310.800000000003,-3966.6360805939876,           935P   9246
-49.90210766310182,7310.799999999992,-3959.7387273043632,            935P   9247
-61.58495273170406,7310.800000000002,-3952.3816999667197,            935P   9248
-72.55046936800241,7310.799999999999,-3944.5272912049795,            935P   9249
-82.8461380440671,7310.799999999992,-3937.4583126927682,             935P   9250
-92.11226061752629,7310.8000000000275,-3929.9863689040594,           935P   9251
-100.83592772361264,7310.79999999998,-3922.083911330281,             935P   9252
-109.0519225431104,7310.799999999999,-3913.7164773076315,            935P   9253
-116.78745443806031,7310.799999999989,-3899.770885252111,            935P   9254
-129.67996535918854,7310.800000000011,-3884.5327834003224,           935P   9255
-141.23827271676004,7310.799999999994,-3867.8447781666528,           935P   9256
-151.58779773245269,7310.800000000002,-3849.477316416679,            935P   9257
-160.80600460029382,7310.800000000001,-3842.1301613501137,           935P   9258
-164.4932377543346,7310.799999999999,-3834.514673658479,             935P   9259
-167.99971638496774,7310.799999999999,-3826.6148159134345,           935P   9260
-171.32989367046906,7310.800000000002,-3818.4145506866407,           935P   9261
-174.48822278911442,7310.799999999989,-3804.7472305434144,           935P   9262
-179.75200227726336,7310.800000000017,-3790.243951010328,            935P   9263
-184.53780866588025,7310.799999999983,-3774.8251938798285,           935P   9264
-188.86370369503058,7310.799999999999,-3758.388643167223,            935P   9265
-192.73953203540506,7310.8,-3745.239364997473,                       935P   9266
-195.84019634991031,7310.799999999994,-3731.4384480393496,           935P   9267
-198.6528185487493,7310.800000000004,-3716.9333199860766,            935P   9268
-201.182457780026,7310.799999999999,-3701.6590712401176,             935P   9269
-203.43077365213617,7310.800000000003,-3690.203110751172,            935P   9270
-205.11694752376806,7310.800000000001,-3678.315434575649,            935P   9271
-206.64510372184168,7310.799999999998,-3665.966200059731,            935P   9272
-208.01537632700285,7310.799999999999,-3653.125564549602,            935P   9273
-209.22789941989745,7310.800000000014,-3636.0043752236907,           935P   9274
-210.84451464314657,7310.799999999986,-3618.0076663885657,           935P   9275
-212.18026084051857,7310.800000000007,-3599.05924778083,             935P   9276
-213.23414347356507,7310.800000000002,-3579.0638843746387,           935P   9277
-214.00125504272643,7310.799999999992,-3561.5679439326805,           935P   9278
-214.67247822242666,7310.800000000008,-3543.2702215045188,           935P   9279
-215.12411939126935,7310.800000000001,-3524.106966559885,            935P   9280
-215.3529006510364,7310.8,-3504.,-215.35290152,0.,18.,0.,0.,0.,      935P   9281
0,0;                                                                 935P   9282
126,12,4,0,0,1,0,0.,0.,0.,0.,0.,1.,1.,1.,1.,2.,2.,2.,2.,3.,3.,       937P   9283
3.,3.,3.,1.,1.,1.,1.,1.,1.,1.,1.,1.,1.,1.,1.,1.,7310.8,-3504.,       937P   9284
-215.35290152,7436.383915012738,-3503.9999999999973,                 937P   9285
-215.35293465940657,7561.991642530252,-3504.0000000000027,           937P   9286
-214.71247817247206,7687.904105665611,-3504.,                        937P   9287
-213.49424235728748,7813.776666717807,-3503.9999999999995,           937P   9288
-211.7515453876528,7939.6538132861415,-3504.0000000000055,           937P   9289
-210.00880906497306,8065.5547723110585,-3503.9999999999923,          937P   9290
-207.74106478763173,8191.174003650197,-3504.0000000000064,           937P   9291
-205.0012951929371,8316.753333102282,-3504.,-201.82302469911122,     937P   9292
8442.497499208632,-3503.9999999999955,-198.64071674622411,           937P   9293
8568.241669465984,-3504.0000000000036,-195.01851548713643,           937P   9294
8693.985831419828,-3503.999999999997,-190.99289777038703,            937P   9295
8819.73,-3504.,-186.59167128,0.,3.,0.,0.,0.,0,0;                     937P   9296
126,36,4,0,0,1,0,0.,0.,0.,0.,0.,1.,1.,1.,1.,2.,2.,2.,2.,3.,3.,       939P   9297
3.,3.,4.,4.,4.,4.,5.,5.,5.,5.,6.,6.,6.,6.,7.,7.,7.,7.,8.,8.,8.,      939P   9298
8.,9.,9.,9.,9.,9.,1.,1.,1.,1.,1.,1.,1.,1.,1.,1.,1.,1.,1.,1.,1.,      939P   9299
1.,1.,1.,1.,1.,1.,1.,1.,1.,1.,1.,1.,1.,1.,1.,1.,1.,1.,1.,1.,1.,      939P   9300
1.,8819.73,-3504.,-186.59167128,8819.729999999989,                   939P   9301
-3525.00170994058,-186.59148628428076,8819.729999999994,             939P   9302
-3544.9777476754834,-186.38359439111807,8819.730000000003,           939P   9303
-3564.008104216729,-185.97223337959355,8819.73,                      939P   9304
-3582.1727705763356,-185.36164102878888,8819.730000000005,           939P   9305
-3598.065961079968,-184.82722978870282,8819.73,                      939P   9306
-3613.295605185767,-184.14018020365074,8819.729999999996,            939P   9307
-3627.906411624504,-183.3019012087387,8819.73,                       939P   9308
-3641.943089126953,-182.31380173907283,8819.730000000003,            939P   9309
-3653.9738156557996,-181.46673420038186,8819.73,                     939P   9310
-3665.5820989399735,-180.50949608313542,8819.729999999994,           939P   9311
-3676.791697582259,-179.44218953181198,8819.730000000001,            939P   9312
-3687.626370185442,-178.2649166908901,8819.729999999996,             939P   9313
-3698.460680989913,-177.0875712690229,8819.73,                       939P   9314
-3708.9199844033296,-175.8002547094149,8819.730000000005,            939P   9315
-3719.0247868832803,-174.40241654971828,8819.729999999998,           939P   9316
-3728.7955948873528,-172.89350632758504,8819.729999999998,           939P   9317
-3743.4515520618124,-170.63008784823674,8819.730000000012,           939P   9318
-3757.354745927265,-168.1164678063719,8819.72999999998,              939P   9319
-3770.569236387155,-165.3497140484776,8819.73,                       939P   9320
-3783.1466532513873,-162.32375992313263,8819.73,                     939P   9321
-3792.9289520478737,-159.97019329021825,8819.73,                     939P   9322
-3802.326560977527,-157.46002271728725,8819.73,                      939P   9323
-3811.362169430864,-154.7898620995812,8819.729999999998,             939P   9324
-3820.0584667984012,-151.9563253323416,8819.730000000001,            939P   9325
-3828.754328232979,-149.122639400368,8819.729999999998,              939P   9326
-3837.110642987208,-146.12553639784255,8819.729999999994,            939P   9327
-3845.146615187374,-142.9604168983778,8819.729999999998,             939P   9328
-3852.881448959766,-139.62268147558606,8819.730000000016,            939P   9329
-3870.560603076604,-131.99346332598105,8819.72999999998,             939P   9330
-3886.6639559338523,-123.46098008343577,8819.730000000012,           939P   9331
-3901.4004434886447,-113.96378765888895,8819.73,                     939P   9332
-3914.9151364665827,-103.40390133390814,8819.730000000005,           939P   9333
-3926.740530470338,-94.16401402714166,8819.729999999981,             939P   9334
-3937.631203143698,-84.1101312244472,8819.730000000014,              939P   9335
-3947.684894486657,-73.17683422195164,8819.729999999998,             939P   9336
-3956.9725767417794,-61.271639414822,0.,9.,0.,0.,0.,0,0;             939P   9337
126,80,5,0,0,1,0,0.,0.,0.,0.,0.,0.,1.,1.,1.,1.,1.,2.,2.,2.,2.,       941P   9338
2.,3.,3.,3.,3.,3.,4.,4.,4.,4.,4.,5.,5.,5.,5.,5.,6.,6.,6.,6.,6.,      941P   9339
7.,7.,7.,7.,7.,8.,8.,8.,8.,8.,9.,9.,9.,9.,9.,10.,10.,10.,10.,        941P   9340
10.,11.,11.,11.,11.,11.,12.,12.,12.,12.,12.,13.,13.,13.,13.,13.,     941P   9341
14.,14.,14.,14.,14.,15.,15.,15.,15.,15.,16.,16.,16.,16.,16.,16.,     941P   9342
1.,1.,1.,1.,1.,1.,1.,1.,1.,1.,1.,1.,1.,1.,1.,1.,1.,1.,1.,1.,1.,      941P   9343
1.,1.,1.,1.,1.,1.,1.,1.,1.,1.,1.,1.,1.,1.,1.,1.,1.,1.,1.,1.,1.,      941P   9344
1.,1.,1.,1.,1.,1.,1.,1.,1.,1.,1.,1.,1.,1.,1.,1.,1.,1.,1.,1.,1.,      941P   9345
1.,1.,1.,1.,1.,1.,1.,1.,1.,1.,1.,1.,1.,1.,1.,1.,1.,1.,               941P   9346
8819.729999999998,-3956.9725767417794,-61.271639414822,              941P   9347
8809.675053891666,-3958.8177012602546,-58.91966380855514,            941P   9348
8799.617239922405,-3960.62832364761,-56.524708158183856,             941P   9349
8789.57865737131,-3962.4059956632846,-54.0863516755789,              941P   9350
8779.573921121451,-3964.156436934737,-51.596818311483375,            941P   9351
8769.610161659883,-3965.8895349574454,-49.04097675551279,            941P   9352
8768.352641555355,-3966.108225105824,-48.71845365512574,             941P   9353
8767.095431285437,-3966.3267209944947,-48.39473488495305,            941P   9354
8765.83853085013,-3966.545022623458,-48.06982044499475,              941P   9355
8764.581940249433,-3966.7631299927143,-47.74371033525081,            941P   9356
8763.32565948335,-3966.9810431022634,-47.416404555721236,            941P   9357
8754.52638287375,-3968.507473364646,-45.12371036683011,              941P   9358
8745.749129842661,-3970.0244515045315,-42.77160573397664,            941P   9359
8737.038542529539,-3971.531373916371,-40.35955846566689,             941P   9360
8728.391017932501,-3973.0311087834393,-37.88023280769316,            941P   9361
8719.754707908332,-3974.5299960778343,-35.319489443134,              941P   9362
8714.72449510845,-3975.4030009825437,-33.827884206808676,            941P   9363
8709.704138747351,-3976.2747972668813,-32.31013309540984,            941P   9364
8704.688929846208,-3977.1455356134616,-30.765058490659936,           941P   9365
8699.674159426193,-3978.0153667049,-29.191482774281447,              941P   9366
8694.65511850848,-3978.884441223811,-27.58822832799684,              941P   9367
8689.636253701761,-3979.7534816096118,-25.985020981466718,           941P   9368
8684.61415190461,-3980.6216676775243,-24.352271492290484,            941P   9369
8679.585475333128,-3981.488872672893,-22.689194471174265,            941P   9370
8674.552138963283,-3982.354826062316,-20.995304475723824,            941P   9371
8669.521310530912,-3983.219113533645,-19.270416010444585,            941P   9372
8667.827643707467,-3983.510086340023,-18.689615944258826,            941P   9373
8666.159364311243,-3983.796577051342,-18.114104882332356,            941P   9374
8664.500198239779,-3984.081431849895,-17.53806171495067,             941P   9375
8662.833871390612,-3984.3674969179738,-16.95566533239925,            941P   9376
8661.144109661285,-3984.6576184378678,-16.361094624963584,           941P   9377
8651.694767835808,-3986.280013280618,-13.035971372208849,            941P   9378
8642.274676984529,-3987.8987592198705,-9.593141690116827,            941P   9379
8632.881507440146,-3989.5271314540005,-5.998256207262288,            941P   9380
8623.574339700002,-3991.1894270860967,-2.18650524194104,             941P   9381
8614.4061106702,-3992.9105247992165,1.936850525686528,               941P   9382
8612.309983458068,-3993.3040144987576,2.879589425663662,             941P   9383
8610.221048202877,-3993.7006000805895,3.838608967706574,             941P   9384
8608.140023900589,-3994.1005516485125,4.815068200457873,             941P   9385
8606.067629547162,-3994.504139306327,5.810126172560167,              941P   9386
8604.00458413856,-3994.9116331578334,6.824941932656067,              941P   9387
8601.941918794333,-3995.3190348746566,7.839561296358327,             941P   9388
8599.887768790953,-3995.730530660435,8.874388429584219,              941P   9389
8597.843388369689,-3996.14623297915,9.930363105377923,               941P   9390
8595.810031771802,-3996.566254294785,11.008425096783615,             941P   9391
8593.788953238556,-3996.99070707132,12.109514176845474,              941P   9392
8587.878155823611,-3998.2320179117373,15.329692273659044,            941P   9393
8582.06795092015,-3999.51181947906,18.748534880722634,               941P   9394
8576.384221347225,-4000.832041974686,22.389652681269137,             941P   9395
8570.836925857471,-4002.1930407239533,26.276403224268886,            941P   9396
8565.479612866455,-4003.598890911533,30.451909295212214,             941P   9397
8563.236439607088,-4004.1875311249314,32.20023395935463,             941P   9398
8561.02620711505,-4004.7841528641948,33.99956427339464,              941P   9399
8558.852486000702,-4005.389091206332,35.85321189503995,              941P   9400
8556.720912826657,-4006.002724586532,37.765038030491645,             941P   9401
8554.639190107802,-4006.6254747981607,39.73945343444422,             941P   9402
8552.816930079454,-4007.1706105099775,41.46780130565324,             941P   9403
8551.03214391298,-4007.722958017281,43.24483584470049,               941P   9404
8549.28905096582,-4008.2832011372984,45.07488484599326,              941P   9405
8547.593293916763,-4008.85173631049,46.961790815392014,              941P   9406
8545.951938765957,-4009.428672600551,48.908910970210414,             941P   9407
8543.32323022634,-4010.352669721684,52.02736738196894,               941P   9408
8540.833890272897,-4011.2982803847144,55.300239304005004,            941P   9409
8538.512791851597,-4012.2661391120314,58.742427003815386,            941P   9410
8536.40078300442,-4013.2544886801843,62.36177301289398,              941P   9411
8534.550686869346,-4014.259180119886,66.15906212673184,              941P   9412
8534.169995233031,-4014.4659070969706,66.94035807603663,             941P   9413
8533.800293048022,-4014.673375211104,67.72935510588866,              941P   9414
8533.442104865338,-4014.8815144367945,68.52591470215901,             941P   9415
8533.095955236005,-4015.0902547485475,69.32989835071878,             941P   9416
8532.762368711044,-4015.29952612087,70.141167537439,                 941P   9417
8532.428795265118,-4015.5087788457927,70.95235796269917,             941P   9418
8532.1076375983,-4015.7186741552187,71.77127396566094,               941P   9419
8531.799462339126,-4015.9291047662346,72.59761700911929,             941P   9420
8531.504836116137,-4016.1399633959277,73.43108855586917,             941P   9421
8531.224325557867,-4016.3511427613857,74.27139006870554,             941P   9422
8531.03532110986,-4016.4934266892196,74.83754757797794,              941P   9423
8530.852709200328,-4016.635852926067,75.40679283981703,              941P   9424
8530.676648549901,-4016.778383100729,75.97900207628439,              941P   9425
8530.507297879218,-4016.9209788420076,76.55405150944158,             941P   9426
8530.344815908911,-4017.0636010282024,77.13181434075456,0.,16.,      941P   9427
0.,0.,0.,0,0;                                                        941P   9428
126,126,6,0,0,1,0,0.,0.,0.,0.,0.,0.,0.,1.,1.,1.,1.,1.,1.,2.,2.,      943P   9429
2.,2.,2.,2.,3.,3.,3.,3.,3.,3.,4.,4.,4.,4.,4.,4.,5.,5.,5.,5.,5.,      943P   9430
5.,6.,6.,6.,6.,6.,6.,7.,7.,7.,7.,7.,7.,8.,8.,8.,8.,8.,8.,9.,9.,      943P   9431
9.,9.,9.,9.,10.,10.,10.,10.,10.,10.,11.,11.,11.,11.,11.,11.,12.,     943P   9432
12.,12.,12.,12.,12.,13.,13.,13.,13.,13.,13.,14.,14.,14.,14.,14.,     943P   9433
14.,15.,15.,15.,15.,15.,15.,16.,16.,16.,16.,16.,16.,17.,17.,17.,     943P   9434
17.,17.,17.,18.,18.,18.,18.,18.,18.,19.,19.,19.,19.,19.,19.,20.,     943P   9435
20.,20.,20.,20.,20.,21.,21.,21.,21.,21.,21.,21.,1.,1.,1.,1.,1.,      943P   9436
1.,1.,1.,1.,1.,1.,1.,1.,1.,1.,1.,1.,1.,1.,1.,1.,1.,1.,1.,1.,1.,      943P   9437
1.,1.,1.,1.,1.,1.,1.,1.,1.,1.,1.,1.,1.,1.,1.,1.,1.,1.,1.,1.,1.,      943P   9438
1.,1.,1.,1.,1.,1.,1.,1.,1.,1.,1.,1.,1.,1.,1.,1.,1.,1.,1.,1.,1.,      943P   9439
1.,1.,1.,1.,1.,1.,1.,1.,1.,1.,1.,1.,1.,1.,1.,1.,1.,1.,1.,1.,1.,      943P   9440
1.,1.,1.,1.,1.,1.,1.,1.,1.,1.,1.,1.,1.,1.,1.,1.,1.,1.,1.,1.,1.,      943P   9441
1.,1.,1.,1.,1.,1.,1.,1.,1.,1.,1.,1.,1.,1.,1.,1.,1.,                  943P   9442
8530.344815908911,-4017.0636010282024,77.13181434075456,             943P   9443
8529.833334364073,-4017.51259719059,78.95069769776825,               943P   9444
8529.387153501719,-4017.961738684503,80.79494175521577,              943P   9445
8529.010371086115,-4018.410327785936,82.66243550957276,              943P   9446
8528.705879236017,-4018.857663954501,84.55082671380242,              943P   9447
8528.475364424674,-4019.303043833431,86.4575218773555,               943P   9448
8528.319307479816,-4019.7457612495778,88.37968626617032,             943P   9449
8528.2458924695,-4019.953755156059,89.28271717690589,                943P   9450
8528.188974432198,-4020.1612165007705,90.18944197558133,             943P   9451
8528.148473450565,-4020.3679996005944,91.09921013083881,             943P   9452
8528.124309607258,-4020.573958772412,92.01137111132047,              943P   9453
8528.116402984931,-4020.7789483331026,92.92527438566846,             943P   9454
8528.124673666238,-4020.982822599549,93.84026942252487,              943P   9455
8528.13289893329,-4021.1868450553884,94.75590732941511,              943P   9456
8528.157292667163,-4021.3897147803473,95.67247713865062,             943P   9457
8528.197642956391,-4021.5913552779684,96.5895667226651,              943P   9458
8528.253737889507,-4021.7916900517976,97.50676395389226,             943P   9459
8528.325365555038,-4021.990642605377,98.42365670476579,              943P   9460
8528.412314041514,-4022.1881364422516,99.33983284771938,             943P   9461
8528.771484149405,-4023.004114140387,103.12515690671549,             943P   9462
8529.391038773065,-4023.794616759924,106.89525774644554,             943P   9463
8530.250845468636,-4024.5554431051237,110.62495127224706,            943P   9464
8531.32519009674,-4025.283869209491,114.29121978877899,              943P   9465
8532.587762041063,-4025.9790003387025,117.87800831148603,            943P   9466
8534.016639426896,-4026.6421229935436,121.3810208780633,             943P   9467
8534.416316836301,-4026.827610471215,122.36088287490116,             943P   9468
8534.829071036917,-4027.0106152178696,123.334305523896,              943P   9469
8535.254395382035,-4027.1911569977074,124.30116131499061,            943P   9470
8535.691783224953,-4027.3692555749276,125.2613227381278,             943P   9471
8536.140727918963,-4027.5449307137314,126.21466228325039,            943P   9472
8536.60072281736,-4027.718202178318,127.16105244030119,              943P   9473
8537.060733927452,-4027.891477591579,128.10747169443562,             943P   9474
8537.531955399118,-4028.062423411263,129.04733640724925,             943P   9475
8538.013978681467,-4028.2310834731657,129.98067781703912,            943P   9476
8538.506395223614,-4028.3975016130844,130.90752716210238,            943P   9477
8539.008796474667,-4028.5617216668143,131.82791568073606,            943P   9478
8539.520773883738,-4028.723787470152,132.74187461123722,             943P   9479
8540.664779569704,-4029.085922658778,134.78412100509294,             943P   9480
8541.857028739154,-4029.437431497248,136.79502109798727,             943P   9481
8543.093210151168,-4029.77886108493,138.77546422636888,              943P   9482
8544.369283719889,-4030.110679712441,140.72606625993402,             943P   9483
8545.681480514508,-4030.433276861643,142.64716960162627,             943P   9484
8547.026302759268,-4030.746963205647,144.53884318763664,             943P   9485
8548.568658259934,-4031.10672144187,146.708332654258,                943P   9486
8550.154260125677,-4031.454837863648,148.83953875388553,             943P   9487
8551.778122842708,-4031.7918173461294,150.9326973499825,             943P   9488
8553.436301943175,-4032.118172808347,152.98832576498282,             943P   9489
8555.125894005167,-4032.434425213224,155.00722278029102,             943P   9490
8556.845036652705,-4032.741103567571,156.99046863628234,             943P   9491
8557.343450103992,-4032.830017370576,157.56546480483408,             943P   9492
8557.844358591241,-4032.9181314592142,158.13749458377208,            943P   9493
8558.34773053163,-4033.0054606231315,158.7066011897093,              943P   9494
8558.853534342335,-4033.092019651977,159.27282783925858,             943P   9495
8559.36173844053,-4033.1778233353966,159.83621774903287,             943P   9496
8559.872311243389,-4033.2628864630383,160.39681413564495,            943P   9497
8560.382886736008,-4033.3479493816826,160.9574104343074,             943P   9498
8560.89584715258,-4033.4322741207384,161.51522957306952,             943P   9499
8561.411133836822,-4033.5158675590433,162.07026677577363,            943P   9500
8561.928688132455,-4033.598736575437,162.62251726626195,             943P   9501
8562.448451383194,-4033.6808880487583,163.1719762683768,             943P   9502
8562.97036493276,-4033.7623288578448,163.7186390059604,              943P   9503
8566.370611817016,-4034.292900417067,167.28003546014673,             943P   9504
8569.861993653252,-4034.7933236845415,170.72292100042856,            943P   9505
8573.432442550305,-4035.2658777878896,174.04871601601604,            943P   9506
8577.073034720714,-4035.7128577264402,177.26110491994842,            943P   9507
8580.777990480698,-4036.1365743712286,180.3660361490939,             943P   9508
8584.54467425018,-4036.539354464995,183.3717221641496,               943P   9509
8587.455331343368,-4036.8505549832016,185.69451795331133,            943P   9510
8590.402690084517,-4037.149357289761,187.95793412969726,             943P   9511
8593.383889540535,-4037.436575174551,190.16492503847167,             943P   9512
8596.39606877834,-4037.713022427451,192.31844502479873,              943P   9513
8599.436366864842,-4037.9795128383407,194.42144843384284,            943P   9514
8602.50192286695,-4038.236860197099,196.47688961076813,              943P   9515
8604.235609036448,-4038.382379211544,197.6392869582951,              943P   9516
8605.977470168875,-4038.5249747531193,198.78659204973556,            943P   9517
8607.726870221828,-4038.6647500233735,199.91919867136858,            943P   9518
8609.483173152903,-4038.8018082238577,201.03750060947328,            943P   9519
8611.245742919693,-4038.936252556122,202.14189165032877,             943P   9520
8613.013943479793,-4039.0681862217148,203.23276558021414,            943P   9521
8614.78224114748,-4039.2001124915023,204.32361008727895,             943P   9522
8616.556383826992,-4039.3295547931484,205.40115201812628,            943P   9523
8618.336062288196,-4039.456597811152,206.46572874660464,             943P   9524
8620.120967300962,-4039.58132623001,207.5176776465624,               943P   9525
8621.910789635152,-4039.703824734221,208.55733609184796,             943P   9526
8623.705220060643,-4039.824178008282,209.5850414563097,              943P   9527
8632.978378720307,-4040.4461135381675,214.89583459408263,            943P   9528
8642.376907409456,-4041.010612108718,219.88676920705564,             943P   9529
8651.857016256818,-4041.527008074877,224.5889649080255,              943P   9530
8661.42637876406,-4042.0008249219495,229.01454246280045,             943P   9531
8671.09941013177,-4042.4361593165545,233.16448436940996,             943P   9532
8680.852545649628,-4042.8365668326737,237.0449148911701,             943P   9533
8683.676061734142,-4042.952491962236,238.16841744090425,             943P   9534
8686.506479595733,-4043.0654861808953,239.26916152936576,            943P   9535
8689.343403156874,-4043.1756561895663,240.34760779451327,            943P   9536
8692.186436340038,-4043.283108689164,241.40421687430543,             943P   9537
8695.035183067695,-4043.387950380601,242.43944940670096,             943P   9538
8697.88924726232,-4043.4902879647934,243.45376602965842,             943P   9539
8699.315752776694,-4043.5414391985396,243.96076428870938,            943P   9540
8700.744172645704,-4043.59198761687,244.46277897811473,              943P   9541
8702.174172139465,-4043.641938173169,244.9598063110098,              943P   9542
8703.605416528091,-4043.6912958208195,245.45184250052992,            943P   9543
8705.037571081704,-4043.740065513206,245.93888375981038,             943P   9544
8706.470301070416,-4043.788252203712,246.42092630198653,             943P   9545
8707.903594722435,-4043.8364576668155,246.9031607681352,             943P   9546
8709.338281813383,-4043.8841074569937,247.38066529391932,            943P   9547
8710.774382200105,-4043.931217555187,247.85355964357694,             943P   9548
8712.211915739445,-4043.9778039423363,248.32196358134604,            943P   9549
8713.650902288242,-4044.0238825993833,248.78599687146453,            943P   9550
8715.091361703337,-4044.0694695072675,249.2457792781705,             943P   9551
8725.432256710501,-4044.396715394151,252.54650946281313,             943P   9552
8735.848083183238,-4044.6986503649496,255.62789985892357,            943P   9553
8746.366297349578,-4044.9814144167913,258.5411003391778,             943P   9554
8756.892914750802,-4045.246363223304,261.2928051624335,              943P   9555
8767.353801062982,-4045.4938098424373,263.87901707681084,            943P   9556
8777.835962918496,-4045.726766424287,266.31881142277155,             943P   9557
8779.848193553911,-4045.7714735641916,266.787219854111,              943P   9558
8781.861107143446,-4045.8156530367496,267.2501595007102,             943P   9559
8783.874703687105,-4045.8593048419607,267.7076303625691,             943P   9560
8785.888983184886,-4045.9024289798263,268.15963243968787,            943P   9561
8787.90394563679,-4045.945025450344,268.60616573206653,              943P   9562
8789.91959104282,-4045.987094253516,269.0472302397051,               943P   9563
8794.884104535371,-4046.09072853831,270.13357990640094,              943P   9564
8799.850352565509,-4046.191162934886,271.18579422135474,             943P   9565
8804.818200630136,-4046.288474011169,272.20365085430507,             943P   9566
8809.787514226158,-4046.3827383350845,273.1869274749904,             943P   9567
8814.75815885048,-4046.4740324745567,274.1354017531492,              943P   9568
8819.730000000001,-4046.5624329975117,275.0488513585201,0.,21.,      943P   9569
0.,0.,0.,0,0;                                                        943P   9570
102,7,931,933,935,937,939,941,943;                                   945P   9571
142,0,913,929,945,1,0,0;                                             947P   9572
406,1,7Hnacelle;                                                     949P   9573
144,913,1,0,947,0,1,949;                                             951P   9574
128,5,5,5,5,0,0,0,0,0,0.,0.,0.,0.,0.,0.,6.014837738,6.014837738,     953P   9575
6.014837738,6.014837738,6.014837738,6.014837738,0.,0.,0.,0.,0.,      953P   9576
0.,102.3132198,102.3132198,102.3132198,102.3132198,102.3132198,      953P   9577
102.3132198,1.,1.,1.,1.,1.,1.,1.072871561,1.072871561,               953P   9578
1.072871445,1.072871215,1.072870865,1.072870394,1.112626257,         953P   9579
1.112626257,1.112626074,1.112625707,1.112625149,1.1126244,           953P   9580
1.112626257,1.112626257,1.112626074,1.112625707,1.112625149,         953P   9581
1.1126244,1.072871561,1.072871561,1.072871445,1.072871215,           953P   9582
1.072870865,1.072870394,1.,1.,1.,1.,1.,1.,7262.6812984,-3504.,       953P   9583
1147.9731128,7272.3050384,-3504.,1148.1438304,7281.9287792,          953P   9584
-3504.,1148.2718984,7291.5525064,-3504.,1148.357292,7301.17626,      953P   9585
-3504.,1148.4,7310.8,-3504.,1148.4,7262.6812984,-3245.4230232,       953P   9586
1147.9731128,7272.3050384,-3245.3424648,1148.1438304,                953P   9587
7281.9287848,-3245.2820896,1148.2718968,7291.5525144,                953P   9588
-3245.241908,1148.357292,7301.176264,-3245.2219216,1148.4,           953P   9589
7310.8,-3245.2221496,1148.4,7262.6812984,-3087.6747536,              953P   9590
1106.0310496,7272.3050384,-3087.5450496,1106.1750304,                953P   9591
7281.9287768,-3087.4477984,1106.27928,7291.5525144,-3087.383,        953P   9592
1106.3437736,7301.1762664,-3087.3506928,1106.3684952,7310.8,         953P   9593
-3087.3508744,1106.3534152,7262.6812984,-2997.3972416,               953P   9594
1014.505964,7272.3050384,-2997.239412,1014.5915992,7281.9287768,     953P   9595
-2997.1210232,1014.6438896,7291.5525144,-2997.0421232,               953P   9596
1014.6628032,7301.1762664,-2997.0026896,1014.6483056,7310.8,         953P   9597
-2997.0027616,1014.600368,7262.6812984,-2956.026888,854.5777216,     953P   9598
7272.3050384,-2955.8561696,854.5614064,7281.9287848,                 953P   9599
-2955.7281048,854.5229376,7291.5525144,-2955.6427088,                953P   9600
854.4622752,7301.176264,-2955.6,854.3793624,7310.8,-2955.6,          953P   9601
854.2741568,7262.6812984,-2956.0268896,592.42738872,                 953P   9602
7272.3050384,-2955.8561704,592.2439584,7281.9287792,                 953P   9603
-2955.7281048,592.05679752,7291.5525064,-2955.6427064,               953P   9604
591.86584464,7301.17626,-2955.6,591.67101656,7310.8,-2955.6,         953P   9605
591.47224912,0.,6.014837738,0.,102.3132198;                          953P   9606
126,1,1,0,0,1,0,0.,0.,6.014837738,6.014837738,1.,1.,0.,0.,0.,        955P   9607
6.014837738000001,0.,0.,0.,6.014837738,0.,0.,0.,0,0;                 955P   9608
126,1,1,0,0,1,0,0.,0.,102.3132198,102.3132198,1.,1.,                 957P   9609
6.014837738000001,0.,0.,6.014837738000001,102.3132198,0.,0.,         957P   9610
102.3132198,0.,0.,0.,0,0;                                            957P   9611
126,1,1,0,0,1,0,-3.007418869,-3.007418869,3.007418869,               959P   9612
3.007418869,1.,1.,6.014837738000001,102.3132198,0.,0.,               959P   9613
102.3132198,0.,-3.007418869,3.007418869,0.,0.,0.,0,0;                959P   9614
126,1,1,0,0,1,0,0.,0.,102.3132198,102.3132198,1.,1.,0.,              961P   9615
102.3132198,0.,0.,0.,0.,0.,102.3132198,0.,0.,0.,0,0;                 961P   9616
102,4,955,957,959,961;                                               963P   9617
126,2,2,0,0,1,0,0.,0.,0.,1.,1.,1.,1.,1.,1.,7262.6812984,-3504.,      965P   9618
1147.9731128,7286.740640465843,-3504.,1148.3999591484228,7310.8,     965P   9619
-3504.,1148.4,0.,1.,0.,0.,0.,0,0;                                    965P   9620
126,64,4,0,0,1,0,0.,0.,0.,0.,0.,1.,1.,1.,1.,2.,2.,2.,2.,3.,3.,       967P   9621
3.,3.,4.,4.,4.,4.,5.,5.,5.,5.,6.,6.,6.,6.,7.,7.,7.,7.,8.,8.,8.,      967P   9622
8.,9.,9.,9.,9.,10.,10.,10.,10.,11.,11.,11.,11.,12.,12.,12.,12.,      967P   9623
13.,13.,13.,13.,14.,14.,14.,14.,15.,15.,15.,15.,16.,16.,16.,16.,     967P   9624
16.,1.,1.,1.,1.,1.,1.,1.,1.,1.,1.,1.,1.,1.,1.,1.,1.,1.,1.,1.,1.,     967P   9625
1.,1.,1.,1.,1.,1.,1.,1.,1.,1.,1.,1.,1.,1.,1.,1.,1.,1.,1.,1.,1.,      967P   9626
1.,1.,1.,1.,1.,1.,1.,1.,1.,1.,1.,1.,1.,1.,1.,1.,1.,1.,1.,1.,1.,      967P   9627
1.,1.,1.,7310.8,-3504.,1148.4,7310.799999999995,                     967P   9628
-3484.7202476668235,1148.3998776691978,7310.799999999996,            967P   9629
-3466.170808050924,1148.159516130474,7310.799999999998,              967P   9630
-3448.3106383335453,1147.6816333922657,7310.8,                       967P   9631
-3431.098695695934,1146.9689474630095,7310.800000000004,             967P   9632
-3416.0385978368513,1146.3452499623859,7310.7999999999965,           967P   9633
-3401.4750661372054,1145.5417189131958,7310.799999999991,            967P   9634
-3387.384121472632,1144.5591979633678,7310.799999999999,             967P   9635
-3373.741784718766,1143.3985307608295,7310.800000000002,             967P   9636
-3360.099809924027,1142.2377544889605,7310.799999999999,             967P   9637
-3346.9067248596166,1140.8987596306117,7310.799999999997,            967P   9638
-3334.141581662101,1139.3814659826787,7310.800000000001,             967P   9639
-3321.783432468044,1137.6857933420577,7310.800000000003,             967P   9640
-3311.1909898934246,1136.2322741189967,7310.799999999999,            967P   9641
-3300.8977777337886,1134.647638405395,7310.799999999995,             967P   9642
-3290.8922049912167,1132.9312946012049,7310.8,                       967P   9643
-3281.162680667787,1131.0826511063785,7310.799999999995,             967P   9644
-3271.43329578086,1129.2339550510417,7310.799999999997,              967P   9645
-3261.9799808534917,1127.252958720879,7310.8,                        967P   9646
-3252.7923990057066,1125.1385977182103,7310.8,                       967P   9647
-3243.8602133575314,1122.8898076453556,7310.799999999995,            967P   9648
-3236.416820894745,1121.015775839392,7310.8,-3229.150820035844,      967P   9649
1119.0483816293809,7310.800000000005,-3222.0568510717258,            967P   9650
1116.9867472533213,7310.8,-3215.1295542932885,                       967P   9651
1114.8299949492111,7310.800000000003,-3205.431451902872,             967P   9652
1111.8104866852786,7310.799999999999,-3196.059817000246,             967P   9653
1108.604657100949,7310.799999999995,-3187.0014772017885,             967P   9654
1105.209371013569,7310.8,-3178.243260123879,1101.6214932404846,      967P   9655
7310.7999999999865,-3155.7224226852413,1092.3954227516472,           967P   9656
7310.800000000027,-3135.1880032886825,1081.8945874553021,            967P   9657
7310.79999999998,-3116.4325461093217,1070.058538064512,              967P   9658
7310.800000000003,-3099.3123052697447,1056.784845673277,             967P   9659
7310.800000000005,-3084.094232085138,1044.9859951728636,             967P   9660
7310.799999999989,-3070.167549220981,1032.0508978984124,             967P   9661
7310.800000000007,-3057.430515851915,1017.9076517974169,7310.8,      967P   9662
-3045.812330899449,1002.4529339497749,7310.800000000003,             967P   9663
-3035.646408204068,988.930062710348,7310.79999999999,                967P   9664
-3026.3369189290092,974.402799009484,7310.80000000001,               967P   9665
-3017.8362709298463,958.8020455406299,7310.799999999999,             967P   9666
-3010.1122436945666,942.0357684714643,7310.800000000002,             967P   9667
-3004.5950791338537,930.0598511589495,7310.800000000008,             967P   9668
-2999.474131273265,917.489214613706,7310.79999999999,                967P   9669
-2994.737620651303,904.2902491585464,7310.800000000001,              967P   9670
-2990.3774825786454,890.422224752554,7310.800000000004,              967P   9671
-2986.0173429654888,876.554192042374,7310.800000000001,              967P   9672
-2982.0335677083785,862.0170237322803,7310.799999999991,             967P   9673
-2978.4180742625435,846.769933752878,7310.800000000002,              967P   9674
-2975.166372980781,830.7636273446946,7310.8,-2972.565115284969,      967P   9675
817.9582792197356,7310.800000000001,-2970.1963382470813,             967P   9676
804.667952986011,7310.800000000002,-2968.058522646006,               967P   9677
790.8651390264255,7310.8,-2966.1501492606344,776.5223277238841,      967P   9678
7310.799999999994,-2964.7189390813814,765.7650108049497,             967P   9679
7310.799999999999,-2963.4168361448005,754.7038358094143,             967P   9680
7310.800000000004,-2962.243730699057,743.3255984249572,7310.8,       967P   9681
-2961.199512992316,731.6170943392583,7310.799999999998,              967P   9682
-2959.8073689713174,716.0052557090376,7310.799999999998,             967P   9683
-2958.6441646699986,699.8069936410903,7310.799999999998,             967P   9684
-2957.711041297247,682.9863048598605,7310.8,-2957.00914006195,       967P   9685
665.507186089792,7310.800000000002,-2956.307420008146,               967P   9686
648.0273880482823,7310.800000000001,-2955.836801471008,              967P   9687
629.8896946231431,7310.799999999998,-2955.600067213854,              967P   9688
611.0520126888803,7310.8,-2955.6,591.47224912,0.,16.,0.,0.,0.,0,     967P   9689
0;                                                                   967P   9690
126,2,2,0,0,1,0,0.,0.,0.,1.,1.,1.,1.,1.,1.,7310.8,-2955.6,           969P   9691
591.47224912,7286.740642131686,-2955.6000512839505,                  969P   9692
591.9689694895478,7262.6812984,-2956.0268896,592.42738872,0.,1.,     969P   9693
0.,0.,0.,0,0;                                                        969P   9694
126,64,4,0,0,1,0,0.,0.,0.,0.,0.,1.,1.,1.,1.,2.,2.,2.,2.,3.,3.,       971P   9695
3.,3.,4.,4.,4.,4.,5.,5.,5.,5.,6.,6.,6.,6.,7.,7.,7.,7.,8.,8.,8.,      971P   9696
8.,9.,9.,9.,9.,10.,10.,10.,10.,11.,11.,11.,11.,12.,12.,12.,12.,      971P   9697
13.,13.,13.,13.,14.,14.,14.,14.,15.,15.,15.,15.,16.,16.,16.,16.,     971P   9698
16.,1.,1.,1.,1.,1.,1.,1.,1.,1.,1.,1.,1.,1.,1.,1.,1.,1.,1.,1.,1.,     971P   9699
1.,1.,1.,1.,1.,1.,1.,1.,1.,1.,1.,1.,1.,1.,1.,1.,1.,1.,1.,1.,1.,      971P   9700
1.,1.,1.,1.,1.,1.,1.,1.,1.,1.,1.,1.,1.,1.,1.,1.,1.,1.,1.,1.,1.,      971P   9701
1.,1.,1.,7262.6812984,-2956.0268896,592.42738872,                    971P   9702
7262.681298400001,-2956.0270098464266,611.9584226885324,             971P   9703
7262.681298399999,-2956.2635059542745,630.7496200048521,             971P   9704
7262.681298399997,-2956.7337035812106,648.8425591458623,             971P   9705
7262.6812984,-2957.434928384905,666.2788185884664,                   971P   9706
7262.6812983999935,-2958.048595837341,681.5351890558512,             971P   9707
7262.681298400001,-2958.839204825805,696.2885183362187,              971P   9708
7262.681298400007,-2959.8059252564253,710.5630984836453,             971P   9709
7262.681298399999,-2960.9479270353295,724.3832215522073,             971P   9710
7262.681298399994,-2962.0900361312797,738.2029779353825,             971P   9711
7262.681298400001,-2963.407497747279,751.5679917395939,              971P   9712
7262.681298400006,-2964.9003907980014,764.4994841780618,             971P   9713
7262.6812984,-2966.568794198119,777.018676464006,                    971P   9714
7262.681298400003,-2967.9989384122905,787.7491526226079,             971P   9715
7262.681298400001,-2969.5580905376323,798.1764971712871,             971P   9716
7262.681298399997,-2971.24683266938,808.3124523487438,               971P   9717
7262.681298399999,-2973.0657469027706,818.1687603936778,             971P   9718
7262.681298399999,-2974.8847128521948,828.0249271818379,             971P   9719
7262.681298399999,-2976.8338514780717,837.6014250156359,             971P   9720
7262.681298399999,-2978.914210076966,846.908725644003,               971P   9721
7262.681298399999,-2981.1268359454425,855.9573008158712,             971P   9722
7262.681298399996,-2982.970730270493,863.4976833008018,              971P   9723
7262.681298399998,-2984.906485606447,870.8583617652959,              971P   9724
7262.681298400001,-2986.9349656127024,878.0447658448178,             971P   9725
7262.681298400001,-2989.0570339486558,885.0623251748316,             971P   9726
7262.681298399997,-2992.0279837728986,894.8867936613022,             971P   9727
7262.681298399998,-2995.1822586691533,904.3805391755665,             971P   9728
7262.681298400001,-2998.5229434485173,913.5569059486758,             971P   9729
7262.6812984,-3002.053122922088,922.4292382116815,                   971P   9730
7262.681298400001,-3011.130824763024,945.2435108836034,              971P   9731
7262.681298400001,-3021.462792437921,966.045474576914,               971P   9732
7262.681298399999,-3033.10850401676,985.0452914890169,               971P   9733
7262.681298399999,-3046.168742771036,1002.3885824993619,             971P   9734
7262.681298400004,-3057.777856499468,1017.8049235646672,             971P   9735
7262.681298399996,-3070.504947328392,1031.9130453849434,             971P   9736
7262.681298399999,-3084.420762122704,1044.8160158933574,             971P   9737
7262.681298400003,-3099.6269639023603,1056.5855596289493,            971P   9738
7262.681298400003,-3112.932383692637,1066.8839214014233,             971P   9739
7262.681298399996,-3127.2260481587364,1076.3146906141492,            971P   9740
7262.681298400001,-3142.5759445448416,1084.9260801600403,            971P   9741
7262.681298400002,-3159.0726282519877,1092.7507307920973,            971P   9742
7262.681298399995,-3170.8559787951667,1098.3397692370233,            971P   9743
7262.6812984,-3183.224488212444,1103.5274289005097,                  971P   9744
7262.6812984000035,-3196.2112262761825,1108.3256428799955,           971P   9745
7262.6812984,-3209.856268780783,1112.7425810495333,                  971P   9746
7262.681298399997,-3223.5013194563003,1117.159520779669,             971P   9747
7262.681298400008,-3237.80474999178,1121.1951930000814,              971P   9748
7262.6812983999935,-3252.806691310815,1124.8577856732763,            971P   9749
7262.681298399998,-3268.5556464072747,1128.1518470044336,            971P   9750
7262.681298399999,-3281.1551086183968,1130.7869913920943,            971P   9751
7262.681298400003,-3294.2317540187246,1133.1866265648553,            971P   9752
7262.6812984000035,-3307.8126503864546,1135.3522915592907,           971P   9753
7262.681298399999,-3321.924865499784,1137.2855254119754,             971P   9754
7262.681298400006,-3332.509231930489,1138.7353800305648,             971P   9755
7262.681298400003,-3343.3925729673797,1140.0544455357037,            971P   9756
7262.681298399996,-3354.587880856767,1141.2428331110677,             971P   9757
7262.681298399998,-3366.108147844962,1142.3006539403323,             971P   9758
7262.681298399997,-3381.4689956548577,1143.7109335503965,            971P   9759
7262.681298399999,-3397.4068426792774,1144.889291070277,             971P   9760
7262.681298400001,-3413.957114005588,1145.8345704069768,             971P   9761
7262.681298400001,-3431.1552347211577,1146.5456154674987,            971P   9762
7262.681298400001,-3448.354023805467,1147.2564769831613,             971P   9763
7262.681298399998,-3466.2001362531,1147.7332264170936,               971P   9764
7262.681298399997,-3484.734989254473,1147.973044709354,              971P   9765
7262.6812984,-3504.,1147.9731128,0.,16.,0.,0.,0.,0,0;                971P   9766
102,4,965,967,969,971;                                               973P   9767
142,0,953,963,973,1,0,0;                                             975P   9768
406,1,7Hnacelle;                                                     977P   9769
144,953,1,0,975,0,1,977;                                             979P   9770
128,14,5,5,5,0,0,0,0,0,0.,0.,0.,0.,0.,0.,36.35657736,                981P   9771
36.35657736,36.35657736,59.49258113,59.49258113,59.49258113,         981P   9772
84.29008459,84.29008459,84.29008459,118.9549531,118.9549531,         981P   9773
118.9549531,118.9549531,118.9549531,118.9549531,0.,0.,0.,0.,0.,      981P   9774
0.,102.3132198,102.3132198,102.3132198,102.3132198,102.3132198,      981P   9775
102.3132198,1.,1.,1.,1.,1.,1.,1.,1.,1.,1.,1.,1.,1.,1.,1.,            981P   9776
0.9391036258,0.9518866968,0.9651320226,0.9787335229,1.001068241,     981P   9777
1.021554087,1.029058452,1.043153742,1.053847142,1.058340115,         981P   9778
1.066919299,1.07102799,1.072322273,1.072871561,1.072871561,          981P   9779
0.9109731689,0.9291747221,0.9482897958,0.968202854,1.001424695,      981P   9780
1.032563457,1.044069251,1.065832983,1.082558144,1.089624231,         981P   9781
1.103157663,1.109694154,1.111752297,1.112626257,1.112626257,         981P   9782
0.9109731689,0.9291747221,0.9482897958,0.968202854,1.001424695,      981P   9783
1.032563457,1.044069251,1.065832983,1.082558144,1.089624231,         981P   9784
1.103157663,1.109694154,1.111752297,1.112626257,1.112626257,         981P   9785
0.9391036258,0.9518866968,0.9651320226,0.9787335229,1.001068241,     981P   9786
1.021554087,1.029058452,1.043153742,1.053847142,1.058340115,         981P   9787
1.066919299,1.07102799,1.072322273,1.072871561,1.072871561,1.,       981P   9788
1.,1.,1.,1.,1.,1.,1.,1.,1.,1.,1.,1.,1.,1.,6310.8,-3504.,965.6,       981P   9789
6368.970524,-3504.,986.7723392,6427.1410472,-3504.,1006.4256968,     981P   9790
6485.3115712,-3504.,1024.5561552,6580.4997008,-3504.,                981P   9791
1051.7256968,6675.6878312,-3504.,1074.7961808,6712.7054368,          981P   9792
-3504.,1083.1470928,6789.3990488,-3504.,1099.1600256,6866.09266,     981P   9793
-3504.,1112.4987704,6905.6972416,-3504.,1118.6717376,                981P   9794
7000.8370368,-3504.,1131.779648,7095.976832,-3504.,1140.75028,       981P   9795
7151.7537128,-3504.,1144.5886752,7207.2175088,-3504.,                981P   9796
1146.9892272,7262.6812984,-3504.,1147.9731128,6310.8,                981P   9797
-3384.8148032,965.6,6368.1893408,-3371.8201392,986.488012,           981P   9798
6425.92964,-3358.4542984,1006.0257392,6484.0742208,                  981P   9799
-3344.9172672,1024.193932,6579.2114616,-3323.1924216,                981P   9800
1051.3960072,6675.2598672,-3303.317336,1074.6949664,6712.324084,     981P   9801
-3296.0718648,1083.0659184,6788.8242352,-3282.2860992,               981P   9802
1099.04856,6865.797388,-3271.0809216,1112.4498792,6905.4814784,      981P   9803
-3266.0904416,1118.6412488,7000.4405328,-3255.9485664,               981P   9804
1131.729868,7095.8301128,-3249.7273864,1140.7409,7151.6969,          981P   9805
-3247.2870136,1144.586932,7207.2175088,-3245.8872976,                981P   9806
1146.9892264,7262.6812984,-3245.4230232,1147.9731128,6310.8,         981P   9807
-3272.2977112,918.5813768,6367.8310248,-3253.4517624,939.185,        981P   9808
6425.3541784,-3234.7652832,958.92288,6483.458536,-3216.4438248,      981P   9809
977.6859056,6578.5559056,-3187.9188232,1006.1753856,                 981P   9810
6675.0422848,-3162.525776,1030.9566008,6712.1259608,                 981P   9811
-3153.3840288,1039.8350616,6788.52588,-3136.0601752,                 981P   9812
1056.6909568,6865.6417,-3121.854376,1070.6850664,6905.366828,        981P   9813
-3115.4619552,1077.0693704,7000.2310416,-3102.3252816,               981P   9814
1090.376864,7095.750572,-3093.8856272,1099.2660232,7151.6664968,     981P   9815
-3090.4605472,1102.9642472,7207.2175088,-3088.4222656,               981P   9816
1105.2012552,7262.6812984,-3087.6747536,1106.0310496,6310.8,         981P   9817
-3185.4186232,831.7022888,6367.8310248,-3164.815,850.5482376,        981P   9818
6425.3541784,-3145.0709288,869.2170856,6483.458536,                  981P   9819
-3126.2964104,887.5048096,6578.5559056,-3097.781068,915.9516768,     981P   9820
6675.0422848,-3072.9626384,941.2284064,6712.1259608,                 981P   9821
-3064.068316,950.3200584,6788.52588,-3047.1762184,967.5286088,       981P   9822
6865.6417,-3033.1370864,981.5895352,6905.366828,-3026.726992,        981P   9823
987.8987552,7000.2310416,-3013.3505624,1000.8129768,7095.750572,     981P   9824
-3004.3719608,1008.9647688,7151.6664968,-3000.6132432,               981P   9825
1012.1957704,7207.2175088,-2998.306848,1014.0124264,                 981P   9826
7262.6812984,-2997.3972416,1014.505964,6310.8,-3138.4,               981P   9827
719.18519648,6368.1893408,-3117.511988,732.17986088,6425.92964,      981P   9828
-3097.9742448,745.51285144,6484.0742208,-3079.8060944,               981P   9829
758.98446912,6579.2114616,-3052.6040088,780.55078952,                981P   9830
6675.2598672,-3029.3049776,800.1781024,6712.324084,                  981P   9831
-3020.9339896,807.3146432,6788.8242352,-3004.9512752,                981P   9832
820.8459872,6865.797388,-2991.5499144,831.7276544,6905.4814784,      981P   9833
-2985.3585408,836.5315384,7000.4405328,-2972.26996,846.1737544,      981P   9834
7095.8301128,-2963.2590344,851.7525312,7151.6969,-2959.413072,       981P   9835
853.7617752,7207.2175088,-2957.0107768,854.6717496,7262.6812984,     981P   9836
-2956.026888,854.5777216,6310.8,-3138.4,600.,6368.970524,            981P   9837
-3117.2276608,600.,6427.1410472,-3097.574288,599.94990864,           981P   9838
6485.3115712,-3079.4438744,599.84514208,6580.4997008,                981P   9839
-3052.2744072,599.57547048,6675.6878312,-3029.2040016,               981P   9840
599.12761064,6712.7054368,-3020.8531168,598.92481528,                981P   9841
6789.3990488,-3004.8402248,598.44147408,6866.09266,                  981P   9842
-2991.5014792,597.81812864,6905.6972416,-2985.3284992,               981P   9843
597.45625752,7000.8370368,-2972.2205304,596.48388864,                981P   9844
7095.976832,-2963.2498048,595.24486328,7151.7537128,                 981P   9845
-2959.4113552,594.41783608,7207.2175088,-2957.0107808,               981P   9846
593.4845392,7262.6812984,-2956.0268896,592.42738872,0.,              981P   9847
118.9549531,0.,102.3132198;                                          981P   9848
126,1,1,0,0,1,0,0.,0.,118.9549531,118.9549531,1.,1.,0.,0.,0.,        983P   9849
118.9549531,0.,0.,0.,118.9549531,0.,0.,0.,0,0;                       983P   9850
126,1,1,0,0,1,0,0.,0.,102.3132198,102.3132198,1.,1.,118.9549531,     985P   9851
0.,0.,118.9549531,102.3132198,0.,0.,102.3132198,0.,0.,0.,0,0;        985P   9852
126,1,1,0,0,1,0,-59.47747654,-59.47747654,59.47747654,               987P   9853
59.47747654,1.,1.,118.9549531,102.3132198,0.,0.,102.3132198,0.,      987P   9854
-59.47747654,59.47747654,0.,0.,0.,0,0;                               987P   9855
126,1,1,0,0,1,0,0.,0.,102.3132198,102.3132198,1.,1.,0.,              989P   9856
102.3132198,0.,0.,0.,0.,0.,102.3132198,0.,0.,0.,0,0;                 989P   9857
102,4,983,985,987,989;                                               991P   9858
126,20,5,0,0,1,0,0.,0.,0.,0.,0.,0.,1.,1.,1.,1.,1.,2.,2.,2.,2.,       993P   9859
2.,3.,3.,3.,3.,3.,4.,4.,4.,4.,4.,4.,1.,1.,1.,1.,1.,1.,1.,1.,1.,      993P   9860
1.,1.,1.,1.,1.,1.,1.,1.,1.,1.,1.,1.,6310.8,-3504.,965.6,             993P   9861
6368.970523793269,-3503.9999999999995,986.7723329713356,             993P   9862
6427.1410474562,-3503.999999999999,1006.4257017389527,               993P   9863
6485.311571102149,-3503.999999999999,1024.5561592028607,             993P   9864
6543.482094844478,-3503.999999999999,1041.1597582630693,             993P   9865
6601.652618796544,-3504.,1056.2325518195873,6638.670225026606,       993P   9866
-3504.000000000002,1065.8243249437194,6675.687831039701,             993P   9867
-3504.000000000001,1074.7961815021054,6712.705436967577,             993P   9868
-3503.9999999999995,1083.147093586968,6749.723042941978,             993P   9869
-3503.999999999999,1090.876033290529,6786.7406490946505,             993P   9870
-3504.0000000000005,1097.981972705011,6826.416654654374,             993P   9871
-3503.9999999999973,1105.5982202536704,6866.092659999993,            993P   9872
-3504.0000000000064,1112.4987703999986,6905.697241600008,            993P   9873
-3503.9999999999955,1118.6717376000015,6945.373247156016,            993P   9874
-3503.9999999999995,1124.138109739701,6985.049252712034,-3504.,      993P   9875
1128.8849563524723,7040.513042356016,-3503.9999999999964,            993P   9876
1135.5206571573622,7095.976832000001,-3504.000000000007,             993P   9877
1140.7502800000038,7151.753712800002,-3503.9999999999964,            993P   9878
1144.5886751999983,7207.217508799997,-3503.999999999999,             993P   9879
1146.9892271999997,7262.6812984,-3504.,1147.9731128,0.,4.,0.,0.,     993P   9880
0.,0,0;                                                              993P   9881
126,64,4,0,0,1,0,0.,0.,0.,0.,0.,1.,1.,1.,1.,2.,2.,2.,2.,3.,3.,       995P   9882
3.,3.,4.,4.,4.,4.,5.,5.,5.,5.,6.,6.,6.,6.,7.,7.,7.,7.,8.,8.,8.,      995P   9883
8.,9.,9.,9.,9.,10.,10.,10.,10.,11.,11.,11.,11.,12.,12.,12.,12.,      995P   9884
13.,13.,13.,13.,14.,14.,14.,14.,15.,15.,15.,15.,16.,16.,16.,16.,     995P   9885
16.,1.,1.,1.,1.,1.,1.,1.,1.,1.,1.,1.,1.,1.,1.,1.,1.,1.,1.,1.,1.,     995P   9886
1.,1.,1.,1.,1.,1.,1.,1.,1.,1.,1.,1.,1.,1.,1.,1.,1.,1.,1.,1.,1.,      995P   9887
1.,1.,1.,1.,1.,1.,1.,1.,1.,1.,1.,1.,1.,1.,1.,1.,1.,1.,1.,1.,1.,      995P   9888
1.,1.,1.,7262.6812984,-3504.,1147.9731128,7262.681298399995,         995P   9889
-3484.73519242993,1147.9729907710189,7262.681298399997,              995P   9890
-3466.200136842145,1147.733226340291,7262.681298400001,              995P   9891
-3448.3538215135777,1147.2565308062924,7262.681298400003,            995P   9892
-3431.155234721158,1146.5456154674991,7262.681298399997,             995P   9893
-3416.1068229626394,1145.9234674736786,7262.681298399998,            995P   9894
-3401.5545954663694,1145.1219327401402,7262.681298400001,            995P   9895
-3387.4745913018496,1144.1418528313015,7262.681298400001,            995P   9896
-3373.8428495385824,1142.9840693115796,7262.681298399995,            995P   9897
-3360.211469462426,1141.8261769917824,7262.681298400003,             995P   9898
-3347.0286333959893,1140.4905089058177,7262.681298400008,            995P   9899
-3334.2734093911504,1138.9769850478328,7262.681298399999,            995P   9900
-3321.924865499784,1137.2855254119756,7262.681298400001,             995P   9901
-3311.34065584846,1135.8356175470535,7262.681298400003,              995P   9902
-3301.05544583797,1134.254918973192,7262.681298400003,               995P   9903
-3291.057653287376,1132.5428395506842,7262.6812984,                  995P   9904
-3281.3356960157357,1130.6987891398226,7262.681298399994,            995P   9905
-3271.613878075405,1128.8546862982507,7262.681298399999,             995P   9906
-3262.1679169384106,1126.8786118855717,7262.681298400003,            995P   9907
-3252.9874835956043,1124.7695041320405,7262.6812984,                 995P   9908
-3244.062249037835,1122.5263012679122,7262.681298399996,             995P   9909
-3236.6246490781687,1120.6569255681973,7262.681298399998,            995P   9910
-3229.364303604022,1118.6944194027571,7262.681298400001,             995P   9911
-3222.275856990961,1116.6379071768931,7262.681298399999,             995P   9912
-3215.353953614549,1114.4865132959064,7262.681298399998,             995P   9913
-3205.6634019013527,1111.4745069602502,7262.681298399999,            995P   9914
-3196.2990650949723,1108.2766421279766,7262.681298399999,            995P   9915
-3187.247780858768,1104.8897913577473,7262.681298399999,             995P   9916
-3178.496386856097,1101.3108272082225,7262.6812984000135,            995P   9917
-3155.9930942473666,1092.1076777105927,7262.681298399988,            995P   9918
-3135.474680951638,1081.6329292962232,7262.6812984000035,            995P   9919
-3116.733849479776,1069.826281945172,7262.681298399999,              995P   9920
-3099.62696390236,1056.585559628949,7262.681298400001,               995P   9921
-3084.420762122707,1044.8160158933565,7262.681298400005,             995P   9922
-3070.504947328394,1031.913045384945,7262.6812983999935,             995P   9923
-3057.777856499463,1017.8049235646661,7262.681298400002,             995P   9924
-3046.1687427710367,1002.3885824993619,7262.681298399995,            995P   9925
-3036.0107574048243,988.8992909276542,7262.681298400002,             995P   9926
-3026.7085384962434,974.4080978191042,7262.681298399999,             995P   9927
-3018.2145303402885,958.8460763924244,7262.681298400001,             995P   9928
-3010.4965371097032,942.1214198333845,7262.681298399996,             995P   9929
-3004.983682554034,930.1752314692262,7262.681298400009,              995P   9930
-2999.8667356109922,917.6357977381542,7262.681298399992,             995P   9931
-2995.1339258430417,904.469591866346,7262.6812984,                   995P   9932
-2990.7771947400847,890.6359842395855,7262.681298399997,             995P   9933
-2986.420462097798,876.8023683289898,7262.681298400008,              995P   9934
-2982.439799933424,862.3012742021025,7262.6812983999935,             995P   9935
-2978.82713189492,847.0920163536488,7262.6812984,                    995P   9936
-2975.5779717746846,831.125421511862,7262.6812984,                   995P   9937
-2972.9787469289204,818.3518433844672,7262.681298400001,             995P   9938
-2970.6118210891254,805.0944877248492,7262.681298400001,             995P   9939
-2968.4756761979693,791.3259126967736,7262.681298400001,             995P   9940
-2966.5687941981196,777.0186764640063,7262.681298400001,             995P   9941
-2965.1387025044914,766.2880413594459,7262.681298399999,             995P   9942
-2963.8376171482932,755.2543000255739,7262.681298399997,             995P   9943
-2962.665428461768,743.9042806721902,7262.6812984,                   995P   9944
-2961.6220267771596,732.2248115090946,7262.6812984,                  995P   9945
-2960.230970673736,716.6516873359644,7262.681298399999,              995P   9946
-2959.068675350227,700.4935902166203,7262.681298399998,              995P   9947
-2958.1362811421213,683.7146055133562,7262.6812984,                  995P   9948
-2957.434928384905,666.2788185884663,7262.681298399998,              995P   9949
-2956.73375667069,648.8423540584356,7262.681298399997,               995P   9950
-2956.2635058785163,630.7496206020375,7262.681298399997,             995P   9951
-2956.0269566433108,611.9586286717372,7262.6812984,                  995P   9952
-2956.0268896,592.42738872,0.,16.,0.,0.,0.,0,0;                      995P   9953
126,20,5,0,0,1,0,0.,0.,0.,0.,0.,0.,1.,1.,1.,1.,1.,2.,2.,2.,2.,       997P   9954
2.,3.,3.,3.,3.,3.,4.,4.,4.,4.,4.,4.,1.,1.,1.,1.,1.,1.,1.,1.,1.,      997P   9955
1.,1.,1.,1.,1.,1.,1.,1.,1.,1.,1.,1.,7262.6812984,-2956.0268896,      997P   9956
592.42738872,7207.217508800012,-2957.010780799998,                   997P   9957
593.4845392000003,7151.753712799972,-2959.4113552000003,             997P   9958
594.4178360799988,7095.976832000022,-2963.2498047999998,             997P   9959
595.244863280001,7040.513042356007,-2968.4794822087674,              997P   9960
595.9671797595138,6985.049252712036,-2975.1152256168707,             997P   9961
596.598871494023,6945.373247156007,-2979.862102705827,               997P   9962
597.050751989907,6905.6972416000135,-2985.328499200011,              997P   9963
597.4562575200023,6866.092659999989,-2991.5014791999934,             997P   9964
597.8181286399986,6826.416654654384,-2998.402029760194,              997P   9965
598.1406047448888,6786.7406490946505,-3006.0182665892426,            997P   9966
598.4256112811144,6749.723042941978,-3013.1241962446957,             997P   9967
598.691471586126,6712.705436967577,-3020.85311577887,                997P   9968
598.9248540520064,6675.687831039701,-3029.2040008471504,             997P   9969
599.1276450222288,6638.670225026606,-3038.1758271049234,             997P   9970
599.3017308402669,6601.652618796544,-3047.767570207574,              997P   9971
599.4489978495943,6543.482094952475,-3062.840315266334,              997P   9972
599.6803340854748,6485.311570999301,-3079.4438663467954,             997P   9973
599.8451589040901,6427.141047371562,-3097.5742948841907,             997P   9974
599.9498942581167,6368.970523937689,-3117.2276582996096,             997P   9975
600.0000052236089,6310.8,-3138.4,600.,0.,4.,0.,0.,0.,0,0;            997P   9976
126,30,5,0,0,1,0,0.,0.,0.,0.,0.,0.,1.,1.,1.,1.,1.,2.,2.,2.,2.,       999P   9977
2.,3.,3.,3.,3.,3.,4.,4.,4.,4.,4.,5.,5.,5.,5.,5.,6.,6.,6.,6.,6.,      999P   9978
6.,1.,1.,1.,1.,1.,1.,1.,1.,1.,1.,1.,1.,1.,1.,1.,1.,1.,1.,1.,1.,      999P   9979
1.,1.,1.,1.,1.,1.,1.,1.,1.,1.,1.,6310.8,-3138.4,600.,                999P   9980
6310.799999999999,-3138.4000124125914,613.9908832110352,             999P   9981
6310.7999999999965,-3139.0692278277247,628.048434725808,             999P   9982
6310.799999999999,-3140.4205646831842,642.1249422465567,             999P   9983
6310.800000000005,-3142.4607062955997,656.170752889117,6310.8,       999P   9984
-3145.1901008604527,670.1342731829221,6310.799999999998,             999P   9985
-3147.616210924942,682.5463162918502,6310.799999999999,              999P   9986
-3150.5868345126264,694.8935769641053,6310.800000000001,             999P   9987
-3154.1021848485702,707.1398992815897,6310.800000000001,             999P   9988
-3158.158220012263,719.2491078467517,6310.799999999999,              999P   9989
-3162.746642937619,731.1850077825856,6310.799999999999,              999P   9990
-3170.7763230213277,752.0726440310747,6310.7999999999965,            999P   9991
-3180.4366729910394,772.4308865677907,6310.799999999999,             999P   9992
-3191.682365166422,792.0636694950124,6310.800000000004,              999P   9993
-3204.4294036195597,810.7890985402344,6310.799999999999,             999P   9994
-3218.55512417495,828.439451056168,6310.800000000003,                999P   9995
-3229.6539663363715,842.3079540187165,6310.800000000001,             999P   9996
-3241.604789319115,855.5144341656159,6310.799999999997,              999P   9997
-3254.348016156341,867.9788340496744,6310.799999999996,              999P   9998
-3267.813117467365,879.6326708942707,6310.800000000001,              999P   9999
-3281.918611457657,890.4190365933533,6310.799999999999,              999P  10000
-3301.1528397389043,905.127600486766,6310.799999999999,              999P  10001
-3321.5807934822396,918.2242900356712,6310.800000000002,             999P  10002
-3342.9917792919664,929.5645356092894,6310.800000000003,             999P  10003
-3365.158595033244,939.0552703268147,6310.799999999999,              999P  10004
-3387.837529832087,946.6549300574152,6310.800000000007,              999P  10005
-3410.516829951655,954.2546439447574,6310.799999999992,              999P  10006
-3433.710075048681,959.9637099507457,6310.799999999987,              999P  10007
-3457.1787886245834,963.7410034794627,6310.800000000015,             999P  10008
-3480.681812813521,965.5999831617679,6310.8,-3504.,965.6,0.,6.,      999P  10009
0.,0.,0.,0,0;                                                        999P  10010
102,4,993,995,997,999;                                              1001P  10011
142,0,981,991,1001,1,0,0;                                           1003P  10012
406,1,7Hnacelle;                                                    1005P  10013
144,981,1,0,1003,0,1,1005;                                          1007P  10014
308,0,9HIGES file,35,39,67,95,123,151,179,211,239,267,295,323,      1009P  10015
351,379,407,439,467,495,523,547,571,599,627,659,687,715,743,783,    1009P  10016
807,831,855,879,911,951,979,1007,0,0;                               1009P  10017
408,1009,0.,0.,0.,1.,0,0;                                           1011P  10018
S      1G      2D   1012P  10018                                        T      1
