                                                                        S      1
,,,13HSMI-L3-PN.igs,4HANSA,6H25.1.2,32,38,6,308,24,,1.,2,2HMM,1,1.,15H20G      1
260928.161621,0.0002,0.,,,11,1,15H20260928.161621,;                     G      2
     406       1       0       0      13       0       0       000000000D      1
     406       0       0       1      15       0       0    NAME      13D      2
     314       2       0       0       0       0       0       000000200D      3
     314       0       6       1       0       0       0 Magenta       0D      4
     406       3       0       0      14       0       0       000000000D      5
     406       0       0       1      15       0       0    NAME      14D      6
     314       4       0       0       0       0       0       000000200D      7
     314       0       5       1       0       0       0  Yellow       0D      8
     314       5       0       0       0       0       0       000000200D      9
     314       0       5       1       0       0       0  Yellow       0D     10
     128       6       0       0       0       0       0       001010001D     11
     128       0       0      74       0       0       0 BSPSURF       1D     12
     126      80       0       0       0       0       0       000010500D     13
     126       0       0      19       0       0       0               0D     14
     126      99       0       0       0       0       0       000010500D     15
     126       0       0       3       0       0       0               0D     16
     126     102       0       0       0       0       0       000010500D     17
     126       0       0      17       0       0       0               0D     18
     126     119       0       0       0       0       0       000010500D     19
     126       0       0       3       0       0       0               0D     20
     102     122       0       0       0       0       0       000010501D     21
     102       0       0       1       0       0       0               0D     22
     126     123       0       0       0       0       0       000010000D     23
     126       0       0     148       0       0       0               1D     24
     126     271       0       0       0       0       0       000010000D     25
     126       0       0       3       0       0       0               2D     26
     126     274       0       0       0       0       0       000010000D     27
     126       0       0     155       0       0       0               3D     28
     126     429       0       0       0       0       0       000010000D     29
     126       0       0       3       0       0       0               4D     30
     102     432       0       0       0       0       0       000010001D     31
     102       0       0       1       0       0       0               0D     32
     142     433       0       0       0       0       0       000010000D     33
     142       0       0       1       0       0       0    CONS       1D     34
     406     434       0       0       0       0       0       000000000D     35
     406       0       0       1      15       0       0    NAME       0D     36
     144     435       0       0      13       0       0       000010001D     37
     144       0      -3       1       0       0       0               1D     38
     128     436       0       0       0       0       0       001010001D     39
     128       0       0      24       0       0       0 BSPSURF       2D     40
     126     460       0       0       0       0       0       000010500D     41
     126       0       0       8       0       0       0               0D     42
     126     468       0       0       0       0       0       000010500D     43
     126       0       0       3       0       0       0               0D     44
     126     471       0       0       0       0       0       000010500D     45
     126       0       0       7       0       0       0               0D     46
     126     478       0       0       0       0       0       000010500D     47
     126       0       0       4       0       0       0               0D     48
     102     482       0       0       0       0       0       000010501D     49
     102       0       0       1       0       0       0               0D     50
     126     483       0       0       0       0       0       000010000D     51
     126       0       0      30       0       0       0               5D     52
     126     513       0       0       0       0       0       000010000D     53
     126       0       0       3       0       0       0               6D     54
     126     516       0       0       0       0       0       000010000D     55
     126       0       0      35       0       0       0               7D     56
     126     551       0       0       0       0       0       000010000D     57
     126       0       0       3       0       0       0               8D     58
     102     554       0       0       0       0       0       000010001D     59
     102       0       0       1       0       0       0               0D     60
     142     555       0       0       0       0       0       000010000D     61
     142       0       0       1       0       0       0    CONS       2D     62
     406     556       0       0       0       0       0       000000000D     63
     406       0       0       1      15       0       0    NAME       0D     64
     144     557       0       0      13       0       0       000010001D     65
     144       0      -3       1       0       0       0               2D     66
     128     558       0       0       0       0       0       001010001D     67
     128       0       0       5       0       0       0 BSPSURF       3D     68
     126     563       0       0       0       0       0       000010500D     69
     126       0       0      15       0       0       0               0D     70
     126     578       0       0       0       0       0       000010500D     71
     126       0       0      16       0       0       0               0D     72
     102     594       0       0       0       0       0       000010501D     73
     102       0       0       1       0       0       0               0D     74
     126     595       0       0       0       0       0       000010000D     75
     126       0       0      28       0       0       0               9D     76
     126     623       0       0       0       0       0       000010000D     77
     126       0       0      28       0       0       0              10D     78
     102     651       0       0       0       0       0       000010001D     79
     102       0       0       1       0       0       0               0D     80
     142     652       0       0       0       0       0       000010000D     81
     142       0       0       1       0       0       0    CONS       3D     82
     406     653       0       0       0       0       0       000000000D     83
     406       0       0       1      15       0       0    NAME       0D     84
     144     654       0       0      14       0       0       000010001D     85
     144       0      -7       1       0       0       0               3D     86
     128     655       0       0       0       0       0       001010001D     87
     128       0       0      86       0       0       0 BSPSURF       4D     88
     126     741       0       0       0       0       0       000010500D     89
     126       0       0       4       0       0       0               0D     90
     126     745       0       0       0       0       0       000010500D     91
     126       0       0      13       0       0       0               0D     92
     126     758       0       0       0       0       0       000010500D     93
     126       0       0       3       0       0       0               0D     94
     126     761       0       0       0       0       0       000010500D     95
     126       0       0       6       0       0       0               0D     96
     126     767       0       0       0       0       0       000010500D     97
     126       0       0      16       0       0       0               0D     98
     102     783       0       0       0       0       0       000010501D     99
     102       0       0       1       0       0       0               0D    100
     126     784       0       0       0       0       0       000010000D    101
     126       0       0       3       0       0       0              11D    102
     126     787       0       0       0       0       0       000010000D    103
     126       0       0     128       0       0       0              12D    104
     126     915       0       0       0       0       0       000010000D    105
     126       0       0       3       0       0       0              13D    106
     126     918       0       0       0       0       0       000010000D    107
     126       0       0      35       0       0       0              14D    108
     126     953       0       0       0       0       0       000010000D    109
     126       0       0     122       0       0       0              15D    110
     102    1075       0       0       0       0       0       000010001D    111
     102       0       0       1       0       0       0               0D    112
     142    1076       0       0       0       0       0       000010000D    113
     142       0       0       1       0       0       0    CONS       4D    114
     406    1077       0       0       0       0       0       000000000D    115
     406       0       0       1      15       0       0    NAME       0D    116
     144    1078       0       0      13       0       0       000010001D    117
     144       0      -3       1       0       0       0               4D    118
     128    1079       0       0       0       0       0       001010001D    119
     128       0       0      87       0       0       0 BSPSURF       5D    120
     126    1166       0       0       0       0       0       000010500D    121
     126       0       0       3       0       0       0               0D    122
     126    1169       0       0       0       0       0       000010500D    123
     126       0       0       3       0       0       0               0D    124
     126    1172       0       0       0       0       0       000010500D    125
     126       0       0       3       0       0       0               0D    126
     126    1175       0       0       0       0       0       000010500D    127
     126       0       0       3       0       0       0               0D    128
     102    1178       0       0       0       0       0       000010501D    129
     102       0       0       1       0       0       0               0D    130
     126    1179       0       0       0       0       0       000010000D    131
     126       0       0       3       0       0       0              16D    132
     126    1182       0       0       0       0       0       000010000D    133
     126       0       0     112       0       0       0              17D    134
     126    1294       0       0       0       0       0       000010000D    135
     126       0       0       3       0       0       0              18D    136
     126    1297       0       0       0       0       0       000010000D    137
     126       0       0     107       0       0       0              19D    138
     102    1404       0       0       0       0       0       000010001D    139
     102       0       0       1       0       0       0               0D    140
     142    1405       0       0       0       0       0       000010000D    141
     142       0       0       1       0       0       0    CONS       5D    142
     406    1406       0       0       0       0       0       000000000D    143
     406       0       0       1      15       0       0    NAME       0D    144
     144    1407       0       0      13       0       0       000010001D    145
     144       0      -3       1       0       0       0               5D    146
     128    1408       0       0       0       0       0       001010001D    147
     128       0       0     302       0       0       0 BSPSURF       6D    148
     126    1710       0       0       0       0       0       000010500D    149
     126       0       0       3       0       0       0               0D    150
     126    1713       0       0       0       0       0       000010500D    151
     126       0       0       4       0       0       0               0D    152
     126    1717       0       0       0       0       0       000010500D    153
     126       0       0       3       0       0       0               0D    154
     126    1720       0       0       0       0       0       000010500D    155
     126       0       0       3       0       0       0               0D    156
     102    1723       0       0       0       0       0       000010501D    157
     102       0       0       1       0       0       0               0D    158
     126    1724       0       0       0       0       0       000010000D    159
     126       0       0      22       0       0       0              20D    160
     126    1746       0       0       0       0       0       000010000D    161
     126       0       0      29       0       0       0              21D    162
     126    1775       0       0       0       0       0       000010000D    163
     126       0       0      12       0       0       0              22D    164
     126    1787       0       0       0       0       0       000010000D    165
     126       0       0      29       0       0       0              23D    166
     102    1816       0       0       0       0       0       000010001D    167
     102       0       0       1       0       0       0               0D    168
     142    1817       0       0       0       0       0       000010000D    169
     142       0       0       1       0       0       0    CONS       6D    170
     406    1818       0       0       0       0       0       000000000D    171
     406       0       0       1      15       0       0    NAME       0D    172
     144    1819       0       0      14       0       0       000010001D    173
     144       0      -7       1       0       0       0               6D    174
     128    1820       0       0       0       0       0       001010001D    175
     128       0       0     301       0       0       0 BSPSURF       7D    176
     126    2121       0       0       0       0       0       000010500D    177
     126       0       0       3       0       0       0               0D    178
     126    2124       0       0       0       0       0       000010500D    179
     126       0       0       3       0       0       0               0D    180
     126    2127       0       0       0       0       0       000010500D    181
     126       0       0       3       0       0       0               0D    182
     126    2130       0       0       0       0       0       000010500D    183
     126       0       0       3       0       0       0               0D    184
     102    2133       0       0       0       0       0       000010501D    185
     102       0       0       1       0       0       0               0D    186
     126    2134       0       0       0       0       0       000010000D    187
     126       0       0      22       0       0       0              24D    188
     126    2156       0       0       0       0       0       000010000D    189
     126       0       0      28       0       0       0              25D    190
     126    2184       0       0       0       0       0       000010000D    191
     126       0       0      12       0       0       0              26D    192
     126    2196       0       0       0       0       0       000010000D    193
     126       0       0      27       0       0       0              27D    194
     102    2223       0       0       0       0       0       000010001D    195
     102       0       0       1       0       0       0               0D    196
     142    2224       0       0       0       0       0       000010000D    197
     142       0       0       1       0       0       0    CONS       7D    198
     406    2225       0       0       0       0       0       000000000D    199
     406       0       0       1      15       0       0    NAME       0D    200
     144    2226       0       0      14       0       0       000010001D    201
     144       0      -7       1       0       0       0               7D    202
     128    2227       0       0       0       0       0       001010001D    203
     128       0       0      22       0       0       0 BSPSURF       8D    204
     126    2249       0       0       0       0       0       000010500D    205
     126       0       0       4       0       0       0               0D    206
     126    2253       0       0       0       0       0       000010500D    207
     126       0       0       3       0       0       0               0D    208
     126    2256       0       0       0       0       0       000010500D    209
     126       0       0       3       0       0       0               0D    210
     126    2259       0       0       0       0       0       000010500D    211
     126       0       0       4       0       0       0               0D    212
     102    2263       0       0       0       0       0       000010501D    213
     102       0       0       1       0       0       0               0D    214
     126    2264       0       0       0       0       0       000010000D    215
     126       0       0       2       0       0       0              28D    216
     126    2266       0       0       0       0       0       000010000D    217
     126       0       0      23       0       0       0              29D    218
     126    2289       0       0       0       0       0       000010000D    219
     126       0       0       2       0       0       0              30D    220
     126    2291       0       0       0       0       0       000010000D    221
     126       0       0      23       0       0       0              31D    222
     102    2314       0       0       0       0       0       000010001D    223
     102       0       0       1       0       0       0               0D    224
     142    2315       0       0       0       0       0       000010000D    225
     142       0       0       1       0       0       0    CONS       8D    226
     406    2316       0       0       0       0       0       000000000D    227
     406       0       0       1      15       0       0    NAME       0D    228
     144    2317       0       0      14       0       0       000010001D    229
     144       0      -7       1       0       0       0               8D    230
     128    2318       0       0       0       0       0       001010001D    231
     128       0       0      62       0       0       0 BSPSURF       9D    232
     126    2380       0       0       0       0       0       000010500D    233
     126       0       0       3       0       0       0               0D    234
     126    2383       0       0       0       0       0       000010500D    235
     126       0       0       3       0       0       0               0D    236
     126    2386       0       0       0       0       0       000010500D    237
     126       0       0       3       0       0       0               0D    238
     126    2389       0       0       0       0       0       000010500D    239
     126       0       0       3       0       0       0               0D    240
     102    2392       0       0       0       0       0       000010501D    241
     102       0       0       1       0       0       0               0D    242
     126    2393       0       0       0       0       0       000010000D    243
     126       0       0      68       0       0       0              32D    244
     126    2461       0       0       0       0       0       000010000D    245
     126       0       0       3       0       0       0              33D    246
     126    2464       0       0       0       0       0       000010000D    247
     126       0       0      62       0       0       0              34D    248
     126    2526       0       0       0       0       0       000010000D    249
     126       0       0       3       0       0       0              35D    250
     102    2529       0       0       0       0       0       000010001D    251
     102       0       0       1       0       0       0               0D    252
     142    2530       0       0       0       0       0       000010000D    253
     142       0       0       1       0       0       0    CONS       9D    254
     406    2531       0       0       0       0       0       000000000D    255
     406       0       0       1      15       0       0    NAME       0D    256
     144    2532       0       0      13       0       0       000010001D    257
     144       0      -3       1       0       0       0               9D    258
     128    2533       0       0       0       0       0       001010001D    259
     128       0       0      62       0       0       0 BSPSURF      10D    260
     126    2595       0       0       0       0       0       000010500D    261
     126       0       0       3       0       0       0               0D    262
     126    2598       0       0       0       0       0       000010500D    263
     126       0       0       3       0       0       0               0D    264
     126    2601       0       0       0       0       0       000010500D    265
     126       0       0       3       0       0       0               0D    266
     126    2604       0       0       0       0       0       000010500D    267
     126       0       0       3       0       0       0               0D    268
     102    2607       0       0       0       0       0       000010501D    269
     102       0       0       1       0       0       0               0D    270
     126    2608       0       0       0       0       0       000010000D    271
     126       0       0      61       0       0       0              36D    272
     126    2669       0       0       0       0       0       000010000D    273
     126       0       0       3       0       0       0              37D    274
     126    2672       0       0       0       0       0       000010000D    275
     126       0       0      68       0       0       0              38D    276
     126    2740       0       0       0       0       0       000010000D    277
     126       0       0       3       0       0       0              39D    278
     102    2743       0       0       0       0       0       000010001D    279
     102       0       0       1       0       0       0               0D    280
     142    2744       0       0       0       0       0       000010000D    281
     142       0       0       1       0       0       0    CONS      10D    282
     406    2745       0       0       0       0       0       000000000D    283
     406       0       0       1      15       0       0    NAME       0D    284
     144    2746       0       0      13       0       0       000010001D    285
     144       0      -3       1       0       0       0              10D    286
     128    2747       0       0       0       0       0       001010001D    287
     128       0       0      87       0       0       0 BSPSURF      11D    288
     126    2834       0       0       0       0       0       000010500D    289
     126       0       0       4       0       0       0               0D    290
     126    2838       0       0       0       0       0       000010500D    291
     126       0       0      18       0       0       0               0D    292
     126    2856       0       0       0       0       0       000010500D    293
     126       0       0       3       0       0       0               0D    294
     126    2859       0       0       0       0       0       000010500D    295
     126       0       0       7       0       0       0               0D    296
     126    2866       0       0       0       0       0       000010500D    297
     126       0       0      11       0       0       0               0D    298
     102    2877       0       0       0       0       0       000010501D    299
     102       0       0       1       0       0       0               0D    300
     126    2878       0       0       0       0       0       000010000D    301
     126       0       0       3       0       0       0              40D    302
     126    2881       0       0       0       0       0       000010000D    303
     126       0       0     211       0       0       0              41D    304
     126    3092       0       0       0       0       0       000010000D    305
     126       0       0       3       0       0       0              42D    306
     126    3095       0       0       0       0       0       000010000D    307
     126       0       0      48       0       0       0              43D    308
     126    3143       0       0       0       0       0       000010000D    309
     126       0       0     162       0       0       0              44D    310
     102    3305       0       0       0       0       0       000010001D    311
     102       0       0       1       0       0       0               0D    312
     142    3306       0       0       0       0       0       000010000D    313
     142       0       0       1       0       0       0    CONS      11D    314
     406    3307       0       0       0       0       0       000000000D    315
     406       0       0       1      15       0       0    NAME       0D    316
     144    3308       0       0      13       0       0       000010001D    317
     144       0      -3       1       0       0       0              11D    318
     128    3309       0       0       0       0       0       001010001D    319
     128       0       0      22       0       0       0 BSPSURF      12D    320
     126    3331       0       0       0       0       0       000010500D    321
     126       0       0       3       0       0       0               0D    322
     126    3334       0       0       0       0       0       000010500D    323
     126       0       0       3       0       0       0               0D    324
     126    3337       0       0       0       0       0       000010500D    325
     126       0       0       3       0       0       0               0D    326
     126    3340       0       0       0       0       0       000010500D    327
     126       0       0       3       0       0       0               0D    328
     102    3343       0       0       0       0       0       000010501D    329
     102       0       0       1       0       0       0               0D    330
     126    3344       0       0       0       0       0       000010000D    331
     126       0       0       2       0       0       0              45D    332
     126    3346       0       0       0       0       0       000010000D    333
     126       0       0      23       0       0       0              46D    334
     126    3369       0       0       0       0       0       000010000D    335
     126       0       0       2       0       0       0              47D    336
     126    3371       0       0       0       0       0       000010000D    337
     126       0       0      23       0       0       0              48D    338
     102    3394       0       0       0       0       0       000010001D    339
     102       0       0       1       0       0       0               0D    340
     142    3395       0       0       0       0       0       000010000D    341
     142       0       0       1       0       0       0    CONS      12D    342
     406    3396       0       0       0       0       0       000000000D    343
     406       0       0       1      15       0       0    NAME       0D    344
     144    3397       0       0      14       0       0       000010001D    345
     144       0      -7       1       0       0       0              12D    346
     128    3398       0       0       0       0       0       001010001D    347
     128       0       0      34       0       0       0 BSPSURF      13D    348
     126    3432       0       0       0       0       0       000010500D    349
     126       0       0       3       0       0       0               0D    350
     126    3435       0       0       0       0       0       000010500D    351
     126       0       0       3       0       0       0               0D    352
     126    3438       0       0       0       0       0       000010500D    353
     126       0       0       4       0       0       0               0D    354
     126    3442       0       0       0       0       0       000010500D    355
     126       0       0       3       0       0       0               0D    356
     102    3445       0       0       0       0       0       000010501D    357
     102       0       0       1       0       0       0               0D    358
     126    3446       0       0       0       0       0       000010000D    359
     126       0       0      12       0       0       0              49D    360
     126    3458       0       0       0       0       0       000010000D    361
     126       0       0      18       0       0       0              50D    362
     126    3476       0       0       0       0       0       000010000D    363
     126       0       0      15       0       0       0              51D    364
     126    3491       0       0       0       0       0       000010000D    365
     126       0       0      40       0       0       0              52D    366
     102    3531       0       0       0       0       0       000010001D    367
     102       0       0       1       0       0       0               0D    368
     142    3532       0       0       0       0       0       000010000D    369
     142       0       0       1       0       0       0    CONS      13D    370
     406    3533       0       0       0       0       0       000000000D    371
     406       0       0       1      15       0       0    NAME       0D    372
     144    3534       0       0      14       0       0       000010001D    373
     144       0      -7       1       0       0       0              13D    374
     128    3535       0       0       0       0       0       001010001D    375
     128       0       0      59       0       0       0 BSPSURF      14D    376
     126    3594       0       0       0       0       0       000010500D    377
     126       0       0       4       0       0       0               0D    378
     126    3598       0       0       0       0       0       000010500D    379
     126       0       0       3       0       0       0               0D    380
     126    3601       0       0       0       0       0       000010500D    381
     126       0       0       3       0       0       0               0D    382
     126    3604       0       0       0       0       0       000010500D    383
     126       0       0       3       0       0       0               0D    384
     102    3607       0       0       0       0       0       000010501D    385
     102       0       0       1       0       0       0               0D    386
     126    3608       0       0       0       0       0       000010000D    387
     126       0       0      30       0       0       0              53D    388
     126    3638       0       0       0       0       0       000010000D    389
     126       0       0      50       0       0       0              54D    390
     126    3688       0       0       0       0       0       000010000D    391
     126       0       0      29       0       0       0              55D    392
     126    3717       0       0       0       0       0       000010000D    393
     126       0       0      50       0       0       0              56D    394
     102    3767       0       0       0       0       0       000010001D    395
     102       0       0       1       0       0       0               0D    396
     142    3768       0       0       0       0       0       000010000D    397
     142       0       0       1       0       0       0    CONS      14D    398
     406    3769       0       0       0       0       0       000000000D    399
     406       0       0       1      15       0       0    NAME       0D    400
     144    3770       0       0      14       0       0       000010001D    401
     144       0      -7       1       0       0       0              14D    402
     128    3771       0       0       0       0       0       001010001D    403
     128       0       0      34       0       0       0 BSPSURF      15D    404
     126    3805       0       0       0       0       0       000010500D    405
     126       0       0       3       0       0       0               0D    406
     126    3808       0       0       0       0       0       000010500D    407
     126       0       0       3       0       0       0               0D    408
     126    3811       0       0       0       0       0       000010500D    409
     126       0       0       3       0       0       0               0D    410
     126    3814       0       0       0       0       0       000010500D    411
     126       0       0       3       0       0       0               0D    412
     102    3817       0       0       0       0       0       000010501D    413
     102       0       0       1       0       0       0               0D    414
     126    3818       0       0       0       0       0       000010000D    415
     126       0       0      15       0       0       0              57D    416
     126    3833       0       0       0       0       0       000010000D    417
     126       0       0      23       0       0       0              58D    418
     126    3856       0       0       0       0       0       000010000D    419
     126       0       0      15       0       0       0              59D    420
     126    3871       0       0       0       0       0       000010000D    421
     126       0       0      57       0       0       0              60D    422
     102    3928       0       0       0       0       0       000010001D    423
     102       0       0       1       0       0       0               0D    424
     142    3929       0       0       0       0       0       000010000D    425
     142       0       0       1       0       0       0    CONS      15D    426
     406    3930       0       0       0       0       0       000000000D    427
     406       0       0       1      15       0       0    NAME       0D    428
     144    3931       0       0      14       0       0       000010001D    429
     144       0      -7       1       0       0       0              15D    430
     128    3932       0       0       0       0       0       001010001D    431
     128       0       0      22       0       0       0 BSPSURF      16D    432
     126    3954       0       0       0       0       0       000010500D    433
     126       0       0      10       0       0       0               0D    434
     126    3964       0       0       0       0       0       000010500D    435
     126       0       0      10       0       0       0               0D    436
     126    3974       0       0       0       0       0       000010500D    437
     126       0       0       3       0       0       0               0D    438
     102    3977       0       0       0       0       0       000010501D    439
     102       0       0       1       0       0       0               0D    440
     126    3978       0       0       0       0       0       000010000D    441
     126       0       0      35       0       0       0              61D    442
     126    4013       0       0       0       0       0       000010000D    443
     126       0       0      40       0       0       0              62D    444
     126    4053       0       0       0       0       0       000010000D    445
     126       0       0       8       0       0       0              63D    446
     102    4061       0       0       0       0       0       000010001D    447
     102       0       0       1       0       0       0               0D    448
     142    4062       0       0       0       0       0       000010000D    449
     142       0       0       1       0       0       0    CONS      16D    450
     406    4063       0       0       0       0       0       000000000D    451
     406       0       0       1      15       0       0    NAME       0D    452
     144    4064       0       0      14       0       0       000010001D    453
     144       0      -7       1       0       0       0              16D    454
     128    4065       0       0       0       0       0       001010001D    455
     128       0       0      87       0       0       0 BSPSURF      17D    456
     126    4152       0       0       0       0       0       000010500D    457
     126       0       0       3       0       0       0               0D    458
     126    4155       0       0       0       0       0       000010500D    459
     126       0       0       3       0       0       0               0D    460
     126    4158       0       0       0       0       0       000010500D    461
     126       0       0       4       0       0       0               0D    462
     126    4162       0       0       0       0       0       000010500D    463
     126       0       0       4       0       0       0               0D    464
     102    4166       0       0       0       0       0       000010501D    465
     102       0       0       1       0       0       0               0D    466
     126    4167       0       0       0       0       0       000010000D    467
     126       0       0      39       0       0       0              64D    468
     126    4206       0       0       0       0       0       000010000D    469
     126       0       0      29       0       0       0              65D    470
     126    4235       0       0       0       0       0       000010000D    471
     126       0       0      40       0       0       0              66D    472
     126    4275       0       0       0       0       0       000010000D    473
     126       0       0      57       0       0       0              67D    474
     102    4332       0       0       0       0       0       000010001D    475
     102       0       0       1       0       0       0               0D    476
     142    4333       0       0       0       0       0       000010000D    477
     142       0       0       1       0       0       0    CONS      17D    478
     406    4334       0       0       0       0       0       000000000D    479
     406       0       0       1      15       0       0    NAME       0D    480
     144    4335       0       0      14       0       0       000010001D    481
     144       0      -7       1       0       0       0              17D    482
     128    4336       0       0       0       0       0       001010001D    483
     128       0       0      57       0       0       0 BSPSURF      18D    484
     126    4393       0       0       0       0       0       000010500D    485
     126       0       0       3       0       0       0               0D    486
     126    4396       0       0       0       0       0       000010500D    487
     126       0       0       3       0       0       0               0D    488
     126    4399       0       0       0       0       0       000010500D    489
     126       0       0       3       0       0       0               0D    490
     126    4402       0       0       0       0       0       000010500D    491
     126       0       0       3       0       0       0               0D    492
     102    4405       0       0       0       0       0       000010501D    493
     102       0       0       1       0       0       0               0D    494
     126    4406       0       0       0       0       0       000010000D    495
     126       0       0      29       0       0       0              68D    496
     126    4435       0       0       0       0       0       000010000D    497
     126       0       0      49       0       0       0              69D    498
     126    4484       0       0       0       0       0       000010000D    499
     126       0       0      29       0       0       0              70D    500
     126    4513       0       0       0       0       0       000010000D    501
     126       0       0      50       0       0       0              71D    502
     102    4563       0       0       0       0       0       000010001D    503
     102       0       0       1       0       0       0               0D    504
     142    4564       0       0       0       0       0       000010000D    505
     142       0       0       1       0       0       0    CONS      18D    506
     406    4565       0       0       0       0       0       000000000D    507
     406       0       0       1      15       0       0    NAME       0D    508
     144    4566       0       0      14       0       0       000010001D    509
     144       0      -7       1       0       0       0              18D    510
     128    4567       0       0       0       0       0       001010001D    511
     128       0       0      87       0       0       0 BSPSURF      19D    512
     126    4654       0       0       0       0       0       000010500D    513
     126       0       0       3       0       0       0               0D    514
     126    4657       0       0       0       0       0       000010500D    515
     126       0       0       4       0       0       0               0D    516
     126    4661       0       0       0       0       0       000010500D    517
     126       0       0       4       0       0       0               0D    518
     126    4665       0       0       0       0       0       000010500D    519
     126       0       0       4       0       0       0               0D    520
     102    4669       0       0       0       0       0       000010501D    521
     102       0       0       1       0       0       0               0D    522
     126    4670       0       0       0       0       0       000010000D    523
     126       0       0      39       0       0       0              72D    524
     126    4709       0       0       0       0       0       000010000D    525
     126       0       0      29       0       0       0              73D    526
     126    4738       0       0       0       0       0       000010000D    527
     126       0       0      40       0       0       0              74D    528
     126    4778       0       0       0       0       0       000010000D    529
     126       0       0      57       0       0       0              75D    530
     102    4835       0       0       0       0       0       000010001D    531
     102       0       0       1       0       0       0               0D    532
     142    4836       0       0       0       0       0       000010000D    533
     142       0       0       1       0       0       0    CONS      19D    534
     406    4837       0       0       0       0       0       000000000D    535
     406       0       0       1      15       0       0    NAME       0D    536
     144    4838       0       0      14       0       0       000010001D    537
     144       0      -7       1       0       0       0              19D    538
     128    4839       0       0       0       0       0       001010001D    539
     128       0       0      58       0       0       0 BSPSURF      20D    540
     126    4897       0       0       0       0       0       000010500D    541
     126       0       0       3       0       0       0               0D    542
     126    4900       0       0       0       0       0       000010500D    543
     126       0       0       3       0       0       0               0D    544
     126    4903       0       0       0       0       0       000010500D    545
     126       0       0       4       0       0       0               0D    546
     126    4907       0       0       0       0       0       000010500D    547
     126       0       0       3       0       0       0               0D    548
     102    4910       0       0       0       0       0       000010501D    549
     102       0       0       1       0       0       0               0D    550
     126    4911       0       0       0       0       0       000010000D    551
     126       0       0      62       0       0       0              76D    552
     126    4973       0       0       0       0       0       000010000D    553
     126       0       0      41       0       0       0              77D    554
     126    5014       0       0       0       0       0       000010000D    555
     126       0       0      23       0       0       0              78D    556
     126    5037       0       0       0       0       0       000010000D    557
     126       0       0      41       0       0       0              79D    558
     102    5078       0       0       0       0       0       000010001D    559
     102       0       0       1       0       0       0               0D    560
     142    5079       0       0       0       0       0       000010000D    561
     142       0       0       1       0       0       0    CONS      20D    562
     406    5080       0       0       0       0       0       000000000D    563
     406       0       0       1      15       0       0    NAME       0D    564
     144    5081       0       0      14       0       0       000010001D    565
     144       0      -7       1       0       0       0              20D    566
     128    5082       0       0       0       0       0       001010001D    567
     128       0       0      58       0       0       0 BSPSURF      21D    568
     126    5140       0       0       0       0       0       000010500D    569
     126       0       0       3       0       0       0               0D    570
     126    5143       0       0       0       0       0       000010500D    571
     126       0       0       3       0       0       0               0D    572
     126    5146       0       0       0       0       0       000010500D    573
     126       0       0       3       0       0       0               0D    574
     126    5149       0       0       0       0       0       000010500D    575
     126       0       0       3       0       0       0               0D    576
     102    5152       0       0       0       0       0       000010501D    577
     102       0       0       1       0       0       0               0D    578
     126    5153       0       0       0       0       0       000010000D    579
     126       0       0      62       0       0       0              80D    580
     126    5215       0       0       0       0       0       000010000D    581
     126       0       0      41       0       0       0              81D    582
     126    5256       0       0       0       0       0       000010000D    583
     126       0       0      23       0       0       0              82D    584
     126    5279       0       0       0       0       0       000010000D    585
     126       0       0      41       0       0       0              83D    586
     102    5320       0       0       0       0       0       000010001D    587
     102       0       0       1       0       0       0               0D    588
     142    5321       0       0       0       0       0       000010000D    589
     142       0       0       1       0       0       0    CONS      21D    590
     406    5322       0       0       0       0       0       000000000D    591
     406       0       0       1      15       0       0    NAME       0D    592
     144    5323       0       0      14       0       0       000010001D    593
     144       0      -7       1       0       0       0              21D    594
     128    5324       0       0       0       0       0       001010001D    595
     128       0       0      58       0       0       0 BSPSURF      22D    596
     126    5382       0       0       0       0       0       000010500D    597
     126       0       0       4       0       0       0               0D    598
     126    5386       0       0       0       0       0       000010500D    599
     126       0       0       3       0       0       0               0D    600
     126    5389       0       0       0       0       0       000010500D    601
     126       0       0       3       0       0       0               0D    602
     126    5392       0       0       0       0       0       000010500D    603
     126       0       0       3       0       0       0               0D    604
     102    5395       0       0       0       0       0       000010501D    605
     102       0       0       1       0       0       0               0D    606
     126    5396       0       0       0       0       0       000010000D    607
     126       0       0      29       0       0       0              84D    608
     126    5425       0       0       0       0       0       000010000D    609
     126       0       0      50       0       0       0              85D    610
     126    5475       0       0       0       0       0       000010000D    611
     126       0       0      29       0       0       0              86D    612
     126    5504       0       0       0       0       0       000010000D    613
     126       0       0      50       0       0       0              87D    614
     102    5554       0       0       0       0       0       000010001D    615
     102       0       0       1       0       0       0               0D    616
     142    5555       0       0       0       0       0       000010000D    617
     142       0       0       1       0       0       0    CONS      22D    618
     406    5556       0       0       0       0       0       000000000D    619
     406       0       0       1      15       0       0    NAME       0D    620
     144    5557       0       0      14       0       0       000010001D    621
     144       0      -7       1       0       0       0              22D    622
     128    5558       0       0       0       0       0       001010001D    623
     128       0       0      58       0       0       0 BSPSURF      23D    624
     126    5616       0       0       0       0       0       000010500D    625
     126       0       0       3       0       0       0               0D    626
     126    5619       0       0       0       0       0       000010500D    627
     126       0       0       3       0       0       0               0D    628
     126    5622       0       0       0       0       0       000010500D    629
     126       0       0       3       0       0       0               0D    630
     126    5625       0       0       0       0       0       000010500D    631
     126       0       0       3       0       0       0               0D    632
     102    5628       0       0       0       0       0       000010501D    633
     102       0       0       1       0       0       0               0D    634
     126    5629       0       0       0       0       0       000010000D    635
     126       0       0      29       0       0       0              88D    636
     126    5658       0       0       0       0       0       000010000D    637
     126       0       0      50       0       0       0              89D    638
     126    5708       0       0       0       0       0       000010000D    639
     126       0       0      29       0       0       0              90D    640
     126    5737       0       0       0       0       0       000010000D    641
     126       0       0      50       0       0       0              91D    642
     102    5787       0       0       0       0       0       000010001D    643
     102       0       0       1       0       0       0               0D    644
     142    5788       0       0       0       0       0       000010000D    645
     142       0       0       1       0       0       0    CONS      23D    646
     406    5789       0       0       0       0       0       000000000D    647
     406       0       0       1      15       0       0    NAME       0D    648
     144    5790       0       0      14       0       0       000010001D    649
     144       0      -7       1       0       0       0              23D    650
     128    5791       0       0       0       0       0       001010001D    651
     128       0       0      34       0       0       0 BSPSURF      24D    652
     126    5825       0       0       0       0       0       000010500D    653
     126       0       0       3       0       0       0               0D    654
     126    5828       0       0       0       0       0       000010500D    655
     126       0       0       4       0       0       0               0D    656
     126    5832       0       0       0       0       0       000010500D    657
     126       0       0       3       0       0       0               0D    658
     126    5835       0       0       0       0       0       000010500D    659
     126       0       0       3       0       0       0               0D    660
     102    5838       0       0       0       0       0       000010501D    661
     102       0       0       1       0       0       0               0D    662
     126    5839       0       0       0       0       0       000010000D    663
     126       0       0      15       0       0       0              92D    664
     126    5854       0       0       0       0       0       000010000D    665
     126       0       0      23       0       0       0              93D    666
     126    5877       0       0       0       0       0       000010000D    667
     126       0       0      15       0       0       0              94D    668
     126    5892       0       0       0       0       0       000010000D    669
     126       0       0      57       0       0       0              95D    670
     102    5949       0       0       0       0       0       000010001D    671
     102       0       0       1       0       0       0               0D    672
     142    5950       0       0       0       0       0       000010000D    673
     142       0       0       1       0       0       0    CONS      24D    674
     406    5951       0       0       0       0       0       000000000D    675
     406       0       0       1      15       0       0    NAME       0D    676
     144    5952       0       0      14       0       0       000010001D    677
     144       0      -7       1       0       0       0              24D    678
     128    5953       0       0       0       0       0       001010001D    679
     128       0       0      20       0       0       0 BSPSURF      25D    680
     126    5973       0       0       0       0       0       000010500D    681
     126       0       0       3       0       0       0               0D    682
     126    5976       0       0       0       0       0       000010500D    683
     126       0       0       5       0       0       0               0D    684
     126    5981       0       0       0       0       0       000010500D    685
     126       0       0       3       0       0       0               0D    686
     126    5984       0       0       0       0       0       000010500D    687
     126       0       0       5       0       0       0               0D    688
     102    5989       0       0       0       0       0       000010501D    689
     102       0       0       1       0       0       0               0D    690
     126    5990       0       0       0       0       0       000010000D    691
     126       0       0       3       0       0       0              96D    692
     126    5993       0       0       0       0       0       000010000D    693
     126       0       0      28       0       0       0              97D    694
     126    6021       0       0       0       0       0       000010000D    695
     126       0       0       3       0       0       0              98D    696
     126    6024       0       0       0       0       0       000010000D    697
     126       0       0      24       0       0       0              99D    698
     102    6048       0       0       0       0       0       000010001D    699
     102       0       0       1       0       0       0               0D    700
     142    6049       0       0       0       0       0       000010000D    701
     142       0       0       1       0       0       0    CONS      25D    702
     406    6050       0       0       0       0       0       000000000D    703
     406       0       0       1      15       0       0    NAME       0D    704
     144    6051       0       0      13       0       0       000010001D    705
     144       0      -3       1       0       0       0              25D    706
     128    6052       0       0       0       0       0       001010001D    707
     128       0       0      22       0       0       0 BSPSURF      26D    708
     126    6074       0       0       0       0       0       000010500D    709
     126       0       0       3       0       0       0               0D    710
     126    6077       0       0       0       0       0       000010500D    711
     126       0       0      10       0       0       0               0D    712
     126    6087       0       0       0       0       0       000010500D    713
     126       0       0       8       0       0       0               0D    714
     102    6095       0       0       0       0       0       000010501D    715
     102       0       0       1       0       0       0               0D    716
     126    6096       0       0       0       0       0       000010000D    717
     126       0       0       8       0       0       0             100D    718
     126    6104       0       0       0       0       0       000010000D    719
     126       0       0      35       0       0       0             101D    720
     126    6139       0       0       0       0       0       000010000D    721
     126       0       0      35       0       0       0             102D    722
     102    6174       0       0       0       0       0       000010001D    723
     102       0       0       1       0       0       0               0D    724
     142    6175       0       0       0       0       0       000010000D    725
     142       0       0       1       0       0       0    CONS      26D    726
     406    6176       0       0       0       0       0       000000000D    727
     406       0       0       1      15       0       0    NAME       0D    728
     144    6177       0       0      14       0       0       000010001D    729
     144       0      -7       1       0       0       0              26D    730
     128    6178       0       0       0       0       0       001010001D    731
     128       0       0      34       0       0       0 BSPSURF      27D    732
     126    6212       0       0       0       0       0       000010500D    733
     126       0       0       3       0       0       0               0D    734
     126    6215       0       0       0       0       0       000010500D    735
     126       0       0       4       0       0       0               0D    736
     126    6219       0       0       0       0       0       000010500D    737
     126       0       0       4       0       0       0               0D    738
     126    6223       0       0       0       0       0       000010500D    739
     126       0       0       3       0       0       0               0D    740
     102    6226       0       0       0       0       0       000010501D    741
     102       0       0       1       0       0       0               0D    742
     126    6227       0       0       0       0       0       000010000D    743
     126       0       0      13       0       0       0             103D    744
     126    6240       0       0       0       0       0       000010000D    745
     126       0       0      18       0       0       0             104D    746
     126    6258       0       0       0       0       0       000010000D    747
     126       0       0      15       0       0       0             105D    748
     126    6273       0       0       0       0       0       000010000D    749
     126       0       0      40       0       0       0             106D    750
     102    6313       0       0       0       0       0       000010001D    751
     102       0       0       1       0       0       0               0D    752
     142    6314       0       0       0       0       0       000010000D    753
     142       0       0       1       0       0       0    CONS      27D    754
     406    6315       0       0       0       0       0       000000000D    755
     406       0       0       1      15       0       0    NAME       0D    756
     144    6316       0       0      14       0       0       000010001D    757
     144       0      -7       1       0       0       0              27D    758
     308    6317       0       0       0       0       0       000010201D    759
     308       0      -9       3       0       0       0               0D    760
     408    6320       0       0       0       0       0       000000000D    761
     408       0      -9       1       0       0       0               0D    762
406,1,22HPylon-L3|ANSA_Thick=1.;                                       1P      1
314,54.90196078431372,23.529411764705884,50.98039215686274,;           3P      2
406,1,24HNacelle-L3|ANSA_Thick=1.;                                     5P      3
314,71.76470588235294,98.82352941176471,23.137254901960784,;           7P      4
314,78.82352941176471,92.54901960784314,46.27450980392157,;            9P      5
128,30,1,5,1,0,0,1,0,0,0.,0.,0.,0.,0.,0.,0.015164066347593217,        11P      6
0.015164066347593217,0.015164066347593217,0.015164066347593217,       11P      7
0.015164066347593217,0.048223662713699045,0.048223662713699045,       11P      8
0.048223662713699045,0.048223662713699045,0.048223662713699045,       11P      9
0.10943818959157434,0.10943818959157434,0.10943818959157434,          11P     10
0.10943818959157434,0.10943818959157434,0.2680654825147903,           11P     11
0.2680654825147903,0.2680654825147903,0.2680654825147903,             11P     12
0.2680654825147903,0.49045512040770267,0.49045512040770267,           11P     13
0.49045512040770267,0.49045512040770267,0.49045512040770267,1.,       11P     14
1.,1.,1.,1.,1.,0.,0.,1.,1.,1.,1.,1.,1.,1.,1.,1.,1.,1.,1.,1.,1.,       11P     15
1.,1.,1.,1.,1.,1.,1.,1.,1.,1.,1.,1.,1.,1.,1.,1.,1.,1.,1.,1.,1.,       11P     16
1.,1.,1.,1.,1.,1.,1.,1.,1.,1.,1.,1.,1.,1.,1.,1.,1.,1.,1.,1.,1.,       11P     17
1.,1.,1.,1.,1.,1.,1.,1.,15640.239418000001,-667.8527508000012,        11P     18
1934.5247129999989,15640.075800000013,-671.1713693999978,             11P     19
1930.8288698000028,15643.733706000019,-674.404468000003,              11P     20
1926.9411100000013,15651.882901999965,-677.3982369999977,             11P     21
1922.9532443999965,15656.498235980922,-679.0428979085033,             11P     22
1920.7371257547584,15660.851213504728,-680.452911958952,              11P     23
1918.797357125257,15670.341259026101,-683.5269222085687,              11P     24
1914.5684144086422,15678.584336000024,-685.4856664000022,             11P     25
1911.6529510000012,15683.974021999962,-686.8081641999977,             11P     26
1909.7130029999983,15695.079237677623,-689.0186128067279,             11P     27
1906.2290218127077,15705.297249233416,-690.9061255667381,             11P     28
1903.1591685204685,15724.217345416495,-694.4011228831134,             11P     29
1897.474900183139,15740.095594000031,-696.7889098000003,              11P     30
1893.2105012000022,15753.026801999968,-698.3914971999989,             11P     31
1890.150735999997,15771.915843794726,-700.4557604942227,              11P     32
1885.894283349727,15791.450781921694,-702.3193255448797,              11P     33
1881.7218423065656,15842.040781188643,-707.2063682071055,             11P     34
1870.8515491098294,15897.206008654808,-710.3663344249538,             11P     35
1860.9218783175197,15945.13574116096,-711.0866063575548,              11P     36
1854.3466792830145,15998.321638671583,-711.5593507718005,             11P     37
1847.0843928446634,16049.635387366347,-710.664292036,                 11P     38
1841.3676775856898,16122.052868904608,-709.4858003663643,             11P     39
1833.206336024848,16194.826472000033,-706.2920538000017,              11P     40
1826.8066924000027,16271.126271999965,-701.3939975999978,             11P     41
1821.4217085999974,16344.932714164306,-695.3385042575076,             11P     42
1817.2727370103871,16417.408613085656,-688.2609480209717,             11P     43
1814.2002237588667,16588.981088236666,-671.3359855166958,             11P     44
1807.0782241662032,16719.81934546942,-653.2495022035971,              11P     45
1806.242233425392,16893.07868034894,-626.498460247599,                11P     46
1808.5307023821144,17056.426655780782,-595.1937384071538,             11P     47
1817.4841946171232,17211.29591,-562.6581062,1829.5257474,             11P     48
15640.239418000001,-852.6286574000011,2011.061399999999,              11P     49
15640.075800000013,-855.9472757999984,2007.3655560000016,             11P     50
15643.733706000019,-859.1803746000037,2003.477796000002,              11P     51
15651.882901999965,-862.1741435999977,1999.489930799997,              11P     52
15656.498235980922,-863.8188045085036,1997.2738121547586,             11P     53
15660.851213504728,-865.2288185589521,1995.3340435450332,             11P     54
15670.341259026101,-868.302828808569,1991.1051008715317,              11P     55
15678.584336000024,-870.2615730000018,1988.1896376000034,             11P     56
15683.974021999962,-871.5840707999982,1986.249689399998,              11P     57
15695.079237677623,-873.7945193365922,1982.7657082127075,             11P     58
15705.297249233416,-875.6820320510624,1979.6958549204687,             11P     59
15724.217345416495,-879.1770292831131,1974.0115865831394,             11P     60
15740.095594000031,-881.5648162000018,1969.7471876000034,             11P     61
15753.026801999968,-883.1674037999983,1966.6874225999964,             11P     62
15771.915843794726,-885.231667018478,1962.4309698739808,              11P     63
15791.450781921694,-887.0952320507627,1958.2585288124487,             11P     64
15842.040781188643,-891.9822747180876,1947.3882355784372,             11P     65
15897.206008654808,-895.1422409514021,1937.4585650666422,             11P     66
15945.13574116096,-895.8625127451899,1930.8833657987998,              11P     67
15998.321638671583,-896.335257325216,1923.62107947285,                11P     68
16049.635387366347,-895.4401986273932,1917.904364177083,              11P     69
16122.052868904608,-894.2617069248747,1909.7430225833593,             11P     70
16194.826472000033,-891.0679602000027,1903.3433788000034,             11P     71
16271.126271999965,-886.1699041999981,1897.9583949999978,             11P     72
16344.932714164306,-880.1144107711102,1893.809423410388,              11P     73
16417.408613085656,-873.0368544854992,1890.736910158867,              11P     74
16588.981088236666,-856.1118918253421,1883.6149106699431,             11P     75
16719.81934546942,-838.0254087937565,1882.778919381524,               11P     76
16893.07868034894,-811.2743665930682,1885.0673895087384,              11P     77
17056.426655780782,-779.969644983627,1894.0208807232796,              11P     78
17211.29591,-747.4340128,1906.0624340000002,0.,1.,0.,1.;              11P     79
126,17,3,0,0,1,0,0.,0.,0.,0.,0.25000043753004314,                     13P     80
0.25000043753004314,0.37500042338478506,0.37500042338478506,          13P     81
0.43750041631215597,0.43750041631215597,0.5625004021668979,           13P     82
0.5625004021668979,0.625000339890205,0.625000339890205,               13P     83
0.7500002265934699,0.7500002265934699,0.8750001132967348,             13P     84
0.8750001132967348,1.,1.,1.,1.,1.,1.,1.,1.,1.,1.,1.,1.,1.,1.,1.,      13P     85
1.,1.,1.,1.,1.,1.,1.,0.,0.,0.,0.08333333333342938,0.,0.,              13P     86
0.1669009155868389,0.00016039837003344122,0.,0.2915349527345099,      13P     87
0.,0.,0.3333333333333273,0.,0.,0.39583333333333237,                   13P     88
2.8124153650328696D-15,0.,0.41666666666666763,                        13P     89
2.1607708139623695D-15,0.,0.47916666666666474,0.,0.,                  13P     90
0.5202063371780955,5.6295756332731825D-5,0.,0.5837403213180957,       13P     91
0.,0.,0.604873505902392,0.,0.,0.6672415207603515,                     13P     92
1.7645561232393683D-5,0.,0.7071772149707327,                          13P     93
1.834326049671736D-5,0.,0.7900166488817589,                           13P     94
4.0287846300909694D-6,0.,0.8348102164885712,                          13P     95
1.606742594959247D-5,0.,0.9177042712888327,1.902216248373818D-5,      13P     96
0.,0.9561576352986025,3.0206106774396703D-5,0.,1.,0.,0.,0.,1.,        13P     97
0.,0.,0.,0,0;                                                         13P     98
126,3,3,0,0,1,0,0.,0.,0.,0.,1.,1.,1.,1.,1.,1.,1.,1.,1.,0.,0.,1.,      15P     99
0.33333333333333326,0.,1.,0.6666666666666666,0.,1.,1.,0.,0.,1.,       15P    100
0.,0.,0.,0,0;                                                         15P    101
126,17,3,0,0,1,0,0.,0.,0.,0.,0.12499980657304217,                     17P    102
0.12499980657304217,0.2499996132255015,0.2499996132255015,            17P    103
0.37499941801178144,0.37499941801178144,0.49999922279806136,          17P    104
0.49999922279806136,0.5624993199483036,0.5624993199483036,            17P    105
0.6874995142487882,0.6874995142487882,0.9374999028497576,             17P    106
0.9374999028497576,1.,1.,1.,1.,1.,1.,1.,1.,1.,1.,1.,1.,1.,1.,1.,      17P    107
1.,1.,1.,1.,1.,1.,1.,1.,1.,0.,0.9561576353073209,1.,0.,               17P    108
0.9177042712886706,1.,0.,0.8348102164908,0.9999985225532777,0.,       17P    109
0.7900166488793894,0.9999928427841553,0.,0.7071772149689788,1.,       17P    110
0.,0.6672415207608206,0.9999870399490217,0.,0.5840841676170548,       17P    111
0.9999517488345573,0.,0.5406091157500561,1.,0.,                       17P    112
0.4793280908314169,0.9999490050600869,0.,0.4583333333333323,          17P    113
0.9999999999999976,0.,0.3958333333333352,1.,0.,                       17P    114
0.35416666666666136,0.9999999999999899,0.,0.22916666666666927,        17P    115
1.,0.,0.14583333333331613,0.9999999999999922,0.,                      17P    116
0.04166666666666804,0.9999999999999988,0.,0.020833333333350544,       17P    117
1.,0.,0.,0.9999999999999998,0.,0.,1.,0.,0.,0.,0,0;                    17P    118
126,3,3,0,0,1,0,0.,0.,0.,0.,1.,1.,1.,1.,1.,1.,1.,1.,0.,               19P    119
0.9999999999999998,0.,0.,0.6666666666666664,0.,0.,                    19P    120
0.33333333333333326,0.,0.,0.,0.,0.,1.,0.,0.,0.,0,0;                   19P    121
102,4,13,15,17,19;                                                    21P    122
126,132,6,0,0,1,0,0.,0.,0.,0.,0.,0.,0.,1.,1.,1.,1.,1.,1.,2.,2.,       23P    123
2.,2.,2.,2.,3.,3.,3.,3.,3.,3.,4.,4.,4.,4.,4.,4.,5.,5.,5.,5.,5.,       23P    124
5.,6.,6.,6.,6.,6.,6.,7.,7.,7.,7.,7.,7.,8.,8.,8.,8.,8.,8.,9.,9.,       23P    125
9.,9.,9.,9.,10.,10.,10.,10.,10.,10.,11.,11.,11.,11.,11.,11.,12.,      23P    126
12.,12.,12.,12.,12.,13.,13.,13.,13.,13.,13.,14.,14.,14.,14.,14.,      23P    127
14.,15.,15.,15.,15.,15.,15.,16.,16.,16.,16.,16.,16.,17.,17.,17.,      23P    128
17.,17.,17.,18.,18.,18.,18.,18.,18.,19.,19.,19.,19.,19.,19.,20.,      23P    129
20.,20.,20.,20.,20.,21.,21.,21.,21.,21.,21.,22.,22.,22.,22.,22.,      23P    130
22.,22.,1.,1.,1.,1.,1.,1.,1.,1.,1.,1.,1.,1.,1.,1.,1.,1.,1.,1.,        23P    131
1.,1.,1.,1.,1.,1.,1.,1.,1.,1.,1.,1.,1.,1.,1.,1.,1.,1.,1.,1.,1.,       23P    132
1.,1.,1.,1.,1.,1.,1.,1.,1.,1.,1.,1.,1.,1.,1.,1.,1.,1.,1.,1.,1.,       23P    133
1.,1.,1.,1.,1.,1.,1.,1.,1.,1.,1.,1.,1.,1.,1.,1.,1.,1.,1.,1.,1.,       23P    134
1.,1.,1.,1.,1.,1.,1.,1.,1.,1.,1.,1.,1.,1.,1.,1.,1.,1.,1.,1.,1.,       23P    135
1.,1.,1.,1.,1.,1.,1.,1.,1.,1.,1.,1.,1.,1.,1.,1.,1.,1.,1.,1.,1.,       23P    136
1.,1.,1.,1.,1.,1.,1.,1.,1.,1.,15640.239418000001,                     23P    137
-667.8527508000012,1934.5247129999989,15640.194058732985,             23P    138
-668.772765538637,1933.5001209349364,15640.43064260131,               23P    139
-669.6867154988138,1932.461102277392,15640.961785130126,              23P    140
-670.5917647611413,1931.4093304975938,15641.764604342985,             23P    141
-671.481161902429,1930.3537591059107,15642.794163629882,              23P    142
-672.3463898834875,1929.3071481985294,15643.99691461527,              23P    143
-673.1793159369324,1928.2825910031333,15645.198388170511,             23P    144
-674.0120376933041,1927.2583638788024,15646.577365795332,             23P    145
-674.8131471942457,1926.2550762034607,15648.071357940069,             23P    146
-675.5730817263802,1925.2881314867573,15649.623044930446,             23P    147
-676.284866928316,1924.3697053664682,15651.180276967565,              23P    148
-676.9441167906459,1923.5087456084952,15652.69607412791,              23P    149
-677.5490336559485,1922.7109721068668,15654.211849679872,             23P    150
-678.153947065013,1921.9132041890366,15655.694867508846,              23P    151
-678.7059152035688,1921.1763804595075,15657.098018041259,             23P    152
-679.2031196768071,1920.5062543150325,15658.40712792896,              23P    153
-679.6507710803302,1919.898176802545,15659.640960049219,              23P    154
-680.061109000152,1919.3370966191578,15660.851213504728,              23P    155
-680.4534020126978,1918.7975601121645,15664.457525138958,             23P    156
-681.6216725998712,1917.190566902718,15667.893116789553,              23P    157
-682.6360381736096,1915.7647172077786,15671.081316379079,             23P    158
-683.5188517445295,1914.5044196667136,15674.09214404821,              23P    159
-684.3077337739023,1913.3624210512735,15677.059744399223,             23P    160
-685.0431595618694,1912.2816012935025,15680.099818739483,             23P    161
-685.7560466356564,1911.2167685136483,15683.704623450973,             23P    162
-686.6013759224616,1909.9541149960894,15687.411135017708,             23P    163
-687.4149812977118,1908.713995704234,15691.41038850721,               23P    164
-688.2481320578897,1907.421554448285,15695.856432853107,              23P    165
-689.1331208462436,1906.0256576070076,15700.662512530846,             23P    166
-690.0526230059788,1904.55269525969,15705.297249233416,               23P    167
-690.90905593345,1903.1603823181022,15708.741313480521,               23P    168
-691.545463463255,1902.1257607235432,15712.089883712648,              23P    169
-692.1469282918348,1901.1358996405497,15715.344477772254,             23P    170
-692.715208611323,1900.1894567978334,15718.511460596816,              23P    171
-693.2525449838562,1899.2838950096025,15721.602044218818,             23P    172
-693.7616603415736,1898.415482175561,15724.632287765753,              23P    173
-694.2457599866168,1897.5792912809086,15731.397432139944,             23P    174
-695.3265471896611,1895.7124519143574,15737.859013595438,             23P    175
-696.28229089272,1894.0069423859482,15744.181608440265,               23P    176
-697.1469109678652,1892.4115384072466,15750.60532873369,              23P    177
-697.9607495524433,1890.856780769669,15757.336491905993,              23P    178
-698.7570254305198,1889.2828681631818,15764.438290378263,             23P    179
-699.5482884143242,1887.667549995005,15768.628962542949,              23P    180
-700.0152066285854,1886.7143622672643,15772.946634786571,             23P    181
-700.4801280320285,1885.7472780008286,15777.4084440984,               23P    182
-700.9461454700681,1884.7606662432386,15782.006241973431,             23P    183
-701.4128631627385,1883.7554725504888,15786.706594412382,             23P    184
-701.8763967046921,1882.7392189870263,15791.450781921694,             23P    185
-702.3293730652007,1881.7260041257525,15809.512429583294,             23P    186
-704.075679698002,1877.8457290887675,15828.191258451505,              23P    187
-705.6161354252796,1874.0681920859054,15847.02970869071,              23P    188
-706.9201006941196,1870.4896609164166,15865.831664959289,             23P    189
-707.9890102690862,1867.1360870702347,15884.568602978692,             23P    190
-708.8426676184743,1863.9907727169768,15903.28573610254,              23P    191
-709.5055393005626,1861.0220376949405,15922.66692166766,              23P    192
-710.1918523400656,1857.948070766947,15942.02471192465,               23P    193
-710.6732727603535,1855.0640841229142,15961.404472823748,             23P    194
-710.9762621629972,1852.3363257644903,15980.9263346133,               23P    195
-711.1311839792411,1849.7167665860982,16000.656175755514,             23P    196
-711.1534667820982,1847.1811282198119,16020.437997710009,             23P    197
-711.0191607088412,1844.7782567838815,16025.31504528617,              23P    198
-710.9869564108792,1844.1847785186812,16030.187766475621,             23P    199
-710.9443895336428,1843.6014909371552,16035.056161278364,             23P    200
-710.8914600771321,1843.0283940393042,16039.920229694399,             23P    201
-710.8281680413473,1842.465487825128,16044.779971723725,              23P    202
-710.7545134262883,1841.9127722946268,16049.635387366347,             23P    203
-710.670496231955,1841.3702474478007,16078.515060119236,              23P    204
-710.1974175825161,1838.1142673557877,16107.547291555657,             23P    205
-709.4163095815856,1835.11669769832,16136.875960926638,               23P    206
-708.3404311020349,1832.3433802572567,16166.483457020375,             23P    207
-706.9902194781073,1829.7743383296202,16196.256988676054,             23P    208
-705.3898152528783,1827.3992481421972,16226.054895297653,             23P    209
-703.5635869257186,1825.212910266142,16243.45380998814,               23P    210
-702.4971313387998,1823.9365437215308,16260.871566490494,             23P    211
-701.3533673022847,1822.7232051885592,16278.287154116882,             23P    212
-700.1362098558632,1821.5721454346624,16295.679562179463,             23P    213
-698.8495740392254,1820.4826152272767,16313.027779990392,             23P    214
-697.4973748920615,1819.453865333838,16330.310796861826,              23P    215
-696.0835274540614,1818.4851465217816,16345.218746685878,             23P    216
-694.8639008809513,1817.6497286476472,16359.95142787299,              23P    217
-693.6090874770192,1816.8665282549575,16374.518967238306,             23P    218
-692.3210304443879,1816.1326895930606,16388.936598965687,             23P    219
-691.0008528066481,1815.4455515580216,16403.22466460771,              23P    220
-689.6488574088585,1814.802647692623,16417.408613085656,              23P    221
-688.2645269175451,1814.2017061863646,16437.746711234562,             23P    222
-686.259320354685,1813.3579206977497,16457.435799955736,              23P    223
-684.2482044692022,1812.603017393691,16476.64402110037,               23P    224
-682.2165721397105,1811.929171370894,16495.518223415696,              23P    225
-680.150732792353,1811.3304607217733,16514.183962545005,              23P    226
-678.037912400802,1810.8028665344539,16532.745501027617,              23P    227
-675.86625348626,1810.3442728927687,16549.063631429337,               23P    228
-673.9570785548442,1809.9411014496634,16565.2328034755,               23P    229
-672.0120314017981,1809.5935623236267,16581.277672691805,             23P    230
-670.0294587470387,1809.300516280321,16597.214553584974,              23P    231
-668.0089540504418,1809.0606842165553,16613.051419642758,             23P    232
-665.9513575118434,1808.8726471602822,16628.78790333391,              23P    233
-663.8587560710388,1808.7348462705997,16649.76986479535,              23P    234
-661.0686264526892,1808.5510984561924,16670.537618777707,             23P    235
-658.2204768093852,1808.456686293751,16691.213719431187,              23P    236
-655.3036876930512,1808.446319502887,16711.897469574043,              23P    237
-652.3079063069787,1808.5174566323085,16732.67342240075,              23P    238
-649.2224228428714,1808.669891737446,16753.619883190226,              23P    239
-646.0355468178894,1808.9053410580761,16764.093029050367,             23P    240
-644.442115719321,1809.023069714105,16774.608669161615,               23P    241
-642.8233497156511,1809.161557038355,16785.17636548594,               23P    242
-641.1778041157179,1809.32102905718,16795.805158184263,               23P    243
-639.5039895241001,1809.501835330546,16806.503565616425,              23P    244
-637.8003718411165,1809.7044489520333,16817.27958434121,              23P    245
-636.0653722628261,1809.9294665488358,16833.443584404675,             23P    246
-633.46287455542,1810.266997278994,16849.92988757527,                 23P    247
-630.7662685609066,1810.658094504712,16866.671076846877,              23P    248
-627.9838949894928,1811.1044542915251,16883.595176285082,             23P    249
-625.125972585511,1811.6063913212454,16900.625651027152,              23P    250
-622.2045981274201,1812.1628388919594,16917.681407282053,             23P    251
-619.2337464278054,1812.77134891803,16934.737315389688,               23P    252
-616.2629113886089,1813.379807370913,16951.820547197545,              23P    253
-613.242345796827,1814.040257396321,16968.849981607345,               23P    254
-610.186165528853,1814.7500734918042,16985.74526626581,               23P    255
-607.1096536191448,1815.5051371781415,17002.426817564632,             23P    256
-604.0292602602235,1816.2998369993406,17018.81582064049,              23P    257
-600.9626028026751,1817.1270685226361,17037.936676506317,             23P    258
-597.3847687822549,1818.0921890411823,17056.69850634988,              23P    259
-593.8185455797357,1819.1036775356924,17075.215832917027,             23P    260
-590.2465809810859,1820.16282690249,17093.60544563993,                23P    261
-586.648809369998,1821.2736438028533,17111.984008525196,              23P    262
-583.003403494265,1822.4422587037814,17130.465668042078,              23P    263
-579.2877262321564,1823.6763359187587,17143.6668890098,               23P    264
-576.6336597201229,1824.5578256122126,17156.920909035158,             23P    265
-573.9437701034694,1825.4726575337756,17170.26936256374,              23P    266
-571.2097117017211,1826.4237131301272,17183.7537667995,               23P    267
-568.4230747823257,1827.4140545789664,17197.415521704712,             23P    268
-565.575385560654,1828.446924789011,17211.29591,-562.6581062,         23P    269
1829.5257474,0.,22.,0.,0.,0.,0,0;                                     23P    270
126,1,1,0,0,1,0,0.,0.,1.,1.,1.,1.,17211.29591,-562.6581062,           25P    271
1829.5257474,17211.29591,-747.4340128,1906.0624340000002,0.,1.,       25P    272
0.,0.,0.,0,0;                                                         25P    273
126,138,6,0,0,1,0,0.,0.,0.,0.,0.,0.,0.,1.,1.,1.,1.,1.,1.,2.,2.,       27P    274
2.,2.,2.,2.,3.,3.,3.,3.,3.,3.,4.,4.,4.,4.,4.,4.,5.,5.,5.,5.,5.,       27P    275
5.,6.,6.,6.,6.,6.,6.,7.,7.,7.,7.,7.,7.,8.,8.,8.,8.,8.,8.,9.,9.,       27P    276
9.,9.,9.,9.,10.,10.,10.,10.,10.,10.,11.,11.,11.,11.,11.,11.,12.,      27P    277
12.,12.,12.,12.,12.,13.,13.,13.,13.,13.,13.,14.,14.,14.,14.,14.,      27P    278
14.,15.,15.,15.,15.,15.,15.,16.,16.,16.,16.,16.,16.,17.,17.,17.,      27P    279
17.,17.,17.,18.,18.,18.,18.,18.,18.,19.,19.,19.,19.,19.,19.,20.,      27P    280
20.,20.,20.,20.,20.,21.,21.,21.,21.,21.,21.,22.,22.,22.,22.,22.,      27P    281
22.,23.,23.,23.,23.,23.,23.,23.,1.,1.,1.,1.,1.,1.,1.,1.,1.,1.,        27P    282
1.,1.,1.,1.,1.,1.,1.,1.,1.,1.,1.,1.,1.,1.,1.,1.,1.,1.,1.,1.,1.,       27P    283
1.,1.,1.,1.,1.,1.,1.,1.,1.,1.,1.,1.,1.,1.,1.,1.,1.,1.,1.,1.,1.,       27P    284
1.,1.,1.,1.,1.,1.,1.,1.,1.,1.,1.,1.,1.,1.,1.,1.,1.,1.,1.,1.,1.,       27P    285
1.,1.,1.,1.,1.,1.,1.,1.,1.,1.,1.,1.,1.,1.,1.,1.,1.,1.,1.,1.,1.,       27P    286
1.,1.,1.,1.,1.,1.,1.,1.,1.,1.,1.,1.,1.,1.,1.,1.,1.,1.,1.,1.,1.,       27P    287
1.,1.,1.,1.,1.,1.,1.,1.,1.,1.,1.,1.,1.,1.,1.,1.,1.,1.,1.,1.,1.,       27P    288
1.,1.,1.,17211.29591,-747.4340128,1906.0624340000002,                 27P    289
17194.63930983567,-750.9333100648947,1904.7673292875024,              27P    290
17178.297951137152,-754.3329111039748,1903.5383689456153,             27P    291
17162.19965919935,-757.6472375614013,1902.3699951088615,              27P    292
17146.273315189275,-760.8910065495448,1901.256424394854,              27P    293
17130.447496451692,-764.0787725843455,1900.1922857205848,             27P    294
17114.64911681472,-767.2244695206749,1899.1732581187134,              27P    295
17098.850688758244,-770.3702160769153,1898.1541889367265,             27P    296
17083.08022208832,-773.4737547488519,1897.1802923002401,              27P    297
17067.26453006077,-776.5493183282967,1896.2469697818756,              27P    298
17051.330531682914,-779.6101159094511,1895.350815819963,              27P    299
17035.205251713553,-782.6683328889042,1894.4896177185399,             27P    300
17018.815820662952,-785.7351309656332,1893.6623556473526,             27P    301
16999.695067846078,-789.3129847685053,1892.6972571255274,             27P    302
16980.176787378554,-792.9094800461219,1891.7764983230186,             27P    303
16960.385167332406,-796.4967963089866,1890.9113023530435,             27P    304
16940.446485275075,-800.0491471910887,1890.110160546616,              27P    305
16920.489108269387,-803.5427804499021,1889.3788324525442,             27P    306
16900.643492873573,-806.955977966386,1888.7203458374306,              27P    307
16886.46658957476,-809.3942365590924,1888.2499479052326,              27P    308
16872.34428572796,-811.7918613226095,1887.8166631840106,              27P    309
16858.322090106438,-814.1413031531242,1887.421517962171,              27P    310
16844.443401052074,-816.4359136567854,1887.0648612476832,             27P    311
16830.74950647535,-818.6699451497032,1886.7463647680795,              27P    312
16817.279583855354,-820.8385506579493,1886.465022970456,              27P    313
16801.115560024453,-823.4408846779185,1886.1274277500597,             27P    314
16785.126143387504,-825.9725292669037,1885.840209765328,              27P    315
16769.2843902213,-828.4388301452927,1885.6013588650035,               27P    316
16753.560655654735,-830.8449069011846,1885.409495275133,              27P    317
16737.922593668816,-833.1956529903895,1885.2638695990645,             27P    318
16722.33515709664,-835.4957357364286,1885.1643628174504,              27P    319
16706.747974164766,-837.7957914468398,1885.0648477364539,             27P    320
16691.210037194738,-840.0452676099812,1885.0115270298998,             27P    321
16675.68741027861,-842.2487243195731,1885.0042397453121,              27P    322
16660.140549138447,-844.4106777747438,1885.043609670907,              27P    323
16644.52430112631,-846.5356002800307,1885.1310453355927,              27P    324
16628.787905224246,-848.6279202453795,1885.2687400089696,             27P    325
16613.051401569257,-850.7202483433247,1885.4064388821268,             27P    326
16597.175186248867,-852.7832069060998,1885.5948580692266,             27P    327
16581.175792257927,-854.8117855545609,1885.835791225289,              27P    328
16565.06135562476,-856.8025733300458,1886.1305329640654,              27P    329
16548.831615411156,-858.7537586943745,1886.4798788580385,             27P    330
16532.4779137124,-860.6651295298491,1886.884125438422,                27P    331
16516.124389190318,-862.5764847746273,1887.2883747668757,             27P    332
16499.64823633089,-864.4478954374024,1887.7475093276817,              27P    333
16483.04051028069,-866.2791848703133,1888.2618555751383,              27P    334
16466.28918768021,-868.0712424486619,1888.8311485444274,              27P    335
16449.379166663817,-869.8260235709133,1889.454531851616,              27P    336
16432.292266859793,-871.5465496586962,1890.1305576936547,             27P    337
16429.85436518035,-871.7920622992012,1890.2269944723143,              27P    338
16427.39938058774,-872.0382620220797,1890.325088870779,               27P    339
16424.927313081967,-872.2851488273318,1890.4248408890485,             27P    340
16422.43816266303,-872.5327227149573,1890.5262505271232,              27P    341
16419.931929330924,-872.7809836849567,1890.629317785003,              27P    342
16417.408613085656,-873.0299317373297,1890.7340426626884,             27P    343
16403.464468462,-874.3916306913168,1891.3251844336828,                27P    344
16389.19130278949,-875.7459106017718,1891.9670958009065,              27P    345
16374.658240301149,-877.0806804635474,1892.6599924547795,             27P    346
16359.942470553662,-878.384547721714,1893.4024851128042,              27P    347
16345.129065549963,-879.6471411898669,1894.191438932422,              27P    348
16330.310796861828,-880.8594339684366,1895.0218329238699,             27P    349
16307.266456383826,-882.7447701049002,1896.3131616624923,             27P    350
16284.107129237189,-884.5199056243505,1897.7120813329984,             27P    351
16260.883500167156,-886.1763494747838,1899.2188139338123,             27P    352
16237.647586381405,-887.7048253465159,1900.834768698594,              27P    353
16214.45273755004,-889.0952716721805,1902.5625420962385,              27P    354
16191.353635805603,-890.3368416267298,1904.4059178308764,             27P    355
16179.802630170494,-890.9576722535103,1905.3277484533296,             27P    356
16168.275359026547,-891.5413317766712,1906.278425648389,              27P    357
16156.775041580067,-892.0865535535042,1907.2588202534992,             27P    358
16145.304897037364,-892.5920709413019,1908.269803106105,              27P    359
16133.868144604745,-893.056617297356,1909.3122450436515,              27P    360
16122.468003488519,-893.4789259789587,1910.3870169035831,             27P    361
16110.229548449532,-893.9322809420216,1911.5408647606146,             27P    362
16098.03729420558,-894.3367403572839,1912.7316724579914,              27P    363
16085.886495865972,-894.6910330290989,1913.9614331220203,             27P    364
16073.772408540026,-894.9938877618199,1915.2321398790077,             27P    365
16061.690287337045,-895.2440333597999,1916.5457858552595,             27P    366
16049.635387366347,-895.4401986273924,1917.9043641770825,             27P    367
16027.966464610323,-895.8181657682183,1920.3184367972272,             27P    368
16006.025539039407,-895.9611394897819,1922.991686009549,              27P    369
15984.293930390317,-895.9436835710546,1925.7750094479577,             27P    370
15962.814206118772,-895.7670419617896,1928.6590153079796,             27P    371
15941.446238736615,-895.3964293398237,1931.6987246904123,             27P    372
15920.123263148973,-894.7983216683818,1934.9382739449798,             27P    373
15898.472215974989,-894.1909168181019,1938.2277880262973,             27P    374
15876.863409321595,-893.3485707786238,1941.7243306853748,             27P    375
15855.218059553199,-892.2352757457469,1945.4763012959875,             27P    376
15833.514633132789,-890.8140264847059,1949.5258776055566,             27P    377
15812.031793046175,-889.0833706696741,1953.836289611528,              27P    378
15791.450781921694,-887.0952320507618,1958.2585288124485,             27P    379
15786.484435135648,-886.621452018976,1959.319295286188,               27P    380
15781.56874835117,-886.1362775987077,1960.3829455887446,              27P    381
15776.774236244633,-885.6486140059706,1961.432451916644,              27P    382
15772.138590091057,-885.1628852421845,1962.4592921893359,             27P    383
15767.666677764097,-884.6790340941748,1963.463450049197,              27P    384
15763.330543736056,-884.1925221341721,1964.453414861527,              27P    385
15756.858230337199,-883.4663829150707,1965.9309738374911,             27P    386
15750.703790643141,-882.7361809444394,1967.3730403299796,             27P    387
15744.807925988014,-881.99103180065,1968.7992451117325,               27P    388
15739.016431182792,-881.2062993543163,1970.2540544524995,             27P    389
15733.151824770832,-880.3525931633278,1971.7884423290916,             27P    390
15727.0849792834,-879.4047658678871,1973.4415626354275,               27P    391
15723.675397160934,-878.8721036576426,1974.3706088894382,             27P    392
15720.210158095982,-878.310950155317,1975.3349447734863,              27P    393
15716.659582347253,-877.7160740272273,1976.3431192735911,             27P    394
15713.000537616652,-877.0825929729913,1977.4023274151068,             27P    395
15709.216439049276,-876.4059737255293,1978.5184102627243,             27P    396
15705.297249233416,-875.6820320510619,1979.6958549204687,             27P    397
15700.842819880403,-874.8591745899457,1981.0341413556941,             27P    398
15696.215795261345,-873.9755020829768,1982.45111896745,               27P    399
15691.875280013774,-873.1146490219624,1983.8112169049286,             27P    400
15687.92089140222,-872.2957701922853,1985.0845985177632,              27P    401
15684.235741339393,-871.4928851574568,1986.3117187070743,             27P    402
15680.62941840737,-870.6542227436669,1987.5678812765148,              27P    403
15677.57623593887,-869.944143052804,1988.6314269629308,               27P    404
15674.580157568402,-869.208325927993,1989.715822038715,               27P    405
15671.524952153944,-868.4148696664447,1990.8673426796092,             27P    406
15668.26499414933,-867.5190380757356,1992.1488377889054,              27P    407
15664.68202579736,-866.4696881090349,1993.6269668408218,              27P    408
15660.851213504728,-865.2288185589521,1995.3340435450332,             27P    409
15659.751773022912,-864.8725710004928,1995.8241077888756,             27P    410
15658.628441824652,-864.49976840406,1996.3341863881205,               27P    411
15657.438853916683,-864.0950357246816,1996.8846753521264,             27P    412
15656.16465122395,-863.6476707998393,1997.4888861114423,              27P    413
15654.811483589614,-863.1516443494681,1998.1530455178097,             27P    414
15653.409008775057,-862.6055999759576,1998.8762958441607,             27P    415
15651.403150495973,-861.8248039729152,1999.9105167767002,             27P    416
15649.292953417102,-860.9412735647323,2001.066363442698,              27P    417
15647.154317710141,-859.9495631508994,2002.3438573304795,             27P    418
15645.136578065833,-858.860038774496,2003.719742924299,               27P    419
15643.42305586399,-857.6935015840264,2005.1566919499128,              27P    420
15642.1481874902,-856.4696514287097,2006.6228879868574,               27P    421
15641.510743869148,-855.8577249445283,2007.3559883334965,             27P    422
15640.98296385022,-855.2314701382338,2008.09640050677,                27P    423
15640.581549670384,-854.5933344016012,2008.8401725271392,             27P    424
15640.320267261548,-853.945713188675,2009.583668445037,               27P    425
15640.206769257367,-853.2905035055244,2010.3243236200312,             27P    426
15640.239418000001,-852.6286574000011,2011.061399999999,0.,23.,       27P    427
0.,0.,0.,0,0;                                                         27P    428
126,1,1,0,0,1,0,0.,0.,1.,1.,1.,1.,15640.239418000001,                 29P    429
-852.6286574000011,2011.061399999999,15640.239418000001,              29P    430
-667.8527508000012,1934.5247129999989,0.,1.,0.,0.,0.,0,0;             29P    431
102,4,23,25,27,29;                                                    31P    432
142,0,11,21,31,1,0,0;                                                 33P    433
406,1,6HJoin.2;                                                       35P    434
144,11,1,0,33,0,1,35;                                                 37P    435
128,10,1,5,1,0,0,1,0,0,0.,0.,0.,0.,0.,0.,1.,1.,1.,1.,1.,2.,2.,        39P    436
2.,2.,2.,2.,0.,0.,1.,1.,1.,1.,1.,1.,1.,1.,1.,1.,1.,1.,1.,1.,1.,       39P    437
1.,1.,1.,1.,1.,1.,1.,1.,1.,17211.29591,-2310.939736,                  39P    438
2553.6877099999997,17109.459009063263,-2305.721041428008,             39P    439
2534.865143780205,17006.09260283364,-2301.835673246729,               39P    440
2518.0220559666336,16904.96533335558,-2298.3302344942826,             39P    441
2505.646704823435,16798.59456619639,-2295.946394207599,               39P    442
2494.6174919073133,16695.482274388884,-2293.999543674001,             39P    443
2487.5565472760563,16616.13075913723,-2292.5151180328107,             39P    444
2482.0684029678623,16536.675474000032,-2291.3203580000045,            39P    445
2478.4882840000027,16456.422177999964,-2290.3261679999973,            39P    446
2476.837141999993,16376.848350000018,-2289.516548000001,              39P    447
2476.975628,16297.324066000001,-2288.716802,2479.0353920000002,       39P    448
17211.29591,-2126.16383,2477.151024,17109.445147649272,               39P    449
-2120.9459386861395,2458.326518519994,17006.064638875647,             39P    450
-2117.06120632467,2441.481895902315,16904.923512473888,               39P    451
-2113.5559679666776,2429.106058688735,16798.538238485922,             39P    452
-2111.1723330880836,2418.076377026967,16695.4119010063,               39P    453
-2109.2251768891406,2411.016178042915,16616.04958091406,              39P    454
-2107.740538459874,2405.5285556781337,16536.58350800004,              39P    455
-2106.545374000003,2401.9494220000056,16456.31938599996,              39P    456
-2105.550635999997,2400.299617999994,16376.734866000006,              39P    457
-2104.74031,2400.4398240000023,16297.2,-2103.939612,2402.501908,      39P    458
0.,2.,0.,1.;                                                          39P    459
126,7,3,0,0,1,0,0.,0.,0.,0.,0.24999999968324285,                      41P    460
0.24999999968324285,0.7499999998944141,0.7499999998944141,1.,1.,      41P    461
1.,1.,1.,1.,1.,1.,1.,1.,1.,1.,0.,0.,0.,0.14742311893312457,0.,        41P    462
0.,0.2943948538845427,0.,0.,0.7355029785936755,                       41P    463
1.0619643500843314D-5,0.,1.039239969038086,                           41P    464
8.013137360287184D-15,0.,1.6156959876152144,0.,0.,                    41P    465
1.8078479938076533,4.361007887592378D-15,0.,2.,0.,0.,0.,1.,0.,        41P    466
0.,0.,0,0;                                                            41P    467
126,3,3,0,0,1,0,0.,0.,0.,0.,1.,1.,1.,1.,1.,1.,1.,1.,2.,0.,0.,2.,      43P    468
0.3333333333333335,0.,2.,0.666666666666667,0.,2.,1.,0.,0.,1.,0.,      43P    469
0.,0.,0,0;                                                            43P    470
126,7,3,0,0,1,0,0.,0.,0.,0.,0.5000000014044628,                       45P    471
0.5000000014044628,0.7500000004851516,0.7500000004851516,1.,1.,       45P    472
1.,1.,1.,1.,1.,1.,1.,1.,1.,1.,2.,1.,0.,1.6156959876152506,1.,0.,      45P    473
1.2306295919046562,0.999979942768788,0.,0.7359941741513731,1.,        45P    474
0.,0.5884669370845861,1.,0.,0.2943948539639588,                       45P    475
0.9999950925925535,0.,0.14742311695177315,0.999971314156595,0.,       45P    476
0.,0.999999999999999,0.,0.,1.,0.,0.,0.,0,0;                           45P    477
126,3,3,0,0,1,0,0.,0.,0.,0.,1.,1.,1.,1.,1.,1.,1.,1.,0.,               47P    478
0.999999999999999,0.,8.622450700666039D-19,0.6666666666666656,        47P    479
0.,1.7247248768569078D-18,0.3333333333333335,0.,0.,0.,0.,0.,1.,       47P    480
0.,0.,0.,0,0;                                                         47P    481
102,4,41,43,45,47;                                                    49P    482
126,25,5,0,0,1,0,0.,0.,0.,0.,0.,0.,1.,1.,1.,1.,1.,2.,2.,2.,2.,        51P    483
2.,3.,3.,3.,3.,3.,4.,4.,4.,4.,4.,5.,5.,5.,5.,5.,5.,1.,1.,1.,1.,       51P    484
1.,1.,1.,1.,1.,1.,1.,1.,1.,1.,1.,1.,1.,1.,1.,1.,1.,1.,1.,1.,1.,       51P    485
1.,17211.29591,-2310.939736,2553.6877099999997,                       51P    486
17166.256532601292,-2308.6316728801635,2545.363047406081,             51P    487
17120.987184879436,-2306.5879065713802,2537.4384453238,               51P    488
17075.78819983058,-2304.72314071412,2530.1212840522717,               51P    489
17030.52793561006,-2303.018798657757,2523.4050578063852,              51P    490
16985.107836568928,-2301.468159731358,2517.2659549794485,             51P    491
16950.294147205725,-2300.27964303872,2512.5604031823063,              51P    492
16915.381722262147,-2299.1815872375814,2508.193226976416,             51P    493
16880.339857168707,-2298.1716348639884,2504.1554299575,               51P    494
16845.147784258996,-2297.251532594826,2500.4299105632044,             51P    495
16809.91576335755,-2296.413295373412,2497.0418897285613,              51P    496
16786.975573244596,-2295.8675230260324,2494.835846258018,             51P    497
16764.019133323312,-2295.3563783461614,2492.7731720220763,            51P    498
16741.074569000077,-2294.8779217582255,2490.8598653680447,            51P    499
16718.19974676366,-2294.427752565566,2489.1121201590017,              51P    500
16695.48227418523,-2293.999008950438,2487.5563257738013,              51P    501
16661.866265034634,-2293.370363913147,2485.231202985004,              51P    502
16628.228266289618,-2292.79345579472,2483.2492109869254,              51P    503
16594.53202892096,-2292.2622813276735,2481.610564320068,              51P    504
16560.78042966516,-2291.7715098695126,2480.3132438276057,             51P    505
16527.015471024428,-2291.3164834027343,2479.352996655387,             51P    506
16481.041813278276,-2290.696895682135,2478.045651267351,              51P    507
16435.020879539738,-2290.1431649020797,2477.3634143498875,            51P    508
16389.02503381714,-2289.64211993548,2477.2991089314705,               51P    509
16343.166318134907,-2289.177820395032,2477.8480286453487,             51P    510
16297.324066000001,-2288.716802,2479.0353920000002,0.,5.,0.,0.,       51P    511
0.,0,0;                                                               51P    512
126,1,1,0,0,1,0,0.,0.,1.,1.,1.,1.,16297.324066000001,                 53P    513
-2288.716802,2479.0353920000002,16297.2,-2103.939612,                 53P    514
2402.501908,0.,1.,0.,0.,0.,0,0;                                       53P    515
126,30,5,0,0,1,0,0.,0.,0.,0.,0.,0.,1.,1.,1.,1.,1.,2.,2.,2.,2.,        55P    516
2.,3.,3.,3.,3.,3.,4.,4.,4.,4.,4.,5.,5.,5.,5.,5.,6.,6.,6.,6.,6.,       55P    517
6.,1.,1.,1.,1.,1.,1.,1.,1.,1.,1.,1.,1.,1.,1.,1.,1.,1.,1.,1.,1.,       55P    518
1.,1.,1.,1.,1.,1.,1.,1.,1.,1.,1.,16297.2,-2103.939612,                55P    519
2402.501908,16337.9540921271,-2104.349894034372,                      55P    520
2401.445284963305,16378.739176208968,-2104.7631036291054,             55P    521
2400.8928953756067,16419.632771419303,-2105.2026049753536,            55P    522
2400.82803277346,16460.567104015096,-2105.6809067015624,              55P    523
2401.251920217328,16501.479763630316,-2106.2076134071594,             55P    524
2402.1686286683967,16540.38342485433,-2106.708458592528,              55P    525
2403.040317527917,16579.267600022853,-2107.2530802813963,             55P    526
2404.3576008308974,16618.07884325388,-2107.8497569824694,             55P    527
2406.123945749011,16656.76886285663,-2108.5044483061097,              55P    528
2408.345052537486,16695.4119017362,-2109.2270933303644,               55P    529
2411.016971903673,16707.511708224032,-2109.454350430406,              55P    530
2411.8480157796425,16719.635743050665,-2109.68895110954,              55P    531
2412.727921154379,16731.784006216105,-2109.9308953677664,             55P    532
2413.656688027883,16743.95649772035,-2110.180183205086,               55P    533
2414.634316400154,16756.153217563406,-2110.4368146214983,             55P    534
2415.660806271193,16779.071045640412,-2110.9208972505558,             55P    535
2417.585576079039,16802.05820346906,-2111.435956174563,               55P    536
2419.6708434216825,16825.05433746415,-2111.985932900031,              55P    537
2421.9022408221654,16848.022969195943,-2112.5728921213736,            55P    538
2424.272829007319,16870.951495390138,-2113.19702172091,               55P    539
2426.7830969077672,16893.881877110238,-2113.8211349308185,            55P    540
2429.2935505081523,16916.763763807307,-2114.482850181292,             55P    541
2431.9417655868565,16939.59300865321,-2115.1822750450992,             55P    542
2434.729097882597,16962.365464819803,-2115.9195170950074,             55P    543
2437.6569031340923,16985.07698547894,-2116.694683903784,              55P    544
2440.72653708006,17030.50340223488,-2118.245018658318,                55P    545
2446.8660464524623,17075.76953573456,-2119.950455054499,              55P    546
2453.583147005105,17120.975085665257,-2121.81609783522,               55P    547
2460.9016584630376,17166.250289216725,-2123.859320872188,             55P    548
2468.8267617709753,17211.29591,-2126.16383,2477.1510240000002,        55P    549
0.,6.,0.,0.,0.,0,0;                                                   55P    550
126,1,1,0,0,1,0,0.,0.,1.,1.,1.,1.,17211.29591,-2126.16383,            57P    551
2477.1510240000002,17211.29591,-2310.939736,2553.6877099999997,       57P    552
0.,1.,0.,0.,0.,0,0;                                                   57P    553
102,4,51,53,55,57;                                                    59P    554
142,0,39,49,59,1,0,0;                                                 61P    555
406,1,6HJoin.2;                                                       63P    556
144,39,1,0,61,0,1,63;                                                 65P    557
128,1,1,1,1,0,0,1,0,0,0.,0.,1.,1.,0.,0.,1.,1.,1.,1.,1.,1.,            67P    558
19204.923076,-2624.44255732403,2695.9999994178124,19204.923076,       67P    559
-2575.5574426759686,2695.9999994178124,19204.923076,                  67P    560
-2624.44255732403,2744.0000004548538,19204.923076,                    67P    561
-2575.5574426759695,2744.0000004548538,0.,1.,0.,1.;                   67P    562
126,13,3,0,0,1,0,0.,0.,0.,0.,0.24405780225340304,                     69P    563
0.24405780225340304,0.4881156045068061,0.4881156045068061,            69P    564
0.6160867033801048,0.6160867033801048,0.7440578022534033,             69P    565
0.7440578022534033,0.8720289011267017,0.8720289011267017,1.,1.,       69P    566
1.,1.,1.,1.,1.,1.,1.,1.,1.,1.,1.,1.,1.,1.,1.,1.,                      69P    567
0.49999999999999983,0.,0.,0.6323592258375632,0.,0.,                   69P    568
0.7528023446115688,0.053436892824490684,0.,0.9297332540750901,        69P    569
0.2276725581670487,0.,0.9862210447646061,0.34847133068511604,0.,      69P    570
0.9930022108248927,0.5538371567217713,0.,0.9808522009387829,          69P    571
0.6214584969170054,0.,0.9331027289297323,0.7448501925220183,0.,       69P    572
0.8975032668067912,0.8006205479317968,0.,0.8083706506428696,          69P    573
0.8945007420889789,0.,0.7548374966018891,0.932610580836382,0.,        69P    574
0.6353532569206815,0.9853602097918925,0.,0.5694021712804542,          69P    575
1.0000000000000004,0.,0.49999999999999983,1.0000000000000004,0.,      69P    576
0.,0.9999999999999987,0.,0.,0.,0,0;                                   69P    577
126,13,3,0,0,1,0,0.,0.,0.,0.,0.12797109887329905,                     71P    578
0.12797109887329905,0.2559421977465981,0.2559421977465981,            71P    579
0.38391329661989676,0.38391329661989676,0.5118843954931955,           71P    580
0.5118843954931955,0.7559421977465978,0.7559421977465978,1.,1.,       71P    581
1.,1.,1.,1.,1.,1.,1.,1.,1.,1.,1.,1.,1.,1.,1.,1.,                      71P    582
0.49999999999999983,1.0000000000000004,0.,0.4305978287195455,         71P    583
1.0000000000000004,0.,0.3646467430793181,0.9853602097918925,0.,       71P    584
0.24516250339811058,0.932610580836382,0.,0.19162934935713022,         71P    585
0.8945007420889789,0.,0.10249673319320865,0.8006205479317972,0.,      71P    586
0.06689727107026751,0.7448501925220185,0.,0.0191477990612168,         71P    587
0.6214584969170054,0.,0.006997789175107216,0.5538371567217713,        71P    588
0.,0.01377895523539349,0.34847133068511627,0.,                        71P    589
0.0702667459249093,0.22767255816704893,0.,0.2471976553884307,         71P    590
0.05343689282449087,0.,0.36764077416243623,                           71P    591
9.251858538542974D-17,0.,0.49999999999999983,                         71P    592
9.251858538542974D-17,0.,0.,1.,0.,0.,0.,0,0;                          71P    593
102,2,69,71;                                                          73P    594
126,24,3,0,0,1,0,0.,0.,0.,0.,1.,1.,1.,2.,2.,2.,3.,3.,3.,4.,4.,        75P    595
4.,5.,5.,5.,6.,6.,6.,7.,7.,7.,8.,8.,8.,8.,1.,1.,1.,1.,1.,1.,1.,       75P    596
1.,1.,1.,1.,1.,1.,1.,1.,1.,1.,1.,1.,1.,1.,1.,1.,1.,1.,                75P    597
19204.923076,-2599.9999999999995,2695.9999994178124,                  75P    598
19204.92307599999,-2596.7648020350975,2695.999999417811,              75P    599
19204.923075999985,-2593.675234135194,2696.6412421455607,             75P    600
19204.923076,-2590.8538852393876,2697.8051918806286,                  75P    601
19204.923076,-2588.032536343584,2698.9691416156984,19204.923076,      75P    602
-2585.4794064518874,2700.655798358085,19204.923075999995,             75P    603
-2583.3170845034088,2702.7466263873703,19204.923076000003,            75P    604
-2581.1547625549324,2704.837454416654,19204.923076,                   75P    605
-2579.383248549674,2707.3324537328303,19204.923076000003,             75P    606
-2578.1251314267543,2710.1130886154733,19204.923076000006,            75P    607
-2576.867014303833,2712.8937234981177,19204.923076,                   75P    608
-2576.122294063247,2715.9599939472246,19204.923076,                   75P    609
-2576.0135596441132,2719.1933642423746,19204.92307599999,             75P    610
-2575.8995304020764,2722.5841835148085,19204.923076000006,            75P    611
-2576.4934850283344,2725.8300079143078,19204.923076,                  75P    612
-2577.6606042351086,2728.7914086728083,19204.92307599999,             75P    613
-2578.827723441881,2731.752809431309,19204.923076000006,              75P    614
-2580.5680072291707,2734.4297865488156,19204.923076,                  75P    615
-2582.7466363091985,2736.682911257267,19204.923076000006,             75P    616
-2584.925265389226,2738.936035965717,19204.923075999992,              75P    617
-2587.5422397619914,2740.765308265115,19204.923076,                   75P    618
-2590.462740139718,2742.0312993873986,19204.923076,                   75P    619
-2593.3832405174426,2743.297290509683,19204.923076,                   75P    620
-2596.6072669001314,2744.000000454854,19204.923076,-2600.,            75P    621
2744.0000004548538,0.,8.,0.,0.,0.,0,0;                                75P    622
126,24,3,0,0,1,0,0.,0.,0.,0.,1.,1.,1.,2.,2.,2.,3.,3.,3.,4.,4.,        77P    623
4.,5.,5.,5.,6.,6.,6.,7.,7.,7.,8.,8.,8.,8.,1.,1.,1.,1.,1.,1.,1.,       77P    624
1.,1.,1.,1.,1.,1.,1.,1.,1.,1.,1.,1.,1.,1.,1.,1.,1.,1.,                77P    625
19204.923076,-2600.,2744.0000004548538,19204.923076,                  77P    626
-2603.3927330998677,2744.0000004548538,19204.923075999995,            77P    627
-2606.6167594825565,2743.2972905096813,19204.923076,                  77P    628
-2609.5372598602817,2742.0312993873986,19204.923076,                  77P    629
-2612.4577602380064,2740.7653082651136,19204.923075999995,            77P    630
-2615.0747346107746,2738.9360359657194,19204.923076,                  77P    631
-2617.253363690801,2736.6829112572664,19204.92307599999,              77P    632
-2619.4319927708293,2734.429786548815,19204.923076,                   77P    633
-2621.172276558115,2731.7528094313093,19204.923076,                   77P    634
-2622.3393957648914,2728.7914086728083,19204.923076000014,            77P    635
-2623.5065149716656,2725.8300079143087,19204.923075999992,            77P    636
-2624.100469597921,2722.584183514808,19204.923076,                    77P    637
-2623.986440355886,2719.193364242375,19204.923076000003,              77P    638
-2623.8777059367544,2715.959993947226,19204.923075999992,             77P    639
-2623.132985696164,2712.8937234981167,19204.923076,                   77P    640
-2621.8748685732453,2710.1130886154733,19204.923076000014,            77P    641
-2620.6167514503263,2707.332453732832,19204.923075999985,             77P    642
-2618.8452374450644,2704.8374544166504,19204.923076000003,            77P    643
-2616.68291549659,2702.7466263873707,19204.923075999992,              77P    644
-2614.5205935481126,2700.655798358087,19204.923076000006,             77P    645
-2611.967463656413,2698.969141615698,19204.923076,                    77P    646
-2609.146114760611,2697.805191880629,19204.923075999995,              77P    647
-2606.3247658648042,2696.6412421455607,19204.923075999992,            77P    648
-2603.2351979649,2695.9999994178115,19204.923076,                     77P    649
-2599.9999999999995,2695.9999994178124,0.,8.,0.,0.,0.,0,0;            77P    650
102,2,75,77;                                                          79P    651
142,0,67,73,79,1,0,0;                                                 81P    652
406,1,19Hspinner wt scale lh;                                         83P    653
144,67,1,0,81,0,1,83;                                                 85P    654
128,35,1,5,1,0,0,1,0,0,0.,0.,0.,0.,0.,0.,0.19992634109097696,         87P    655
0.19992634109097696,0.19992634109097696,0.19992634109097696,          87P    656
0.19992634109097696,0.49715204960267073,0.49715204960267073,          87P    657
0.49715204960267073,0.49715204960267073,0.49715204960267073,          87P    658
0.7935224547122786,0.7935224547122786,0.7935224547122786,             87P    659
0.7935224547122786,0.7935224547122786,0.89326456221959,               87P    660
0.89326456221959,0.89326456221959,0.89326456221959,                   87P    661
0.89326456221959,0.9439366103017186,0.9439366103017186,               87P    662
0.9439366103017186,0.9439366103017186,0.9439366103017186,             87P    663
0.969882662519824,0.969882662519824,0.969882662519824,                87P    664
0.969882662519824,0.969882662519824,1.,1.,1.,1.,1.,1.,0.,0.,1.,       87P    665
1.,1.,1.,1.,1.,1.,1.,1.,1.,1.,1.,1.,1.,1.,1.,1.,1.,1.,1.,1.,1.,       87P    666
1.,1.,1.,1.,1.,1.,1.,1.,1.,1.,1.,1.,1.,1.,1.,1.,1.,1.,1.,1.,1.,       87P    667
1.,1.,1.,1.,1.,1.,1.,1.,1.,1.,1.,1.,1.,1.,1.,1.,1.,1.,1.,1.,1.,       87P    668
1.,1.,1.,1.,1.,1.,1.,1.,1.,1.,17211.295909999997,-2126.16383,         87P    669
2477.151024,17148.3261858844,-2129.8200935061864,                     87P    670
2468.324023797857,17085.244256155955,-2133.195277557159,              87P    671
2460.175599177642,17022.052621713636,-2136.272656008331,              87P    672
2452.7461634335527,16958.72769136531,-2138.8884335728967,             87P    673
2446.431109053936,16895.315770153444,-2141.204419251724,              87P    674
2440.83982897211,16801.048664219943,-2144.6285255466646,              87P    675
2432.5733071793575,16706.52817951393,-2147.378184349696,              87P    676
2425.9350403675517,16612.202679947623,-2149.1378519915306,            87P    677
2421.686830764176,16517.125003646222,-2150.0022641015184,             87P    678
2419.599950343349,16422.603611075192,-2149.9788144517415,             87P    679
2419.656565051444,16328.22396077603,-2149.9585217697895,              87P    680
2419.705555657161,16234.663491269423,-2149.013825562948,              87P    681
2421.9862459783776,16137.063058109248,-2147.1985640669277,            87P    682
2426.368687313327,16047.0640049611,-2144.255726784147,                87P    683
2433.473319193761,15951.66961910888,-2139.266938291762,               87P    684
2445.5173208005185,15919.984452364992,-2137.6111671234185,            87P    685
2449.5147084184573,15887.622240731114,-2135.679805878512,             87P    686
2454.1774192493535,15858.379316326642,-2133.7769028485072,            87P    687
2458.7714417370466,15827.086985467622,-2131.319699733612,             87P    688
2464.703653522026,15795.347439402538,-2128.509462438588,              87P    689
2471.4881660135256,15779.381727589123,-2127.102161437405,             87P    690
2474.885689442685,15762.84402461024,-2125.524097013965,               87P    691
2478.6954787261625,15749.01215988425,-2124.2371499539395,             87P    692
2481.802435138027,15733.83717383656,-2122.5546024047935,              87P    693
2485.864469142055,15717.427754041635,-2120.4852567870325,             87P    694
2490.8603117399252,15709.075400312471,-2119.4331357868105,            87P    695
2493.400356353185,15700.568120000025,-2118.3048379999996,             87P    696
2496.124306000007,15692.269459999952,-2117.1537419999963,             87P    697
2498.9032999999936,15685.394550552832,-2116.165655429815,             87P    698
2501.2887520608724,15678.595747417157,-2115.0722586308843,            87P    699
2503.9284454007407,15670.384120897048,-2113.770237788572,             87P    700
2507.0718004390856,15664.41396029448,-2112.5459801175107,             87P    701
2510.0274291231526,15649.722699060716,-2110.0704940635515,            87P    702
2516.003765408102,15639.770197384942,-2107.1761401059885,             87P    703
2522.991364644697,15640.239418000001,-2104.446488,2529.581322,        87P    704
17211.295909999997,-747.4340128000001,1906.062434,                    87P    705
17148.3261858844,-751.0902752704417,1897.235434371406,                87P    706
17085.244256155955,-754.4654641047734,1889.0870089486443,             87P    707
17022.052621713636,-757.5428358253612,1881.6575758880242,             87P    708
16958.72769136531,-760.1586177618915,1875.3425198916432,              87P    709
16895.315770153444,-762.4746018505958,1869.7512396717354,             87P    710
16801.048664219943,-765.8987071024814,1861.4847187099763,             87P    711
16706.52817951393,-768.648367442551,1854.84645029861,                 87P    712
16612.202679947623,-770.4080332618421,1850.5982420840235,             87P    713
16517.125003646222,-771.2724475088751,1848.511361391843,              87P    714
16422.603611075192,-771.248997151855,1848.5679755513308,              87P    715
16328.22396077603,-771.2287047082295,1848.6169661178724,              87P    716
16234.663491269423,-770.2840118905187,1850.8976551681133,             87P    717
16137.063058109248,-768.4687438239473,1855.2801017136512,             87P    718
16047.0640049611,-765.5259107028422,1862.3847281840772,               87P    719
15951.66961910888,-760.5371209596705,1874.4287322224636,              87P    720
15919.984452364992,-758.8813487443249,1878.426119976681,              87P    721
15887.622240731114,-756.9499910776249,1883.0888298209359,             87P    722
15858.379316326642,-755.047085455966,1887.6828508276953,              87P    723
15827.086985467622,-752.5898816027382,1893.6150653302166,             87P    724
15795.347439402538,-749.7796451481909,1900.3995761039273,             87P    725
15779.381727589123,-748.3723451469682,1903.7970987449514,             87P    726
15762.84402461024,-746.7942776060752,1907.6068913609042,              87P    727
15749.01215988425,-745.5073347070763,1910.7138456115729,              87P    728
15733.83717383656,-743.8247848424508,1914.775880954789,               87P    729
15717.427754041635,-741.7554393343187,1919.771722743647,              87P    730
15709.075400312471,-740.7033184784743,1922.311767153185,              87P    731
15700.568120000025,-739.5750216000008,1925.0357168000023,             87P    732
15692.269459999952,-738.423924199999,1927.8147117999965,              87P    733
15685.394550552832,-737.4358376298155,1930.2001637292078,             87P    734
15678.595747417157,-736.3424411775906,1932.839856330678,              87P    735
15670.384120897048,-735.0404217765441,1935.983209472392,              87P    736
15664.41396029448,-733.8161581553318,1938.9388424857427,              87P    737
15649.722699060716,-731.3406809848544,1944.9151741827309,             87P    738
15639.770197384942,-728.4463216830986,1951.9027750609193,             87P    739
15640.239418000001,-725.7166714,1958.4927336,0.,1.,0.,1.;             87P    740
126,3,3,0,0,1,0,0.,0.,0.,0.,1.,1.,1.,1.,1.,1.,1.,1.,1.,               89P    741
0.009562189876331818,0.,1.,0.30902481589455566,0.,1.,                 89P    742
0.6084874419127797,0.,1.,0.9079500679310036,0.,0.,1.,0.,0.,0.,0,      89P    743
0;                                                                    89P    744
126,11,3,0,0,1,0,0.,0.,0.,0.,0.042560193227152474,                    91P    745
0.042560193227152474,0.12020717206176591,0.12020717206176591,         91P    746
0.2939150583432261,0.2939150583432261,0.6063030586984535,             91P    747
0.6063030586984535,1.,1.,1.,1.,1.,1.,1.,1.,1.,1.,1.,1.,1.,1.,1.,      91P    748
1.,1.,0.9079500679310036,0.,0.9865351005314172,                       91P    749
0.9041752320374729,0.,0.9781540288870344,0.903466086389981,0.,        91P    750
0.9388943201950793,0.9008331882005243,0.,0.9257405395063499,          91P    751
0.900417140003317,0.,0.8413584866135249,0.899661664575587,0.,         91P    752
0.7813295537081377,0.9021565504756299,0.,0.6190282787327649,          91P    753
0.9125346595244201,0.,0.505072892160052,0.9247805055557399,0.,        91P    754
0.26966022755270497,0.9553288360203984,0.,0.13156970173667173,        91P    755
0.9771719476438431,0.,0.,0.9999999999999999,0.,0.,1.,0.,0.,0.,0,      91P    756
0;                                                                    91P    757
126,3,3,0,0,1,0,0.,0.,0.,0.,1.,1.,1.,1.,1.,1.,1.,1.,0.,               93P    758
0.9999999999999999,0.,7.174034896341545D-18,0.6666666666666666,       93P    759
0.,0.,0.3333333333333333,0.,0.,0.,0.,0.,1.,0.,0.,0.,0,0;              93P    760
126,5,3,0,0,1,0,0.,0.,0.,0.,0.9200376487457098,                       95P    761
0.9200376487457098,1.,1.,1.,1.,1.,1.,1.,1.,1.,1.,0.,0.,0.,            95P    762
0.17153833080843134,0.02135936620818544,0.,0.34471927042088063,       95P    763
0.03140808350559621,0.,0.5437765290949855,0.03285995480701057,        95P    764
0.,0.5597998665307596,0.0329119197372993,0.,0.5759250934111071,       95P    765
0.0329012187609066,0.,0.,1.,0.,0.,0.,0,0;                             95P    766
126,13,3,0,0,1,0,0.,0.,0.,0.,0.5181640334008092,                      97P    767
0.5181640334008092,0.7206078011092665,0.7206078011092665,             97P    768
0.7968833134720966,0.7968833134720966,0.8919757217679006,             97P    769
0.8919757217679006,0.9782663100565446,0.9782663100565446,1.,1.,       97P    770
1.,1.,1.,1.,1.,1.,1.,1.,1.,1.,1.,1.,1.,1.,1.,1.,                      97P    771
0.5759250934111071,0.0329012187609066,0.,0.6479574204392771,          97P    772
0.03285340866270214,0.,0.728582812733297,0.03197518905604362,0.,      97P    773
0.8289939779457609,0.027567269532023056,0.,0.8603076606322441,        97P    774
0.02584176226833738,0.,0.8992183596504273,0.02267228049356701,        97P    775
0.,0.9187038724388661,0.020940518050065644,0.,                        97P    776
0.9438130628250191,0.018349301373410065,0.,0.9497291558270679,        97P    777
0.017402787711486633,0.,0.976619413047176,0.014019739320264454,       97P    778
0.,0.9790224351899041,0.013780575369984146,0.,                        97P    779
0.9929031373217521,0.010822326788470865,0.,0.9962744918047952,        97P    780
0.010088149333091125,0.,1.,0.009562189876331818,0.,0.,1.,0.,0.,       97P    781
0.,0,0;                                                               97P    782
102,5,89,91,93,95,97;                                                 99P    783
126,1,1,0,0,1,0,0.,0.,1.,1.,1.,1.,15640.239418000001,                101P    784
-2091.2628117055106,2524.1204644815125,15640.239418000001,           101P    785
-852.6286573595298,2011.061399367599,0.,1.,0.,0.,0.,0,0;             101P    786
126,114,6,0,0,1,0,0.,0.,0.,0.,0.,0.,0.,1.,1.,1.,1.,1.,1.,2.,2.,      103P    787
2.,2.,2.,2.,3.,3.,3.,3.,3.,3.,4.,4.,4.,4.,4.,4.,5.,5.,5.,5.,5.,      103P    788
5.,6.,6.,6.,6.,6.,6.,7.,7.,7.,7.,7.,7.,8.,8.,8.,8.,8.,8.,9.,9.,      103P    789
9.,9.,9.,9.,10.,10.,10.,10.,10.,10.,11.,11.,11.,11.,11.,11.,12.,     103P    790
12.,12.,12.,12.,12.,13.,13.,13.,13.,13.,13.,14.,14.,14.,14.,14.,     103P    791
14.,15.,15.,15.,15.,15.,15.,16.,16.,16.,16.,16.,16.,17.,17.,17.,     103P    792
17.,17.,17.,18.,18.,18.,18.,18.,18.,19.,19.,19.,19.,19.,19.,19.,     103P    793
1.,1.,1.,1.,1.,1.,1.,1.,1.,1.,1.,1.,1.,1.,1.,1.,1.,1.,1.,1.,1.,      103P    794
1.,1.,1.,1.,1.,1.,1.,1.,1.,1.,1.,1.,1.,1.,1.,1.,1.,1.,1.,1.,1.,      103P    795
1.,1.,1.,1.,1.,1.,1.,1.,1.,1.,1.,1.,1.,1.,1.,1.,1.,1.,1.,1.,1.,      103P    796
1.,1.,1.,1.,1.,1.,1.,1.,1.,1.,1.,1.,1.,1.,1.,1.,1.,1.,1.,1.,1.,      103P    797
1.,1.,1.,1.,1.,1.,1.,1.,1.,1.,1.,1.,1.,1.,1.,1.,1.,1.,1.,1.,1.,      103P    798
1.,1.,1.,1.,1.,1.,1.,1.,1.,1.,15640.239418000001,                    103P    799
-852.6286573595298,2011.061399367599,15640.108163652558,             103P    800
-854.0419481220047,2009.4894749648015,15640.763802135645,            103P    801
-855.3859745175496,2007.935330963293,15641.985098779303,             103P    802
-856.655116832291,2006.4225540475568,15643.59950658297,              103P    803
-857.8476610852663,2004.9653016049015,15645.477455007602,            103P    804
-858.9646545675138,2003.571064709238,15647.526638767778,             103P    805
-860.0087613811634,2002.2434311048585,15650.258790839867,            103P    806
-861.4009175942336,2000.4732196617438,15653.292958912114,            103P    807
-862.6633692187863,1998.8217237856923,15656.408869409974,            103P    808
-863.8028324492647,1997.29647896572,15659.478541842953,              103P    809
-864.8297356442608,1995.8960587200677,15662.438425144286,            103P    810
-865.7572033095266,1994.612527486728,15665.261534010637,             103P    811
-866.6000400809844,1993.4338935139742,15667.607832280728,            103P    812
-867.3024775834613,1992.4526949988126,15669.893147960265,            103P    813
-867.9496125672374,1991.5357396584616,15672.059072083239,            103P    814
-868.5453978619003,1990.6872965679534,15674.136485147936,            103P    815
-869.1024251595863,1989.8907787491087,15676.245557116947,            103P    816
-869.6419250149816,1989.1087431705357,15678.595747417157,            103P    817
-870.1937668453213,1988.2828907476307,15679.744253488496,            103P    818
-870.4675351898214,1987.873913441384,15680.91532527246,              103P    819
-870.7405174162009,1987.4633632871783,15682.115775578457,            103P    820
-871.0143778695262,1987.0489233063226,15683.3524172159,              103P    821
-871.2907808948644,1986.6282765201263,15684.632062994198,            103P    822
-871.5713908372825,1986.1991059498991,15685.961525722762,            103P    823
-871.857872041847,1985.7590946169507,15691.259583139756,             103P    824
-872.9995643155839,1984.0058096499288,15696.579331005532,            103P    825
-874.0685856517542,1982.3363034018719,15702.025957846592,            103P    826
-875.1060768375229,1980.657199019074,15707.334901154454,             103P    827
-876.0765139559151,1979.060204721887,15712.482471733856,             103P    828
-876.9820927528419,1977.5459652511477,15717.427754041635,            103P    829
-877.8184828814528,1976.1308806948655,15720.678976698728,            103P    830
-878.367978157015,1975.1988239022785,15723.824173679284,             103P    831
-878.8851518633252,1974.3158473559113,15726.882328686464,            103P    832
-879.3736288436298,1973.474856000731,15729.873582533695,             103P    833
-879.8370139203049,1972.668803107632,15732.819233144655,             103P    834
-880.2788918948554,1971.8906902734352,15735.741735553289,            103P    835
-880.7028275479156,1971.1335674208904,15740.056589942049,            103P    836
-881.328716222974,1970.015817369515,15744.320098788203,              103P    837
-881.9154369088781,1968.9439501862394,15748.601593296986,            103P    838
-882.4739310654878,1967.896882109097,15752.973982055395,             103P    839
-883.0150238603615,1966.8538101211166,15757.513751032177,            103P    840
-883.5494241687547,1965.7942119503195,15762.300963577825,            103P    841
-884.0877245736214,1964.6978460697235,15765.720095429986,            103P    842
-884.4721911981875,1963.9148088578647,15769.265752597435,            103P    843
-884.8587217834956,1963.11283367991,15772.964046951005,              103P    844
-885.2507567087191,1962.2855575986537,15776.845117338395,            103P    845
-885.6522382511257,1961.4254059825298,15780.929732685863,            103P    846
-886.0656155149952,1960.5284090490072,15785.215895099918,            103P    847
-886.4898493605374,1959.5990184079824,15786.904485817024,            103P    848
-886.6518258982996,1959.2374076982708,15788.593076534127,            103P    849
-886.8138024360619,1958.8757969885592,15790.281667251227,            103P    850
-886.975778973824,1958.5141862788473,15791.970257968333,             103P    851
-887.1377555115862,1958.1525755691355,15793.658848685434,            103P    852
-887.2997320493484,1957.7909648594236,15795.347439402538,            103P    853
-887.4617085871105,1957.429354149712,15809.142037403073,             103P    854
-888.7452086307749,1954.506413694159,15822.900049641996,             103P    855
-889.896989711049,1951.6988153031125,15836.497673870488,             103P    856
-890.9044088912551,1949.0462680565142,15849.979439407532,            103P    857
-891.7744626384317,1946.5410674574928,15863.45844630207,             103P    858
-892.5232941591703,1944.153426886893,15877.016604495147,             103P    859
-893.1657007354538,1941.856809057803,15889.237028417523,             103P    860
-893.7446907740834,1939.7868422405736,15901.52033438308,             103P    861
-894.2370532414902,1937.7912166767144,15913.924139670924,            103P    862
-894.6533456754953,1935.851171796333,15926.480508523044,             103P    863
-895.0026866834856,1933.9514208986545,15939.132317212041,            103P    864
-895.2859497491659,1932.0965827087364,15951.66961910888,             103P    865
-895.4889570393115,1930.3276129341843,15970.629558805886,            103P    866
-895.8056710240913,1927.6542724430385,15989.358171350897,            103P    867
-895.9583735116435,1925.1365644462621,16007.923525214628,            103P    868
-895.9606682502953,1922.764013735199,16026.370838753146,             103P    869
-895.8257821302761,1920.527054930902,16044.722480207873,             103P    870
-895.5665651837166,1918.4170324841334,16062.977967705585,            103P    871
-895.1954905846497,1916.4262006753631,16093.820385619427,            103P    872
-894.5686128158566,1913.0630295865294,16125.11266278771,             103P    873
-893.5838839141757,1909.9521845549175,16156.89754859862,             103P    874
-892.2655486231517,1907.079418763899,16189.087758269012,             103P    875
-890.6378129297718,1904.4305790383833,16221.533441315247,            103P    876
-888.7236160819692,1901.9945703978826,16254.089650024043,            103P    877
-886.543402606129,1899.7663206095785,16282.205947624374,             103P    878
-884.6605345578041,1897.8419475261983,16310.405584021639,            103P    879
-882.5792833034877,1896.0724755838423,16338.597381962994,            103P    880
-880.3129353534182,1894.4543532960524,16366.700034458892,            103P    881
-877.8735211961317,1892.9870614532483,16394.68236888351,             103P    882
-875.2720132006496,1891.6726353232048,16422.603611075192,            103P    883
-872.518523518668,1890.5151868515331,16448.53164921267,              103P    884
-869.9589806874455,1889.4369238876661,16474.384835867604,            103P    885
-867.2712294239244,1888.4866611520422,16500.099066506573,            103P    886
-864.4640461806779,1887.6661445236077,16525.616874097526,            103P    887
-861.5469085105116,1886.9754272904597,16550.88742910976,             103P    888
-858.5299950664632,1886.4128701498453,16575.866539513932,            103P    889
-855.4241856018025,1885.9751412081616,16606.356502066526,            103P    890
-851.6331724172875,1885.4408082535615,16637.018678898068,            103P    891
-847.6369524158804,1885.0827508545553,16667.81962493976,             103P    892
-843.4399974610084,1884.9086784119422,16698.733947160847,            103P    893
-839.0477905596535,1884.9238592222734,16729.739228724517,            103P    894
-834.4677088308713,1885.128988780881,16760.81095314377,              103P    895
-829.709906474308,1885.518058084902,16783.176596961537,              103P    896
-826.2852028247564,1885.7981284657562,16805.576351843418,            103P    897
-822.7684470459913,1886.173432597409,16828.001512309715,             103P    898
-819.1633533601919,1886.6419050939285,16850.44159939642,             103P    899
-815.4745124530743,1887.1993645879725,16872.88436065521,             103P    900
-811.7073914738917,1887.8395137307887,16895.315770153444,            103P    901
-807.8683340354333,1888.5539391922143,16921.85682795104,             103P    902
-803.3209042275786,1889.4120861700326,16948.38583468426,             103P    903
-798.673779060631,1890.3717891461606,16974.883621679055,             103P    904
-793.9212950731198,1891.4581507248256,17001.332580150196,            103P    905
-789.0649821548363,1892.6789072396468,17027.716153993744,            103P    906
-784.1110023016158,1894.0306121402941,17054.018332579533,            103P    907
-779.0675883701233,1895.504819379148,17080.49101913873,              103P    908
-773.9914767165405,1896.9885903344039,17106.8812460423,              103P    909
-768.8247418088883,1898.5965195262784,17133.172687231992,            103P    910
-763.5757781332163,1900.3199944461737,17159.349543020395,            103P    911
-758.2549468855431,1902.145654541568,17185.39603650795,              103P    912
-752.8720847705043,1904.0614055778237,17211.295909999997,            103P    913
-747.4340128000002,1906.062434,0.,19.,0.,0.,0.,0,0;                  103P    914
126,1,1,0,0,1,0,0.,0.,1.,1.,1.,1.,17211.295909999997,                105P    915
-747.4340128000002,1906.062434,17211.295909999997,-2126.16383,       105P    916
2477.151024,0.,1.,0.,0.,0.,0,0;                                      105P    917
126,30,5,0,0,1,0,0.,0.,0.,0.,0.,0.,1.,1.,1.,1.,1.,2.,2.,2.,2.,       107P    918
2.,3.,3.,3.,3.,3.,4.,4.,4.,4.,4.,5.,5.,5.,5.,5.,6.,6.,6.,6.,6.,      107P    919
6.,1.,1.,1.,1.,1.,1.,1.,1.,1.,1.,1.,1.,1.,1.,1.,1.,1.,1.,1.,1.,      107P    920
1.,1.,1.,1.,1.,1.,1.,1.,1.,1.,1.,17211.295909999997,-2126.16383,     107P    921
2477.151024,17177.528094668225,-2124.443421405923,                   107P    922
2470.8927368107084,17143.69427371229,-2122.847181935264,             107P    923
2464.9089912902728,17109.782870820905,-2121.3697018223547,           107P    924
2459.203692951982,17075.780032331844,-2119.9930012166506,            107P    925
2453.811087746312,17041.6739251315,-2118.7074738183583,              107P    926
2448.7452066491264,17012.565898499357,-2117.6103407353457,           107P    927
2444.421688836386,16983.382650174623,-2116.579605697025,             107P    928
2440.3361791292773,16954.116849089627,-2115.609414680447,            107P    929
2436.4971157178043,16924.762212638638,-2114.698240228441,            107P    930
2432.9024917827974,16895.315770153444,-2113.8598644612807,           107P    931
2429.513343519175,16848.86017037053,-2112.5277104124343,             107P    932
2424.188782480971,16802.161172706245,-2111.3738845399216,            107P    933
2419.3826872641594,16755.242611108064,-2110.3511982364344,           107P    934
2415.186618503486,16708.046916885854,-2109.434091067433,             107P    935
2411.639920182724,16660.537508010595,-2108.6062622129607,            107P    936
2408.7595816334197,16613.580107328886,-2107.7880383176107,           107P    937
2405.912724293858,16566.31664102292,-2107.0570135721173,             107P    938
2403.7168783365,16518.714326266818,-2106.3972694416652,              107P    939
2402.1888804918563,16470.76140595962,-2105.801774044769,             107P    940
2401.3241132406743,16422.603611075192,-2105.257516100992,            107P    941
2401.1323967370454,16412.855895658333,-2105.147830596629,            107P    942
2401.0928607821184,16403.096836204903,-2105.0396902303705,           107P    943
2401.081941797628,16393.3264327149,-2104.933095002217,               107P    944
2401.099639783575,16383.544685188328,-2104.828044912169,             107P    945
2401.145954739959,16373.751593625193,-2104.7245399602257,            107P    946
2401.2208866667806,16358.562403293561,-2104.5637779065605,           107P    947
2401.3373631827967,16343.312869528778,-2104.405648551339,            107P    948
2401.522509037567,16328.002778288746,-2104.2493253430284,            107P    949
2401.777748750006,16312.631915531365,-2104.0939817300973,            107P    950
2402.104506839027,16297.200067214535,-2103.938791161013,             107P    951
2402.5042078235447,0.,6.,0.,0.,0.,0,0;                               107P    952
126,108,6,0,0,1,0,0.,0.,0.,0.,0.,0.,0.,1.,1.,1.,1.,1.,1.,2.,2.,      109P    953
2.,2.,2.,2.,3.,3.,3.,3.,3.,3.,4.,4.,4.,4.,4.,4.,5.,5.,5.,5.,5.,      109P    954
5.,6.,6.,6.,6.,6.,6.,7.,7.,7.,7.,7.,7.,8.,8.,8.,8.,8.,8.,9.,9.,      109P    955
9.,9.,9.,9.,10.,10.,10.,10.,10.,10.,11.,11.,11.,11.,11.,11.,12.,     109P    956
12.,12.,12.,12.,12.,13.,13.,13.,13.,13.,13.,14.,14.,14.,14.,14.,     109P    957
14.,15.,15.,15.,15.,15.,15.,16.,16.,16.,16.,16.,16.,17.,17.,17.,     109P    958
17.,17.,17.,18.,18.,18.,18.,18.,18.,18.,1.,1.,1.,1.,1.,1.,1.,1.,     109P    959
1.,1.,1.,1.,1.,1.,1.,1.,1.,1.,1.,1.,1.,1.,1.,1.,1.,1.,1.,1.,1.,      109P    960
1.,1.,1.,1.,1.,1.,1.,1.,1.,1.,1.,1.,1.,1.,1.,1.,1.,1.,1.,1.,1.,      109P    961
1.,1.,1.,1.,1.,1.,1.,1.,1.,1.,1.,1.,1.,1.,1.,1.,1.,1.,1.,1.,1.,      109P    962
1.,1.,1.,1.,1.,1.,1.,1.,1.,1.,1.,1.,1.,1.,1.,1.,1.,1.,1.,1.,1.,      109P    963
1.,1.,1.,1.,1.,1.,1.,1.,1.,1.,1.,1.,1.,1.,1.,1.,1.,                  109P    964
16297.200067214535,-2103.938791161013,2402.5042078235447,            109P    965
16285.233790647057,-2103.8183818521848,2402.8143225326694,           109P    966
16273.142231735163,-2103.691986540081,2403.1669989871743,            109P    967
16260.940733726857,-2103.559845952863,2403.5642317815723,            109P    968
16248.644639870134,-2103.4222008186925,2404.008015510379,            109P    969
16236.269293412988,-2103.2792918657306,2404.500344768109,            109P    970
16223.830037603422,-2103.131359822139,2405.043214149275,             109P    971
16206.415498765919,-2102.92424726316,2405.8032498649704,             109P    972
16188.875588213532,-2102.7072772614742,2406.662373634975,            109P    973
16171.25621815659,-2102.4810363050824,2407.6262374255407,            109P    974
16153.599014790154,-2102.2460930850357,2408.700536168074,            109P    975
16135.941318293997,-2102.002998495436,2409.8910077591363,            109P    976
16118.316182832627,-2101.752285633435,2411.203433060443,             109P    977
16090.120125239071,-2101.351241761004,2413.302913450683,             109P    978
16061.998454358636,-2100.930706017052,2415.714490955862,             109P    979
16034.082843154956,-2100.4933670772016,2418.460611774194,            109P    980
16006.421207777197,-2100.041968764213,2421.563589122973,             109P    981
15978.983853240905,-2099.5820003650124,2425.0391082797137,           109P    982
15951.669619108878,-2099.124386947721,2428.8897316232924,            109P    983
15949.743267230235,-2099.092891090363,2429.1672485090107,            109P    984
15947.816915351592,-2099.061395233005,2429.4447653947286,            109P    985
15945.890563472949,-2099.029899375647,2429.722282280447,             109P    986
15943.964211594306,-2098.998403518289,2429.9997991661653,            109P    987
15942.037859715663,-2098.9669076609307,2430.277316051883,            109P    988
15940.111507837022,-2098.935411803572,2430.5548329376015,            109P    989
15927.006191086093,-2098.7208178319715,2432.481386705205,            109P    990
15913.566440661798,-2098.497228720139,2434.5589467077025,            109P    991
15900.047817685916,-2098.2790204575003,2436.756268527997,            109P    992
15886.582056626368,-2098.0689257679037,2439.070216496049,            109P    993
15873.14795552359,-2097.857459804121,2441.527149938077,              109P    994
15859.752184532137,-2097.6424780633074,2444.1357071129787,           109P    995
15850.183476051716,-2097.488884916432,2445.9990461558523,            109P    996
15840.634387340402,-2097.33351168048,2447.9397112324605,             109P    997
15831.103542105011,-2097.17513438643,2449.9619185330253,             109P    998
15821.597185511197,-2097.0145386027407,2452.0650328190127,           109P    999
15812.143268871725,-2096.85586945578,2454.240308258803,              109P   1000
15802.80553433478,-2096.707981650253,2456.467629263357,              109P   1001
15801.67869630645,-2096.6901369076013,2456.7364080829598,            109P   1002
15800.501126278352,-2096.671743170132,2457.0185188009154,            109P   1003
15799.276019912195,-2096.652784652467,2457.3133309022587,            109P   1004
15798.0065728697,-2096.633245569232,2457.6202138720237,              109P   1005
15796.695980812576,-2096.613110135049,2457.938537195245,             109P   1006
15795.347439402538,-2096.5923625645423,2458.267670356955,            109P   1007
15793.347670534326,-2096.563862529446,2458.7544183968353,            109P   1008
15791.256603538783,-2096.5328831949555,2459.2680866393084,           109P   1009
15789.089925753236,-2096.5000769880676,2459.8048534184636,           109P   1010
15786.863324515012,-2096.4660963357796,2460.360897068388,            109P   1011
15784.592487161433,-2096.431593665088,2460.9323959231683,            109P   1012
15782.293101029822,-2096.397221402989,2461.5155283168915,            109P   1013
15776.543326605792,-2096.3115576311834,2462.9734606310876,           109P   1014
15770.59964098557,-2096.22478579168,2464.508834531248,               109P   1015
15764.718258799921,-2096.1489671360473,2466.0573660738205,           109P   1016
15759.029580998627,-2096.079106531006,2467.595949621491,             109P   1017
15753.617728853416,-2096.006882911943,2469.10950919049,              109P   1018
15748.60007796092,-2095.9343797364304,2470.5578497979022,            109P   1019
15746.92757904524,-2095.9102152505234,2471.0406221802546,            109P   1020
15745.299001578047,-2095.8860252059767,2471.516134726031,            109P   1021
15743.718692014398,-2095.861880005022,2471.982915059659,             109P   1022
15742.191550412863,-2095.8379794032103,2472.4391785170815,           109P   1023
15740.723030435525,-2095.814652509412,2472.8828281457613,            109P   1024
15739.31913934798,-2095.79235778582,2473.311454704678,               109P   1025
15735.06996450073,-2095.7249872024513,2474.6087711974424,            109P   1026
15731.167629557047,-2095.658293419395,2475.8416824340916,            109P   1027
15727.53142685969,-2095.593323899293,2477.0247016715593,             109P   1028
15724.081663309316,-2095.52975700615,2478.175647456365,              109P   1029
15720.739660364481,-2095.4659020053286,2479.3156436246113,           109P   1030
15717.427754041635,-2095.398699063554,2480.469119301987,             109P   1031
15713.938008339552,-2095.3303677945605,2481.6838357791285,           109P   1032
15710.514873814933,-2095.262778737274,2482.9028131980012,            109P   1033
15707.066621497137,-2095.193349821611,2484.1525275427985,            109P   1034
15703.523688422636,-2095.120325015687,2485.457460438636,             109P   1035
15699.838677635009,-2095.0427743258138,2486.8400991515473,           109P   1036
15695.986358184966,-2094.960593796502,2488.320936588487,             109P   1037
15694.488817431684,-2094.9286689551,2488.8966868697976,              109P   1038
15692.965910390416,-2094.895927351365,2489.487567073301,             109P   1039
15691.41734703347,-2094.8625241934096,2490.0943926446485,            109P   1040
15689.842112811035,-2094.8282893923515,2490.7187643634866,           109P   1041
15688.238468651172,-2094.7927275623124,2491.3630683434553,           109P   1042
15686.60395095982,-2094.755018020421,2492.0304760321906,             109P   1043
15685.02133308155,-2094.718462251158,2492.676708639873,              109P   1044
15683.559876076337,-2094.6841478375673,2493.283742307039,            109P   1045
15682.20193131924,-2094.6512616033297,2493.857370103594,             109P   1046
15680.931387727313,-2094.6191469297573,2494.4030071395264,           109P   1047
15679.733671759606,-2094.587303755795,2494.925690564906,             109P   1048
15678.595747417157,-2094.5553885780155,2495.430079569885,            109P   1049
15677.039170180378,-2094.511491003428,2496.1101299374122,            109P   1050
15675.660324214377,-2094.474710098464,2496.7396711121874,            109P   1051
15674.376873754252,-2094.4391198059866,2497.342294346672,            109P   1052
15673.134782683164,-2094.401533678229,2497.934976989877,             109P   1053
15671.908314532346,-2094.3615048767983,2498.5280824873566,           109P   1054
15670.700032481102,-2094.321326172673,2499.125360381213,             109P   1055
15668.79309232554,-2094.25716225862,2500.0656815893594,              109P   1056
15666.893673269184,-2094.1884025428176,2501.0264899245594,           109P   1057
15664.919631638362,-2094.1138864326194,2502.046515312621,            109P   1058
15662.816542056007,-2094.031751197008,2503.166182864815,             109P   1059
15660.488450726481,-2093.932086424264,2504.445346472752,             109P   1060
15657.918404488184,-2093.7998022410316,2505.9563644373798,           109P   1061
15656.490730047804,-2093.7263208567206,2506.795795133496,            109P   1062
15654.987933752514,-2093.642734789456,2507.706875055659,             109P   1063
15653.408901710423,-2093.546591709679,2508.70168516184,              109P   1064
15651.756885756266,-2093.434690936771,2509.7941131047282,            109P   1065
15650.055547354483,-2093.3039362515915,2510.9977943482845,           109P   1066
15648.365001502281,-2093.1521887090166,2512.324053284287,            109P   1067
15646.321370471796,-2092.9687473094828,2513.927408570012,            109P   1068
15644.286116158537,-2092.753499944804,2515.7159599195875,            109P   1069
15642.410248695298,-2092.4860899366995,2517.6711515952093,           109P   1070
15640.911606572807,-2092.1515637206826,2519.761383518275,            109P   1071
15640.094278304376,-2091.7443712168474,2521.932353319959,            109P   1072
15640.239418000001,-2091.2628117055106,2524.1204644815125,0.,        109P   1073
18.,0.,0.,0.,0,0;                                                    109P   1074
102,5,101,103,105,107,109;                                           111P   1075
142,0,87,99,111,1,0,0;                                               113P   1076
406,1,6HJoin.2;                                                      115P   1077
144,87,1,0,113,0,1,115;                                              117P   1078
128,35,1,5,1,0,0,1,0,0,0.,0.,0.,0.,0.,0.,0.19788192001574542,        119P   1079
0.19788192001574542,0.19788192001574542,0.19788192001574542,         119P   1080
0.19788192001574542,0.5082738807172975,0.5082738807172975,           119P   1081
0.5082738807172975,0.5082738807172975,0.5082738807172975,            119P   1082
0.736408999376564,0.736408999376564,0.736408999376564,               119P   1083
0.736408999376564,0.736408999376564,0.8892786903938632,              119P   1084
0.8892786903938632,0.8892786903938632,0.8892786903938632,            119P   1085
0.8892786903938632,0.9510873669502886,0.9510873669502886,            119P   1086
0.9510873669502886,0.9510873669502886,0.9510873669502886,            119P   1087
0.9845851915969968,0.9845851915969968,0.9845851915969968,            119P   1088
0.9845851915969968,0.9845851915969968,1.,1.,1.,1.,1.,1.,0.,0.,       119P   1089
1.,1.,1.,1.,1.,1.,1.,1.,1.,1.,1.,1.,1.,1.,1.,1.,1.,1.,1.,1.,1.,      119P   1090
1.,1.,1.,1.,1.,1.,1.,1.,1.,1.,1.,1.,1.,1.,1.,1.,1.,1.,1.,1.,1.,      119P   1091
1.,1.,1.,1.,1.,1.,1.,1.,1.,1.,1.,1.,1.,1.,1.,1.,1.,1.,1.,1.,1.,      119P   1092
1.,1.,1.,1.,1.,1.,1.,1.,1.,1.,1.,17211.427585999998,                 119P   1093
-560.7415934,1832.8132710000002,17148.572294,-561.9999748,           119P   1094
1848.5836069999996,17090.76281600002,-562.7774350000011,             119P   1095
1862.050602200005,17031.105559999956,-563.4143017999995,             119P   1096
1875.4354787999937,16962.70297635409,-564.0914721764161,             119P   1097
1889.026750674327,16898.958793329333,-564.6991903926288,             119P   1098
1900.7478646356788,16798.97147791016,-565.6524399298748,             119P   1099
1919.1332711638825,16710.445770000013,-566.434808200001,             119P   1100
1932.9173096000031,16624.118239999967,-567.5890757999994,            119P   1101
1945.014503199999,16526.23969744669,-569.6735963546564,              119P   1102
1956.0622188184511,16425.009288045112,-572.9325192299551,            119P   1103
1964.9040917172874,16350.605906563986,-575.3277963343533,            119P   1104
1971.4027836240846,16274.39181000002,-578.3574984000008,             119P   1105
1976.7098552000036,16194.687387999957,-582.2588449999989,            119P   1106
1980.753687799995,16119.988250245275,-586.9565598319759,             119P   1107
1982.9400444080932,16045.527790373075,-593.2390738393764,            119P   1108
1982.9984389662968,15995.632193123085,-597.4182109983689,            119P   1109
1983.0679816599622,15945.89189135494,-602.5029943413899,             119P   1110
1981.9868740120708,15895.72127009054,-607.907553811265,              119P   1111
1980.3864804990417,15847.103994416371,-614.746320887591,             119P   1112
1977.0232726288282,15797.34376302599,-623.152906304478,              119P   1113
1971.8454774940046,15777.482852226487,-626.497929416558,             119P   1114
1969.7897721621043,15758.152056000019,-629.9510280000012,            119P   1115
1967.5408438000009,15744.299085999977,-632.5157827999986,            119P   1116
1965.798096599995,15727.437184553173,-636.1934716759407,             119P   1117
1963.0864489242754,15708.104607513125,-640.91331084702,              119P   1118
1959.3654988985454,15697.627125843304,-643.471274448928,             119P   1119
1957.3488931657357,15686.423956000035,-646.3353390000018,            119P   1120
1955.0358346000041,15680.888057999973,-647.9508055999986,            119P   1121
1953.6562313999939,15672.5031977744,-650.3711629087867,              119P   1122
1951.6103968663401,15662.658966669289,-653.9604812946138,            119P   1123
1948.3553384433387,15658.128913211785,-655.6121901980541,            119P   1124
1946.8574470888911,15653.289824000023,-657.5114378000026,            119P   1125
1945.1034910000021,15644.516797999953,-661.0054871999977,            119P   1126
1941.854042599997,15640.405580000015,-664.4812170000007,             119P   1127
1938.2794906000008,15640.239418000001,-667.8527508000001,            119P   1128
1934.5247130000002,17211.427585999998,-745.5174998,                  119P   1129
1909.3499576000002,17148.572294,-746.7758812000002,                  119P   1130
1925.1202936000007,17090.76281600002,-747.5533412000004,             119P   1131
1938.5872886000025,17031.105559999956,-748.1902081999986,            119P   1132
1951.972165199997,16962.70297635409,-748.8673785764163,              119P   1133
1965.563437074325,16898.958793329333,-749.4750968229431,             119P   1134
1977.2845510356788,16798.97147791016,-750.4283464077391,             119P   1135
1995.6699575638813,16710.445770000013,-751.2107148000017,            119P   1136
2009.4539960000018,16624.118239999967,-752.3649823999983,            119P   1137
2021.5511899999974,16526.23969744669,-754.4495029546565,             119P   1138
2032.598905157355,16425.009288045112,-757.708425763514,              119P   1139
2041.4407781266198,16350.605906563986,-760.1037028190784,            119P   1140
2047.939470085182,16274.39181000002,-763.1334048000025,              119P   1141
2053.246542000006,16194.687387999957,-767.034751599997,              119P   1142
2057.2903739999942,16119.988250245275,-771.7324664319765,            119P   1143
2059.476731361267,16045.527790373075,-778.0149804393762,             119P   1144
2059.5351258784654,15995.632193123085,-782.1941177190004,            119P   1145
2059.6046683536433,15945.89189135494,-787.2789002746778,             119P   1146
2058.523561549287,15895.72127009054,-792.6834608880642,              119P   1147
2056.923167948278,15847.103994416371,-799.5222273709796,             119P   1148
2053.5599578367446,15797.34376302599,-807.9288127435084,             119P   1149
2048.3821634782707,15777.482852226487,-811.2738358165582,            119P   1150
2046.3264582737522,15758.152056000019,-814.7269344000015,            119P   1151
2044.077530000003,15744.299085999977,-817.2916891999978,             119P   1152
2042.3347839999985,15727.437184553173,-820.9693780759409,            119P   1153
2039.623136324276,15708.104607513125,-825.689217331137,              119P   1154
2035.902186298545,15697.627125843304,-828.2471809786332,             119P   1155
2033.8855805657374,15686.423956000035,-831.1112456000022,            119P   1156
2031.5725220000022,15680.888057999973,-832.7267119999979,            119P   1157
2030.1929179999975,15672.5031977744,-835.1470693087873,              119P   1158
2028.1470829184582,15662.658966669289,-838.7363877884175,            119P   1159
2024.8920248856177,15658.128913211785,-840.3880967350242,            119P   1160
2023.3941337107121,15653.289824000023,-842.2873444000015,            119P   1161
2021.6401780000037,15644.516797999953,-845.7813937999983,            119P   1162
2018.3907299999946,15640.405580000015,-849.2571236000003,            119P   1163
2014.8161760000005,15640.239418000001,-852.6286574,2011.0614,0.,     119P   1164
1.,0.,1.;                                                            119P   1165
126,3,3,0,0,1,0,0.,0.,0.,0.,1.,1.,1.,1.,1.,1.,1.,1.,1.,0.,0.,1.,     121P   1166
0.3333333333333334,0.,1.,0.6666666666666669,0.,1.,1.,0.,0.,1.,       121P   1167
0.,0.,0.,0,0;                                                        121P   1168
126,3,3,0,0,1,0,0.,0.,0.,0.,1.,1.,1.,1.,1.,1.,1.,1.,1.,1.,0.,        123P   1169
0.6666666666667341,0.9999999999995554,0.,0.33333333333335613,        123P   1170
0.9999999999999638,0.,0.,1.,0.,0.,1.,0.,0.,0.,0,0;                   123P   1171
126,3,3,0,0,1,0,0.,0.,0.,0.,1.,1.,1.,1.,1.,1.,1.,1.,0.,1.,0.,0.,     125P   1172
0.6666666666666669,0.,0.,0.33333333333333426,0.,0.,                  125P   1173
9.080179791372746D-16,0.,0.,1.,0.,0.,0.,0,0;                         125P   1174
126,3,3,0,0,1,0,0.,0.,0.,0.,1.,1.,1.,1.,1.,1.,1.,1.,0.,              127P   1175
9.080179791372746D-16,0.,0.33333333333335685,0.,0.,                  127P   1176
0.6666666666667411,0.,0.,1.,0.,0.,0.,1.,0.,0.,0.,0,0;                127P   1177
102,4,121,123,125,127;                                               129P   1178
126,1,1,0,0,1,0,0.,0.,1.,1.,1.,1.,15640.239418000001,                131P   1179
-667.8527508000001,1934.5247130000002,15640.239418000001,            131P   1180
-852.6286574,2011.0614,0.,1.,0.,0.,0.,0,0;                           131P   1181
126,100,5,0,0,1,0,0.,0.,0.,0.,0.,0.,1.,1.,1.,1.,1.,2.,2.,2.,2.,      133P   1182
2.,3.,3.,3.,3.,3.,4.,4.,4.,4.,4.,5.,5.,5.,5.,5.,6.,6.,6.,6.,6.,      133P   1183
7.,7.,7.,7.,7.,8.,8.,8.,8.,8.,9.,9.,9.,9.,9.,10.,10.,10.,10.,        133P   1184
10.,11.,11.,11.,11.,11.,12.,12.,12.,12.,12.,13.,13.,13.,13.,13.,     133P   1185
14.,14.,14.,14.,14.,15.,15.,15.,15.,15.,16.,16.,16.,16.,16.,17.,     133P   1186
17.,17.,17.,17.,18.,18.,18.,18.,18.,19.,19.,19.,19.,19.,20.,20.,     133P   1187
20.,20.,20.,20.,1.,1.,1.,1.,1.,1.,1.,1.,1.,1.,1.,1.,1.,1.,1.,1.,     133P   1188
1.,1.,1.,1.,1.,1.,1.,1.,1.,1.,1.,1.,1.,1.,1.,1.,1.,1.,1.,1.,1.,      133P   1189
1.,1.,1.,1.,1.,1.,1.,1.,1.,1.,1.,1.,1.,1.,1.,1.,1.,1.,1.,1.,1.,      133P   1190
1.,1.,1.,1.,1.,1.,1.,1.,1.,1.,1.,1.,1.,1.,1.,1.,1.,1.,1.,1.,1.,      133P   1191
1.,1.,1.,1.,1.,1.,1.,1.,1.,1.,1.,1.,1.,1.,1.,1.,1.,1.,1.,1.,1.,      133P   1192
1.,15640.239418000001,-852.6286574,2011.0614,15640.294813601837,     133P   1193
-851.5046445074133,2012.3131794242756,15640.78867890186,             133P   1194
-850.3690787697842,2013.5448970336474,15641.747527078967,            133P   1195
-849.2251436895249,2014.7511860949708,15643.082833276521,            133P   1196
-848.0948863386056,2015.914014640431,15644.679779723594,             133P   1197
-847.0007274592364,2017.0168378659307,15646.275063884717,            133P   1198
-845.9069149141908,2018.1193960029734,15648.138907721956,            133P   1199
-844.8477591922854,2019.1630522750102,15650.137100033193,            133P   1200
-843.8497216220205,2020.1281691642826,15652.153425389353,            133P   1201
-842.9304097429746,2021.0036591243756,15654.08966413441,             133P   1202
-842.0985773058042,2021.7869845802181,15656.025904958631,            133P   1203
-841.2667444350925,2022.570310368014,15657.895891891372,             133P   1204
-840.519508987821,2023.2636775823958,15659.601426068428,             133P   1205
-839.8656203792362,2023.8645519678494,15661.150833819716,            133P   1206
-839.2865293144446,2024.3930672000008,15662.658966669289,            133P   1207
-838.7363877884129,2024.8920248856157,15666.597592613725,            133P   1208
-837.3003200522149,2026.194356742834,15670.302421074586,             133P   1209
-836.0514429337583,2027.3030594360775,15673.684506669748,            133P   1210
-834.9664023963269,2028.2529469148228,15676.908741107929,            133P   1211
-833.9785766334523,2029.1058837275027,15680.13923631446,             133P   1212
-833.0324121336611,2029.9109332922385,15684.98499162069,             133P   1213
-831.6131627144485,2031.118509598583,15689.844838460242,             133P   1214
-830.2876501114046,2032.2183403502559,15695.27298440262,             133P   1215
-828.8683107638234,2033.376066294592,15701.819637984741,             133P   1216
-827.2236253358698,2034.692514401052,15708.104607513125,             133P   1217
-825.689217331126,2035.9021862985405,15711.409033037671,             133P   1218
-824.8824890056189,2036.5381628994687,15714.63827950736,             133P   1219
-824.1068923907106,2037.1441814145633,15717.795688642536,            133P   1220
-823.3613920190404,2037.7214029128152,15720.884602163538,            133P   1221
-822.6449524232473,2038.2709884632154,15723.908361790702,            133P   1222
-821.9565381359705,2038.7940991347543,15732.660785080354,            133P   1223
-819.9638689063996,2040.3081757056068,15740.907117909914,            133P   1224
-818.1966602826044,2041.6069332495035,15748.875817276024,            133P   1225
-816.5957344759428,2042.7418158097641,15757.104030685437,            133P   1226
-815.0301642947536,2043.8129226285405,15765.776199015996,            133P   1227
-813.4465791690332,2044.8627275498798,15771.659254409304,            133P   1228
-812.3723008694096,2045.5748981679044,15777.746640728474,            133P   1229
-811.2897271553777,2046.2772690745069,15784.09601045805,             133P   1230
-810.1821800029156,2046.9831117763051,15790.690397894055,            133P   1231
-809.0493887062679,2047.6935064056208,15797.34376302599,             133P   1232
-807.9288127434872,2048.382163478262,15820.029712602834,             133P   1233
-804.0962063033463,2050.7427472140607,15842.471648006103,            133P   1234
-800.5905623369334,2052.725497048765,15864.925277824144,             133P   1235
-797.3988461643269,2054.3357541826554,15887.44339838783,             133P   1236
-794.4657413877642,2055.6302745019743,15910.020069453387,            133P   1237
-791.7466096285332,2056.6566193313065,15937.026687964135,            133P   1238
-788.4939245800565,2057.8843618435535,15964.117013977897,            133P   1239
-785.5473940163979,2058.728393395888,15991.280518442041,             133P   1240
-782.8304744706563,2059.2702799967165,16018.385898891824,            133P   1241
-780.288297444397,2059.572977180146,16045.527790373075,              133P   1242
-778.0149804393401,2059.5351258784503,16081.120781444002,            133P   1243
-775.0116385358266,2059.5074456262337,16116.783711895969,            133P   1244
-772.3703456282017,2058.9922107975844,16152.933325654065,            133P   1245
-770.0095123375912,2058.0236305306244,16189.55961002077,             133P   1246
-767.8795646369356,2056.6430233300166,16226.225795675951,            133P   1247
-765.9629438509897,2054.898817066966,16266.428034965467,             133P   1248
-763.8615242082235,2052.986654894076,16306.758358130503,             133P   1249
-762.012236775054,2050.6349776210327,16346.849681779779,             133P   1250
-760.3814840456913,2047.9000678203208,16386.186610268007,            133P   1251
-758.95824920018,2044.8317068568788,16425.009288045112,              133P   1252
-757.7084257634807,2041.440778126606,16446.504406026725,             133P   1253
-757.0164343630944,2039.5633259288918,16467.84146154401,             133P   1254
-756.3775992430787,2037.5869360963886,16488.944691165438,            133P   1255
-755.7894916656533,2035.5228303816716,16509.777233087716,            133P   1256
-755.2491267621401,2033.3784634495637,16530.34112713579,             133P   1257
-754.7529635329652,2031.1575228771376,16547.221704824842,            133P   1258
-754.3457081106957,2029.3342569919614,16563.910710935976,            133P   1259
-753.968380455982,2027.4607543327345,16580.422962387413,             133P   1260
-753.6188177219875,2025.5370933168022,16596.773276097385,            133P   1261
-753.2948570618752,2023.5633523615084,16612.97646898411,             133P   1262
-752.994335628808,2021.5396098841973,16629.181169399337,             133P   1263
-752.6937915953336,2019.5156538084264,16645.244109029518,            133P   1264
-752.4166054228879,2017.4408716413943,16661.19140828193,             133P   1265
-752.1604447983823,2015.3137397391504,16677.05796328434,             133P   1266
-751.9228367113852,2013.1309021363418,16692.887445885008,            133P   1267
-751.7011674541229,2010.8871705462147,16718.21435729043,             133P   1268
-751.3464999234657,2007.297196436693,16743.445005363268,             133P   1269
-751.0326528797823,2003.5513149482679,16768.753336743477,            133P   1270
-750.7489826495397,1999.628207446378,16794.355027620993,             133P   1271
-750.4841220325989,1995.4943290266729,16820.46345674523,             133P   1272
-750.2265343714529,1991.1033115933733,16835.73147994814,             133P   1273
-750.0758987909205,1988.5354861176554,16851.172568476257,            133P   1274
-749.9277533017306,1985.8797211529075,16866.830048831893,            133P   1275
-749.7797824982839,1983.1267524982522,16882.74550797623,             133P   1276
-749.629669674323,1980.265796696805,16898.958793329333,              133P   1277
-749.4750968229325,1977.2845510356744,16914.346281100024,            133P   1278
-749.328397485282,1974.4551647963626,16930.000809144025,             133P   1279
-749.1776908180906,1971.5174800289883,16945.73649234012,             133P   1280
-749.0245048128884,1968.500736284722,16961.42915482065,              133P   1281
-748.8694286182431,1965.4262541510805,16977.016329971528,            133P   1282
-748.7121125397596,1962.3074352519252,17003.80323874789,             133P   1283
-748.4417583808324,1956.9475195208122,17030.272996643413,            133P   1284
-748.1648264612932,1951.4567930298588,17056.085169203256,            133P   1285
-747.8796997263877,1945.9038610371845,17081.354955212548,            133P   1286
-747.5771297022446,1940.2902977430958,17106.400167134405,            133P   1287
-747.2419487062593,1934.5569553192029,17127.271194785393,            133P   1288
-746.96263110138,1929.7791696650681,17147.986308332962,              133P   1289
-746.6606667434578,1924.918203381695,17168.729640126112,             133P   1290
-746.3272767360687,1919.9398237761288,17189.783213377952,            133P   1291
-745.9508265306804,1914.7805117508237,17211.427585999998,            133P   1292
-745.5174998,1909.3499576000002,0.,20.,0.,0.,0.,0,0;                 133P   1293
126,1,1,0,0,1,0,0.,0.,1.,1.,1.,1.,17211.427585999998,                135P   1294
-745.5174998,1909.3499576000002,17211.427585999998,                  135P   1295
-560.7415934000003,1832.8132710000004,0.,1.,0.,0.,0.,0,0;            135P   1296
126,95,5,0,0,1,0,0.,0.,0.,0.,0.,0.,1.,1.,1.,1.,1.,2.,2.,2.,2.,       137P   1297
2.,3.,3.,3.,3.,3.,4.,4.,4.,4.,4.,5.,5.,5.,5.,5.,6.,6.,6.,6.,6.,      137P   1298
7.,7.,7.,7.,7.,8.,8.,8.,8.,8.,9.,9.,9.,9.,9.,10.,10.,10.,10.,        137P   1299
10.,11.,11.,11.,11.,11.,12.,12.,12.,12.,12.,13.,13.,13.,13.,13.,     137P   1300
14.,14.,14.,14.,14.,15.,15.,15.,15.,15.,16.,16.,16.,16.,16.,17.,     137P   1301
17.,17.,17.,17.,18.,18.,18.,18.,18.,19.,19.,19.,19.,19.,19.,1.,      137P   1302
1.,1.,1.,1.,1.,1.,1.,1.,1.,1.,1.,1.,1.,1.,1.,1.,1.,1.,1.,1.,1.,      137P   1303
1.,1.,1.,1.,1.,1.,1.,1.,1.,1.,1.,1.,1.,1.,1.,1.,1.,1.,1.,1.,1.,      137P   1304
1.,1.,1.,1.,1.,1.,1.,1.,1.,1.,1.,1.,1.,1.,1.,1.,1.,1.,1.,1.,1.,      137P   1305
1.,1.,1.,1.,1.,1.,1.,1.,1.,1.,1.,1.,1.,1.,1.,1.,1.,1.,1.,1.,1.,      137P   1306
1.,1.,1.,1.,1.,1.,1.,1.,1.,1.,1.,17211.427585999998,                 137P   1307
-560.7415934000003,1832.8132710000004,17198.440903972307,            137P   1308
-561.0015898340682,1836.0716049491011,17185.66724215511,             137P   1309
-561.2411084750344,1839.2322834176416,17173.04479271346,             137P   1310
-561.4631418293632,1842.314843582365,17160.514911328555,             137P   1311
-561.6703769062385,1845.335266365173,17148.022117197746,             137P   1312
-561.8651952175636,1848.3059764331265,17123.037102766433,            137P   1313
-562.2548279492612,1854.2473821672281,17098.204233697033,            137P   1314
-562.5947678447908,1859.989841373549,17073.09758762562,              137P   1315
-562.9039454757124,1865.6323016990596,17047.41126557237,             137P   1316
-563.195932276552,1871.215062069115,17021.209785505285,              137P   1317
-563.4772443529716,1876.7135082619209,16997.229967665404,            137P   1318
-563.734703654817,1881.7457369185067,16972.818696423947,             137P   1319
-563.9832214336749,1886.7073425381998,16948.025720289374,            137P   1320
-564.2277910787385,1891.5794512709576,16923.160914535903,            137P   1321
-564.4684545371026,1896.2976427794538,16898.958793329333,            137P   1322
-564.6991903926289,1900.7478646356788,16886.798865667653,            137P   1323
-564.8151195677509,1902.9837993671194,16874.806365277294,            137P   1324
-564.9285412348478,1905.1520697171109,16862.964645116965,            137P   1325
-565.0404312440605,1907.2578680771035,16851.256344154666,            137P   1326
-565.1517670933086,1909.3059039516154,16839.66338736769,             137P   1327
-565.2635279282905,1911.3004039582336,16815.975009506044,            137P   1328
-565.491893402099,1915.375859870839,16792.768585737314,              137P   1329
-565.7220287537114,1919.2277940971653,16769.891645382362,            137P   1330
-565.962265720246,1922.8922893860865,16747.18616487727,              137P   1331
-566.2208779712067,1926.3971021382695,16724.51387175658,             137P   1332
-566.5057626336593,1929.7620039065355,16702.377312159246,            137P   1333
-566.7839156411155,1933.04730869794,16680.274440805755,              137P   1334
-567.0870871014961,1936.1992710580967,16658.071222043254,            137P   1335
-567.4226941725308,1939.2362195563119,16635.663394079744,            137P   1336
-567.7976630653366,1942.1693895854994,16612.97646898411,             137P   1337
-568.2184290444186,1945.002923362179,16593.536748442366,             137P   1338
-568.5789934491045,1947.4308522725696,16573.87728897675,             137P   1339
-568.9734278580675,1949.787851521977,16553.97927118987,              137P   1340
-569.4053686196603,1952.0728666554157,16533.823875684353,            137P   1341
-569.8784520822352,1954.2848432179,16513.39228306281,                137P   1342
-570.3963145941448,1956.422726754444,16496.06242017383,              137P   1343
-570.8356825943433,1958.2359842994751,16478.532241379304,            137P   1344
-571.3073214242196,1959.995627961829,16460.828694527503,             137P   1345
-571.8128967175776,1961.696779347952,16442.978727466685,             137P   1346
-572.3540741082214,1963.3345600642897,16425.009288045112,            137P   1347
-572.9325192299551,1964.9040917172874,16386.186568238718,            137P   1348
-574.1823447797989,1968.2950219552097,16346.849771126852,            137P   1349
-575.6055731349414,1971.3633780163118,16306.758268081203,            137P   1350
-577.2363347746084,1974.098294358336,16266.428078006806,             137P   1351
-579.0856155748108,1976.449966771969,16226.225795675946,             137P   1352
-581.1870373278175,1978.3621304862695,16189.539738924106,            137P   1353
-583.1046615900631,1980.1070493962177,16152.960276500917,            137P   1354
-585.2322447382969,1981.4859772713185,16116.764798859207,            137P   1355
-587.595394130444,1982.4562023546364,16081.12741646995,              137P   1356
-590.2353968724591,1982.9705207229351,16045.527790373075,            137P   1357
-593.2390738393764,1982.9984389662968,16018.385948801555,            137P   1358
-595.5124094591584,1983.0362690408633,15991.280451364662,            137P   1359
-598.0545429027035,1982.7336216960189,15964.117079042906,            137P   1360
-600.7715119206322,1982.1916783911895,15937.026642438665,            137P   1361
-603.7180010329091,1981.3476942071925,15910.020069453378,            137P   1362
-606.9707030726466,1980.1199324749941,15887.443415066025,            137P   1363
-609.6898410384911,1979.0935807175943,15864.925255758462,            137P   1364
-612.6229312752592,1977.7990773114411,15842.47166904954,             137P   1365
-615.8146636242378,1976.18880214007,15820.029698146662,              137P   1366
-619.3202944302628,1974.2060677698653,15797.34376302599,             137P   1367
-623.152906304478,1971.8454774940046,15785.968918507262,             137P   1368
-625.0686853102754,1970.668123298151,15774.766451585763,             137P   1369
-627.0201694019088,1969.4272322690977,15764.666046976554,            137P   1370
-628.8201640784376,1968.2541794915198,15755.152790203632,            137P   1371
-630.6038482943301,1967.0464900424467,15745.647516303134,            137P   1372
-632.5171695812081,1965.6896481034619,15738.563848064226,            137P   1373
-633.9430430681464,1964.678482399688,15731.484763334762,             137P   1374
-635.4408813707666,1963.5845035384068,15724.170924163307,            137P   1375
-637.0710067208345,1962.3603742931818,15716.363628661395,            137P   1376
-638.8969604045628,1960.9551163984324,15708.104607513125,            137P   1377
-640.91331084702,1959.3654988985454,15701.819617552997,              137P   1378
-642.4477231893557,1958.155823797644,15695.273020158134,             137P   1379
-644.0923965774855,1956.8393845005612,15689.844802704749,            137P   1380
-645.5117512209036,1955.6816475169749,15684.985012052375,            137P   1381
-646.8372518583011,1954.581825853021,15680.13923631446,              137P   1382
-648.2565056694584,1953.3742465924458,15676.908737587726,            137P   1383
-649.2026709391935,1952.5691966419308,15673.684510072539,            137P   1384
-650.1904952363881,1951.7162610678113,15670.302419079911,            137P   1385
-651.2755369261088,1950.7663728431044,15666.5975933177,              137P   1386
-652.5244134455552,1949.6576705670313,15662.658966669289,            137P   1387
-653.9604812946138,1948.3553384433387,15661.15083381974,             137P   1388
-654.5106228062422,1947.8563806987113,15659.601426068406,            137P   1389
-655.0897138544916,1947.3278653820464,15657.89589189135,             137P   1390
-655.7436024472748,1946.7269909027286,15656.025904958653,            137P   1391
-656.4908378809955,1946.0336236070457,15654.089664134406,            137P   1392
-657.3226707405483,1945.2502977781885,15651.667288847068,            137P   1393
-658.3628939820518,1944.2708097053796,15649.130595188319,            137P   1394
-659.5375501627783,1943.1490396555994,15646.633559069258,            137P   1395
-660.837430038029,1941.8839063536202,15644.48226097837,              137P   1396
-662.2091717397418,1940.5124524721173,15642.864462019901,            137P   1397
-663.6116030927326,1939.066719412929,15641.893782241288,             137P   1398
-664.4530619886683,1938.199279512992,15641.11516091631,              137P   1399
-665.3055694163696,1937.3050989120575,15640.569150689224,            137P   1400
-666.1602329688473,1936.3910979535553,15640.280964648005,            137P   1401
-667.0097411416828,1935.463547959741,15640.239418000001,             137P   1402
-667.8527508000001,1934.5247130000002,0.,19.,0.,0.,0.,0,0;           137P   1403
102,4,131,133,135,137;                                               139P   1404
142,0,119,129,139,1,0,0;                                             141P   1405
406,1,6HJoin.2;                                                      143P   1406
144,119,1,0,141,0,1,143;                                             145P   1407
128,25,10,5,5,0,0,1,0,0,0.,0.,0.,0.,0.,0.,0.20823398412285338,       147P   1408
0.20823398412285338,0.20823398412285338,0.20823398412285338,         147P   1409
0.20823398412285338,0.48687376943570443,0.48687376943570443,         147P   1410
0.48687376943570443,0.48687376943570443,0.48687376943570443,         147P   1411
0.529169517549549,0.529169517549549,0.529169517549549,               147P   1412
0.529169517549549,0.529169517549549,0.7503138787987724,              147P   1413
0.7503138787987724,0.7503138787987724,0.7503138787987724,            147P   1414
0.7503138787987724,1.,1.,1.,1.,1.,1.,0.,0.,0.,0.,0.,0.,0.5,0.5,      147P   1415
0.5,0.5,0.5,1.,1.,1.,1.,1.,1.,1.,1.,1.,1.,1.,1.,1.,1.,1.,1.,1.,      147P   1416
1.,1.,1.,1.,1.,1.,1.,1.,1.,1.,1.,1.,1.,1.,1.,1.,1.,1.,1.,1.,1.,      147P   1417
1.,1.,1.,1.,1.,1.,1.,1.,1.,1.,1.,1.,1.,1.,1.,1.,1.,1.,1.,1.,1.,      147P   1418
1.,1.,1.,1.,1.,1.,1.,1.,1.,1.,1.,1.,1.,1.,1.,1.,1.,1.,1.,1.,1.,      147P   1419
1.,1.,1.,1.,1.,1.,1.,1.,1.,1.,1.,1.,1.,1.,1.,1.,1.,1.,1.,1.,1.,      147P   1420
1.,1.,1.,1.,1.,1.,1.,1.,1.,1.,1.,1.,1.,1.,1.,1.,1.,1.,1.,1.,1.,      147P   1421
1.,1.,1.,1.,1.,1.,1.,1.,1.,1.,1.,1.,1.,1.,1.,1.,1.,1.,1.,1.,1.,      147P   1422
1.,1.,1.,1.,1.,1.,1.,1.,1.,1.,1.,1.,1.,1.,1.,1.,1.,1.,1.,1.,1.,      147P   1423
1.,1.,1.,1.,1.,1.,1.,1.,1.,1.,1.,1.,1.,1.,1.,1.,1.,1.,1.,1.,1.,      147P   1424
1.,1.,1.,1.,1.,1.,1.,1.,1.,1.,1.,1.,1.,1.,1.,1.,1.,1.,1.,1.,1.,      147P   1425
1.,1.,1.,1.,1.,1.,1.,1.,1.,1.,1.,1.,1.,1.,1.,1.,1.,1.,1.,1.,1.,      147P   1426
1.,1.,1.,1.,1.,1.,1.,1.,1.,1.,1.,1.,1.,1.,1.,1.,1.,1.,1.,1.,1.,      147P   1427
1.,1.,1.,1.,1.,1.,1.,1.,1.,1.,1.,1.,1.,1.,1.,1.,1.,1.,1.,1.,1.,      147P   1428
1.,1.,1.,1.,1.,1.,1.,1.,1.,1.,1.,1.,1.,1.,1.,1.,1.,1.,1.,1.,1.,      147P   1429
1.,1.,18080.,-2599.9999999999995,3085.6,18127.776229953506,          147P   1430
-2600.0000000000005,3074.097906992193,18174.7723544399,              147P   1431
-2600.0000000000055,3059.4928612623307,18221.460969407388,           147P   1432
-2599.999999999996,3044.244448230662,18267.83209307075,              147P   1433
-2600.000000000001,3027.936104734615,18313.983999238695,             147P   1434
-2599.9999999999995,3011.078529745201,18375.737827884437,            147P   1435
-2600.0000000000005,2988.5038715806013,18437.082424205473,           147P   1436
-2600.0000000000055,2964.8123705203125,18498.136894777133,           147P   1437
-2599.999999999996,2940.4003906823764,18558.930715852715,            147P   1438
-2600.000000000001,2915.346877649671,18619.492628325213,-2600.,      147P   1439
2889.746629012825,18628.68551319603,-2600.0000000000005,             147P   1440
2885.860563677106,18637.873026000037,-2600.0000000000055,            147P   1441
2881.9617900000026,18647.03418599996,-2599.999999999996,             147P   1442
2878.0001859999975,18656.254297230887,-2600.000000000001,            147P   1443
2874.178003481703,18665.50969344601,-2600.,2870.4432640370414,       147P   1444
18713.901760624856,-2600.0000000000005,2850.9160868205754,           147P   1445
18763.258430000056,-2600.0000000000055,2833.7793820000034,           147P   1446
18813.32605799995,-2599.999999999996,2818.8732759999966,             147P   1447
18863.865318271688,-2600.000000000001,2805.7861649783267,            147P   1448
18914.747418551055,-2600.,2794.2053766421764,18972.196562565252,     147P   1449
-2600.0000000000005,2781.12992627224,19030.082754000046,             147P   1450
-2600.0000000000055,2769.9747140000045,19088.212101999965,           147P   1451
-2599.999999999996,2760.2740979999944,19146.508786000017,            147P   1452
-2600.000000000001,2751.690388000001,19204.923076,-2600.,2744.,      147P   1453
18080.000000000004,-2485.1684891232053,3085.569212287013,            147P   1454
18127.776229953517,-2488.781188711982,3074.0680836039314,            147P   1455
18174.772354439898,-2493.3684984989586,3059.464277558032,            147P   1456
18221.460969407413,-2498.157875743405,3044.2171387283715,            147P   1457
18267.83209307074,-2503.280176084192,3027.9101718179368,             147P   1458
18313.983999238706,-2508.5749805229643,3011.0540169129677,           147P   1459
18375.73782788442,-2515.665468054024,2988.481261900839,              147P   1460
18437.082424205517,-2523.1067434564093,2964.79175116443,             147P   1461
18498.136894777093,-2530.7743199397505,2940.3818322665966,           147P   1462
18558.930715852715,-2538.6433897297657,2915.3304259146375,           147P   1463
18619.49262832522,-2546.6841860348864,2889.7323335991014,            147P   1464
18628.685513196036,-2547.9047625004623,2885.8465954391568,           147P   1465
18637.873026000012,-2549.129330624269,2881.948149940376,             147P   1466
18647.03418600001,-2550.3736314834186,2877.986880244276,             147P   1467
18656.254297230862,-2551.574143019741,2874.1650195975935,            147P   1468
18665.509693446016,-2552.7471894928826,2870.430594674516,            147P   1469
18713.901760624874,-2558.8804918834985,2850.9050619418917,           147P   1470
18763.258430000027,-2564.2629689359574,2833.7698006742958,           147P   1471
18813.326058,-2568.944836829028,2818.8649487037105,                  147P   1472
18863.865318271655,-2573.055374760944,2805.778939788224,             147P   1473
18914.747418551055,-2576.6927910221125,2794.199126927581,            147P   1474
18972.196562565252,-2580.799666514271,2781.1247779318583,            147P   1475
19030.082753999992,-2584.3034134299705,2769.970505606937,            147P   1476
19088.21210200002,-2587.350285997937,2760.270706518658,              147P   1477
19146.50878600001,-2590.0463486403933,2751.6877199358646,            147P   1478
19204.923076,-2592.461825800742,2743.9979797379474,                  147P   1479
18080.000000000025,-2370.1646978746294,3040.652554233484,            147P   1480
18127.77622995356,-2377.395515797995,3030.564548658158,              147P   1481
18174.772354439912,-2386.5770091725526,3017.755059968053,            147P   1482
18221.460969407475,-2396.1629638782565,3004.381319523276,            147P   1483
18267.832093070727,-2406.415242726456,2990.0779546993717,            147P   1484
18313.983999238735,-2417.012796597866,2975.292872267715,             147P   1485
18375.73782788446,-2431.20440697974,2955.493575726524,               147P   1486
18437.082424205386,-2446.0981301258903,2934.7147508565963,           147P   1487
18498.136894777253,-2461.4447639523273,2913.3040177206317,           147P   1488
18558.93071585277,-2477.1947228350373,2891.330621573286,             147P   1489
18619.492628325235,-2493.288381583188,2868.8777104314318,            147P   1490
18628.685513196044,-2495.731365977689,2865.469404518859,             147P   1491
18637.87302600016,-2498.1823393057894,2862.049952763795,             147P   1492
18647.034185999913,-2500.6728094426535,2858.575389705604,            147P   1493
18656.25429723095,-2503.075633681269,2855.22311283812,               147P   1494
18665.50969344603,-2505.4234866591337,2851.9475285803537,            147P   1495
18713.901760624838,-2517.699293808798,2834.8210555729784,            147P   1496
18763.25843000013,-2528.4723257709725,2819.79116447811,              147P   1497
18813.326057999988,-2537.8430818834668,2806.717642458698,            147P   1498
18863.86531827176,-2546.0703247769484,2795.2394795267514,            147P   1499
18914.747418551102,-2553.350614569485,2785.082450536911,             147P   1500
18972.196562565303,-2561.5705271607526,2773.6145154872565,           147P   1501
19030.082754000032,-2568.5832778082045,2763.830742637534,            147P   1502
19088.212101999958,-2574.681592646565,2755.3227346566437,            147P   1503
19146.50878600006,-2580.077763282152,2747.7943173189224,             147P   1504
19204.923076000017,-2584.912342633547,2741.049398324817,             147P   1505
18079.99999999996,-2279.347197548616,2949.8359016996305,             147P   1506
18127.77622995347,-2289.435205341253,2942.6050691388664,             147P   1507
18174.77235443998,-2302.2447191418787,2933.4235403479906,            147P   1508
18221.460969407242,-2315.6184497913887,2923.837579783028,            147P   1509
18267.832093070727,-2329.921839527133,2913.585257828504,             147P   1510
18313.98399923867,-2344.7069302379173,2902.9876807351575,            147P   1511
18375.73782788442,-2364.506244583629,2888.796030788909,              147P   1512
18437.08242420551,-2385.28507733374,2873.9022776262136,              147P   1513
18498.136894777057,-2406.695838896596,2858.5555905151177,            147P   1514
18558.93071585264,-2428.6692452602615,2842.8055976943756,            147P   1515
18619.492628325177,-2451.122175205091,2826.7118950192416,            147P   1516
18628.68551319602,-2454.5304839066075,2824.268903956867,             147P   1517
18637.873025999976,-2457.9499385560657,2821.817923766162,            147P   1518
18647.034185999924,-2461.4245018520423,2819.3274519481547,           147P   1519
18656.254297230844,-2464.776781503226,2816.9246210743654,            147P   1520
18665.50969344596,-2468.052368463347,2814.5767616434778,             147P   1521
18713.901760624853,-2485.1788556001584,2802.3009207539544,           147P   1522
18763.258429999983,-2500.20875860162,2791.5278600311685,             147P   1523
18813.32605799995,-2513.2822915532806,2782.157079544798,             147P   1524
18863.86531827164,-2524.7604624081437,2773.9298156034806,            147P   1525
18914.74741855103,-2534.9174989741364,2766.649506946315,             147P   1526
18972.1965625652,-2546.385442577752,2758.429573055677,               147P   1527
19030.082754000035,-2556.1692235393953,2751.4168038920257,           147P   1528
19088.212101999965,-2564.677237521096,2745.31847455846,              147P   1529
19146.508785999995,-2572.205660859732,2739.9222894276636,            147P   1530
19204.92307599998,-2578.9505843369943,2735.08769869374,              147P   1531
18080.000000000004,-2234.4308389755092,2834.8306568301678,           147P   1532
18127.776229953557,-2245.9319687592824,2831.217982963404,            147P   1533
18174.77235443988,-2260.535765448296,2826.6307096998075,             147P   1534
18221.460969407402,-2275.782910887026,2821.8413600274703,            147P   1535
18267.832093070738,-2292.089870235955,2816.7191076081485,            147P   1536
18313.9839992387,-2308.94602380955,2811.424339576907,                147P   1537
18375.73782788445,-2331.518774521307,2804.3339070495153,             147P   1538
18437.08242420546,-2355.2082855269755,2796.8926796401634,            147P   1539
18498.136894777126,-2379.6181959638875,2789.2251710549026,           147P   1540
18558.930715852715,-2404.6696018328985,2781.356153745838,            147P   1541
18619.492628325228,-2430.2676900067954,2773.315419307195,            147P   1542
18628.68551319603,-2434.153427588301,2772.094852211858,              147P   1543
18637.87302600008,-2438.051872484726,2770.8702936243544,             147P   1544
18647.034185999913,-2442.0131421712485,2769.625997211784,            147P   1545
18656.25429723091,-2445.835002239867,2768.4254949620413,             147P   1546
18665.50969344602,-2449.5694266021846,2767.2524575424504,            147P   1547
18713.901760624827,-2469.0949564028315,2761.1192024885904,           147P   1548
18763.25843000011,-2486.230215211477,2755.7367664034673,             147P   1549
18813.32605799993,-2501.1350645543257,2751.0549324483877,            147P   1550
18863.865318271706,-2514.221072181091,2746.944425230803,             147P   1551
18914.747418551065,-2525.8008835797636,2743.307036057481,            147P   1552
18972.196562565252,-2538.875230924832,2739.2001911492252,            147P   1553
19030.0827540001,-2550.0295013783043,2735.6964701944717,             147P   1554
19088.21210199991,-2559.72929922724,2732.649618273731,               147P   1555
19146.50878600004,-2568.312284570742,2729.9535762785954,             147P   1556
19204.92307600001,-2576.002023862545,2727.5381163577513,18080.,      147P   1557
-2234.4,2720.,18127.776229953506,-2245.90209713502,                  147P   1558
2720.0000000000005,18174.7723544399,-2260.507131868061,              147P   1559
2720.000000000001,18221.460969407388,-2275.7555567784966,            147P   1560
2719.9999999999936,18267.83209307075,-2292.0638941968855,            147P   1561
2720.000000000001,18313.983999238695,-2308.9214700718753,2720.,      147P   1562
18375.737827884437,-2331.496126553498,2720.0000000000005,            147P   1563
18437.082424205473,-2355.1876326738575,2720.000000000001,            147P   1564
18498.136894777133,-2379.5996056479494,2719.9999999999936,           147P   1565
18558.930715852715,-2404.6531230402124,2720.000000000001,            147P   1566
18619.492628325213,-2430.253370987175,2720.,18628.68551319603,       147P   1567
-2434.1394363228937,2720.0000000000005,18637.873026000037,           147P   1568
-2438.038210000007,2720.000000000001,18647.03418599996,              147P   1569
-2441.9998139999934,2719.9999999999936,18656.254297230887,           147P   1570
-2445.821996518299,2720.000000000001,18665.50969344601,              147P   1571
-2449.5567359629595,2720.,18713.901760624856,                        147P   1572
-2469.0839131794264,2720.0000000000005,18763.258430000056,           147P   1573
-2486.2206180000076,2720.000000000001,18813.32605799995,             147P   1574
-2501.126722999995,2719.9999999999936,18863.865318271688,            147P   1575
-2514.213834961058,2720.000000000001,18914.747418551055,             147P   1576
-2525.7946235747586,2720.,18972.196562565252,                        147P   1577
-2538.8700742580713,2720.0000000000005,19030.082754000046,           147P   1578
-2550.025286000005,2720.000000000001,19088.212101999965,             147P   1579
-2559.725901999998,2719.9999999999936,19146.508786000017,            147P   1580
-2568.3096120000023,2720.000000000001,19204.923076,-2576.,2720.,     147P   1581
18080.000000000004,-2234.4308389755106,2605.1693431698377,           147P   1582
18127.77622995353,-2245.9319687592797,2608.7820170365962,            147P   1583
18174.772354439898,-2260.5357654483128,2613.369290300197,            147P   1584
18221.460969407413,-2275.782910887009,2618.1586399725293,            147P   1585
18267.83209307072,-2292.0898702359555,2623.2808923918546,            147P   1586
18313.983999238706,-2308.9460238095508,2628.5756604230983,           147P   1587
18375.73782788442,-2331.518774521302,2635.6660929504824,             147P   1588
18437.082424205517,-2355.208285526974,2643.107320359857,             147P   1589
18498.136894777093,-2379.618195963892,2650.7748289450747,            147P   1590
18558.930715852704,-2404.6696018328958,2658.643846254181,            147P   1591
18619.49262832522,-2430.267690006796,2666.6845806928045,             147P   1592
18628.68551319604,-2434.153427588299,2667.905147788142,              147P   1593
18637.87302600003,-2438.0518724847348,2669.129706375662,             147P   1594
18647.034185999975,-2442.01314217124,2670.374002788197,              147P   1595
18656.25429723086,-2445.8350022398663,2671.574505037963,             147P   1596
18665.509693446016,-2449.569426602184,2672.747542457554,             147P   1597
18713.901760624853,-2469.0949564028306,2678.880797511405,            147P   1598
18763.258430000027,-2486.230215211481,2684.2632335965745,            147P   1599
18813.326058,-2501.1350645543166,2688.9450675515873,                 147P   1600
18863.86531827168,-2514.221072181094,2693.0555747692074,             147P   1601
18914.747418551055,-2525.800883579763,2696.6929639425225,            147P   1602
18972.196562565263,-2538.8752309248325,2700.7998088507848,           147P   1603
19030.082753999992,-2550.0295013783116,2704.3035298055484,           147P   1604
19088.21210200002,-2559.7292992272296,2707.350381726242,             147P   1605
19146.50878600001,-2568.312284570741,2710.0464237214237,             147P   1606
19204.923076,-2576.0020238625452,2712.4618836422505,                 147P   1607
18080.000000000025,-2279.347197548622,2490.164098300366,             147P   1608
18127.77622995353,-2289.435205341262,2497.394930861159,              147P   1609
18174.77235443995,-2302.2447191419046,2506.5764596519984,            147P   1610
18221.46096940738,-2315.618449791355,2516.1624202169564,             147P   1611
18267.832093070792,-2329.9218395271614,2526.414742171479,            147P   1612
18313.983999238735,-2344.7069302379264,2537.0123192648366,           147P   1613
18375.73782788446,-2364.5062445836616,2551.2039692110943,            147P   1614
18437.08242420544,-2385.285077333749,2566.0977223737873,             147P   1615
18498.1368947772,-2406.6958388966164,2581.444409484902,              147P   1616
18558.930715852843,-2428.669245260277,2597.194402305579,             147P   1617
18619.492628325235,-2451.1221752050988,2613.288104980757,            147P   1618
18628.685513196026,-2454.5304839066143,2615.7310960431505,           147P   1619
18637.873026000125,-2457.949938556081,2618.182076233844,             147P   1620
18647.03418599995,-2461.424501852061,2620.6725480518535,             147P   1621
18656.254297230997,-2464.7767815032335,2623.075378925647,            147P   1622
18665.50969344603,-2468.052368463355,2625.423238356516,              147P   1623
18713.90176062492,-2485.178855600165,2637.6990792460347,             147P   1624
18763.258430000067,-2500.208758601625,2648.472139968833,             147P   1625
18813.326058000053,-2513.2822915532806,2657.8429204551935,           147P   1626
18863.86531827165,-2524.7604624081523,2666.0701843964935,            147P   1627
18914.747418551102,-2534.9174989741473,2673.3504930536833,           147P   1628
18972.19656256525,-2546.385442577743,2681.570426944312,              147P   1629
19030.08275400015,-2556.1692235394175,2688.5831961079894,            147P   1630
19088.212101999958,-2564.677237521113,2694.681525441514,             147P   1631
19146.50878600006,-2572.205660859735,2700.0777105723264,             147P   1632
19204.923076000017,-2578.9505843370034,2704.912301306259,            147P   1633
18079.99999999996,-2370.1646978746276,2399.347445766521,             147P   1634
18127.776229953495,-2377.3955157979885,2409.435451341812,            147P   1635
18174.772354439898,-2386.577009172543,2422.2449400319756,            147P   1636
18221.46096940735,-2396.1629638782742,2435.618680476715,             147P   1637
18267.832093070676,-2406.415242726428,2449.92204530064,              147P   1638
18313.98399923867,-2417.0127965978604,2464.7071277322866,            147P   1639
18375.73782788442,-2431.2044069797066,2484.506424273473,             147P   1640
18437.08242420544,-2446.0981301258757,2505.28524914341,              147P   1641
18498.136894777144,-2461.444763952314,2526.6959822793333,            147P   1642
18558.930715852548,-2477.1947228350227,2548.669378426749,            147P   1643
18619.492628325177,-2493.2883815831797,2571.122289568567,            147P   1644
18628.68551319603,-2495.7313659776783,2574.530595481124,             147P   1645
18637.873025999965,-2498.182339305773,2577.9500472362083,            147P   1646
18647.03418599997,-2500.6728094426394,2581.424610294349,             147P   1647
18656.254297230764,-2503.0756336812606,2584.77688716187,             147P   1648
18665.50969344598,-2505.4234866591246,2588.05247141965,              147P   1649
18713.90176062479,-2517.6992938087888,2605.1789444270353,            147P   1650
18763.258430000034,-2528.472325770973,2620.2088355219034,            147P   1651
18813.326057999904,-2537.8430818834586,2633.282357541291,            147P   1652
18863.865318271695,-2546.0703247769384,2644.7605204732736,           147P   1653
18914.74741855103,-2553.350614569477,2654.917549463089,              147P   1654
18972.19656256522,-2561.5705271607585,2666.3854845127335,            147P   1655
19030.082753999966,-2568.583277808174,2676.1692573624514,            147P   1656
19088.212101999965,-2574.6815926465565,2684.6772653433472,           147P   1657
19146.508785999995,-2580.07776328215,2692.2056826810767,             147P   1658
19204.92307599998,-2584.9123426335364,2698.950601675176,             147P   1659
18080.000000000004,-2485.168489123205,2354.4307877129886,            147P   1660
18127.77622995354,-2488.781188711982,2365.931916396075,              147P   1661
18174.77235443988,-2493.368498498956,2380.5357224420104,             147P   1662
18221.460969407402,-2498.157875743402,2395.7828612715784,            147P   1663
18267.83209307076,-2503.2801760841953,2412.089828182072,             147P   1664
18313.9839992387,-2508.5749805229634,2428.9459830870346,             147P   1665
18375.73782788445,-2515.6654680540255,2451.5187380991683,            147P   1666
18437.08242420546,-2523.106743456421,2475.2082488355686,             147P   1667
18498.136894777126,-2530.7743199397355,2499.618167733419,            147P   1668
18558.93071585273,-2538.6433897297693,2524.669574085352,             147P   1669
18619.492628325228,-2546.684186034886,2550.2676664009023,            147P   1670
18628.68551319603,-2547.904762500463,2554.1534045608455,             147P   1671
18637.87302600008,-2549.129330624268,2558.051850059629,              147P   1672
18647.034185999913,-2550.373631483417,2562.0131197557066,            147P   1673
18656.25429723091,-2551.574143019743,2565.8349804024124,             147P   1674
18665.50969344602,-2552.7471894928817,2569.569405325483,             147P   1675
18713.901760624845,-2558.8804918834985,2589.094938058105,            147P   1676
18763.25843000011,-2564.2629689359615,2606.23019932573,              147P   1677
18813.32605799993,-2568.9448368290145,2621.135051296279,             147P   1678
18863.865318271695,-2573.055374760952,2634.2210602117734,            147P   1679
18914.747418551065,-2576.692791022114,2645.800873072422,             147P   1680
18972.196562565252,-2580.7996665142696,2658.8752220681426,           147P   1681
19030.0827540001,-2584.3034134299696,2670.0294943931062,             147P   1682
19088.21210199991,-2587.35028599794,2679.7292934813054,              147P   1683
19146.50878600004,-2590.0463486403933,2688.3122800641536,            147P   1684
19204.92307600001,-2592.461825800743,2696.002020262054,18080.,       147P   1685
-2600.,2354.4,18127.776229953506,-2600.0000000000005,                147P   1686
2365.9020930078063,18174.7723544399,-2600.0000000000055,             147P   1687
2380.5071387376797,18221.460969407388,-2599.999999999996,            147P   1688
2395.7555517693245,18267.83209307075,-2600.000000000001,             147P   1689
2412.063895265389,18313.983999238695,-2600.,2428.9214702547993,      147P   1690
18375.737827884437,-2600.0000000000005,2451.496128419401,            147P   1691
18437.082424205473,-2600.0000000000055,2475.187629479694,            147P   1692
18498.136894777133,-2599.999999999996,2499.599609317612,             147P   1693
18558.930715852715,-2600.000000000001,2524.653122350332,             147P   1694
18619.492628325213,-2600.,2550.2533709871745,18628.68551319603,      147P   1695
-2600.0000000000005,2554.139436322894,18637.873026000037,            147P   1696
-2600.0000000000055,2558.038210000006,18647.03418599996,             147P   1697
-2599.999999999996,2561.9998139999925,18656.254297230887,            147P   1698
-2600.000000000001,2565.821996518297,18665.50969344601,-2600.,       147P   1699
2569.5567359629595,18713.901760624856,-2600.0000000000005,           147P   1700
2589.0839131794246,18763.258430000056,-2600.0000000000055,           147P   1701
2606.2206180000067,18813.32605799995,-2599.999999999996,             147P   1702
2621.126723999996,18863.865318271688,-2600.000000000001,             147P   1703
2634.213835021678,18914.747418551055,-2600.,2645.794623357824,       147P   1704
18972.196562565252,-2600.0000000000005,2658.8700737277595,           147P   1705
19030.082754000046,-2600.0000000000055,2670.0252860000023,           147P   1706
19088.212101999965,-2599.999999999996,2679.7259019999956,            147P   1707
19146.508786000017,-2600.000000000001,2688.309612000001,             147P   1708
19204.923076,-2600.,2696.,0.,1.,0.,1.;                               147P   1709
126,3,3,0,0,1,0,0.,0.,0.,0.,1.,1.,1.,1.,1.,1.,1.,1.,0.,1.,0.,0.,     149P   1710
0.6665937792423737,0.,0.,0.33340622075762955,0.,                     149P   1711
3.023165352102041D-20,0.,0.,0.,1.,0.,0.,0.,0,0;                      149P   1712
126,3,3,0,0,1,0,0.,0.,0.,0.,1.,1.,1.,1.,1.,1.,1.,1.,                 151P   1713
3.023165352102041D-20,0.,0.,0.33330347506081515,0.,0.,               151P   1714
0.666666666666565,1.0073868667969809D-13,0.,1.,0.,0.,0.,1.,0.,       151P   1715
0.,0.,0,0;                                                           151P   1716
126,3,3,0,0,1,0,0.,0.,0.,0.,1.,1.,1.,1.,1.,1.,1.,1.,1.,0.,0.,        153P   1717
0.9999992548339978,0.3334062629476962,0.,0.9999992548339652,         153P   1718
0.6665937370522536,0.,1.,1.,0.,0.,1.,0.,0.,0.,0,0;                   153P   1719
126,3,3,0,0,1,0,0.,0.,0.,0.,1.,1.,1.,1.,1.,1.,1.,1.,1.,1.,0.,        155P   1720
0.6666666666665638,0.9999999999998995,0.,0.3333034750608155,1.,      155P   1721
0.,0.,1.,0.,0.,1.,0.,0.,0.,0,0;                                      155P   1722
102,4,149,151,153,155;                                               157P   1723
126,20,5,0,0,1,0,0.,0.,0.,0.,0.,0.,1.,1.,1.,1.,1.,2.,2.,2.,2.,       159P   1724
2.,3.,3.,3.,3.,3.,4.,4.,4.,4.,4.,4.,1.,1.,1.,1.,1.,1.,1.,1.,1.,      159P   1725
1.,1.,1.,1.,1.,1.,1.,1.,1.,1.,1.,1.,18080.,-2600.,2354.4,            159P   1726
18080.000000000015,-2531.086030353297,2354.418456416964,             159P   1727
18079.999999999978,-2462.116776636079,2370.6030114668333,18080.,     159P   1728
-2398.3558841993386,2403.165987224263,18079.999999999985,            159P   1729
-2344.7175080739603,2449.376220838335,18080.,                        159P   1730
-2304.2122943461577,2505.123864597549,18080.000000000015,            159P   1731
-2277.20881750853,2542.288943422622,18080.000000000033,              159P   1732
-2256.0423091043035,2583.692819118516,18079.999999999978,            159P   1733
-2241.60478535171,2628.1175921434246,18080.000000000015,             159P   1734
-2234.412333179021,2674.072758557022,18080.,-2234.4,2720.,           159P   1735
18080.000000000004,-2234.412333431896,2765.9272413001463,            159P   1736
18079.99999999999,-2241.6047848010817,2811.8824081744515,            159P   1737
18079.999999999985,-2256.0423097318117,2856.3071805116365,           159P   1738
18080.,-2277.2088171303503,2897.71105680483,18079.999999999993,      159P   1739
-2304.2122943461554,2934.876135402451,18079.999999999964,            159P   1740
-2344.71750772048,2990.6237729672425,18080.00000000011,              159P   1741
-2398.3558849905894,3036.8340250382043,18079.999999999894,           159P   1742
-2462.1167757497324,3069.3969761752987,18080.000000000047,           159P   1743
-2531.0860308540514,3085.5815499252158,18080.,                       159P   1744
-2599.9999999999995,3085.6,0.,4.,0.,0.,0.,0,0;                       159P   1745
126,25,5,0,0,1,0,0.,0.,0.,0.,0.,0.,1.,1.,1.,1.,1.,2.,2.,2.,2.,       161P   1746
2.,3.,3.,3.,3.,3.,4.,4.,4.,4.,4.,5.,5.,5.,5.,5.,5.,1.,1.,1.,1.,      161P   1747
1.,1.,1.,1.,1.,1.,1.,1.,1.,1.,1.,1.,1.,1.,1.,1.,1.,1.,1.,1.,1.,      161P   1748
1.,18080.,-2599.9999999999995,3085.6,18127.774636002312,             161P   1749
-2599.999999999995,3074.0982915334275,18174.770107240533,            161P   1750
-2600.00000000002,3059.49361499271,18221.458819894327,               161P   1751
-2599.9999999999764,3044.2451546736256,18267.83073634237,            161P   1752
-2599.999999999997,3027.9366245444035,18313.98399923869,             161P   1753
-2599.9999999999895,3011.078529745201,18375.736144138114,            161P   1754
-2600.000000000006,2988.5044885980096,18437.080134483927,            161P   1755
-2599.9999999999636,2964.8132732924023,18498.134829377672,           161P   1756
-2599.999999999995,2940.4012366678176,18558.929485959947,            161P   1757
-2599.999999999971,2915.347397747,18619.492628325213,                161P   1758
-2599.999999999981,2889.7466290128255,18628.68549604047,             161P   1759
-2599.999999999988,2885.8605709079884,18637.873001072043,            161P   1760
-2599.9999999999663,2881.961800695212,18647.034161788863,            161P   1761
-2599.9999999999995,2878.0001963388854,18656.25428141609,            161P   1762
-2599.999999999971,2874.1780097667333,18665.509693446005,            161P   1763
-2599.999999999981,2870.443264037041,18713.901582002647,             161P   1764
-2599.999999999981,2850.916159021494,18763.25826129141,              161P   1765
-2599.999999999985,2833.779429135403,18813.32599914501,              161P   1766
-2599.9999999999886,2818.873287167788,18863.865353630412,            161P   1767
-2599.9999999999854,2805.7861569373395,18914.74741855106,            161P   1768
-2599.9999999999905,2794.205376642177,18972.197213288313,            161P   1769
-2599.9999999999964,2781.1297781165754,19030.083900664653,           161P   1770
-2599.9999999999927,2769.9744990173344,19088.213417122617,           161P   1771
-2599.999999999998,2760.2738946544437,19146.50977422065,             161P   1772
-2599.999999999998,2751.6902576641914,19204.923076,-2600.,2744.,     161P   1773
0.,5.,0.,0.,0.,0,0;                                                  161P   1774
126,10,5,0,0,1,0,0.,0.,0.,0.,0.,0.,1.,1.,1.,1.,1.,2.,2.,2.,2.,       163P   1775
2.,2.,1.,1.,1.,1.,1.,1.,1.,1.,1.,1.,1.,19204.923076,-2600.,          163P   1776
2744.,19204.92281450156,-2592.4601740978674,2743.9980373208505,      163P   1777
19204.922618378005,-2584.910255612198,2741.0480774453017,            163P   1778
19204.92248762851,-2578.949908267546,2735.0860256018823,             163P   1779
19204.922422254112,-2576.0019274653114,2727.53734334129,             163P   1780
19204.92242225406,-2575.9999139326596,2720.,19204.92242225411,       163P   1781
-2576.0019352760364,2712.4626781247234,19204.92248762845,            163P   1782
-2578.9498880898454,2704.9139189442394,19204.9226183782,             163P   1783
-2584.9102849024207,2698.9520030522694,19204.922814501282,           163P   1784
-2592.4601506656695,2696.001898281081,19204.923076,-2600.,2696.,     163P   1785
0.,2.,0.,0.,0.,0,0;                                                  163P   1786
126,25,5,0,0,1,0,0.,0.,0.,0.,0.,0.,1.,1.,1.,1.,1.,2.,2.,2.,2.,       165P   1787
2.,3.,3.,3.,3.,3.,4.,4.,4.,4.,4.,5.,5.,5.,5.,5.,5.,1.,1.,1.,1.,      165P   1788
1.,1.,1.,1.,1.,1.,1.,1.,1.,1.,1.,1.,1.,1.,1.,1.,1.,1.,1.,1.,1.,      165P   1789
1.,19204.923076,-2600.,2696.,19146.509774243892,                     165P   1790
-2600.000000000007,2688.309742149812,19088.213417082,                165P   1791
-2599.9999999999814,2679.72610567105,19030.083900705267,             165P   1792
-2600.0000000000127,2670.0255006571574,18972.197213265084,           165P   1793
-2599.999999999985,2658.870222069436,18914.747418551055,             165P   1794
-2599.99999999999,2645.794623357824,18863.8653536085,                165P   1795
-2599.9999999999873,2634.213843032206,18813.32599919776,             165P   1796
-2599.9999999999854,2621.126712914253,18763.25826123028,             165P   1797
-2599.9999999999905,2606.2205707582743,18713.901582035673,           165P   1798
-2599.99999999998,2589.0838410427505,18665.50969344601,              165P   1799
-2599.999999999981,2569.5567359629595,18656.25428144453,             165P   1800
-2599.999999999985,2565.8219901663188,18647.034161739135,            165P   1801
-2599.999999999972,2561.9998037782657,18637.87300112171,             165P   1802
-2599.999999999995,2558.03819918764,18628.68549601213,               165P   1803
-2599.999999999972,2554.1394291589554,18619.492628325213,            165P   1804
-2599.999999999981,2550.2533709871745,18558.929485923538,            165P   1805
-2599.9999999999795,2524.652602383464,18498.134829499162,            165P   1806
-2599.9999999999764,2499.5987628973157,18437.080134246175,           165P   1807
-2599.999999999988,2475.186727558143,18375.736144414866,             165P   1808
-2599.999999999985,2451.4955104121445,18313.983999238695,            165P   1809
-2599.9999999999905,2428.9214702547993,18267.830733052284,           165P   1810
-2599.9999999999995,2412.063396103385,18221.458824465168,            165P   1811
-2599.9999999999773,2395.7548166462166,18174.77010343052,            165P   1812
-2600.0000000000246,2380.506408909099,18127.77463790387,             165P   1813
-2599.999999999982,2365.901696539173,18080.,-2600.,2354.4,0.,5.,     165P   1814
0.,0.,0.,0,0;                                                        165P   1815
102,4,159,161,163,165;                                               167P   1816
142,0,147,157,167,1,0,0;                                             169P   1817
406,1,19Hspinner wt scale lh;                                        171P   1818
144,147,1,0,169,0,1,171;                                             173P   1819
128,25,10,5,5,0,0,1,0,0,0.,0.,0.,0.,0.,0.,0.20823398412285338,       175P   1820
0.20823398412285338,0.20823398412285338,0.20823398412285338,         175P   1821
0.20823398412285338,0.48687376943570443,0.48687376943570443,         175P   1822
0.48687376943570443,0.48687376943570443,0.48687376943570443,         175P   1823
0.529169517549549,0.529169517549549,0.529169517549549,               175P   1824
0.529169517549549,0.529169517549549,0.7503138787987724,              175P   1825
0.7503138787987724,0.7503138787987724,0.7503138787987724,            175P   1826
0.7503138787987724,1.,1.,1.,1.,1.,1.,0.,0.,0.,0.,0.,0.,0.5,0.5,      175P   1827
0.5,0.5,0.5,1.,1.,1.,1.,1.,1.,1.,1.,1.,1.,1.,1.,1.,1.,1.,1.,1.,      175P   1828
1.,1.,1.,1.,1.,1.,1.,1.,1.,1.,1.,1.,1.,1.,1.,1.,1.,1.,1.,1.,1.,      175P   1829
1.,1.,1.,1.,1.,1.,1.,1.,1.,1.,1.,1.,1.,1.,1.,1.,1.,1.,1.,1.,1.,      175P   1830
1.,1.,1.,1.,1.,1.,1.,1.,1.,1.,1.,1.,1.,1.,1.,1.,1.,1.,1.,1.,1.,      175P   1831
1.,1.,1.,1.,1.,1.,1.,1.,1.,1.,1.,1.,1.,1.,1.,1.,1.,1.,1.,1.,1.,      175P   1832
1.,1.,1.,1.,1.,1.,1.,1.,1.,1.,1.,1.,1.,1.,1.,1.,1.,1.,1.,1.,1.,      175P   1833
1.,1.,1.,1.,1.,1.,1.,1.,1.,1.,1.,1.,1.,1.,1.,1.,1.,1.,1.,1.,1.,      175P   1834
1.,1.,1.,1.,1.,1.,1.,1.,1.,1.,1.,1.,1.,1.,1.,1.,1.,1.,1.,1.,1.,      175P   1835
1.,1.,1.,1.,1.,1.,1.,1.,1.,1.,1.,1.,1.,1.,1.,1.,1.,1.,1.,1.,1.,      175P   1836
1.,1.,1.,1.,1.,1.,1.,1.,1.,1.,1.,1.,1.,1.,1.,1.,1.,1.,1.,1.,1.,      175P   1837
1.,1.,1.,1.,1.,1.,1.,1.,1.,1.,1.,1.,1.,1.,1.,1.,1.,1.,1.,1.,1.,      175P   1838
1.,1.,1.,1.,1.,1.,1.,1.,1.,1.,1.,1.,1.,1.,1.,1.,1.,1.,1.,1.,1.,      175P   1839
1.,1.,1.,1.,1.,1.,1.,1.,1.,1.,1.,1.,1.,1.,1.,1.,1.,1.,1.,1.,1.,      175P   1840
1.,1.,1.,1.,1.,1.,1.,1.,1.,1.,1.,1.,1.,1.,1.,1.,1.,1.,1.,1.,1.,      175P   1841
1.,1.,18080.,-2600.0000000000005,3085.6,18127.776229953506,          175P   1842
-2600.0000000000005,3074.097906992193,18174.7723544399,              175P   1843
-2600.0000000000055,3059.4928612623307,18221.460969407388,           175P   1844
-2599.999999999996,3044.244448230662,18267.83209307075,              175P   1845
-2600.000000000001,3027.936104734615,18313.983999238695,             175P   1846
-2600.0000000000005,3011.078529745201,18375.737827884437,            175P   1847
-2600.0000000000005,2988.5038715806013,18437.082424205473,           175P   1848
-2600.0000000000055,2964.8123705203125,18498.136894777133,           175P   1849
-2599.999999999996,2940.4003906823764,18558.930715852715,            175P   1850
-2600.000000000001,2915.346877649671,18619.492628325213,-2600.,      175P   1851
2889.746629012825,18628.68551319603,-2600.0000000000005,             175P   1852
2885.860563677106,18637.873026000037,-2600.0000000000055,            175P   1853
2881.9617900000026,18647.03418599996,-2599.999999999996,             175P   1854
2878.0001859999975,18656.254297230887,-2600.000000000001,            175P   1855
2874.178003481703,18665.50969344601,-2600.,2870.4432640370414,       175P   1856
18713.901760624856,-2600.0000000000005,2850.9160868205754,           175P   1857
18763.258430000056,-2600.0000000000055,2833.7793820000034,           175P   1858
18813.32605799995,-2599.999999999996,2818.8732759999966,             175P   1859
18863.865318271688,-2600.000000000001,2805.7861649783267,            175P   1860
18914.747418551055,-2600.,2794.2053766421764,18972.196562565252,     175P   1861
-2600.0000000000005,2781.12992627224,19030.082754000046,             175P   1862
-2600.0000000000055,2769.9747140000045,19088.212101999965,           175P   1863
-2599.999999999996,2760.2740979999944,19146.508786000017,            175P   1864
-2600.000000000001,2751.690388000001,19204.923076,-2600.,2744.,      175P   1865
18080.000000000004,-2714.8315108767933,3085.569212287013,            175P   1866
18127.776229953517,-2711.2188112880135,3074.0680836039314,           175P   1867
18174.772354439898,-2706.6315015010946,3059.464277558032,            175P   1868
18221.460969407413,-2701.8421242565346,3044.2171387283715,           175P   1869
18267.83209307074,-2696.7198239158242,3027.9101718179368,            175P   1870
18313.983999238706,-2691.4250194770357,3011.0540169129677,           175P   1871
18375.73782788442,-2684.3345319459713,2988.481261900839,             175P   1872
18437.082424205517,-2676.8932565436216,2964.79175116443,             175P   1873
18498.136894777093,-2669.2256800602336,2940.3818322665966,           175P   1874
18558.930715852715,-2661.356610270243,2915.3304259146375,            175P   1875
18619.49262832522,-2653.315813965114,2889.7323335991014,             175P   1876
18628.685513196036,-2652.0952374995386,2885.8465954391568,           175P   1877
18637.873026000012,-2650.8706693757567,2881.948149940376,            175P   1878
18647.03418600001,-2649.6263685165536,2877.986880244276,             175P   1879
18656.254297230862,-2648.425856980268,2874.1650195975935,            175P   1880
18665.509693446016,-2647.252810507118,2870.430594674516,             175P   1881
18713.901760624874,-2641.1195081165038,2850.9050619418917,           175P   1882
18763.258430000027,-2635.7370310640645,2833.7698006742958,           175P   1883
18813.326058,-2631.05516317097,2818.8649487037105,                   175P   1884
18863.865318271655,-2626.9446252390535,2805.778939788224,            175P   1885
18914.747418551055,-2623.30720897789,2794.199126927581,              175P   1886
18972.196562565252,-2619.2003334857272,2781.1247779318583,           175P   1887
19030.082753999992,-2615.6965865700577,2769.970505606937,            175P   1888
19088.21210200002,-2612.6497140020483,2760.270706518658,             175P   1889
19146.50878600001,-2609.9536513596036,2751.6877199358646,            175P   1890
19204.923076,-2607.5381741992596,2743.9979797379474,                 175P   1891
18080.000000000025,-2829.83530212538,3040.652554233484,              175P   1892
18127.77622995356,-2822.6044842020083,3030.564548658158,             175P   1893
18174.772354439912,-2813.422990827449,3017.755059968053,             175P   1894
18221.460969407475,-2803.8370361217517,3004.381319523276,            175P   1895
18267.832093070727,-2793.5847572735606,2990.0779546993717,           175P   1896
18313.983999238735,-2782.98720340214,2975.292872267715,              175P   1897
18375.73782788446,-2768.795593020289,2955.493575726524,              175P   1898
18437.082424205386,-2753.9018698741256,2934.7147508565963,           175P   1899
18498.136894777253,-2738.5552360477013,2913.3040177206317,           175P   1900
18558.93071585277,-2722.80527716496,2891.330621573286,               175P   1901
18619.492628325235,-2706.7116184168217,2868.8777104314318,           175P   1902
18628.685513196044,-2704.2686340223045,2865.469404518859,            175P   1903
18637.87302600016,-2701.8176606942525,2862.049952763795,             175P   1904
18647.034185999913,-2699.3271905573265,2858.575389705604,            175P   1905
18656.25429723095,-2696.924366318742,2855.22311283812,               175P   1906
18665.50969344603,-2694.5765133408768,2851.9475285803537,            175P   1907
18713.901760624838,-2682.300706191188,2834.8210555729784,            175P   1908
18763.25843000013,-2671.5276742290484,2819.79116447811,              175P   1909
18813.326057999988,-2662.156918116526,2806.717642458698,             175P   1910
18863.86531827176,-2653.9296752230766,2795.2394795267514,            175P   1911
18914.747418551102,-2646.6493854305227,2785.082450536911,            175P   1912
18972.196562565303,-2638.429472839234,2773.6145154872565,            175P   1913
19030.082754000032,-2631.416722191786,2763.830742637534,             175P   1914
19088.212101999958,-2625.3184073534608,2755.3227346566437,           175P   1915
19146.50878600006,-2619.9222367178654,2747.7943173189224,            175P   1916
19204.923076000017,-2615.0876573664627,2741.049398324817,            175P   1917
18079.99999999996,-2920.652802451372,2949.8359016996305,             175P   1918
18127.77622995347,-2910.564794658734,2942.6050691388664,             175P   1919
18174.77235443998,-2897.755280858141,2933.4235403479906,             175P   1920
18221.460969407242,-2884.381550208581,2923.837579783028,             175P   1921
18267.832093070727,-2870.07816047285,2913.585257828504,              175P   1922
18313.98399923867,-2855.2930697620736,2902.9876807351575,            175P   1923
18375.73782788442,-2835.493755416348,2888.796030788909,              175P   1924
18437.08242420551,-2814.7149226662705,2873.9022776262136,            175P   1925
18498.136894777057,-2793.304161103352,2858.5555905151177,            175P   1926
18558.93071585264,-2771.3307547397326,2842.8055976943756,            175P   1927
18619.492628325177,-2748.877824794899,2826.7118950192416,            175P   1928
18628.68551319602,-2745.4695160934148,2824.268903956867,             175P   1929
18637.873025999976,-2742.0500614438743,2821.817923766162,            175P   1930
18647.034185999924,-2738.5754981479695,2819.3274519481547,           175P   1931
18656.254297230844,-2735.2232184967606,2816.9246210743654,           175P   1932
18665.50969344596,-2731.947631536636,2814.5767616434778,             175P   1933
18713.901760624853,-2714.821144399855,2802.3009207539544,            175P   1934
18763.258429999983,-2699.79124139835,2791.5278600311685,             175P   1935
18813.32605799995,-2686.7177084467367,2782.157079544798,             175P   1936
18863.86531827164,-2675.2395375918286,2773.9298156034806,            175P   1937
18914.74741855103,-2665.082501025855,2766.649506946315,              175P   1938
18972.1965625652,-2653.6145574222564,2758.429573055677,              175P   1939
19030.082754000035,-2643.8307764606316,2751.4168038920257,           175P   1940
19088.212101999965,-2635.3227624788515,2745.31847455846,             175P   1941
19146.508785999995,-2627.794339140259,2739.9222894276636,            175P   1942
19204.92307599998,-2621.0494156629957,2735.08769869374,              175P   1943
18080.000000000004,-2965.569161024491,2834.8306568301678,            175P   1944
18127.776229953557,-2954.068031240723,2831.217982963404,             175P   1945
18174.77235443988,-2939.4642345517095,2826.6307096998075,            175P   1946
18221.460969407402,-2924.2170891129676,2821.8413600274703,           175P   1947
18267.832093070738,-2907.9101297640477,2816.7191076081485,           175P   1948
18313.9839992387,-2891.053976190452,2811.424339576907,               175P   1949
18375.73782788445,-2868.4812254786957,2804.3339070495153,            175P   1950
18437.08242420546,-2844.7917144730272,2796.8926796401634,            175P   1951
18498.136894777126,-2820.3818040361048,2789.2251710549026,           175P   1952
18558.930715852715,-2795.330398167111,2781.356153745838,             175P   1953
18619.492628325228,-2769.7323099932055,2773.315419307195,            175P   1954
18628.68551319603,-2765.846572411692,2772.094852211858,              175P   1955
18637.87302600008,-2761.948127515303,2770.8702936243544,             175P   1956
18647.034185999913,-2757.9868578287364,2769.625997211784,            175P   1957
18656.25429723091,-2754.16499776014,2768.4254949620413,              175P   1958
18665.50969344602,-2750.4305733978185,2767.2524575424504,            175P   1959
18713.901760624827,-2730.905043597166,2761.1192024885904,            175P   1960
18763.25843000011,-2713.769784788522,2755.7367664034673,             175P   1961
18813.32605799993,-2698.86493544567,2751.0549324483877,              175P   1962
18863.865318271706,-2685.778927818917,2746.944425230803,             175P   1963
18914.747418551065,-2674.1991164202373,2743.307036057481,            175P   1964
18972.196562565252,-2661.124769075167,2739.2001911492252,            175P   1965
19030.0827540001,-2649.9704986216975,2735.6964701944717,             175P   1966
19088.21210199991,-2640.270700772765,2732.649618273731,              175P   1967
19146.50878600004,-2631.6877154292597,2729.9535762785954,            175P   1968
19204.92307600001,-2623.997976137459,2727.5381163577513,18080.,      175P   1969
-2965.6,2720.,18127.776229953506,-2954.097902864979,                 175P   1970
2720.0000000000005,18174.7723544399,-2939.492868131948,              175P   1971
2720.000000000001,18221.460969407388,-2924.2444432214866,            175P   1972
2719.9999999999936,18267.83209307075,-2907.936105803117,             175P   1973
2720.000000000001,18313.983999238695,-2891.0785299281247,2720.,      175P   1974
18375.737827884437,-2868.5038734465047,2720.0000000000005,           175P   1975
18437.082424205473,-2844.812367326148,2720.000000000001,             175P   1976
18498.136894777133,-2820.4003943520406,2719.9999999999936,           175P   1977
18558.930715852715,-2795.3468769597907,2720.000000000001,            175P   1978
18619.492628325213,-2769.746629012825,2720.,18628.68551319603,       175P   1979
-2765.860563677104,2720.0000000000005,18637.873026000037,            175P   1980
-2761.961790000001,2720.000000000001,18647.03418599996,              175P   1981
-2758.000186000001,2719.9999999999936,18656.254297230887,            175P   1982
-2754.1780034817057,2720.000000000001,18665.50969344601,             175P   1983
-2750.443264037042,2720.,18713.901760624856,-2730.9160868205763,     175P   1984
2720.0000000000005,18763.258430000056,-2713.7793820000024,           175P   1985
2720.000000000001,18813.32605799995,-2698.873276999999,              175P   1986
2719.9999999999936,18863.865318271688,-2685.7861650389477,           175P   1987
2720.000000000001,18914.747418551055,-2674.2053764252423,2720.,      175P   1988
18972.196562565252,-2661.129925741933,2720.0000000000005,            175P   1989
19030.082754000046,-2649.9747140000045,2720.000000000001,            175P   1990
19088.212101999965,-2640.2740979999944,2719.9999999999936,           175P   1991
19146.508786000017,-2631.6903880000023,2720.000000000001,            175P   1992
19204.923076,-2624.,2720.,18080.000000000004,-2965.569161024492,     175P   1993
2605.1693431698377,18127.77622995353,-2954.068031240717,             175P   1994
2608.7820170365962,18174.772354439898,-2939.464234551723,            175P   1995
2613.369290300197,18221.460969407413,-2924.217089112947,             175P   1996
2618.1586399725293,18267.83209307072,-2907.910129764051,             175P   1997
2623.2808923918546,18313.983999238706,-2891.053976190452,            175P   1998
2628.5756604230983,18375.73782788442,-2868.4812254786907,            175P   1999
2635.6660929504824,18437.082424205517,-2844.7917144730422,           175P   2000
2643.107320359857,18498.136894777093,-2820.381804036087,             175P   2001
2650.7748289450747,18558.930715852704,-2795.3303981671093,           175P   2002
2658.643846254181,18619.49262832522,-2769.7323099932046,             175P   2003
2666.6845806928045,18628.68551319604,-2765.846572411694,             175P   2004
2667.905147788142,18637.87302600003,-2761.948127515284,              175P   2005
2669.129706375662,18647.034185999975,-2757.9868578287496,            175P   2006
2670.374002788197,18656.25429723086,-2754.1649977601364,             175P   2007
2671.574505037963,18665.509693446016,-2750.43057339782,              175P   2008
2672.747542457554,18713.901760624853,-2730.905043597162,             175P   2009
2678.880797511405,18763.258430000027,-2713.769784788537,             175P   2010
2684.2632335965745,18813.326058,-2698.8649354456575,                 175P   2011
2688.9450675515873,18863.86531827168,-2685.778927818917,             175P   2012
2693.0555747692074,18914.747418551055,-2674.1991164202364,           175P   2013
2696.6929639425225,18972.196562565263,-2661.124769075165,            175P   2014
2700.7998088507848,19030.082753999992,-2649.9704986216966,           175P   2015
2704.3035298055484,19088.21210200002,-2640.2707007727627,            175P   2016
2707.350381726242,19146.50878600001,-2631.687715429257,              175P   2017
2710.0464237214237,19204.923076,-2623.9979761374575,                 175P   2018
2712.4618836422505,18080.000000000025,-2920.6528024513827,           175P   2019
2490.164098300366,18127.77622995353,-2910.5647946587715,             175P   2020
2497.394930861159,18174.77235443995,-2897.755280858135,              175P   2021
2506.5764596519984,18221.46096940738,-2884.381550208602,             175P   2022
2516.1624202169564,18267.832093070792,-2870.078160472858,            175P   2023
2526.414742171479,18313.983999238735,-2855.293069762083,             175P   2024
2537.0123192648366,18375.73782788446,-2835.4937554163666,            175P   2025
2551.2039692110943,18437.08242420544,-2814.7149226663105,            175P   2026
2566.0977223737873,18498.1368947772,-2793.3041611033536,             175P   2027
2581.444409484902,18558.930715852843,-2771.330754739757,             175P   2028
2597.194402305579,18619.492628325235,-2748.8778247949153,            175P   2029
2613.288104980757,18628.685513196026,-2745.46951609343,              175P   2030
2615.7310960431505,18637.873026000125,-2742.050061443928,            175P   2031
2618.182076233844,18647.03418599995,-2738.57549814795,               175P   2032
2620.6725480518535,18656.254297230997,-2735.223218496767,            175P   2033
2623.075378925647,18665.50969344603,-2731.947631536649,              175P   2034
2625.423238356516,18713.90176062492,-2714.821144399867,              175P   2035
2637.6990792460347,18763.258430000067,-2699.791241398394,            175P   2036
2648.472139968833,18813.326058000053,-2686.7177084467125,            175P   2037
2657.8429204551935,18863.86531827165,-2675.2395375918522,            175P   2038
2666.0701843964935,18914.747418551102,-2665.082501025863,            175P   2039
2673.3504930536833,18972.19656256525,-2653.614557422268,             175P   2040
2681.570426944312,19030.08275400015,-2643.830776460627,              175P   2041
2688.5831961079894,19088.212101999958,-2635.3227624788747,           175P   2042
2694.681525441514,19146.50878600006,-2627.794339140286,              175P   2043
2700.0777105723264,19204.923076000017,-2621.0494156630034,           175P   2044
2704.912301306259,18079.99999999996,-2829.8353021253665,             175P   2045
2399.347445766521,18127.776229953495,-2822.604484201981,             175P   2046
2409.435451341812,18174.772354439898,-2813.4229908274688,            175P   2047
2422.2449400319756,18221.46096940735,-2803.8370361217085,            175P   2048
2435.618680476715,18267.832093070676,-2793.584757273548,             175P   2049
2449.92204530064,18313.98399923867,-2782.987203402127,               175P   2050
2464.7071277322866,18375.73782788442,-2768.7955930202584,            175P   2051
2484.506424273473,18437.08242420544,-2753.901869874112,              175P   2052
2505.28524914341,18498.136894777144,-2738.5552360476913,             175P   2053
2526.6959822793333,18558.930715852548,-2722.805277164935,            175P   2054
2548.669378426749,18619.492628325177,-2706.711618416803,             175P   2055
2571.122289568567,18628.68551319603,-2704.2686340222867,             175P   2056
2574.530595481124,18637.873025999965,-2701.8176606942193,            175P   2057
2577.9500472362083,18647.03418599997,-2699.3271905573306,            175P   2058
2581.424610294349,18656.254297230764,-2696.924366318738,             175P   2059
2584.77688716187,18665.50969344598,-2694.576513340867,               175P   2060
2588.05247141965,18713.90176062479,-2682.3007061911762,              175P   2061
2605.1789444270353,18763.258430000034,-2671.527674229006,            175P   2062
2620.2088355219034,18813.326057999904,-2662.1569181165382,           175P   2063
2633.282357541291,18863.865318271695,-2653.9296752230557,            175P   2064
2644.7605204732736,18914.74741855103,-2646.6493854305127,            175P   2065
2654.917549463089,18972.19656256522,-2638.4294728392315,             175P   2066
2666.3854845127335,19030.082753999966,-2631.416722191782,            175P   2067
2676.1692573624514,19088.212101999965,-2625.3184073534394,           175P   2068
2684.6772653433472,19146.508785999995,-2619.9222367178418,           175P   2069
2692.2056826810767,19204.92307599998,-2615.087657366451,             175P   2070
2698.950601675176,18080.000000000004,-2714.8315108767974,            175P   2071
2354.4307877129886,18127.77622995354,-2711.2188112880185,            175P   2072
2365.931916396075,18174.77235443988,-2706.631501501101,              175P   2073
2380.5357224420104,18221.460969407402,-2701.8421242565346,           175P   2074
2395.7828612715784,18267.83209307076,-2696.719823915828,             175P   2075
2412.089828182072,18313.9839992387,-2691.4250194770398,              175P   2076
2428.9459830870346,18375.73782788445,-2684.334531945973,             175P   2077
2451.5187380991683,18437.08242420546,-2676.8932565436253,            175P   2078
2475.2082488355686,18498.136894777126,-2669.225680060235,            175P   2079
2499.618167733419,18558.93071585273,-2661.356610270247,              175P   2080
2524.669574085352,18619.492628325228,-2653.3158139651177,            175P   2081
2550.2676664009023,18628.68551319603,-2652.0952374995377,            175P   2082
2554.1534045608455,18637.87302600008,-2650.8706693757676,            175P   2083
2558.051850059629,18647.034185999913,-2649.626368516552,             175P   2084
2562.0131197557066,18656.25429723091,-2648.4258569802664,            175P   2085
2565.8349804024124,18665.50969344602,-2647.2528105071196,            175P   2086
2569.569405325483,18713.901760624845,-2641.1195081165033,            175P   2087
2589.094938058105,18763.25843000011,-2635.7370310640645,             175P   2088
2606.23019932573,18813.32605799993,-2631.055163170979,               175P   2089
2621.135051296279,18863.865318271695,-2626.9446252390544,            175P   2090
2634.2210602117734,18914.747418551065,-2623.3072089778907,           175P   2091
2645.800873072422,18972.196562565252,-2619.2003334857213,            175P   2092
2658.8752220681426,19030.0827540001,-2615.6965865700577,             175P   2093
2670.0294943931062,19088.21210199991,-2612.649714002052,             175P   2094
2679.7292934813054,19146.50878600004,-2609.9536513596086,            175P   2095
2688.3122800641536,19204.92307600001,-2607.53817419926,              175P   2096
2696.002020262054,18080.,-2600.,2354.4,18127.776229953506,           175P   2097
-2600.0000000000005,2365.9020930078063,18174.7723544399,             175P   2098
-2600.0000000000055,2380.5071387376797,18221.460969407388,           175P   2099
-2599.999999999996,2395.7555517693245,18267.83209307075,             175P   2100
-2600.000000000001,2412.063895265389,18313.983999238695,-2600.,      175P   2101
2428.9214702547993,18375.737827884437,-2600.0000000000005,           175P   2102
2451.496128419401,18437.082424205473,-2600.0000000000055,            175P   2103
2475.187629479694,18498.136894777133,-2599.999999999996,             175P   2104
2499.599609317612,18558.930715852715,-2600.000000000001,             175P   2105
2524.653122350332,18619.492628325213,-2600.,2550.2533709871745,      175P   2106
18628.68551319603,-2600.0000000000005,2554.139436322894,             175P   2107
18637.873026000037,-2600.0000000000055,2558.038210000006,            175P   2108
18647.03418599996,-2599.999999999996,2561.9998139999925,             175P   2109
18656.254297230887,-2600.000000000001,2565.821996518297,             175P   2110
18665.50969344601,-2600.,2569.5567359629595,18713.901760624856,      175P   2111
-2600.0000000000005,2589.0839131794246,18763.258430000056,           175P   2112
-2600.0000000000055,2606.2206180000067,18813.32605799995,            175P   2113
-2599.999999999996,2621.126723999996,18863.865318271688,             175P   2114
-2600.000000000001,2634.213835021678,18914.747418551055,-2600.,      175P   2115
2645.794623357824,18972.196562565252,-2600.0000000000005,            175P   2116
2658.8700737277595,19030.082754000046,-2600.0000000000055,           175P   2117
2670.0252860000023,19088.212101999965,-2599.999999999996,            175P   2118
2679.7259019999956,19146.508786000017,-2600.000000000001,            175P   2119
2688.309612000001,19204.923076,-2600.,2696.,0.,1.,0.,1.;             175P   2120
126,3,3,0,0,1,0,0.,0.,0.,0.,1.,1.,1.,1.,1.,1.,1.,1.,0.,1.,0.,0.,     177P   2121
0.6665937792423805,0.,0.,0.33340622075763293,0.,                     177P   2122
3.02316535210207D-20,0.,0.,0.,1.,0.,0.,0.,0,0;                       177P   2123
126,3,3,0,0,1,0,0.,0.,0.,0.,1.,1.,1.,1.,1.,1.,1.,1.,                 179P   2124
3.02316535210207D-20,0.,0.,0.33330347506081504,0.,0.,                179P   2125
0.6666666666665652,0.,0.,1.,0.,0.,0.,1.,0.,0.,0.,0,0;                179P   2126
126,3,3,0,0,1,0,0.,0.,0.,0.,1.,1.,1.,1.,1.,1.,1.,1.,1.,0.,0.,        181P   2127
0.9999992548339978,0.33340626294762077,0.,0.9999992548339652,        181P   2128
0.6665937370524044,0.,1.,1.,0.,0.,1.,0.,0.,0.,0,0;                   181P   2129
126,3,3,0,0,1,0,0.,0.,0.,0.,1.,1.,1.,1.,1.,1.,1.,1.,1.,1.,0.,        183P   2130
0.6666666666665638,1.,0.,0.33330347506081537,1.,0.,0.,1.,0.,0.,      183P   2131
1.,0.,0.,0.,0,0;                                                     183P   2132
102,4,177,179,181,183;                                               185P   2133
126,20,5,0,0,1,0,0.,0.,0.,0.,0.,0.,1.,1.,1.,1.,1.,2.,2.,2.,2.,       187P   2134
2.,3.,3.,3.,3.,3.,4.,4.,4.,4.,4.,4.,1.,1.,1.,1.,1.,1.,1.,1.,1.,      187P   2135
1.,1.,1.,1.,1.,1.,1.,1.,1.,1.,1.,1.,18080.,-2600.,2354.4,            187P   2136
18079.999999999985,-2668.913969646702,2354.4184564169686,            187P   2137
18080.000000000033,-2737.8832233639255,2370.6030114668174,           187P   2138
18079.99999999995,-2801.6441158006446,2403.165987224281,             187P   2139
18080.000000000015,-2855.2824919260456,2449.376220838323,18080.,     187P   2140
-2895.78770565384,2505.123864597545,18080.000000000007,              187P   2141
-2922.79118249147,2542.288943422618,18079.999999999993,              187P   2142
-2943.9576908957047,2583.692819118509,18080.000000000022,            187P   2143
-2958.395214648283,2628.1175921434324,18079.999999999993,            187P   2144
-2965.587666820986,2674.0727585570153,18080.,-2965.6,2720.,          187P   2145
18079.999999999956,-2965.5876665681008,2765.9272413001468,           187P   2146
18080.00000000014,-2958.395215198929,2811.8824081744497,             187P   2147
18079.99999999982,-2943.9576902681733,2856.3071805116397,            187P   2148
18080.00000000008,-2922.7911828696556,2897.7110568048206,            187P   2149
18079.999999999993,-2895.7877056538446,2934.876135402448,            187P   2150
18079.99999999999,-2855.282492279519,2990.6237729672557,             187P   2151
18080.000000000044,-2801.644115009415,3036.8340250381707,            187P   2152
18080.000000000004,-2737.8832242502795,3069.396976175337,            187P   2153
18079.99999999999,-2668.913969145942,3085.581549925194,18080.,       187P   2154
-2600.0000000000005,3085.6,0.,4.,0.,0.,0.,0,0;                       187P   2155
126,25,5,0,0,1,0,0.,0.,0.,0.,0.,0.,1.,1.,1.,1.,1.,2.,2.,2.,2.,       189P   2156
2.,3.,3.,3.,3.,3.,4.,4.,4.,4.,4.,5.,5.,5.,5.,5.,5.,1.,1.,1.,1.,      189P   2157
1.,1.,1.,1.,1.,1.,1.,1.,1.,1.,1.,1.,1.,1.,1.,1.,1.,1.,1.,1.,1.,      189P   2158
1.,18080.,-2600.0000000000005,3085.6,18127.774636002316,             189P   2159
-2599.999999999998,3074.0982915334266,18174.770107240543,            189P   2160
-2600.0000000000236,3059.4936149927244,18221.458819894207,           189P   2161
-2599.9999999999573,3044.2451546735783,18267.830736342567,           189P   2162
-2600.0000000000373,3027.9366245444603,18313.983999238695,           189P   2163
-2600.0000000000005,3011.078529745201,18375.736144137914,            189P   2164
-2599.9999999999854,2988.5044885979887,18437.080134484153,           189P   2165
-2600.0000000000227,2964.813273292428,18498.13482937751,             189P   2166
-2599.9999999999886,2940.401236667802,18558.929485960027,            189P   2167
-2600.0000000000027,2915.3473977470076,18619.492628325213,           189P   2168
-2600.,2889.746629012825,18628.685496040453,-2599.999999999998,      189P   2169
2885.860570907983,18637.873001072145,-2600.0000000000173,            189P   2170
2881.9618006952314,18647.034161788746,-2599.9999999999777,           189P   2171
2878.0001963388636,18656.254281416142,-2600.0000000000146,           189P   2172
2874.1780097667443,18665.50969344601,-2600.,2870.4432640370414,      189P   2173
18713.901582002654,-2599.999999999996,2850.9161590214953,            189P   2174
18763.25826129141,-2600.0000000000105,2833.7794291354053,            189P   2175
18813.325999145,-2599.999999999994,2818.8732871677807,               189P   2176
18863.865353630412,-2600.000000000002,2805.7861569373426,            189P   2177
18914.747418551055,-2600.,2794.2053766421764,18972.197213288317,     189P   2178
-2600.000000000006,2781.1297781165754,19030.083900664627,            189P   2179
-2599.9999999999936,2769.9744990173263,19088.21341712264,            189P   2180
-2600.000000000013,2760.273894654468,19146.50977422065,              189P   2181
-2599.9999999999864,2751.6902576641705,19204.923076,-2600.,          189P   2182
2744.,0.,5.,0.,0.,0.,0,0;                                            189P   2183
126,10,5,0,0,1,0,0.,0.,0.,0.,0.,0.,1.,1.,1.,1.,1.,2.,2.,2.,2.,       191P   2184
2.,2.,1.,1.,1.,1.,1.,1.,1.,1.,1.,1.,1.,19204.923076,-2600.,          191P   2185
2744.,19204.922814501675,-2607.5398259021235,2743.998037320857,      191P   2186
19204.922618377743,-2615.089744387823,2741.0480774452944,            191P   2187
19204.922487628744,-2621.0500917324302,2735.086025601884,            191P   2188
19204.92242225401,-2623.9980725346954,2727.5373433412938,            191P   2189
19204.92242225406,-2624.000086067341,2720.,19204.922422254083,       191P   2190
-2623.998064723972,2712.462678124717,19204.922487628566,             191P   2191
-2621.050111910147,2704.9139189442567,19204.92261837796,             191P   2192
-2615.0897150975825,2698.952003052221,19204.92281450149,             191P   2193
-2607.5398493343146,2696.0018982811266,19204.923076,-2600.,          191P   2194
2696.,0.,2.,0.,0.,0.,0,0;                                            191P   2195
126,25,5,0,0,1,0,0.,0.,0.,0.,0.,0.,1.,1.,1.,1.,1.,2.,2.,2.,2.,       193P   2196
2.,3.,3.,3.,3.,3.,4.,4.,4.,4.,4.,5.,5.,5.,5.,5.,5.,1.,1.,1.,1.,      193P   2197
1.,1.,1.,1.,1.,1.,1.,1.,1.,1.,1.,1.,1.,1.,1.,1.,1.,1.,1.,1.,1.,      193P   2198
1.,19204.923076,-2600.,2696.,19146.5097742439,                       193P   2199
-2600.0000000000086,2688.309742149813,19088.21341708196,             193P   2200
-2599.9999999999795,2679.7261056710445,19030.083900705344,           193P   2201
-2600.000000000025,2670.0255006571674,18972.197213265026,            193P   2202
-2599.9999999999873,2658.870222069428,18914.747418551055,-2600.,     193P   2203
2645.794623357824,18863.86535360851,-2600.0000000000064,             193P   2204
2634.2138430322116,18813.325999197725,-2599.999999999982,            193P   2205
2621.1267129142434,18763.258261230287,-2600.000000000019,            193P   2206
2606.2205707582775,18713.901582035684,-2599.999999999996,            193P   2207
2589.0838410427486,18665.50969344601,-2600.,2569.5567359629595,      193P   2208
18656.25428144455,-2600.000000000007,2565.8219901663188,             193P   2209
18647.034161738968,-2599.9999999999764,2561.999803778255,            193P   2210
18637.873001121967,-2600.0000000000286,2558.038199187654,            193P   2211
18628.68549601194,-2599.9999999999864,2554.139429158945,             193P   2212
18619.492628325213,-2600.,2550.2533709871745,18558.929485923596,     193P   2213
-2600.0000000000045,2524.65260238347,18498.134829498926,             193P   2214
-2599.9999999999827,2499.5987628973016,18437.080134246688,           193P   2215
-2600.0000000000327,2475.1867275581662,18375.736144414263,           193P   2216
-2599.999999999968,2451.4955104121227,18313.983999238695,-2600.,     193P   2217
2428.9214702547993,18267.83073305229,-2600.000000000003,             193P   2218
2412.063396103381,18221.458824465204,-2599.9999999999927,            193P   2219
2395.7548166462334,18174.77010343048,-2600.000000000014,             193P   2220
2380.506408909076,18127.77463790388,-2599.9999999999895,             193P   2221
2365.9016965391884,18080.,-2600.,2354.4,0.,5.,0.,0.,0.,0,0;          193P   2222
102,4,187,189,191,193;                                               195P   2223
142,0,175,185,195,1,0,0;                                             197P   2224
406,1,19Hspinner wt scale lh;                                        199P   2225
144,175,1,0,197,0,1,199;                                             201P   2226
128,10,1,5,1,0,0,1,0,0,0.,0.,0.,0.,0.,0.,1.,1.,1.,1.,1.,2.,2.,       203P   2227
2.,2.,2.,2.,0.,0.,1.,1.,1.,1.,1.,1.,1.,1.,1.,1.,1.,1.,1.,1.,1.,      203P   2228
1.,1.,1.,1.,1.,1.,1.,1.,1.,18080.,-2599.999999999999,2354.4,         203P   2229
18080.000000000004,-2485.1684891232053,2354.4307877129872,           203P   2230
18080.000000000025,-2370.1646978746294,2399.3474457665293,           203P   2231
18079.99999999996,-2279.347197548616,2490.1640983003613,             203P   2232
18080.000000000004,-2234.4308389755092,2605.169343169837,18080.,     203P   2233
-2234.4,2720.,18080.000000000004,-2234.4308389755097,                203P   2234
2834.8306568301623,18080.000000000025,-2279.347197548624,            203P   2235
2949.835901699643,18079.99999999996,-2370.164697874623,              203P   2236
3040.652554233471,18080.000000000004,-2485.168489123205,             203P   2237
3085.569212287014,18080.,-2600.,3085.6,17897.2,                      203P   2238
-2599.999999999999,2310.513602,17897.200000000008,                   203P   2239
-2471.384189416153,2310.5480855909345,17897.200000000023,            203P   2240
-2342.5754057336244,2360.856514212397,17897.199999999968,            203P   2241
-2240.8562375078245,2462.5747367960075,17897.200000000004,           203P   2242
-2190.548142716815,2591.3851432914216,17897.2,-2190.513602,          203P   2243
2720.,17897.200000000008,-2190.548142716815,2848.614856708578,       203P   2244
17897.200000000023,-2240.856237507831,2977.4252632039975,            203P   2245
17897.199999999968,-2342.5754057336194,3079.1434857876015,           203P   2246
17897.200000000004,-2471.3841894161496,3129.451914409069,            203P   2247
17897.2,-2600.,3129.486398,0.,2.,0.,1.;                              203P   2248
126,3,3,0,0,1,0,0.,0.,0.,0.,1.,1.,1.,1.,1.,1.,1.,1.,0.,              205P   2249
0.9999999999999999,0.,0.,0.6666666666666666,0.,                      205P   2250
8.035714270911033D-22,0.33333333333333326,0.,0.,0.,0.,0.,1.,0.,      205P   2251
0.,0.,0,0;                                                           205P   2252
126,3,3,0,0,1,0,0.,0.,0.,0.,1.,1.,1.,1.,1.,1.,1.,1.,0.,0.,0.,        207P   2253
0.6668124415014516,0.00012746522398160938,0.,1.333187558498559,      207P   2254
0.00012746522397572466,0.,2.,0.,0.,0.,1.,0.,0.,0.,0,0;               207P   2255
126,3,3,0,0,1,0,0.,0.,0.,0.,1.,1.,1.,1.,1.,1.,1.,1.,2.,0.,0.,2.,     209P   2256
0.33333333333333326,0.,2.,0.6666666666666666,0.,2.,                  209P   2257
0.9999999999999999,0.,0.,1.,0.,0.,0.,0,0;                            209P   2258
126,3,3,0,0,1,0,0.,0.,0.,0.,1.,1.,1.,1.,1.,1.,1.,1.,2.,              211P   2259
0.9999999999999999,0.,1.3331875520204666,0.9999999999999999,0.,      211P   2260
0.6668124479795545,0.9999999999999999,0.,0.,0.9999999999999999,      211P   2261
0.,0.,1.,0.,0.,0.,0,0;                                               211P   2262
102,4,205,207,209,211;                                               213P   2263
126,1,1,0,0,1,0,0.,0.,1.,1.,1.,1.,17897.2,-2599.999999999999,        215P   2264
2310.513602,18080.,-2599.999999999999,2354.4,0.,1.,0.,0.,0.,0,0;     215P   2265
126,20,5,0,0,1,0,0.,0.,0.,0.,0.,0.,1.,1.,1.,1.,1.,2.,2.,2.,2.,       217P   2266
2.,3.,3.,3.,3.,3.,4.,4.,4.,4.,4.,4.,1.,1.,1.,1.,1.,1.,1.,1.,1.,      217P   2267
1.,1.,1.,1.,1.,1.,1.,1.,1.,1.,1.,1.,18080.,-2599.999999999999,       217P   2268
2354.4,18079.995805884246,-2531.086030387134,2354.4174499332835,     217P   2269
18079.992240886015,-2462.116302036494,2370.6011470968624,            217P   2270
18079.989305004787,-2398.3546024274324,2403.1636471130496,           217P   2271
18079.986998241246,-2344.7153732309234,2449.373849388632,            217P   2272
18079.985320594937,-2304.209443091909,2505.1217932902714,            217P   2273
18079.984202164098,-2277.205488753402,2542.2870725768166,            217P   2274
18079.983363340896,-2256.038563643453,2583.691297175404,             217P   2275
18079.982804125546,-2241.6007395550796,2628.1165376897698,           217P   2276
18079.98252451778,-2234.408137858186,2674.072231524465,              217P   2277
18079.98252451779,-2234.395804507837,2720.,18079.982524517818,       217P   2278
-2234.4081381039096,2765.9277683359123,18079.982804125488,           217P   2279
-2241.600739020057,2811.8834626209746,18079.983363340958,            217P   2280
-2256.0385642531505,2856.3087024630513,18079.984202164098,           217P   2281
-2277.205488385991,2897.7129276455366,18079.985320594948,            217P   2282
-2304.209443091912,2934.8782067097336,18079.986998241216,            217P   2283
-2344.715372857229,2990.6261445500327,18079.989305004863,            217P   2284
-2398.3546032563727,3036.836364885997,18079.992240885924,            217P   2285
-2462.116301114443,3069.398840810701,18079.995805884257,             217P   2286
-2531.086030905038,3085.582556272697,18080.,-2600.,3085.6,0.,4.,     217P   2287
0.,0.,0.,0,0;                                                        217P   2288
126,1,1,0,0,1,0,0.,0.,1.,1.,1.,1.,18080.,-2600.,3085.6,17897.2,      219P   2289
-2600.,3129.486398,0.,1.,0.,0.,0.,0,0;                               219P   2290
126,20,5,0,0,1,0,0.,0.,0.,0.,0.,0.,1.,1.,1.,1.,1.,2.,2.,2.,2.,       221P   2291
2.,3.,3.,3.,3.,3.,4.,4.,4.,4.,4.,4.,1.,1.,1.,1.,1.,1.,1.,1.,1.,      221P   2292
1.,1.,1.,1.,1.,1.,1.,1.,1.,1.,1.,1.,17897.2,-2600.,3129.486398,      221P   2293
17897.200000000015,-2522.8136416136776,3129.4657260029658,           221P   2294
17897.199999999924,-2445.5653587968645,3111.3383856072865,           221P   2295
17897.200000000063,-2374.1506481028932,3074.8665702323055,           221P   2296
17897.199999999968,-2314.0735550967524,3023.109288948983,            221P   2297
17897.200000000008,-2268.706121033044,2960.6697327187712,            221P   2298
17897.20000000004,-2238.4611638490433,2919.0433809562674,            221P   2299
17897.199999999884,-2214.753841114059,2872.6694097765926,            221P   2300
17897.20000000012,-2198.583245845455,2822.9119145405275,             221P   2301
17897.199999999964,-2190.5274155859856,2771.4403183925588,           221P   2302
17897.2,-2190.513602,2720.,17897.19999999999,-2190.527415869234,     221P   2303
2668.5596817674195,17897.199999999975,-2198.5832452286822,           221P   2304
2617.0880851034544,17897.20000000005,-2214.7538418169474,            221P   2305
2567.330590637644,17897.199999999957,-2238.461163425439,             221P   2306
2520.9566187889914,17897.199999999997,-2268.706121033037,            221P   2307
2479.3302672812383,17897.199999999935,-2314.0735547008576,           221P   2308
2416.890717989308,17897.200000000186,-2374.1506489890953,            221P   2309
2365.133416032697,17897.199999999808,-2445.5653578041365,            221P   2310
2328.661628234573,17897.20000000009,-2522.8136421745385,             221P   2311
2310.5342668932585,17897.2,-2599.999999999999,2310.513602,0.,4.,     221P   2312
0.,0.,0.,0,0;                                                        221P   2313
102,4,215,217,219,221;                                               223P   2314
142,0,203,213,223,1,0,0;                                             225P   2315
406,1,19Hspinner wt scale lh;                                        227P   2316
144,203,1,0,225,0,1,227;                                             229P   2317
128,25,1,5,1,0,0,1,0,0,0.,0.,0.,0.,0.,0.,0.5023655108199893,         231P   2318
0.5023655108199893,0.5023655108199893,0.5023655108199893,            231P   2319
0.5023655108199893,0.7539568043935344,0.7539568043935344,            231P   2320
0.7539568043935344,0.7539568043935344,0.7539568043935344,            231P   2321
0.88551936643031,0.88551936643031,0.88551936643031,                  231P   2322
0.88551936643031,0.88551936643031,0.9647520302727214,                231P   2323
0.9647520302727214,0.9647520302727214,0.9647520302727214,            231P   2324
0.9647520302727214,1.,1.,1.,1.,1.,1.,0.,0.,1.,1.,1.,1.,1.,1.,1.,     231P   2325
1.,1.,1.,1.,1.,1.,1.,1.,1.,1.,1.,1.,1.,1.,1.,1.,1.,1.,1.,1.,1.,      231P   2326
1.,1.,1.,1.,1.,1.,1.,1.,1.,1.,1.,1.,1.,1.,1.,1.,1.,1.,1.,1.,1.,      231P   2327
1.,1.,1.,1.,1.,16297.324066000001,-2288.7170699999997,               231P   2328
2479.035502,16228.716176000009,-2288.0271059999995,                  231P   2329
2480.8125200000004,16160.14289800001,-2287.174302000005,             231P   2330
2483.9494800000048,16092.346115999975,-2286.2462199999964,           231P   2331
2488.4881599999953,16023.932866422216,-2285.092096377809,            231P   2332
2495.3480462280722,15955.964930302249,-2283.9752416671176,           231P   2333
2504.8250406095035,15921.925688750747,-2283.4159060532193,           231P   2334
2509.571244766159,15887.998138000024,-2282.865918000005,             231P   2335
2514.9738560000064,15855.491721999966,-2282.373511999997,            231P   2336
2520.830165999995,15822.110837403103,-2281.774461115805,             231P   2337
2528.133853032559,15788.75813729629,-2281.275890303078,              231P   2338
2536.4310862993916,15771.101896685112,-2281.010907703,               231P   2339
2540.8419363812636,15754.9402357672,-2280.7999827420163,             231P   2340
2545.0411311251123,15734.917301803729,-2280.596518382472,            231P   2341
2550.6491383108123,15720.871849694086,-2280.247542519486,            231P   2342
2555.6479477033913,15703.905662740177,-2279.916085226201,            231P   2343
2561.874782154583,15693.754607051509,-2279.7103763625364,            231P   2344
2565.6392027829047,15682.82780800002,-2279.486644000004,             231P   2345
2569.902646000003,15678.175467999969,-2279.3506079999947,            231P   2346
2572.0909339999953,15670.407311678686,-2279.1519446838956,           231P   2347
2575.4693855687283,15660.960952884308,-2278.713285924444,            231P   2348
2580.7549009483164,15656.75858289358,-2278.5181412716724,            231P   2349
2583.1062504682973,15652.224086000026,-2278.2755000000034,           231P   2350
2585.8350200000077,15643.818941999965,-2277.842243999995,            231P   2351
2590.979279999992,15640.073774000002,-2277.076760000001,             231P   2352
2595.9540700000043,15640.239418000001,-2276.0387180000002,           231P   2353
2600.6571519999998,16297.2,-2103.93988,2402.502018,                  231P   2354
16228.592143999998,-2103.2491860000005,2404.2807999999995,           231P   2355
16160.018990000028,-2102.3956020000032,2407.419642000004,            231P   2356
16092.22273199997,-2101.4664659999967,2411.9608659999953,            231P   2357
16023.809714296503,-2100.311213656414,2418.82347475205,              231P   2358
15955.842588978478,-2099.19304198405,2428.3036462754894,             231P   2359
15921.803753487318,-2098.6330468183232,2433.0514415868925,           231P   2360
15887.87675400003,-2098.082352000003,2438.4557580000055,             231P   2361
15855.371639999972,-2097.588779999996,2444.3148839999935,            231P   2362
15821.992014548901,-2096.9888374188495,2451.620720291471,            231P   2363
15788.63964668928,-2096.4893335185666,2459.920208175111,             231P   2364
15770.98374888201,-2096.2237047248054,2464.332619959303,             231P   2365
15754.821064314367,-2096.0131801812618,2468.5308463815154,           231P   2366
15734.7995535946,-2095.8069701495974,2474.1454876020907,             231P   2367
15720.75692355399,-2095.4572351003867,2479.1461243115286,            231P   2368
15703.802651012706,-2095.1263889667043,2485.3714659034295,           231P   2369
15693.658888330001,-2094.921045131328,2489.1349947185436,            231P   2370
15682.743150000026,-2094.6981780000015,2493.3963340000055,           231P   2371
15678.10120599996,-2094.562309999999,2495.5842099999945,             231P   2372
15670.344067996524,-2094.3645450366957,2498.9604786683203,           231P   2373
15660.91436450821,-2093.927846115925,2504.2412484446713,             231P   2374
15656.719403907691,-2093.7335733300224,2506.5904868040407,           231P   2375
15652.193432000015,-2093.4920140000027,2509.316638000002,            231P   2376
15643.80784399997,-2093.0607899999954,2514.4559879999942,            231P   2377
15640.074018000005,-2092.298164,2519.423878,15640.239418000001,      231P   2378
-2091.262812,2524.120466,0.,1.,0.,1.;                                231P   2379
126,3,3,0,0,1,0,0.,0.,0.,0.,1.,1.,1.,1.,1.,1.,1.,1.,0.,0.,0.,        233P   2380
0.3333333333333775,0.,0.,0.6666666666664334,                         233P   2381
4.69318745731237D-13,0.,1.,0.,0.,0.,1.,0.,0.,0.,0,0;                 233P   2382
126,3,3,0,0,1,0,0.,0.,0.,0.,1.,1.,1.,1.,1.,1.,1.,1.,1.,0.,0.,1.,     235P   2383
0.33333333333333337,0.,1.,0.6666666666666667,0.,1.,1.,0.,0.,1.,      235P   2384
0.,0.,0.,0,0;                                                        235P   2385
126,3,3,0,0,1,0,0.,0.,0.,0.,1.,1.,1.,1.,1.,1.,1.,1.,1.,1.,0.,        237P   2386
0.6666666666666552,0.9999999999999932,0.,0.3333333333333335,1.,      237P   2387
0.,0.,1.,0.,0.,1.,0.,0.,0.,0,0;                                      237P   2388
126,3,3,0,0,1,0,0.,0.,0.,0.,1.,1.,1.,1.,1.,1.,1.,1.,0.,1.,0.,0.,     239P   2389
0.6666666666666667,0.,1.625243387377661D-19,0.33333333333333337,     239P   2390
0.,0.,0.,0.,0.,1.,0.,0.,0.,0,0;                                      239P   2391
102,4,233,235,237,239;                                               241P   2392
126,60,5,0,0,1,0,0.,0.,0.,0.,0.,0.,1.,1.,1.,1.,1.,2.,2.,2.,2.,       243P   2393
2.,3.,3.,3.,3.,3.,4.,4.,4.,4.,4.,5.,5.,5.,5.,5.,6.,6.,6.,6.,6.,      243P   2394
7.,7.,7.,7.,7.,8.,8.,8.,8.,8.,9.,9.,9.,9.,9.,10.,10.,10.,10.,        243P   2395
10.,11.,11.,11.,11.,11.,12.,12.,12.,12.,12.,12.,1.,1.,1.,1.,1.,      243P   2396
1.,1.,1.,1.,1.,1.,1.,1.,1.,1.,1.,1.,1.,1.,1.,1.,1.,1.,1.,1.,1.,      243P   2397
1.,1.,1.,1.,1.,1.,1.,1.,1.,1.,1.,1.,1.,1.,1.,1.,1.,1.,1.,1.,1.,      243P   2398
1.,1.,1.,1.,1.,1.,1.,1.,1.,1.,1.,1.,1.,1.,16297.324066000001,        243P   2399
-2288.7170699999997,2479.035502,16257.491243815188,                  243P   2400
-2288.3164857147503,2480.067215641742,16217.69147513017,             243P   2401
-2287.8612295713247,2481.5567795556044,16178.072339704724,           243P   2402
-2287.368561940504,2483.511356887532,16138.538507550978,             243P   2403
-2286.8286745185733,2486.037379235914,16099.055985675128,            243P   2404
-2286.247747570319,2489.2402557308237,16070.381836573937,            243P   2405
-2285.8258444493686,2491.5663506321403,16041.734664841557,           243P   2406
-2285.3822824233457,2494.249468324786,16013.101154516142,            243P   2407
-2284.9193840428284,2497.3300744476583,15984.484813080559,           243P   2408
-2284.443882253732,2500.8484195302967,15955.964930302249,            243P   2409
-2283.975241667085,2504.82504060949,15936.596376546899,              243P   2410
-2283.6569757595717,2507.5256630380927,15917.272264974203,           243P   2411
-2283.341874230943,2510.4376482230527,15898.233924268834,            243P   2412
-2283.038810256182,2513.5233040930143,15879.34423928262,             243P   2413
-2282.7344020954815,2516.870239894222,15860.495791117095,            243P   2414
-2282.427859775557,2520.533101021793,15846.166074717205,             243P   2415
-2282.1948050131014,2523.317835108963,15831.860090316077,            243P   2416
-2281.96050756197,2526.28521199729,15817.530323810104,               243P   2417
-2281.724592483141,2529.4593675073893,15803.138813805439,            243P   2418
-2281.4908584779523,2532.853571001162,15788.758137296289,            243P   2419
-2281.2758903030417,2536.4310862993766,15778.181216451707,           243P   2420
-2281.117149880731,2539.0733971317914,15768.14303745346,             243P   2421
-2280.977860572026,2541.639138388157,15757.493624060902,             243P   2422
-2280.8479588714317,2544.4763162379613,15747.037296707076,           243P   2423
-2280.7037958175183,2547.4645935886665,15736.917648049237,           243P   2424
-2280.5405694813026,2550.593216224601,15730.128346460873,            243P   2425
-2280.4310599594096,2552.692219758098,15723.49062085601,             243P   2426
-2280.312969392773,2554.85438737498,15717.04820348978,               243P   2427
-2280.184842988231,2557.0763901409896,15710.711230779865,            243P   2428
-2280.049040973878,2559.377041704681,15703.905662740177,             243P   2429
-2279.9160852261775,2561.8747821545735,15700.85621171376,            243P   2430
-2279.8543179963017,2563.0054860114446,15697.74539312279,            243P   2431
-2279.79100178276,2564.1785103292123,15694.744616171152,             243P   2432
-2279.7288334219047,2565.3301606229925,15691.929486131972,           243P   2433
-2279.668748025164,2566.4325617885006,15689.279804347629,            243P   2434
-2279.609918979046,2567.4936581020506,15684.864482162538,            243P   2435
-2279.5118774462444,2569.2619012616933,15680.916676906956,           243P   2436
-2279.417392800786,2570.912964442126,15677.390669262813,             243P   2437
-2279.3230417846626,2572.468910126026,15673.72509353237,             243P   2438
-2279.2136954897596,2574.1593419210294,15669.695358749317,           243P   2439
-2279.0697191325003,2576.1589223456117,15668.08329847641,            243P   2440
-2279.01212718519,2576.958805737104,15666.413642703454,              243P   2441
-2278.9490000896185,2577.8079465942255,15664.670104888439,           243P   2442
-2278.87906506518,2578.71811228759,15662.84934167338,                243P   2443
-2278.8009704947,2579.698332844373,15660.960952884308,               243P   2444
-2278.7132859244334,2580.754900948312,15659.561311539173,            243P   2445
-2278.6481987972115,2581.538416144073,15658.117929937158,            243P   2446
-2278.577898592248,2582.366146453183,15656.51892529989,              243P   2447
-2278.4969002288303,2583.3072178024545,15654.757583356364,           243P   2448
-2278.400152449382,2584.3882462121787,15652.93235834295,             243P   2449
-2278.2830378194594,2585.5933377961255,15650.648761729542,           243P   2450
-2278.136663780429,2587.1003901207637,15648.25457461489,             243P   2451
-2277.958566943675,2588.8048790544385,15645.904456909922,            243P   2452
-2277.7400796117245,2590.6882953656227,15643.902095018868,           243P   2453
-2277.474597291869,2592.664225035169,15642.432077929634,             243P   2454
-2277.160077361661,2594.667646330352,15641.550068646644,             243P   2455
-2276.9713653942918,2595.8696987852827,15640.85970645536,            243P   2456
-2276.7649998590014,2597.081647241832,15640.400871627395,            243P   2457
-2276.5405394630943,2598.289444001334,15640.198022255943,            243P   2458
-2276.2981340100996,2599.481809540908,15640.239418000001,            243P   2459
-2276.0387180000002,2600.6571519999998,0.,12.,0.,0.,0.,0,0;          243P   2460
126,1,1,0,0,1,0,0.,0.,1.,1.,1.,1.,15640.239418000001,                245P   2461
-2276.0387180000002,2600.6571519999998,15640.239418000001,           245P   2462
-2091.262812,2524.120466,0.,1.,0.,0.,0.,0,0;                         245P   2463
126,55,5,0,0,1,0,0.,0.,0.,0.,0.,0.,1.,1.,1.,1.,1.,2.,2.,2.,2.,       247P   2464
2.,3.,3.,3.,3.,3.,4.,4.,4.,4.,4.,5.,5.,5.,5.,5.,6.,6.,6.,6.,6.,      247P   2465
7.,7.,7.,7.,7.,8.,8.,8.,8.,8.,9.,9.,9.,9.,9.,10.,10.,10.,10.,        247P   2466
10.,11.,11.,11.,11.,11.,11.,1.,1.,1.,1.,1.,1.,1.,1.,1.,1.,1.,1.,     247P   2467
1.,1.,1.,1.,1.,1.,1.,1.,1.,1.,1.,1.,1.,1.,1.,1.,1.,1.,1.,1.,1.,      247P   2468
1.,1.,1.,1.,1.,1.,1.,1.,1.,1.,1.,1.,1.,1.,1.,1.,1.,1.,1.,1.,1.,      247P   2469
1.,1.,15640.239418000001,-2091.262812,2524.120466,                   247P   2470
15640.184304804083,-2091.6078036749227,2522.55550665752,             247P   2471
15640.562119574728,-2091.9225356437846,2520.960329000042,            247P   2472
15641.400813060263,-2092.204829590576,2519.338618569421,             247P   2473
15642.614133648913,-2092.4549764666767,2517.724702214947,            247P   2474
15644.088980058345,-2092.6749207855455,2516.15439395143,             247P   2475
15645.562184551029,-2092.8948804375873,2514.5846336766685,           247P   2476
15647.303772698093,-2093.08457348688,2513.0561927123945,             247P   2477
15649.181487649437,-2093.2461233324666,2511.611278233173,            247P   2478
15651.080102621956,-2093.38289714307,2510.27893984281,               247P   2479
15652.901420899541,-2093.499505857091,2509.0750695743545,            247P   2480
15654.722734263478,-2093.6161146180048,2507.8712009404553,           247P   2481
15656.480480715352,-2093.7124300563323,2506.791218172216,            247P   2482
15658.076414402589,-2093.79306357941,2505.85102964827,               247P   2483
15659.517190359682,-2093.8630497159265,2505.024059666626,            247P   2484
15660.91436450821,-2093.927846115925,2504.2412484446713,             247P   2485
15665.626606207683,-2094.146074724602,2501.6023250726503,            247P   2486
15669.921836560317,-2094.3046666082737,2499.4386279921346,           247P   2487
15673.619739493006,-2094.4256806012954,2497.661076177087,            247P   2488
15677.215502285713,-2094.5294608558797,2496.021578124377,            247P   2489
15681.03148487931,-2094.627585944882,2494.3739995678798,             247P   2490
15684.84738977397,-2094.7257104084556,2492.726444778357,             247P   2491
15688.883315086754,-2094.8181781010994,2491.0708704761505,           247P   2492
15693.46087519288,-2094.916561595215,2489.2613704454343,             247P   2493
15698.727977938686,-2095.0236608017376,2487.2542646715615,           247P   2494
15703.802651012706,-2095.1263889667043,2485.3714659034295,           247P   2495
15710.603439880833,-2095.259099565454,2482.874324270806,             247P   2496
15716.937095428302,-2095.3948768572127,2480.57373745991,             247P   2497
15723.37716223812,-2095.5232389704042,2478.3511688614326,            247P   2498
15730.013233768594,-2095.6417167258915,2476.1880683584786,           247P   2499
15736.801392655314,-2095.751663307634,2474.088010663363,             247P   2500
15746.919338077574,-2095.9155411037345,2470.957816746029,            247P   2501
15757.37509832426,-2096.060466382689,2467.9676987565467,             247P   2502
15768.024467265068,-2096.190905134989,2465.1292234991574,            247P   2503
15778.062931153936,-2096.3302060440465,2462.563454424166,            247P   2504
15788.63964668928,-2096.489333518567,2459.9202081751114,             247P   2505
15805.722377922775,-2096.745174010501,2455.6692982474483,            247P   2506
15822.820126577262,-2097.0274823519685,2451.6771011631035,           247P   2507
15839.811433803055,-2097.308507556784,2448.005060861434,             247P   2508
15856.794739368235,-2097.5858685726257,2444.615304006763,            247P   2509
15873.84989905233,-2097.8622980031378,2441.46286109209,              247P   2510
15890.036850301298,-2098.124652803301,2438.4709040883245,            247P   2511
15906.28841919236,-2098.3861589687986,2435.692757914756,             247P   2512
15922.672451471877,-2098.649115048914,2433.0901444274223,            247P   2513
15939.241160038608,-2098.919920115255,2430.619245282508,             247P   2514
15955.842588978478,-2099.1930419840505,2428.30364627549,             247P   2515
15989.972091668415,-2099.754528761076,2423.5432045656435,            247P   2516
16024.239855179047,-2100.325791010052,2419.4391827508853,            247P   2517
16058.509971126075,-2100.873497528196,2415.95632218193,              247P   2518
16092.801793618652,-2101.390370450124,2413.019061974392,             247P   2519
16127.14576287059,-2101.874875621329,2410.559149309877,              247P   2520
16161.016952917424,-2102.3527024209484,2408.133115101903,            247P   2521
16194.938675762229,-2102.7990184821456,2406.171436704858,            247P   2522
16228.939516878296,-2103.212260462487,2404.6088299686276,            247P   2523
16263.057589000087,-2103.596157392909,2403.38722444987,16297.2,      247P   2524
-2103.93988,2402.502018,0.,11.,0.,0.,0.,0,0;                         247P   2525
126,1,1,0,0,1,0,0.,0.,1.,1.,1.,1.,16297.2,-2103.93988,               249P   2526
2402.502018,16297.324066000001,-2288.7170699999997,2479.035502,      249P   2527
0.,1.,0.,0.,0.,0,0;                                                  249P   2528
102,4,243,245,247,249;                                               251P   2529
142,0,231,241,251,1,0,0;                                             253P   2530
406,1,6HJoin.2;                                                      255P   2531
144,231,1,0,253,0,1,255;                                             257P   2532
128,25,1,5,1,0,0,1,0,0,0.,0.,0.,0.,0.,0.,0.03287336387092794,        259P   2533
0.03287336387092794,0.03287336387092794,0.03287336387092794,         259P   2534
0.03287336387092794,0.11331161569587238,0.11331161569587238,         259P   2535
0.11331161569587238,0.11331161569587238,0.11331161569587238,         259P   2536
0.2537493243418016,0.2537493243418016,0.2537493243418016,            259P   2537
0.2537493243418016,0.2537493243418016,0.4904217426079141,            259P   2538
0.4904217426079141,0.4904217426079141,0.4904217426079141,            259P   2539
0.4904217426079141,1.,1.,1.,1.,1.,1.,0.,0.,1.,1.,1.,1.,1.,1.,1.,     259P   2540
1.,1.,1.,1.,1.,1.,1.,1.,1.,1.,1.,1.,1.,1.,1.,1.,1.,1.,1.,1.,1.,      259P   2541
1.,1.,1.,1.,1.,1.,1.,1.,1.,1.,1.,1.,1.,1.,1.,1.,1.,1.,1.,1.,1.,      259P   2542
1.,1.,1.,1.,1.,15640.239418000001,-2276.038718,                      259P   2543
2600.6571520000007,15640.394830000001,-2275.046148000001,            259P   2544
2605.064293999999,15643.99442400003,-2273.822780000004,              259P   2545
2609.2564120000047,15651.56574799996,-2272.403265999999,             259P   2546
2612.961469999995,15655.925600213031,-2271.60904861431,              259P   2547
2615.0408896448466,15660.029283507884,-2270.907086668638,            259P   2548
2616.8231061574907,15670.070638313482,-2269.1894470629345,           259P   2549
2621.184034391473,15678.57821200004,-2268.0241760000026,             259P   2550
2623.7654940000066,15682.392059999933,-2267.434747999998,            259P   2551
2625.2072319999925,15694.265377969377,-2265.9601934585244,           259P   2552
2628.360529425768,15704.862168665117,-2264.717517959215,             259P   2553
2631.0099783942474,15723.262339008128,-2262.5740747213404,           259P   2554
2635.543535682087,15738.328336086523,-2260.9718627527154,            259P   2555
2639.13845498354,15758.403307830835,-2259.162390925921,              259P   2556
2642.5175557786424,15778.61019515492,-2257.552665640753,             259P   2557
2645.5726554536323,15797.231001289598,-2256.1820169276107,           259P   2558
2648.2503357779233,15828.951564487897,-2253.8528088644043,           259P   2559
2652.784242896274,15860.72425600002,-2251.9161040000063,             259P   2560
2656.649598000006,15891.413433999955,-2250.4064439999975,            259P   2561
2659.401457999994,15923.425386158842,-2249.0828233411567,            259P   2562
2661.7680468373756,15955.482512082135,-2247.9855549079784,           259P   2563
2663.643007704354,16024.504557340622,-2245.6230314666514,            259P   2564
2667.679977023697,16093.736020000018,-2244.3098360000067,            259P   2565
2669.4378480000014,16161.171557999973,-2243.7228239999927,           259P   2566
2669.113935999994,16230.345159999993,-2243.6359160000006,            259P   2567
2667.459873999999,16299.459328,-2243.9995559999998,2664.538224,      259P   2568
15640.239418000001,-2091.2628119999995,2524.1204660000003,           259P   2569
15640.390727999998,-2090.3152100000007,2528.4190419999995,           259P   2570
15643.808928000044,-2089.134702000004,2532.507910000003,             259P   2571
15651.06470399996,-2087.742509999998,2536.1487539999953,             259P   2572
15655.273745315295,-2086.964067310277,2538.191526357642,             259P   2573
15659.245629248499,-2086.2750663734287,2539.943959195378,            259P   2574
15668.964482521144,-2084.5891412249284,2544.232009376725,            259P   2575
15677.26338400002,-2083.438738000004,2546.7816860000034,             259P   2576
15680.897655999976,-2082.8481219999985,2548.229091999996,            259P   2577
15692.539842397378,-2081.386909507978,2551.355674778983,             259P   2578
15702.986674248677,-2080.1503470195025,2553.9941249085773,           259P   2579
15721.131413805855,-2078.017264009485,2558.5091501108786,            259P   2580
15736.146712443515,-2076.40640051928,2562.1267072321075,             259P   2581
15756.196656030643,-2074.5359148974826,2565.6526193897607,           259P   2582
15776.427223965584,-2072.93640443039,2568.682696271128,              259P   2583
15795.041855377194,-2071.5527626094145,2571.391726877983,            259P   2584
15826.758887983036,-2069.207429157238,2575.964469898373,             259P   2585
15858.51918000001,-2067.2535560000047,2579.871446000003,             259P   2586
15889.18221999998,-2065.7247579999944,2582.670117999999,             259P   2587
15921.187399765877,-2064.3885871335096,2585.0671226645773,           259P   2588
15953.239341305147,-2063.2797737220517,2586.970047540569,            259P   2589
16022.250224091058,-2060.892392842934,2591.0672260346255,            259P   2590
16091.477886000011,-2059.559000000007,2592.873940000004,             259P   2591
16158.910643999989,-2058.951623999996,2592.5992639999936,            259P   2592
16228.08412800001,-2058.8502240000003,2590.9802259999997,            259P   2593
16297.2,-2059.2003919999997,2588.091088,0.,1.,0.,1.;                 259P   2594
126,3,3,0,0,1,0,0.,0.,0.,0.,1.,1.,1.,1.,1.,1.,1.,1.,0.,0.,0.,        261P   2595
0.33333333333347553,1.175075416544967D-13,0.,0.6666666666666994,     261P   2596
3.776388349054778D-15,0.,1.,0.,0.,0.,1.,0.,0.,0.,0,0;                261P   2597
126,3,3,0,0,1,0,0.,0.,0.,0.,1.,1.,1.,1.,1.,1.,1.,1.,1.,0.,0.,1.,     263P   2598
0.3333333333333333,0.,1.,0.6666666666666669,0.,1.,1.,0.,0.,1.,       263P   2599
0.,0.,0.,0,0;                                                        263P   2600
126,3,3,0,0,1,0,0.,0.,0.,0.,1.,1.,1.,1.,1.,1.,1.,1.,1.,1.,0.,        265P   2601
0.6666666666666229,1.,0.,0.3333333333334451,1.,0.,0.,                265P   2602
0.9999999999999993,0.,0.,1.,0.,0.,0.,0,0;                            265P   2603
126,3,3,0,0,1,0,0.,0.,0.,0.,1.,1.,1.,1.,1.,1.,1.,1.,0.,              267P   2604
0.9999999999999993,0.,0.,0.6666666666666661,0.,0.,                   267P   2605
0.3333333333333333,0.,0.,0.,0.,0.,1.,0.,0.,0.,0,0;                   267P   2606
102,4,261,263,265,267;                                               269P   2607
126,54,6,0,0,1,0,0.,0.,0.,0.,0.,0.,0.,1.,1.,1.,1.,1.,1.,2.,2.,       271P   2608
2.,2.,2.,2.,3.,3.,3.,3.,3.,3.,4.,4.,4.,4.,4.,4.,5.,5.,5.,5.,5.,      271P   2609
5.,6.,6.,6.,6.,6.,6.,7.,7.,7.,7.,7.,7.,8.,8.,8.,8.,8.,8.,9.,9.,      271P   2610
9.,9.,9.,9.,9.,1.,1.,1.,1.,1.,1.,1.,1.,1.,1.,1.,1.,1.,1.,1.,1.,      271P   2611
1.,1.,1.,1.,1.,1.,1.,1.,1.,1.,1.,1.,1.,1.,1.,1.,1.,1.,1.,1.,1.,      271P   2612
1.,1.,1.,1.,1.,1.,1.,1.,1.,1.,1.,1.,1.,1.,1.,1.,1.,1.,               271P   2613
15640.239418000001,-2276.038718,2600.6571520000007,                  271P   2614
15640.293348946374,-2275.6942778632474,2602.1865116973595,           271P   2615
15640.745448731432,-2275.3231223449093,2603.6911648198397,           271P   2616
15641.614918086627,-2274.926492116121,2605.1612806619887,            271P   2617
15642.843662721316,-2274.5135184620462,2606.5783285013713,           271P   2618
15644.333446194634,-2274.0967628220883,2607.92203058666,             271P   2619
15645.983042787397,-2273.6877563301055,2609.1773151257266,           271P   2620
15648.292501021786,-2273.1151444891602,2610.9347177445134,           271P   2621
15650.915242839339,-2272.5577150116205,2612.5188312178307,           271P   2622
15653.573782622403,-2272.0470761013166,2613.888350029775,            271P   2623
15655.97931177017,-2271.6108587198005,2615.021997664606,             271P   2624
15658.033331143193,-2271.2485100014615,2615.9562579095286,           271P   2625
15660.029283507882,-2270.9070866686357,2616.8231061574897,           271P   2626
15664.509179865938,-2270.1407710064454,2618.7687108149194,           271P   2627
15668.696962416616,-2269.479838487796,2620.374708309825,             271P   2628
15672.349934971895,-2268.9261771697766,2621.689904817874,            271P   2629
15675.660665715523,-2268.441025905843,2622.823780012348,             271P   2630
15678.980740706875,-2267.974538272397,2623.8934511940556,            271P   2631
15682.540017685593,-2267.4958254574594,2624.9697835507077,           271P   2632
15685.622414394336,-2267.0812516032347,2625.901906793575,            271P   2633
15688.884232595856,-2266.657506580405,2626.839030161886,             271P   2634
15692.4746824773,-2266.2045368484455,2627.8271650802803,             271P   2635
15696.474783804912,-2265.7129224326013,2628.8863600111868,           271P   2636
15700.759882741702,-2265.1985886705743,2629.984312028998,            271P   2637
15704.862168665117,-2264.7175179592095,2631.009978394245,            271P   2638
15713.19156220759,-2263.7472237090315,2633.0622290075066,            271P   2639
15720.868415993813,-2262.883008530313,2634.9306661872124,            271P   2640
15728.560523811306,-2262.065036791822,2636.672932878704,             271P   2641
15736.55410646032,-2261.2668181124236,2638.322764012514,             271P   2642
15744.880636598395,-2260.483392187145,2639.896807182579,             271P   2643
15753.443663584912,-2259.719513613237,2641.4014433244533,            271P   2644
15760.616066481884,-2259.079687654081,2642.6617190729203,            271P   2645
15767.954594805706,-2258.453556106482,2643.873313106704,             271P   2646
15775.402977216023,-2257.8438754996205,2645.039997377381,            271P   2647
15782.84263644761,-2257.258123383057,2646.1605269880947,             271P   2648
15790.145992720489,-2256.7035334403454,2647.2315083492135,           271P   2649
15797.231001289598,-2256.1820169276016,2648.2503357779196,           271P   2650
15823.598910298246,-2254.245851134836,2652.019080856054,             271P   2651
15850.032837420273,-2252.5677448925726,2655.349216730947,            271P   2652
15875.95901845049,-2251.166689525593,2658.0154294288313,             271P   2653
15901.987788016315,-2249.9691542634414,2660.1835208502034,           271P   2654
15928.708177353545,-2248.9020269758175,2662.0768889144283,           271P   2655
15955.482512082135,-2247.98555490797,2663.6430077043506,             271P   2656
15984.747114252656,-2246.983870422085,2665.3546390564734,            271P   2657
16014.073286429673,-2246.162405215676,2666.6744405435575,            271P   2658
16043.326410839589,-2245.500556079031,2667.613962843923,             271P   2659
16072.494962776505,-2244.9795997816423,2668.1975363440397,           271P   2660
16101.62989199771,-2244.583248001306,2668.4552298140943,             271P   2661
16130.784004119174,-2244.2982022532246,2668.415809083552,            271P   2662
16158.7518967424,-2244.0247519139384,2668.377973536009,              271P   2663
16186.737013260043,-2243.853734160751,2668.0666597511263,            271P   2664
16214.785073965479,-2243.7734022749346,2667.507167872224,            271P   2665
16242.942172699768,-2243.7745404361967,2666.723562980284,            271P   2666
16271.203043625386,-2243.8508867041865,2665.7326958990284,           271P   2667
16299.459328,-2243.9995559999998,2664.538224,0.,9.,0.,0.,0.,0,0;     271P   2668
126,1,1,0,0,1,0,0.,0.,1.,1.,1.,1.,16299.459328,                      273P   2669
-2243.9995559999998,2664.538224,16297.2,-2059.2003919999997,         273P   2670
2588.091088,0.,1.,0.,0.,0.,0,0;                                      273P   2671
126,60,6,0,0,1,0,0.,0.,0.,0.,0.,0.,0.,1.,1.,1.,1.,1.,1.,2.,2.,       275P   2672
2.,2.,2.,2.,3.,3.,3.,3.,3.,3.,4.,4.,4.,4.,4.,4.,5.,5.,5.,5.,5.,      275P   2673
5.,6.,6.,6.,6.,6.,6.,7.,7.,7.,7.,7.,7.,8.,8.,8.,8.,8.,8.,9.,9.,      275P   2674
9.,9.,9.,9.,10.,10.,10.,10.,10.,10.,10.,1.,1.,1.,1.,1.,1.,1.,1.,     275P   2675
1.,1.,1.,1.,1.,1.,1.,1.,1.,1.,1.,1.,1.,1.,1.,1.,1.,1.,1.,1.,1.,      275P   2676
1.,1.,1.,1.,1.,1.,1.,1.,1.,1.,1.,1.,1.,1.,1.,1.,1.,1.,1.,1.,1.,      275P   2677
1.,1.,1.,1.,1.,1.,1.,1.,1.,1.,1.,16297.2,-2059.2003919999997,        275P   2678
2588.091088,16264.233528525918,-2059.0333708128505,                  275P   2679
2589.4691315805867,16231.261190827116,-2058.9650089603856,           275P   2680
2590.569499535841,16198.455182430807,-2059.0003459106274,            275P   2681
2591.3852922502942,16165.796541776606,-2059.1502798072875,           275P   2682
2591.886106741714,16133.187149127787,-2059.430883864616,             275P   2683
2592.0304231887517,16100.561725482521,-2059.862722762254,            275P   2684
2591.7779914586017,16076.071908861539,-2060.186874180849,            275P   2685
2591.5885042184946,16051.573017273988,-2060.5962353892364,           275P   2686
2591.17546589004,16027.037168209075,-2061.099496499765,              275P   2687
2590.52182802301,16002.446943745688,-2061.7067660996813,             275P   2688
2589.6109535665,15977.820944122006,-2062.429390622945,               275P   2689
2588.429457512683,15953.239341305147,-2063.2797737220517,            275P   2690
2586.970047540569,15926.469329323152,-2064.2058861298165,            275P   2691
2585.380578305083,15899.754352668606,-2065.2833271431286,            275P   2692
2583.462216586879,15873.740943734127,-2066.494633969998,             275P   2693
2581.260533550314,15847.83195299127,-2067.910979572996,              275P   2694
2578.5570453338796,15821.406821826504,-2069.603190149078,            275P   2695
2575.1927603988597,15795.041855377194,-2071.5527626094145,           275P   2696
2571.391726877983,15786.812877915883,-2072.1644296813142,            275P   2697
2570.1941446343376,15778.283545006012,-2072.816387196148,            275P   2698
2568.9367402470443,15769.588462100035,-2073.5126855502945,           275P   2699
2567.6065590521166,15760.942224009224,-2074.241929664885,            275P   2700
2566.2059477902417,15752.52713170753,-2074.9905858933466,            275P   2701
2564.7400086010384,15744.38090913545,-2075.7562889289447,            275P   2702
2563.204053017308,15737.144871601125,-2076.43643689888,              275P   2703
2561.8397023677294,15730.121226566414,-2077.1300076789626,           275P   2704
2560.4201317852326,15723.336992705335,-2077.835276691643,            275P   2705
2558.942117863582,15716.72966442215,-2078.5574164113427,             275P   2706
2557.3963945056994,15710.086977416513,-2079.315640346149,            275P   2707
2555.7609168019744,15702.986674248677,-2080.1503470195025,           275P   2708
2553.9941249085773,15698.942467231798,-2080.6290484008605,           275P   2709
2552.972721525626,15694.72704465185,-2081.1399808152564,             275P   2710
2551.881279160488,15690.801684214424,-2081.6282393768897,            275P   2711
2550.8284529603147,15687.287653505848,-2082.0781812583214,           275P   2712
2549.8459580894323,15684.103092924184,-2082.4989943219266,           275P   2713
2548.91432160569,15681.099898610224,-2082.910265751352,              275P   2714
2547.9886343368153,15677.632062612984,-2083.3851667668314,           275P   2715
2546.919730931914,15674.405965378302,-2083.8473544912317,            275P   2716
2545.858743831897,15671.193309975224,-2084.327014451229,             275P   2717
2544.7364789292924,15667.647263369687,-2084.8729006055764,           275P   2718
2543.438378613873,15663.581643283123,-2085.5228999455626,            275P   2719
2541.857049702015,15659.245629248499,-2086.2750663734287,            275P   2720
2539.9439591953783,15658.142798862013,-2086.466426924681,            275P   2721
2539.4571086340998,15657.018763361822,-2086.66487113513,             275P   2722
2538.9480349846754,15655.829183753387,-2086.8791460629845,           275P   2723
2538.3940156959943,15654.557891929147,-2087.1139138797334,           275P   2724
2537.7801511334205,15653.216890668516,-2087.369751870144,            275P   2725
2537.099364578793,15651.846353637891,-2087.6431524322616,            275P   2726
2536.3524022304255,15649.960341860442,-2088.0192696774157,           275P   2727
2535.3250291246754,15648.011488384494,-2088.4294710662375,           275P   2728
2534.1711643527133,15646.084082045054,-2088.867170501064,            275P   2729
2532.8887817325985,15644.320753169464,-2089.316504101365,            275P   2730
2531.4954804754775,15642.864668131997,-2089.759595931775,            275P   2731
2530.0171055545616,15641.801723908497,-2090.183823730125,            275P   2732
2528.476368074109,15641.318623252351,-2090.3766475335997,            275P   2733
2527.776043838798,15640.916536315799,-2090.5656006752715,            275P   2734
2527.0627926943735,15640.604083832251,-2090.7494281389154,           275P   2735
2526.338856552527,15640.38646503954,-2090.927221955011,              275P   2736
2525.6061512409924,15640.265457679907,-2091.098421200743,            275P   2737
2524.8662665035445,15640.239418000001,-2091.2628119999995,           275P   2738
2524.1204660000003,0.,10.,0.,0.,0.,0,0;                              275P   2739
126,1,1,0,0,1,0,0.,0.,1.,1.,1.,1.,15640.239418000001,                277P   2740
-2091.2628119999995,2524.1204660000003,15640.239418000001,           277P   2741
-2276.038718,2600.6571520000007,0.,1.,0.,0.,0.,0,0;                  277P   2742
102,4,271,273,275,277;                                               279P   2743
142,0,259,269,279,1,0,0;                                             281P   2744
406,1,6HJoin.2;                                                      283P   2745
144,259,1,0,281,0,1,283;                                             285P   2746
128,35,1,5,1,0,0,1,0,0,0.,0.,0.,0.,0.,0.,0.19992634109097696,        287P   2747
0.19992634109097696,0.19992634109097696,0.19992634109097696,         287P   2748
0.19992634109097696,0.49715204960267073,0.49715204960267073,         287P   2749
0.49715204960267073,0.49715204960267073,0.49715204960267073,         287P   2750
0.7935224547122786,0.7935224547122786,0.7935224547122786,            287P   2751
0.7935224547122786,0.7935224547122786,0.89326456221959,              287P   2752
0.89326456221959,0.89326456221959,0.89326456221959,                  287P   2753
0.89326456221959,0.9439366103017186,0.9439366103017186,              287P   2754
0.9439366103017186,0.9439366103017186,0.9439366103017186,            287P   2755
0.969882662519824,0.969882662519824,0.969882662519824,               287P   2756
0.969882662519824,0.969882662519824,1.,1.,1.,1.,1.,1.,0.,0.,1.,      287P   2757
1.,1.,1.,1.,1.,1.,1.,1.,1.,1.,1.,1.,1.,1.,1.,1.,1.,1.,1.,1.,1.,      287P   2758
1.,1.,1.,1.,1.,1.,1.,1.,1.,1.,1.,1.,1.,1.,1.,1.,1.,1.,1.,1.,1.,      287P   2759
1.,1.,1.,1.,1.,1.,1.,1.,1.,1.,1.,1.,1.,1.,1.,1.,1.,1.,1.,1.,1.,      287P   2760
1.,1.,1.,1.,1.,1.,1.,1.,1.,1.,17211.427585999998,-2124.804486,       287P   2761
2480.669334,17149.277721666323,-2119.476173626704,                   287P   2762
2493.5330123310046,17086.964701718312,-2114.4252607157664,           287P   2763
2505.727011297668,17024.487941896215,-2109.6685017211557,            287P   2764
2517.21081892904,16961.79408433667,-2105.3686597324977,              287P   2765
2527.5915751919174,16898.958793629223,-2101.365557139615,            287P   2766
2537.255915120272,16805.545472013735,-2095.4333648711468,            287P   2767
2551.577492079719,16711.75644528454,-2090.1672124417423,             287P   2768
2564.2911070330542,16617.98147998164,-2085.8938481261016,            287P   2769
2574.6079319944074,16523.292972195126,-2082.493473508653,            287P   2770
2582.8171527677846,16428.99755514915,-2079.993651656087,             287P   2771
2588.8522583120653,16334.844107087873,-2077.494462741715,            287P   2772
2594.885835515217,16241.339358770845,-2075.939290338388,             287P   2773
2598.6403481561683,16143.645763795954,-2075.144728037635,            287P   2774
2600.558597015838,16053.32952795211,-2075.6778981682255,             287P   2775
2599.2714053355467,15957.25814773593,-2078.108017615317,             287P   2776
2593.40458093524,15925.348347927811,-2078.913932221724,              287P   2777
2591.4589310592246,15892.71291171643,-2079.9766861284324,            287P   2778
2588.8932122935553,15863.194356218291,-2081.0943278858704,           287P   2779
2586.1949953191124,15831.53034924069,-2082.71020792983,              287P   2780
2582.2939078091913,15799.355861614558,-2084.666322880342,            287P   2781
2577.571430718313,15783.172516704806,-2085.643996678867,             287P   2782
2575.211120810309,15766.387444202512,-2086.7767483067505,            287P   2783
2572.4764036676515,15752.354683604539,-2087.691322751253,            287P   2784
2570.268438778913,15736.909964948545,-2088.964683737422,             287P   2785
2567.1942715284176,15720.16331335501,-2090.5909440482897,            287P   2786
2563.268131323958,15711.639522630088,-2091.417538613037,             287P   2787
2561.2725551290164,15702.947296000004,-2092.315988000005,            287P   2788
2559.103506000003,15694.459025999968,-2093.2427519999956,            287P   2789
2556.8660999999956,15687.420752313192,-2094.0449085068853,           287P   2790
2554.929523369402,15680.439204069768,-2094.954149510717,             287P   2791
2552.7344210398037,15672.010246328937,-2096.033789499333,            287P   2792
2550.127937305022,15665.831466050615,-2097.0957035236224,            287P   2793
2547.5642585498013,15650.724758227992,-2099.172967398908,            287P   2794
2542.549284831948,15640.268908248636,-2101.794601597064,             287P   2795
2536.220113536099,15640.239418000001,-2104.530126,                   287P   2796
2529.6159660000003,17211.427585999998,-745.5174997999998,            287P   2797
1909.3499576000002,17149.277721666323,-740.1891892403603,            287P   2798
1922.213638218007,17086.964701718312,-735.1382715413165,             287P   2799
1934.4076288360748,17024.487941896215,-730.3815192550734,            287P   2800
1945.8914492649149,16961.79408433667,-726.0816717257874,             287P   2801
1956.2721967182306,16898.958793629223,-722.0785705403665,            287P   2802
1965.936538420648,16805.545472013735,-716.1463793574646,             287P   2803
1980.2581151766615,16711.75644528454,-710.8802252232804,             287P   2804
1992.9717340139712,16617.98147998164,-706.6068610998427,             287P   2805
2003.2885522815798,16523.292972195126,-703.2064869219097,            287P   2806
2011.497776854067,16428.99755514915,-700.7066650564274,              287P   2807
2017.5328818114986,16334.844107087873,-698.2074768146691,            287P   2808
2023.5664563865166,16241.339358770845,-696.6523043464474,            287P   2809
2027.3209762468764,16143.645763795954,-695.8577418126638,            287P   2810
2029.2392187329347,16053.32952795211,-696.3909133873924,             287P   2811
2027.9520298577218,15957.25814773593,-698.821031126706,              287P   2812
2022.0852049352402,15925.348347927811,-699.6269454736077,            287P   2813
2020.139555059226,15892.71291171643,-700.6897012564183,              287P   2814
2017.5738362935522,15863.194356218291,-701.8073412590553,            287P   2815
2014.8756193191196,15831.53034924069,-703.4232221968459,             287P   2816
2010.9745318091886,15799.355861614558,-705.379336859193,             287P   2817
2006.2520547183135,15783.172516704806,-706.3570097073598,            287P   2818
2003.891744712994,15766.387444202512,-707.4897647876367,             287P   2819
2001.1570280939363,15752.354683604539,-708.4043364721987,            287P   2820
1998.9490620207528,15736.909964948545,-709.6776967492056,            287P   2821
1995.8748959492311,15720.16331335501,-711.3039576445851,             287P   2822
1991.9487550276722,15711.639522630088,-712.1305524111841,            287P   2823
1989.9531786299408,15702.947296000004,-713.0290020000018,            287P   2824
1987.784129400003,15694.459025999968,-713.9557655999988,             287P   2825
1985.5467243999947,15687.420752313192,-714.7579219752198,            287P   2826
1983.6101476377366,15680.439204069768,-715.6671633674488,            287P   2827
1981.4150447430934,15672.010246328937,-716.7468047855109,            287P   2828
1978.808559726796,15665.831466050615,-717.8087145302488,             287P   2829
1976.2448832708708,15650.724758227992,-719.8859839377853,            287P   2830
1971.2299109478874,15640.268908248636,-722.5076139538291,            287P   2831
1964.9007360211647,15640.239418000001,-725.2431406,1958.2965908,     287P   2832
0.,1.,0.,1.;                                                         287P   2833
126,3,3,0,0,1,0,0.,0.,0.,0.,1.,1.,1.,1.,1.,1.,1.,1.,1.,              289P   2834
0.00961896582040809,0.,1.,0.3089606226394796,0.,1.,                  289P   2835
0.6083022794585512,0.,1.,0.9076439362776227,0.,0.,1.,0.,0.,0.,0,     289P   2836
0;                                                                   289P   2837
126,17,3,0,0,1,0,0.,0.,0.,0.,0.02263356116083443,                    291P   2838
0.02263356116083443,0.04357186551773951,0.04357186551773951,         291P   2839
0.08557072281120631,0.08557072281120631,0.1086460305530043,          291P   2840
0.1086460305530043,0.19202921273459062,0.19202921273459062,          291P   2841
0.4091892294502792,0.4091892294502792,0.6093933403122642,            291P   2842
0.6093933403122642,1.,1.,1.,1.,1.,1.,1.,1.,1.,1.,1.,1.,1.,1.,1.,     291P   2843
1.,1.,1.,1.,1.,1.,1.,1.,0.9076439362776227,0.,0.991322719441236,     291P   2844
0.9100755931710933,0.,0.9879490988304521,0.9113564098541344,0.,      291P   2845
0.9749429904635517,0.9143181364384132,0.,0.9669447635292153,         291P   2846
0.9154130572084895,0.,0.9468504930483364,0.9186082852615336,0.,      291P   2847
0.9425415127677015,0.9195282837956108,0.,0.9215428221524101,         291P   2848
0.9223731837169428,0.,0.9028870409315157,0.9246952127008184,0.,      291P   2849
0.8684104651875856,0.9289999227385999,0.,0.8489559460599179,         291P   2850
0.9310644582797407,0.,0.7501612047427852,0.9408636277482838,0.,      291P   2851
0.690408261585673,0.9453722071637978,0.,0.5525197087566166,          291P   2852
0.9551291755956842,0.,0.4509734882526452,0.9618157135951243,0.,      291P   2853
0.256267249225616,0.9752135910039179,0.,0.12757930425446956,         291P   2854
0.9847903405919268,0.,0.,1.,0.,0.,1.,0.,0.,0.,0,0;                   291P   2855
126,3,3,0,0,1,0,0.,0.,0.,0.,1.,1.,1.,1.,1.,1.,1.,1.,0.,1.,0.,0.,     293P   2856
0.6666666666666666,0.,0.,0.3333333333333334,0.,0.,                   293P   2857
1.7588401531958405D-16,0.,0.,1.,0.,0.,0.,0,0;                        293P   2858
126,5,3,0,0,1,0,0.,0.,0.,0.,0.7276062077934863,                      295P   2859
0.7276062077934863,1.,1.,1.,1.,1.,1.,1.,1.,1.,1.,0.,                 295P   2860
1.7588401531958405D-16,0.,0.12443727170544619,                       295P   2861
0.014182262111837936,0.,0.257754786165857,0.015806772727483882,      295P   2862
0.,0.4625596579197835,0.014517491158627977,0.,0.520980331080054,     295P   2863
0.01377758164856553,0.,0.5800497654215122,0.013063623439950505,      295P   2864
0.,0.,1.,0.,0.,0.,0,0;                                               295P   2865
126,9,3,0,0,1,0,0.,0.,0.,0.,0.6842569573378624,                      297P   2866
0.6842569573378624,0.8586736965940921,0.8586736965940921,            297P   2867
0.9652915841132351,0.9652915841132351,1.,1.,1.,1.,1.,1.,1.,1.,       297P   2868
1.,1.,1.,1.,1.,1.,0.5800497654215122,0.013063623439950505,0.,        297P   2869
0.6852289766432734,0.011792202209800493,0.,0.6905710519807078,       297P   2870
0.011872409117249148,0.,0.8229143945537919,0.010559342163127306,     297P   2871
0.,0.880093476326786,0.009951298421020261,0.,0.9229861662430232,     297P   2872
0.009288055808609197,0.,0.963803731220893,0.008598590091896894,      297P   2873
0.,0.9851640204176251,0.00863666800925305,0.,0.9929671527210684,     297P   2874
0.00862649797899179,0.,1.,0.00961896582040809,0.,                    297P   2875
1.496080148678647D-9,1.,0.,0.,0.,0,0;                                297P   2876
102,5,289,291,293,295,297;                                           299P   2877
126,1,1,0,0,1,0,0.,0.,1.,1.,1.,1.,15640.239418000001,                301P   2878
-2091.262811630904,2524.1204644574145,15640.239418000001,            301P   2879
-852.628657315048,2011.0613994218002,0.,1.,0.,0.,0.,0,0;             301P   2880
126,189,7,0,0,1,0,0.,0.,0.,0.,0.,0.,0.,0.,1.,1.,1.,1.,1.,1.,1.,      303P   2881
2.,2.,2.,2.,2.,2.,2.,3.,3.,3.,3.,3.,3.,3.,4.,4.,4.,4.,4.,4.,4.,      303P   2882
5.,5.,5.,5.,5.,5.,5.,6.,6.,6.,6.,6.,6.,6.,7.,7.,7.,7.,7.,7.,7.,      303P   2883
8.,8.,8.,8.,8.,8.,8.,9.,9.,9.,9.,9.,9.,9.,10.,10.,10.,10.,10.,       303P   2884
10.,10.,11.,11.,11.,11.,11.,11.,11.,12.,12.,12.,12.,12.,12.,12.,     303P   2885
13.,13.,13.,13.,13.,13.,13.,14.,14.,14.,14.,14.,14.,14.,15.,15.,     303P   2886
15.,15.,15.,15.,15.,16.,16.,16.,16.,16.,16.,16.,17.,17.,17.,17.,     303P   2887
17.,17.,17.,18.,18.,18.,18.,18.,18.,18.,19.,19.,19.,19.,19.,19.,     303P   2888
19.,20.,20.,20.,20.,20.,20.,20.,21.,21.,21.,21.,21.,21.,21.,22.,     303P   2889
22.,22.,22.,22.,22.,22.,23.,23.,23.,23.,23.,23.,23.,24.,24.,24.,     303P   2890
24.,24.,24.,24.,25.,25.,25.,25.,25.,25.,25.,26.,26.,26.,26.,26.,     303P   2891
26.,26.,27.,27.,27.,27.,27.,27.,27.,27.,1.,1.,1.,1.,1.,1.,1.,1.,     303P   2892
1.,1.,1.,1.,1.,1.,1.,1.,1.,1.,1.,1.,1.,1.,1.,1.,1.,1.,1.,1.,1.,      303P   2893
1.,1.,1.,1.,1.,1.,1.,1.,1.,1.,1.,1.,1.,1.,1.,1.,1.,1.,1.,1.,1.,      303P   2894
1.,1.,1.,1.,1.,1.,1.,1.,1.,1.,1.,1.,1.,1.,1.,1.,1.,1.,1.,1.,1.,      303P   2895
1.,1.,1.,1.,1.,1.,1.,1.,1.,1.,1.,1.,1.,1.,1.,1.,1.,1.,1.,1.,1.,      303P   2896
1.,1.,1.,1.,1.,1.,1.,1.,1.,1.,1.,1.,1.,1.,1.,1.,1.,1.,1.,1.,1.,      303P   2897
1.,1.,1.,1.,1.,1.,1.,1.,1.,1.,1.,1.,1.,1.,1.,1.,1.,1.,1.,1.,1.,      303P   2898
1.,1.,1.,1.,1.,1.,1.,1.,1.,1.,1.,1.,1.,1.,1.,1.,1.,1.,1.,1.,1.,      303P   2899
1.,1.,1.,1.,1.,1.,1.,1.,1.,1.,1.,1.,1.,1.,1.,1.,1.,1.,1.,1.,1.,      303P   2900
1.,1.,1.,1.,1.,1.,1.,1.,1.,1.,1.,1.,1.,1.,15640.239418000001,        303P   2901
-852.628657315048,2011.0613994218002,15640.246999541596,             303P   2902
-851.3260333944328,2012.5122099320831,15640.8979506602,              303P   2903
-850.1295495813681,2013.8181264558323,15641.91822941001,             303P   2904
-849.0306385746105,2014.9884755878852,15643.145033238747,            303P   2905
-848.0171741179171,2016.041175913558,15644.495427166823,             303P   2906
-847.0763304889467,2016.9958346963124,15645.920515078855,            303P   2907
-846.1956772582985,2017.8711048386099,15647.402155754118,            303P   2908
-845.3634574804421,2018.684013344079,15649.476153786152,             303P   2909
-844.1983578750055,2019.8220657330594,15651.658632178323,            303P   2910
-843.1282152406358,2020.8378231417553,15653.894765734934,            303P   2911
-842.1208932789968,2021.7777064212664,15656.218014769851,            303P   2912
-841.1472584686328,2022.6808870760708,15658.679336850326,            303P   2913
-840.1833280708692,2023.574101521051,15661.30514644405,              303P   2914
-839.2115882770006,2024.4684687902436,15664.084022469411,            303P   2915
-838.2214824967574,2025.358311697302,15666.500630917018,             303P   2916
-837.3595087988059,2026.1328892057543,15668.960397135106,            303P   2917
-836.5296416810125,2026.8851064955336,15671.361810374881,            303P   2918
-835.7397238831338,2027.5905623814385,15673.662945187414,            303P   2919
-834.9913791689096,2028.2398696323266,15675.8814614236,              303P   2920
-834.2800123260631,2028.838654971113,15678.094604234186,             303P   2921
-833.594809166301,2029.4075590747725,15680.439204069768,             303P   2922
-832.918736525314,2029.9822365743382,15682.337686692941,             303P   2923
-832.3642980767913,2030.4520540113065,15684.254588689202,            303P   2924
-831.8221776277946,2030.9109042233752,15686.18517665299,             303P   2925
-831.2909522715504,2031.3591917174735,15688.124717178762,            303P   2926
-830.769199101285,2031.7973210005307,15690.068476860948,             303P   2927
-830.255495210225,2032.225696579475,15692.011722293993,              303P   2928
-829.7484176915964,2032.6447229612354,15693.949720072342,            303P   2929
-829.2465436386256,2033.0548046527401,15695.37890637472,             303P   2930
-828.8754573697581,2033.3565256364307,15696.776570951115,            303P   2931
-828.5164856073559,2033.647766031393,15698.142534427414,             303P   2932
-828.1689196730905,2033.9291384540525,15699.476990751502,            303P   2933
-827.8320729471814,2034.2012022665963,15700.780507193265,            303P   2934
-827.5052808683948,2034.4644635769714,15702.054024344585,            303P   2935
-827.1879009340455,2034.7193752388878,15703.298856119347,            303P   2936
-826.8793126999943,2034.966336851817,15705.99699163947,              303P   2937
-826.2106171689877,2035.50163204088,15708.558173696209,              303P   2938
-825.5832531719896,2035.999462799416,15711.001867765564,             303P   2939
-824.990201794064,2036.4656033024476,15713.35246045685,              303P   2940
-824.4243251827645,2036.9061148649114,15715.639259512685,            303P   2941
-823.8783665481325,2037.3273459416582,15717.89649380899,             303P   2942
-823.3449501626978,2037.7359321274525,15720.16331335501,             303P   2943
-822.8165813614801,2038.1387961569746,15722.091911754254,            303P   2944
-822.3681966035626,2038.4828279186909,15724.017600971572,            303P   2945
-821.9245581934098,2038.8200289295635,15725.964139276246,            303P   2946
-821.4809993781099,2039.1548980453,15727.95468750162,                303P   2947
-821.0331330964991,2039.491258886219,15730.011809045092,             303P   2948
-820.5768519791611,2039.8322598372488,15732.157469868122,            303P   2949
-820.1083283484279,2040.1803740479293,15734.41303849623,             303P   2950
-819.6240142183789,2040.5373994324104,15735.643409967262,            303P   2951
-819.359850266477,2040.732122701495,15736.906422388627,              303P   2952
-819.09096510111,2040.9295532712704,15738.205700190547,              303P   2953
-818.8168055484018,2041.1299283352535,15739.544867803244,            303P   2954
-818.5368184344767,2041.3334850869596,15740.927549656943,            303P   2955
-818.2504505854583,2041.5404607199052,15742.357370181859,            303P   2956
-817.9571488274707,2041.751092427606,15743.837953808217,             303P   2957
-817.6563599866377,2041.9656174035777,15744.854936665444,            303P   2958
-817.4497979726513,2042.1129137380797,15745.975923628335,            303P   2959
-817.2243698519927,2042.2739911397207,15747.191400091493,            303P   2960
-816.9821087775811,2042.446664621827,15748.492271597715,             303P   2961
-816.724968520625,2042.6289408428756,15749.869863838008,             303P   2962
-816.4548234706225,2042.8190181064942,15751.315922651575,            303P   2963
-816.1734686353622,2043.0152863614633,15752.822614025827,            303P   2964
-815.8826196409215,2043.2163272017144,15756.739961294905,            303P   2965
-815.1263968811189,2043.7390705030805,15761.068042364019,            303P   2966
-814.3057528683014,2044.2946576757986,15765.665951148667,            303P   2967
-813.4508567086466,2044.8581219609316,15770.421563956083,            303P   2968
-812.5859070811338,2045.4189105713224,15775.204136016535,            303P   2969
-811.7343472028103,2045.9682945159548,15779.845451935329,            303P   2970
-810.9219110972591,2046.492014203594,15784.149530065455,             303P   2971
-810.1775011662688,2046.968160825696,15786.136346241728,             303P   2972
-809.8338809393482,2047.188032856438,15788.052001833217,             303P   2973
-809.5046535053095,2047.3980075511213,15789.877990444184,            303P   2974
-809.1925453939411,2047.5962086491068,15791.595413209776,            303P   2975
-808.9003002227992,2047.7807186368045,15793.185617350598,            303P   2976
-808.6306191066733,2047.9497226142282,15794.630834727257,            303P   2977
-808.386101067054,2048.1016521615516,15795.91482039493,              303P   2978
-808.1691834415985,2048.2353292056587,15796.40639771202,             303P   2979
-808.0864662699664,2048.285877208506,15796.897975029111,             303P   2980
-808.0037490983343,2048.3364252113533,15797.389552346202,            303P   2981
-807.9210319267021,2048.3869732142007,15797.881129663292,            303P   2982
-807.8383147550699,2048.437521217048,15798.372706980379,             303P   2983
-807.7555975834379,2048.488069219896,15798.86428429747,              303P   2984
-807.6728804118057,2048.538617222743,15799.355861614558,             303P   2985
-807.5901632401736,2048.5891652255905,15802.696366620845,            303P   2986
-807.0324779742592,2048.932597877377,15805.977513143578,             303P   2987
-806.4896657819531,2049.263184816712,15809.202468413885,             303P   2988
-805.9609403737675,2049.5815150138956,15812.374948205557,            303P   2989
-805.4454925135957,2049.8882328421955,15815.499063779189,            303P   2990
-804.9425020718566,2050.184008977899,15818.579168826313,             303P   2991
-804.4511500786388,2050.469511300368,15821.619706413509,             303P   2992
-803.9706307768454,2050.7453757920925,15829.293539233062,            303P   2993
-802.7578785278367,2051.4416166146643,15836.715371163496,            303P   2994
-801.6141247566605,2052.0764739093465,15843.957609350948,            303P   2995
-800.5263356003384,2052.6603659395532,15851.097696060733,            303P   2996
-799.48189667991,2053.202698320697,15858.213678163196,               303P   2997
-798.4689230022025,2053.711115801192,15865.383462190253,             303P   2998
-797.4762873701605,2054.191433655167,15872.687754962682,             303P   2999
-796.4933673017324,2054.6482486868704,15878.000079210422,            303P   3000
-795.7785111612509,2054.9804903102054,15883.383078590887,            303P   3001
-795.0688207580001,2055.300235681429,15888.868164715626,             303P   3002
-794.3601970549289,2055.6092840968176,15894.486663897891,            303P   3003
-793.6487328614705,2055.908971698194,15900.269817152624,             303P   3004
-792.9307128335413,2056.2001714729286,15906.24878019647,             303P   3005
-792.2026134735424,2056.4832932539407,15912.454623447784,            303P   3006
-791.4611031303582,2056.7582837196956,15918.927480094828,            303P   3007
-790.6876742836151,2057.045114177693,15925.380392302988,             303P   3008
-789.9331876121632,2057.3117596677284,15931.816482796808,            303P   3009
-789.1965311852812,2057.5600719319154,15938.233247604156,            303P   3010
-788.4770269227384,2057.7908552935332,15944.622556056223,            303P   3011
-787.7744305947957,2058.0038666570263,15950.97065078753,             303P   3012
-787.0889318222046,2058.197815508005,15957.25814773593,              303P   3013
-786.4211540762083,2058.3703639132455,15966.794419190936,            303P   3014
-785.4180504838181,2058.637135756605,15976.199561216537,             303P   3015
-784.4513082937174,2058.8640331709967,15985.493515959324,            303P   3016
-783.5187774985404,2059.0534537613785,15994.694489178877,            303P   3017
-782.6184267377912,2059.20750869338,16003.818950247774,              303P   3018
-781.7483432978431,2059.3280226933,16012.88163215159,                303P   3019
-780.9067331119394,2059.4165340481063,16021.895531488903,            303P   3020
-780.0919207601924,2059.474294605439,16040.690622746966,             303P   3021
-778.3929684808242,2059.5947651261895,16059.27611715267,             303P   3022
-776.8104489719539,2059.5817174967183,16077.775258243455,            303P   3023
-775.3290104739613,2059.446896332749,16096.292211809185,             303P   3024
-773.9351407153517,2059.1976053274266,16114.917626679335,            303P   3025
-772.6168939562672,2058.8373662279787,16133.734195510175,            303P   3026
-771.363618032,2058.3665778123786,16152.822215571956,                303P   3027
-770.1656813965042,2057.7831748660124,16164.274547101519,            303P   3028
-769.4469336337709,2057.433098771445,16175.82395210854,              303P   3029
-768.7481283234825,2057.04243241665,16187.486995355997,              303P   3030
-768.0672096197353,2056.6106704025874,16199.27953785329,             303P   3031
-767.4022680105641,2056.136954048641,16211.216736856226,             303P   3032
-766.7515403179414,2055.6200713926164,16223.313045867038,            303P   3033
-766.1134096977784,2055.0584571907384,16235.582214634373,            303P   3034
-765.4864056399249,2054.450192917656,16243.123048981985,             303P   3035
-765.1010408956835,2054.076345174514,16250.88898850956,              303P   3036
-764.7131462900371,2053.677546324836,16258.864358099963,             303P   3037
-764.3238703712627,2053.253166478299,16267.033386807485,             303P   3038
-763.9342939916924,2052.802739177092,16275.380207857857,             303P   3039
-763.5454303077141,2052.3259613959176,16283.88885864826,             303P   3040
-763.1582247797719,2051.822693541993,16292.543280747304,             303P   3041
-762.7735551723657,2051.2929594550474,16299.034115292696,            303P   3042
-762.4850533177968,2050.8956580424924,16305.607011328771,            303P   3043
-762.1979796199146,2050.4834652663776,16312.255219632363,            303P   3044
-761.9127046766721,2050.0563904814367,16318.972070306676,            303P   3045
-761.6295810094786,2049.6144866830946,16325.750972781265,            303P   3046
-761.3489430631994,2049.1578505074667,16332.585415812046,            303P   3047
-761.0711072061564,2048.6866222313597,16339.468967481294,            303P   3048
-760.7963717301279,2048.200985772272,16351.95282812669,              303P   3049
-760.2981154553011,2047.3202447265173,16364.598666144188,            303P   3050
-759.8100696140989,2046.3920825137595,16377.367935710685,            303P   3051
-759.3340119679278,2045.4175999699464,16390.224637921492,            303P   3052
-758.871576161265,2044.3982458612281,16403.135320790334,             303P   3053
-758.4242517216575,2043.3358168839559,16416.069079249366,            303P   3054
-757.9933840597233,2042.2324576646809,16428.99755514915,             303P   3055
-757.5801744691503,2041.090660760157,16446.93652780679,              303P   3056
-757.0048295968948,2039.5072721096299,16464.857634160035,            303P   3057
-756.461972635841,2037.8535442776788,16482.653069251268,             303P   3058
-755.9536763115522,2036.1389365032896,16500.216697547577,            303P   3059
-755.4811192401196,2034.375066616758,16517.444052940762,             303P   3060
-755.0445859281616,2032.5757110396898,16534.232338747337,            303P   3061
-754.643466772824,2030.7568047850018,16550.480427708535,             303P   3062
-754.2762580617803,2028.9364414569222,16559.078149347974,            303P   3063
-754.0819493969135,2027.973188293636,16567.524575658717,             303P   3064
-753.8971483404164,2027.00949676684,16575.8047169178,                303P   3065
-753.7216318579169,2026.048048278723,16583.903657320494,             303P   3066
-753.5551246717846,2025.0916503584572,16591.806554980274,            303P   3067
-753.3972992611302,2024.1432366621973,16599.498641928836,            303P   3068
-753.2477758618056,2023.205866973081,16606.965224116102,             303P   3069
-753.1061224664043,2022.2827272012278,16648.885283683805,            303P   3070
-752.3108440843491,2017.099851728522,16690.743568152357,             303P   3071
-751.6493755906172,2011.5017692229628,16732.526072954915,            303P   3072
-751.1000654509919,2005.4803266633803,16774.23802613082,             303P   3073
-750.6394345182991,1999.0317835003675,16815.888052527698,            303P   3074
-750.2395850926188,1992.1630664809588,16857.472338003623,            303P   3075
-749.8656099814979,1984.8980244733127,16898.958793629223,            303P   3076
-749.4730015601626,1977.28368329139,16922.349547493468,              303P   3077
-749.2564729493115,1972.979143814813,16945.712925116084,             303P   3078
-749.0334357528087,1968.5649904767977,16969.04494352331,             303P   3079
-748.8064238531628,1964.0242770869709,16992.342993792663,            303P   3080
-748.574538481683,1959.348344822547,17015.605502081668,              303P   3081
-748.334322752473,1954.534710845085,17038.831590656628,              303P   3082
-748.0806361964237,1949.5849569172506,17062.02073892143,             303P   3083
-747.8075292952066,1944.5026180195716,17083.46069342328,             303P   3084
-747.5550211728973,1939.8036531699083,17104.86907140294,             303P   3085
-747.2859091760645,1934.9913580069901,17126.24546538332,             303P   3086
-746.9954805388602,1930.0685519402978,17147.589729320138,            303P   3087
-746.6784298959979,1925.0394850364323,17168.90175879629,             303P   3088
-746.329425783275,1919.9084702941323,17190.18127121617,              303P   3089
-745.9436771380969,1914.678515919296,17211.427585999998,             303P   3090
-745.5174997999998,1909.3499576000002,0.,27.,0.,0.,0.,0,0;           303P   3091
126,1,1,0,0,1,0,0.,0.,1.,1.,1.,1.,17211.427585999998,                305P   3092
-745.5174997999998,1909.3499576000002,17211.427585999998,            305P   3093
-2124.8044859999995,2480.669334,0.,1.,0.,0.,0.,0,0;                  305P   3094
126,42,6,0,0,1,0,0.,0.,0.,0.,0.,0.,0.,1.,1.,1.,1.,1.,1.,2.,2.,       307P   3095
2.,2.,2.,2.,3.,3.,3.,3.,3.,3.,4.,4.,4.,4.,4.,4.,5.,5.,5.,5.,5.,      307P   3096
5.,6.,6.,6.,6.,6.,6.,7.,7.,7.,7.,7.,7.,7.,1.,1.,1.,1.,1.,1.,1.,      307P   3097
1.,1.,1.,1.,1.,1.,1.,1.,1.,1.,1.,1.,1.,1.,1.,1.,1.,1.,1.,1.,1.,      307P   3098
1.,1.,1.,1.,1.,1.,1.,1.,1.,1.,1.,1.,1.,1.,1.,17211.427585999998,     307P   3099
-2124.8044859999995,2480.669334,17183.221200959484,                  307P   3100
-2119.5335500674273,2485.325826651787,17154.747678498607,            307P   3101
-2114.5920483245663,2490.0205174468056,17125.99285316904,            307P   3102
-2109.964714291219,2494.741883043839,17096.94076341162,              307P   3103
-2105.6411996706097,2499.466530738303,17067.57512336927,             307P   3104
-2101.612376414583,2504.1681239090317,17037.880794699893,            307P   3105
-2097.8666387888115,2508.8263074650567,17015.225520417436,           307P   3106
-2095.0087758431478,2512.380394174296,16992.3789680696,              307P   3107
-2092.3155701709225,2515.909513930299,16969.33449706935,             307P   3108
-2089.7816586738427,2519.4051311023945,16946.08599546837,            307P   3109
-2087.4004840736216,2522.861592845221,16922.62842769725,             307P   3110
-2085.1629153215117,2526.2794589672403,16898.958793629223,           307P   3111
-2083.0548206579465,2529.671359726611,16873.877778938364,            307P   3112
-2080.8260899909455,2533.2532071889877,16848.554414914273,           307P   3113
-2078.7435046112455,2536.804072268483,16822.98688684641,             307P   3114
-2076.804501427233,2540.304579252368,16797.17015536882,              307P   3115
-2075.005567140956,2543.7376463134033,16771.095956460096,            307P   3116
-2073.3422382481235,2547.088485509837,16744.7528014434,              307P   3117
-2071.809101038107,2550.3446027854066,16716.824565233022,            307P   3118
-2070.183726806721,2553.7966019456067,16688.595326219056,            307P   3119
-2068.7047913175334,2557.1418862255714,16660.053823398193,           307P   3120
-2067.366046686255,2560.3650757868954,16631.187193421476,            307P   3121
-2066.1602310765616,2563.4532386117135,16601.985455608818,           307P   3122
-2065.0795024021395,2566.394843583883,16572.44599696356,             307P   3123
-2064.1158720287262,2569.1787135701657,16557.701094580178,           307P   3124
-2063.634867492883,2570.5683070918076,16542.856879965548,            307P   3125
-2063.183376141051,2571.9203487211576,16527.919797466704,            307P   3126
-2062.7610208394526,2573.2327531830797,16512.89705376619,            307P   3127
-2062.3673808672734,2574.5035404510377,16497.7966178821,             307P   3128
-2062.001991916667,2575.7308357470934,16482.62722116805,             307P   3129
-2061.6643460927526,2576.912869541909,16473.74190493088,             307P   3130
-2061.4665719702666,2577.605240526419,16464.832741150327,            307P   3131
-2061.278319763217,2578.282074460947,16455.90172705413,              307P   3132
-2061.099489597773,2578.9430104219455,16446.95085987004,             307P   3133
-2060.9299816001017,2579.587687485864,16437.9821368258,              307P   3134
-2060.769695896373,2580.2157447291534,16428.99755514915,             307P   3135
-2060.6185326127547,2580.826821228264,16407.276125394677,            307P   3136
-2060.252070614729,2582.3058186200824,16385.47512100378,             307P   3137
-2059.9412601471104,2583.6798570128735,16363.56300038187,            307P   3138
-2059.682545366634,2584.9490471781273,16341.53191296825,             307P   3139
-2059.473479695921,2586.110821824001,16319.397699236095,             307P   3140
-2059.3127258234804,2587.1599355953144,16297.199889592399,           307P   3141
-2059.200055698124,2588.088465119567,0.,7.,0.,0.,0.,0,0;             307P   3142
126,144,6,0,0,1,0,0.,0.,0.,0.,0.,0.,0.,1.,1.,1.,1.,1.,1.,2.,2.,      309P   3143
2.,2.,2.,2.,3.,3.,3.,3.,3.,3.,4.,4.,4.,4.,4.,4.,5.,5.,5.,5.,5.,      309P   3144
5.,6.,6.,6.,6.,6.,6.,7.,7.,7.,7.,7.,7.,8.,8.,8.,8.,8.,8.,9.,9.,      309P   3145
9.,9.,9.,9.,10.,10.,10.,10.,10.,10.,11.,11.,11.,11.,11.,11.,12.,     309P   3146
12.,12.,12.,12.,12.,13.,13.,13.,13.,13.,13.,14.,14.,14.,14.,14.,     309P   3147
14.,15.,15.,15.,15.,15.,15.,16.,16.,16.,16.,16.,16.,17.,17.,17.,     309P   3148
17.,17.,17.,18.,18.,18.,18.,18.,18.,19.,19.,19.,19.,19.,19.,20.,     309P   3149
20.,20.,20.,20.,20.,21.,21.,21.,21.,21.,21.,22.,22.,22.,22.,22.,     309P   3150
22.,23.,23.,23.,23.,23.,23.,24.,24.,24.,24.,24.,24.,24.,1.,1.,       309P   3151
1.,1.,1.,1.,1.,1.,1.,1.,1.,1.,1.,1.,1.,1.,1.,1.,1.,1.,1.,1.,1.,      309P   3152
1.,1.,1.,1.,1.,1.,1.,1.,1.,1.,1.,1.,1.,1.,1.,1.,1.,1.,1.,1.,1.,      309P   3153
1.,1.,1.,1.,1.,1.,1.,1.,1.,1.,1.,1.,1.,1.,1.,1.,1.,1.,1.,1.,1.,      309P   3154
1.,1.,1.,1.,1.,1.,1.,1.,1.,1.,1.,1.,1.,1.,1.,1.,1.,1.,1.,1.,1.,      309P   3155
1.,1.,1.,1.,1.,1.,1.,1.,1.,1.,1.,1.,1.,1.,1.,1.,1.,1.,1.,1.,1.,      309P   3156
1.,1.,1.,1.,1.,1.,1.,1.,1.,1.,1.,1.,1.,1.,1.,1.,1.,1.,1.,1.,1.,      309P   3157
1.,1.,1.,1.,1.,1.,1.,1.,1.,1.,1.,1.,1.,1.,1.,1.,1.,                  309P   3158
16297.199889592399,-2059.200055698124,2588.088465119567,             309P   3159
16290.211923224018,-2059.164590491596,2588.380755830971,             309P   3160
16283.442636645359,-2059.1349522642595,2588.6516553801257,           309P   3161
16276.883502597211,-2059.1105731298085,2588.902814509418,            309P   3162
16270.525895500978,-2059.0909422841814,2589.1357461522866,           309P   3163
16264.36109145865,-2059.0756060055573,2589.3518254332184,            309P   3164
16258.38026825283,-2059.064167654359,2589.552289667755,              309P   3165
16249.409027667993,-2059.0470099867553,2589.8529863595213,           309P   3166
16240.85175703487,-2059.038612954484,2590.118572618242,              309P   3167
16232.678608023649,-2059.037635260338,2590.3532307544046,            309P   3168
16224.859328047176,-2059.0429609443727,2590.5605990663375,           309P   3169
16217.363260260958,-2059.0536993839078,2590.7437718402107,           309P   3170
16210.159343563155,-2059.069185293527,2590.9052993500345,            309P   3171
16204.156115147869,-2059.0820837505244,2591.0399212226976,           309P   3172
16198.355850636732,-2059.0982649016023,2591.159545847727,            309P   3173
16192.74064447476,-2059.1173313471163,2591.2656790061487,            309P   3174
16187.292534485056,-2059.138972274355,2591.3596174397453,            309P   3175
16181.99350186881,-2059.162963457543,2591.442448851052,              309P   3176
16176.825471205297,-2059.1891672578377,2591.5150519033596,           309P   3177
16171.657447707017,-2059.2153699273267,2591.5876576863902,           309P   3178
16166.620449833757,-2059.243781310125,2591.6500445349798,            309P   3179
16161.696426610142,-2059.274260000185,2591.7031002072813,            309P   3180
16156.867329376204,-2059.3067410256485,2591.747527933052,            309P   3181
16152.11511178737,-2059.341235848848,2591.783846413653,              309P   3182
16147.421729814496,-2059.377832366308,2591.8123898220483,            309P   3183
16139.91233403971,-2059.436381064981,2591.8580731073853,             309P   3184
16132.55353847898,-2059.500323032194,2591.883820989068,              309P   3185
16125.27153948915,-2059.5699813979363,2591.8910913098925,            309P   3186
16117.992554752007,-2059.64620382915,2591.88007556866,               309P   3187
16110.642823274273,-2059.7303625297286,2591.8496989201776,           309P   3188
16103.148605387596,-2059.824354240516,2591.7976201752567,            309P   3189
16096.59118074536,-2059.906595481001,2591.752054910332,              309P   3190
16089.922977132364,-2059.996410732866,2591.6897638586083,            309P   3191
16083.094724174996,-2060.095050718167,2591.6092267602735,            309P   3192
16076.056656074497,-2060.2042229099625,2591.5078206617386,           309P   3193
16068.758511606964,-2060.3260915323126,2591.381819915641,            309P   3194
16061.149534123351,-2060.463277560279,2591.2263961808417,            309P   3195
16055.714491210347,-2060.5612818036993,2591.115344889048,            309P   3196
16050.120652515183,-2060.6671401013145,2590.989187590372,            309P   3197
16044.349477179878,-2060.7818277439746,2590.84611609921,             309P   3198
16038.38181991212,-2060.906516416287,2590.6838480943165,             309P   3199
16032.197930985249,-2061.0425741966183,2590.499627118799,            309P   3200
16025.777456238264,-2061.1915655570915,2590.2902225801213,           309P   3201
16019.357174133656,-2061.340547279082,2590.080841310494,             309P   3202
16012.699477279897,-2061.5025299171793,2589.8461139154656,           309P   3203
16005.784618245278,-2061.6790492037862,2589.582879185368,            309P   3204
15998.590646716664,-2061.871975097349,2589.2871690205793,            309P   3205
15991.093409499497,-2062.0835117823526,2588.9542084315235,           309P   3206
15983.266550517785,-2062.3161976693236,2588.578415538672,            309P   3207
15979.17083288832,-2062.437977741405,2588.3817179849857,             309P   3208
15974.985268920427,-2062.565503545539,2588.17340139212,              309P   3209
15970.705538517675,-2062.699195070488,2587.9525300980895,            309P   3210
15966.327321583634,-2062.839472305016,2587.7181684409115,            309P   3211
15961.846298021863,-2062.9867552378837,2587.469380758601,            309P   3212
15957.25814773593,-2063.141463857856,2587.205231389174,              309P   3213
15956.588302997447,-2063.1643496448687,2587.16615620943,             309P   3214
15955.91845825896,-2063.1872354318816,2587.1270810296846,            309P   3215
15955.248613520474,-2063.2101212188945,2587.0880058499397,           309P   3216
15954.578768781987,-2063.233007005908,2587.048930670195,             309P   3217
15953.908924043502,-2063.255892792921,2587.0098554904507,            309P   3218
15953.239079305018,-2063.2787785799337,2586.970780310706,            309P   3219
15950.546806786973,-2063.3717503643634,2586.811358460398,            309P   3220
15947.699155050303,-2063.471821939218,2586.63895741979,              309P   3221
15944.707534135421,-2063.578893294035,2586.4536137715013,            309P   3222
15941.583354082744,-2063.692864418353,2586.2553640981514,            309P   3223
15938.338024932684,-2063.8136353017107,2586.0442449823577,           309P   3224
15934.982956725657,-2063.941105933646,2585.82029300674,              309P   3225
15930.509275330382,-2064.1110663772724,2585.521691334066,            309P   3226
15925.84224789167,-2064.292871209831,2585.2004356980924,             309P   3227
15921.008027894797,-2064.486275119836,2584.856632722804,             309P   3228
15916.032768825055,-2064.691032795802,2584.4903890321857,            309P   3229
15910.942624167714,-2064.9068989262423,2584.1018112502225,           309P   3230
15905.763747408066,-2065.1336281996714,2583.6910060008977,           309P   3231
15894.107120823095,-2065.6438695281568,2582.7664516325945,           309P   3232
15881.982542682612,-2066.2096503452203,2581.728055300408,            309P   3233
15869.648758383188,-2066.828756428533,2580.575631062509,             309P   3234
15857.271836265523,-2067.501984379512,2579.3017238184634,            309P   3235
15844.99548972557,-2068.2229398744353,2577.916239206969,             309P   3236
15833.072103769642,-2068.9702001097176,2576.465365382287,            309P   3237
15827.123300363679,-2069.343017364675,2575.741506255229,             309P   3238
15821.261397303206,-2069.7224837905815,2575.0011256618836,           309P   3239
15815.51720672566,-2070.105925219871,2574.2499927436543,             309P   3240
15809.92532945846,-2070.4900587325974,2573.4953463043566,            309P   3241
15804.524155018978,-2070.870992656438,2572.7458948102153,            309P   3242
15799.355861614558,-2071.244226566692,2572.011816389864,             309P   3243
15795.355906471319,-2071.532023127347,2571.447542163374,             309P   3244
15791.468719771601,-2071.8192656812225,2570.8826391111306,           309P   3245
15787.757656809583,-2072.098857298958,2570.333913338046,             309P   3246
15784.252666234086,-2072.3675819346754,2569.8088012853705,           309P   3247
15780.96658565779,-2072.624083206144,2569.3102495634266,             309P   3248
15777.911437266475,-2072.866843174951,2568.841594784343,             309P   3249
15776.315007663958,-2072.9937028419026,2568.5966794010283,           309P   3250
15774.604819963995,-2073.130685051335,2568.332663970911,             309P   3251
15772.790784778572,-2073.277208057939,2568.050512542779,             309P   3252
15770.88209056254,-2073.432805967095,2567.7509094746524,             309P   3253
15768.887203613618,-2073.597128734881,2567.4342594337795,            309P   3254
15766.813868072391,-2073.769942168064,2567.100687396641,             309P   3255
15763.358267040807,-2074.0579643836995,2566.544734418969,            309P   3256
15759.683093645663,-2074.3697637925065,2565.94131232442,             309P   3257
15755.823857640178,-2074.704223927088,2565.2910775411183,            309P   3258
15751.799547666074,-2075.062389607917,2564.589468568523,             309P   3259
15747.61776862982,-2075.4464794978417,2563.829089941663,             309P   3260
15743.279879078933,-2075.858898656595,2563.0020961953674,            309P   3261
15739.680368432091,-2076.2011438502777,2562.3157850035604,           309P   3262
15735.976210548513,-2076.562500050183,2561.584559492533,             309P   3263
15732.164695781901,-2076.9448493457776,2560.8027113561493,           309P   3264
15728.25007446157,-2077.348789798035,2559.967632299663,              309P   3265
15724.243556892432,-2077.7736354394374,2559.0798140397137,           309P   3266
15720.16331335501,-2078.2174162739757,2558.142848304332,             309P   3267
15715.910095406012,-2078.67970442903,2557.1677934137956,             309P   3268
15711.617825140967,-2079.157802218292,2556.1507916928767,            309P   3269
15707.35458433419,-2079.643579654243,2555.1101264702465,             309P   3270
15703.219836209746,-2080.1247479034455,2554.0741213593483,           309P   3271
15699.297440814671,-2080.5910211370656,2553.0662642508532,           309P   3272
15695.608670392212,-2081.0402783813956,2552.0903313051176,           309P   3273
15692.717438033846,-2081.3923653440715,2551.325234283413,            309P   3274
15689.990483774076,-2081.731472186622,2550.5858832977615,            309P   3275
15687.413495430343,-2082.0595013307766,2549.8670440689816,           309P   3276
15684.972160820089,-2082.3783551982665,2549.163482317891,            309P   3277
15682.652167760749,-2082.6899362108206,2548.4699637653093,           309P   3278
15680.439204069768,-2082.996146790169,2547.781254132052,             309P   3279
15677.714073403702,-2083.366745736258,2546.9474877795037,            309P   3280
15675.343499860051,-2083.7148863620355,2546.1560872643217,           309P   3281
15672.977114155186,-2084.0685728329463,2545.338319528576,            309P   3282
15670.603091209345,-2084.4299549163,2544.4878706389773,              309P   3283
15668.28733726267,-2084.79031330714,2543.624667044264,               309P   3284
15666.101806582856,-2085.1374169717064,2542.7771132880175,           309P   3285
15664.712986705901,-2085.3579812331327,2542.238543594067,            309P   3286
15663.196206559156,-2085.6051081022615,2541.6375384530625,           309P   3287
15661.553390152138,-2085.878369128136,2540.967747678751,             309P   3288
15659.79983706709,-2086.176500208105,2540.2248385385005,             309P   3289
15657.96422245896,-2086.4974015878224,2539.4064957533,               309P   3290
15656.088597055423,-2086.838137861248,2538.5124214977604,            309P   3291
15653.744118983814,-2087.264013206078,2537.3949373094874,            309P   3292
15651.339546998828,-2087.7205128151086,2536.1600105368893,           309P   3293
15648.955681510188,-2088.2015217166972,2534.8079811164325,           309P   3294
15646.71830822937,-2088.6969502143515,2533.34878480856,              309P   3295
15644.765673891161,-2089.19350379613,2531.8000943753,                309P   3296
15643.21596197523,-2089.6754530440353,2530.1854607578794,            309P   3297
15642.286021192302,-2089.9646342548385,2529.2166524331365,           309P   3298
15641.500794062298,-2090.248589223798,2528.224028953688,             309P   3299
15640.885355636157,-2090.523978027572,2527.2125381925616,            309P   3300
15640.461230504578,-2090.7872239134,2526.1876997541535,              309P   3301
15640.24375143357,-2091.0346826087384,2525.155196230479,             309P   3302
15640.239418000001,-2091.262811630904,2524.1204644574145,0.,24.,     309P   3303
0.,0.,0.,0,0;                                                        309P   3304
102,5,301,303,305,307,309;                                           311P   3305
142,0,287,299,311,1,0,0;                                             313P   3306
406,1,6HJoin.2;                                                      315P   3307
144,287,1,0,313,0,1,315;                                             317P   3308
128,10,1,5,1,0,0,1,0,0,0.,0.,0.,0.,0.,0.,1.,1.,1.,1.,1.,2.,2.,       319P   3309
2.,2.,2.,2.,0.,0.,1.,1.,1.,1.,1.,1.,1.,1.,1.,1.,1.,1.,1.,1.,1.,      319P   3310
1.,1.,1.,1.,1.,1.,1.,1.,1.,18080.,-2600.000000000001,2354.4,         319P   3311
18080.000000000004,-2714.8315108767947,2354.4307877129872,           319P   3312
18080.000000000025,-2829.8353021253756,2399.3474457665293,           319P   3313
18079.99999999996,-2920.6528024513736,2490.1640983003613,            319P   3314
18080.000000000004,-2965.5691610244903,2605.169343169837,18080.,     319P   3315
-2965.6,2720.,18080.000000000004,-2965.569161024492,                 319P   3316
2834.8306568301623,18080.000000000025,-2920.6528024513827,           319P   3317
2949.835901699643,18079.99999999996,-2829.8353021253665,             319P   3318
3040.652554233471,18080.000000000004,-2714.8315108767974,            319P   3319
3085.569212287014,18080.,-2600.,3085.6,17897.2,                      319P   3320
-2600.000000000001,2310.513602,17897.200000000008,                   319P   3321
-2728.615810583849,2310.5480855909345,17897.200000000023,            319P   3322
-2857.424594266384,2360.856514212397,17897.199999999968,             319P   3323
-2959.1437624921673,2462.5747367960075,17897.200000000004,           319P   3324
-3009.451857283186,2591.3851432914216,17897.2,-3009.486398,          319P   3325
2720.,17897.200000000008,-3009.4518572831867,2848.614856708578,      319P   3326
17897.200000000023,-2959.143762492174,2977.4252632039975,            319P   3327
17897.199999999968,-2857.4245942663724,3079.1434857876015,           319P   3328
17897.200000000004,-2728.615810583849,3129.451914409069,17897.2,     319P   3329
-2600.,3129.486398,0.,2.,0.,1.;                                      319P   3330
126,3,3,0,0,1,0,0.,0.,0.,0.,1.,1.,1.,1.,1.,1.,1.,1.,0.,1.,0.,0.,     321P   3331
0.6666666666666669,0.,8.035714270911033D-22,0.33333333333333326,     321P   3332
0.,0.,0.,0.,0.,1.,0.,0.,0.,0,0;                                      321P   3333
126,3,3,0,0,1,0,0.,0.,0.,0.,1.,1.,1.,1.,1.,1.,1.,1.,0.,0.,0.,        323P   3334
0.6668124415014515,0.00012746522398160944,0.,1.3331875584985724,     323P   3335
0.0001274652239757221,0.,2.,0.,0.,0.,1.,0.,0.,0.,0,0;                323P   3336
126,3,3,0,0,1,0,0.,0.,0.,0.,1.,1.,1.,1.,1.,1.,1.,1.,2.,0.,0.,2.,     325P   3337
0.3333333333333334,0.,2.,0.6666666666666669,0.,2.,1.,0.,0.,1.,       325P   3338
0.,0.,0.,0,0;                                                        325P   3339
126,3,3,0,0,1,0,0.,0.,0.,0.,1.,1.,1.,1.,1.,1.,1.,1.,2.,1.,0.,        327P   3340
1.333187552020458,1.,0.,0.6668124479795484,1.,0.,0.,1.,0.,0.,1.,     327P   3341
0.,0.,0.,0,0;                                                        327P   3342
102,4,321,323,325,327;                                               329P   3343
126,1,1,0,0,1,0,0.,0.,1.,1.,1.,1.,17897.2,-2600.000000000001,        331P   3344
2310.513602,18080.,-2600.000000000001,2354.4,0.,1.,0.,0.,0.,0,0;     331P   3345
126,20,5,0,0,1,0,0.,0.,0.,0.,0.,0.,1.,1.,1.,1.,1.,2.,2.,2.,2.,       333P   3346
2.,3.,3.,3.,3.,3.,4.,4.,4.,4.,4.,4.,1.,1.,1.,1.,1.,1.,1.,1.,1.,      333P   3347
1.,1.,1.,1.,1.,1.,1.,1.,1.,1.,1.,1.,18080.,-2600.000000000001,       333P   3348
2354.4,18079.99580588429,-2668.9139696128727,2354.4174499332944,     333P   3349
18079.9922408859,-2737.883697963497,2370.6011470968324,              333P   3350
18079.98930500492,-2801.64539757258,2403.163647113083,               333P   3351
18079.986998241206,-2855.2846267690707,2449.3738493886203,           333P   3352
18079.985320594937,-2895.79055690809,2505.1217932902728,             333P   3353
18079.984202164076,-2922.794511246596,2542.2870725768157,            333P   3354
18079.98336334091,-2943.961436356542,2583.691297175408,              333P   3355
18079.982804125542,-2958.3992604449195,2628.116537689765,            333P   3356
18079.98252451778,-2965.5918621418186,2674.0722315244698,            333P   3357
18079.98252451779,-2965.604195492163,2720.,18079.982524517793,       333P   3358
-2965.591861896097,2765.9277683359023,18079.98280412548,             333P   3359
-2958.3992609799316,2811.8834626209978,18079.983363340973,           333P   3360
-2943.9614357468677,2856.3087024630304,18079.984202164094,           333P   3361
-2922.7945116140027,2897.7129276455507,18079.985320594944,           333P   3362
-2895.7905569080863,2934.8782067097363,18079.986998241242,           333P   3363
-2855.284627142774,2990.6261445500304,18079.989305004838,            333P   3364
-2801.645396743604,3036.836364886005,18079.992240885935,             333P   3365
-2737.88369888557,3069.3988408106966,18079.995805884253,             333P   3366
-2668.913969094954,3085.582556272698,18080.,-2600.,3085.6,0.,4.,     333P   3367
0.,0.,0.,0,0;                                                        333P   3368
126,1,1,0,0,1,0,0.,0.,1.,1.,1.,1.,18080.,-2600.,3085.6,17897.2,      335P   3369
-2600.,3129.486398,0.,1.,0.,0.,0.,0,0;                               335P   3370
126,20,5,0,0,1,0,0.,0.,0.,0.,0.,0.,1.,1.,1.,1.,1.,2.,2.,2.,2.,       337P   3371
2.,3.,3.,3.,3.,3.,4.,4.,4.,4.,4.,4.,1.,1.,1.,1.,1.,1.,1.,1.,1.,      337P   3372
1.,1.,1.,1.,1.,1.,1.,1.,1.,1.,1.,1.,17897.2,-2600.,3129.486398,      337P   3373
17897.19999999998,-2677.186358386323,3129.4657260029594,             337P   3374
17897.200000000033,-2754.4346412031337,3111.3383856073083,           337P   3375
17897.199999999975,-2825.8493518971054,3074.866570232288,            337P   3376
17897.200000000004,-2885.9264449032466,3023.109288948985,            337P   3377
17897.2,-2931.2938789669583,2960.6697327187676,                      337P   3378
17897.200000000026,-2961.538836150974,2919.043380956252,             337P   3379
17897.19999999996,-2985.2461588859037,2872.6694097766213,            337P   3380
17897.200000000037,-3001.4167541545794,2822.911914540501,            337P   3381
17897.2,-3009.4725844140057,2771.4403183925683,17897.2,              337P   3382
-3009.486398,2720.,17897.19999999999,-3009.4725841307604,            337P   3383
2668.5596817674236,17897.20000000004,-3001.4167547713305,            337P   3384
2617.0880851034462,17897.199999999968,-2985.24615818304,             337P   3385
2567.3305906376495,17897.199999999997,-2961.538836574562,            337P   3386
2520.956618788985,17897.199999999993,-2931.2938789669606,            337P   3387
2479.330267281236,17897.200000000004,-2885.9264452991342,            337P   3388
2416.890717989309,17897.19999999998,-2825.849351010919,              337P   3389
2365.133416032689,17897.200000000066,-2754.4346421958544,            337P   3390
2328.661628234581,17897.199999999957,-2677.1863578254633,            337P   3391
2310.534266893255,17897.2,-2600.000000000001,2310.513602,0.,4.,      337P   3392
0.,0.,0.,0,0;                                                        337P   3393
102,4,331,333,335,337;                                               339P   3394
142,0,319,329,339,1,0,0;                                             341P   3395
406,1,19Hspinner wt scale lh;                                        343P   3396
144,319,1,0,341,0,1,343;                                             345P   3397
128,10,2,5,2,0,0,1,0,0,0.,0.,0.,0.,0.,0.,1.,1.,1.,1.,1.,2.,2.,       347P   3398
2.,2.,2.,2.,0.,0.,0.,1.,1.,1.,1.,1.,1.,1.,1.,1.,1.,1.,1.,1.,1.,      347P   3399
1.,1.,1.,1.,1.,1.,1.,1.,1.,1.,1.,1.,1.,1.,1.,1.,1.,1.,1.,1.,1.,      347P   3400
1.,15224.,-2139.9049400000004,2720.,15224.000000000005,              347P   3401
-2139.91948440487,2791.884500914553,15224.000000000022,              347P   3402
-2151.060357540128,2863.5639329464348,15223.999999999975,            347P   3403
-2176.204978124111,2934.6614114549084,15224.000000000015,            347P   3404
-2219.1467551767364,2996.1833824691357,15224.,                       347P   3405
-2272.6075629719317,3044.458220156905,15224.000000000005,            347P   3406
-2326.6741873362084,3093.3204656552016,15224.000000000022,           347P   3407
-2392.1646256983595,3128.845431984999,15223.999999999975,            347P   3408
-2461.916443448909,3148.177392067405,15224.000000000015,             347P   3409
-2530.983847544043,3157.169602487329,15224.,-2600.,3157.149576,      347P   3410
14670.144027499999,-2275.5429777500003,2719.9999688749995,           347P   3411
14670.137057490263,-2275.5604342146917,2770.671638595215,            347P   3412
14671.096441165928,-2284.312175346561,2821.3373445129246,            347P   3413
14671.442421501593,-2303.9054388188656,2870.3701977105834,           347P   3414
14670.155619608919,-2334.1453355502545,2912.676946800207,            347P   3415
14668.058782920069,-2371.2234059906546,2946.726209525314,            347P   3416
14665.924881069497,-2408.7410313404957,2981.1405126401582,           347P   3417
14662.895100799522,-2453.4671489503526,3007.1517095840686,           347P   3418
14659.417695056822,-2502.1187807231017,3022.6339675542704,           347P   3419
14657.155912268103,-2551.110439313725,3029.7312353402867,            347P   3420
14657.156249999996,-2600.,3029.7300723750004,14454.,                 347P   3421
-2520.627498,2719.999914,14454.000000000011,-2520.6275749118295,     347P   3422
2732.3962557140167,14454.000000000024,-2523.0471062895476,           347P   3423
2744.792801336982,14453.999999999975,-2527.889212850457,             347P   3424
2756.558620676414,14454.000000000011,-2534.897234716869,             347P   3425
2767.0666588787,14454.,-2543.6230736752427,2775.871657944289,        347P   3426
14454.000000000011,-2552.448189026691,2784.7744820730686,            347P   3427
14454.000000000024,-2563.0148843354746,2791.931793446234,            347P   3428
14453.999999999975,-2574.904830090307,2796.892467309331,             347P   3429
14454.000000000011,-2587.4731996948603,2799.3739215472997,           347P   3430
14454.,-2600.,2799.37254,0.,2.,0.,1.;                                347P   3431
126,3,3,0,0,1,0,0.,0.,0.,0.,1.,1.,1.,1.,1.,1.,1.,1.,2.,0.,0.,2.,     349P   3432
0.33333333350634725,0.,2.,0.6666666685998028,0.,2.,1.,0.,0.,1.,      349P   3433
0.,0.,0.,0,0;                                                        349P   3434
126,3,3,0,0,1,0,0.,0.,0.,0.,1.,1.,1.,1.,1.,1.,1.,1.,2.,1.,0.,        351P   3435
1.3366350471171056,1.,0.,0.6703461875661226,0.9999997157109723,      351P   3436
0.,0.,1.,0.,0.,1.,0.,0.,0.,0,0;                                      351P   3437
126,3,3,0,0,1,0,0.,0.,0.,0.,1.,1.,1.,1.,1.,1.,1.,1.,0.,1.,0.,        353P   3438
1.3445711551691881D-9,0.6666666651711668,0.,                         353P   3439
2.0876954605060556D-9,0.33333333222669265,0.,0.,0.,0.,0.,1.,0.,      353P   3440
0.,0.,0,0;                                                           353P   3441
126,3,3,0,0,1,0,0.,0.,0.,0.,1.,1.,1.,1.,1.,1.,1.,1.,0.,0.,0.,        355P   3442
0.670057029404556,0.,0.,1.3368653794034389,                          355P   3443
1.2503037698521393D-5,0.,2.,0.,0.,0.,1.,0.,0.,0.,0,0;                355P   3444
102,4,349,351,353,355;                                               357P   3445
126,12,2,0,0,1,0,0.,0.,0.,1.,1.,2.,2.,3.,3.,4.,4.,5.,5.,6.,6.,       359P   3446
6.,1.,1.,1.,1.,1.,1.,1.,1.,1.,1.,1.,1.,1.,15224.,-2600.,             359P   3447
3157.149576,15153.14453120896,-2599.999999999999,                    359P   3448
3141.2221380383294,15087.97167955302,-2600.,3123.686293358348,       359P   3449
15022.79882789779,-2600.,3106.150448678167,14963.308593421769,       359P   3450
-2600.,3087.006197284998,14874.073241704154,-2599.9999999999986,     359P   3451
3058.2898201929215,14797.62377872911,-2600.,3025.9545280225525,      359P   3452
14738.163085306733,-2600.0000000000005,3000.8048563345055,           359P   3453
14686.437065351636,-2600.,2973.465964437626,14612.542751132909,      359P   3454
-2600.,2934.410404580153,14554.433484810686,-2600.,                  359P   3455
2890.887048445691,14496.324218493894,-2600.0000000000005,            359P   3456
2847.363692309693,14454.,-2600.,2799.37254,0.,6.,0.,0.,0.,0,0;       359P   3457
126,15,5,0,0,1,0,0.,0.,0.,0.,0.,0.,1.,1.,1.,1.,1.,2.,2.,2.,2.,       361P   3458
2.,3.,3.,3.,3.,3.,3.,1.,1.,1.,1.,1.,1.,1.,1.,1.,1.,1.,1.,1.,1.,      361P   3459
1.,1.,14454.,-2600.,2799.37254,14454.00000000955,                    361P   3460
-2593.075376997032,2799.373421218698,14454.000002657349,             361P   3461
-2586.1252080434197,2798.6151460924384,14454.000007293851,           361P   3462
-2579.2730445606894,2797.094136380615,14454.00001323942,             361P   3463
-2572.6334420224925,2794.8305371303204,14454.000019784324,           361P   3464
-2566.3119599546058,2791.8682166763488,14454.00002500089,            361P   3465
-2561.270542909607,2789.505749318373,14454.00003059315,              361P   3466
-2556.4309127646766,2786.698628470426,14454.000036173478,            361P   3467
-2551.846475534222,2783.46903872869,14454.000041320185,              361P   3468
-2547.5638838513414,2779.847265364177,14454.000045577506,            361P   3469
-2543.6230369678196,2775.8716943227255,14454.00005518355,            361P   3470
-2534.9561024708637,2767.1261474077833,14454.000060322931,           361P   3471
-2527.955147398442,2756.671518960369,14454.00005561662,              361P   3472
-2523.0808175201237,2744.920721019159,14454.000036775566,            361P   3473
-2520.6274224968593,2732.481785262719,14454.,-2520.627498,           361P   3474
2719.999914,0.,3.,0.,0.,0.,0,0;                                      361P   3475
126,12,2,0,0,1,0,0.,0.,0.,1.,1.,2.,2.,3.,3.,4.,4.,5.,5.,6.,6.,       363P   3476
6.,1.,1.,1.,1.,1.,1.,1.,1.,1.,1.,1.,1.,1.,14454.,-2520.627498,       363P   3477
2719.999914,14481.018003560264,-2489.9919328321644,                  363P   3478
2719.999920875636,14513.312756260937,-2461.066469006849,             363P   3479
2719.9999273988287,14545.607508961468,-2432.1410051814864,           363P   3480
2719.9999339221285,14583.179010785312,-2404.9256426887896,           363P   3481
2719.999940084261,14639.536263523312,-2364.1025989512764,            363P   3482
2719.999949329677,14707.76620174727,-2327.1272831864126,             363P   3483
2719.9999577324234,14760.833931476123,-2298.368704257709,            363P   3484
2719.9999642675284,14821.083903021292,-2271.9377632237947,           363P   3485
2719.9999702714317,14907.155290944185,-2234.17927603385,             363P   3486
2719.999978851369,15007.884315194973,-2201.171070234868,             363P   3487
2719.999986298369,15108.613339444644,-2168.162864435523,             363P   3488
2719.999993745292,15224.,-2139.9049400000004,2720.,0.,6.,0.,0.,      363P   3489
0.,0,0;                                                              363P   3490
126,35,5,0,0,1,0,0.,0.,0.,0.,0.,0.,1.,1.,1.,1.,1.,2.,2.,2.,2.,       365P   3491
2.,3.,3.,3.,3.,3.,4.,4.,4.,4.,4.,5.,5.,5.,5.,5.,6.,6.,6.,6.,6.,      365P   3492
7.,7.,7.,7.,7.,7.,1.,1.,1.,1.,1.,1.,1.,1.,1.,1.,1.,1.,1.,1.,1.,      365P   3493
1.,1.,1.,1.,1.,1.,1.,1.,1.,1.,1.,1.,1.,1.,1.,1.,1.,1.,1.,1.,1.,      365P   3494
15224.,-2139.9049400000004,2720.,15224.000000039026,                 365P   3495
-2139.9132475464153,2760.640566454051,15223.999671188072,            365P   3496
-2143.4774655990914,2801.1427763688125,15223.999106842055,           365P   3497
-2151.0939238962105,2841.4363281120914,15223.998400236525,           365P   3498
-2163.3331941201413,2880.5815014156865,15223.99764021218,            365P   3499
-2180.1773300658306,2917.595156198656,15223.9973305911,              365P   3500
-2187.039974500798,2932.6745235120397,15223.997012158728,            365P   3501
-2194.6663987352104,2947.4007835162383,15223.996690960501,           365P   3502
-2203.057247218654,2961.7051412524843,15223.996373074493,            365P   3503
-2212.193545083469,2975.5218873538042,15223.99606461142,             365P   3504
-2222.0366981447473,2988.7883980450238,15223.995782290567,           365P   3505
-2231.0456802813615,3000.9304683062946,15223.995507877042,           365P   3506
-2240.6459564323522,3012.612651212936,15223.995246055096,            365P   3507
-2250.8081080688526,3023.786716778473,15223.99500161377,             365P   3508
-2261.4843417303487,3034.4123803091215,15223.994779446894,           365P   3509
-2272.608489024682,3044.4573024037886,15223.994515595072,            365P   3510
-2286.176844345838,3056.7195022784767,15223.994283040356,            365P   3511
-2300.4534983382064,3068.131655419033,15223.994089911937,            365P   3512
-2315.322864192398,3078.6514040348206,15223.993944586578,            365P   3513
-2330.6792839497834,3088.2712942752614,15223.993855659464,           365P   3514
-2346.4299965808605,3097.004817738645,15223.993786327463,            365P   3515
-2358.710285063129,3103.8141661475056,15223.993751272345,            365P   3516
-2371.2303408406674,3110.0843101718224,15223.99375458013,            365P   3517
-2383.9459848506394,3115.822662456172,15223.993800382079,            365P   3518
-2396.8182445854036,3121.0422866789995,15223.993892854689,           365P   3519
-2409.813354092517,3125.761897552619,15223.993959024621,             365P   3520
-2419.1129381839005,3129.1393784643815,15223.994049093915,           365P   3521
-2428.4742941102086,3132.2601574806313,15223.994164585873,           365P   3522
-2437.8867589655547,3135.131735198815,15223.994307023791,            365P   3523
-2447.339669844051,3137.7616122163813,15223.994477930968,            365P   3524
-2456.8223638398104,3140.157289130778,15223.994990648142,            365P   3525
-2485.271003070016,3147.344538666631,15223.995759559073,             365P   3526
-2513.9941702994424,3152.426201387653,15223.996825497059,            365P   3527
-2542.742073909836,3155.617303984203,15223.998228182076,             365P   3528
-2571.3956190713848,3157.15750176212,15224.,-2600.,3157.149576,      365P   3529
0.,7.,0.,0.,0.,0,0;                                                  365P   3530
102,4,359,361,363,365;                                               367P   3531
142,0,347,357,367,1,0,0;                                             369P   3532
406,1,6HJoin.4;                                                      371P   3533
144,347,1,0,369,0,1,371;                                             373P   3534
128,10,4,5,4,0,0,1,0,0,0.,0.,0.,0.,0.,0.,1.,1.,1.,1.,1.,2.,2.,       375P   3535
2.,2.,2.,2.,0.,0.,0.,0.,0.,1.,1.,1.,1.,1.,1.,1.,1.,1.,1.,1.,1.,      375P   3536
1.,1.,1.,1.,1.,1.,1.,1.,1.,1.,1.,1.,1.,1.,1.,1.,1.,1.,1.,1.,1.,      375P   3537
1.,1.,1.,1.,1.,1.,1.,1.,1.,1.,1.,1.,1.,1.,1.,1.,1.,1.,1.,1.,1.,      375P   3538
1.,1.,1.,1.,1.,1.,15224.000000536753,-2600.0000000000005,            375P   3539
3157.1495759214104,15326.261876313409,-2600.0000000000005,           375P   3540
3180.1360135164014,15428.373433779616,-2600.0000000000055,           375P   3541
3200.199474818958,15530.998234975137,-2599.999999999996,             375P   3542
3217.173956324654,15633.365890661604,-2600.000000000001,             375P   3543
3230.8327780511954,15735.741581009752,-2600.0000000000005,           375P   3544
3241.520304724814,15848.063007504865,-2600.0000000000005,            375P   3545
3253.243095674762,15960.384434000025,-2600.0000000000055,            375P   3546
3261.367382000008,16072.557147999942,-2599.999999999996,             375P   3547
3266.2090239999907,16184.878574000004,-2600.000000000001,            375P   3548
3268.4000000000015,16297.2,-2600.0000000000005,                      375P   3549
3268.3999999999996,15223.999308391845,-2799.572366447978,            375P   3550
3157.385598006144,15326.257176263956,-2812.251815610532,             375P   3551
3180.3549589998124,15428.37852057466,-2822.2289955767264,            375P   3552
3200.4164694405677,15530.996581195714,-2828.750201929263,            375P   3553
3217.391758472535,15633.366528799037,-2833.203898271323,             375P   3554
3231.0513068340324,15735.741581420625,-2836.226933404895,            375P   3555
3241.741283820389,15848.062579434612,-2839.5459640714284,            375P   3556
3253.466284346839,15960.38655566335,-2841.15972566264,               375P   3557
3261.5921898351485,16072.559311887926,-2842.004839459219,            375P   3558
3266.4357144634096,16184.878143863405,-2842.3448257703412,           375P   3559
3268.62700714123,16297.199999999984,-2842.344824869914,              375P   3560
3268.627061569394,15223.999038037316,-2975.4542123289225,            375P   3561
3076.730139133528,15326.255355668014,-2996.4178126022694,            375P   3562
3096.009677227763,15428.380513160673,-3013.4857533394124,            375P   3563
3112.6780171045675,15530.995911518727,-3025.0040538027883,           375P   3564
3126.6701458101265,15633.366775215309,-3032.750021790475,            375P   3565
3137.9371442767547,15735.741580961896,-3038.069336711139,            375P   3566
3146.7353456484175,15848.062416325589,-3043.897940857488,            375P   3567
3156.3872067384264,15960.387367777563,-3046.7537741426077,           375P   3568
3163.0603684522757,16072.56013254957,-3048.2380920315495,            375P   3569
3167.0389505752223,16184.87797987281,-3048.83734399487,              375P   3570
3168.83733534616,16297.20000000002,-3048.837408196296,               375P   3571
3168.837408196295,15223.999308391853,-3060.3432797811165,            375P   3572
2909.6196519271425,15326.257176263953,-3085.342703511394,            375P   3573
2921.3276035071726,15428.37852057469,-3105.86974429387,              375P   3574
2931.0390392407007,15530.996581195723,-3119.814626600846,            375P   3575
2938.879312473534,15633.366528799042,-3129.1631076127624,            375P   3576
2945.219728959095,15735.741581420634,-3135.598576986286,             375P   3577
2950.1151181384294,15848.062579434623,-3142.647349167196,            375P   3578
2955.4913337508515,15960.386555663332,-3146.106171486319,            375P   3579
2959.1654333491447,16072.559311887971,-3147.901481047178,            375P   3580
2961.357349685608,16184.8781438634,-3148.6270138279456,              375P   3581
2962.3448260143005,16297.199999999993,-3148.6270615693966,           375P   3582
2962.3448248699196,15224.000000536753,-3060.0950587046864,2720.,     375P   3583
15326.261876313409,-3085.112318516234,2720.0000000000005,            375P   3584
15428.373433779616,-3105.640771541928,2720.000000000001,             375P   3585
15530.998234975137,-3119.587522962961,2719.9999999999936,            375P   3586
15633.365890661604,-3128.9360694864727,2720.000000000001,            375P   3587
15735.741581009752,-3135.3716851729687,2720.,15848.063007504865,     375P   3588
-3142.4205977386805,2720.0000000000005,15960.384434000025,           375P   3589
-3145.8786820000078,2720.000000000001,16072.557147999942,            375P   3590
-3147.6742159999935,2719.9999999999936,16184.878574000004,           375P   3591
-3148.4000000000005,2720.000000000001,16297.2,                       375P   3592
-3148.3999999999996,2720.,0.,2.,0.,1.;                               375P   3593
126,3,3,0,0,1,0,0.,0.,0.,0.,1.,1.,1.,1.,1.,1.,1.,1.,                 377P   3594
2.776488923410128D-19,0.,0.,0.6992144126132471,                      377P   3595
3.8216757546717435D-9,0.,1.3628571676248122,0.,0.,2.,0.,0.,0.,       377P   3596
1.,0.,0.,0.,0,0;                                                     377P   3597
126,3,3,0,0,1,0,0.,0.,0.,0.,1.,1.,1.,1.,1.,1.,1.,1.,2.,0.,0.,2.,     379P   3598
0.3338781606596453,0.,2.,0.6661218393403638,0.,2.,1.,0.,0.,1.,       379P   3599
0.,0.,0.,0,0;                                                        379P   3600
126,3,3,0,0,1,0,0.,0.,0.,0.,1.,1.,1.,1.,1.,1.,1.,1.,2.,1.,0.,        381P   3601
1.3628571676248122,1.,0.,0.6992550006642896,0.9999998494002017,      381P   3602
0.,0.,1.,0.,0.,1.,0.,0.,0.,0,0;                                      381P   3603
126,3,3,0,0,1,0,0.,0.,0.,0.,1.,1.,1.,1.,1.,1.,1.,1.,0.,1.,0.,0.,     383P   3604
0.6517689721471548,0.,0.,0.33574324622657464,0.,                     383P   3605
2.776488923410128D-19,0.,0.,0.,1.,0.,0.,0.,0,0;                      383P   3606
102,4,377,379,381,383;                                               385P   3607
126,25,5,0,0,1,0,0.,0.,0.,0.,0.,0.,1.,1.,1.,1.,1.,2.,2.,2.,2.,       387P   3608
2.,3.,3.,3.,3.,3.,4.,4.,4.,4.,4.,5.,5.,5.,5.,5.,5.,1.,1.,1.,1.,      387P   3609
1.,1.,1.,1.,1.,1.,1.,1.,1.,1.,1.,1.,1.,1.,1.,1.,1.,1.,1.,1.,1.,      387P   3610
1.,15224.000000536753,-2600.0000000000005,3157.1495759214104,        387P   3611
15250.813599463732,-2600.000000228808,3163.1767397633157,            387P   3612
15277.60349508019,-2600.0000004385533,3168.999941330473,             387P   3613
15304.381431958802,-2600.0000006275386,3174.6165296298277,           387P   3614
15331.153575575645,-2600.000000794834,3180.023886829835,             387P   3615
15357.920512310204,-2600.0000009402756,3185.219428260466,            387P   3616
15393.60975357664,-2600.0000011342167,3192.1468148013837,            387P   3617
15429.291629897396,-2600.000001289224,3198.6981062494096,            387P   3618
15464.967174308787,-2600.0000014051134,3204.8670867663823,           387P   3619
15500.632196147559,-2600.000001483606,3210.650703700082,             387P   3620
15536.277281050885,-2600.0000015283294,3216.049067584228,            387P   3621
15576.229889592922,-2600.0000015784635,3222.099793333439,            387P   3622
15616.160050664861,-2600.0000015859578,3227.667170322662,            387P   3623
15656.054294507421,-2600.0000015559244,3232.7512991560125,           387P   3624
15695.911237269815,-2600.000001494702,3237.3622984285203,            387P   3625
15735.741581009755,-2600.0000014098564,3241.520304726134,            387P   3626
15780.911503826006,-2600.000001314981,3246.234652342143,             387P   3627
15826.048454816326,-2600.000001190251,3250.3633873598146,            387P   3628
15871.145180038442,-2600.000001045908,3253.9296842654,               387P   3629
15916.201931695454,-2600.0000008925253,3256.962386245331,            387P   3630
15961.226468135825,-2600.000000741009,3259.4960051862195,            387P   3631
16028.539010830238,-2600.0000005144193,3263.2835485272985,           387P   3632
16095.776942793776,-2600.0000002917145,3265.95415065435,             387P   3633
16162.95730988537,-2600.000000108514,3267.6182596667736,             387P   3634
16230.108018757668,-2600.0000000000095,3268.4000061793176,           387P   3635
16297.2,-2600.0000000000005,3268.3999999999996,0.,5.,0.,0.,0.,0,     387P   3636
0;                                                                   387P   3637
126,44,4,0,0,1,0,0.,0.,0.,0.,0.,1.,1.,1.,1.,2.,2.,2.,2.,3.,3.,       389P   3638
3.,3.,4.,4.,4.,4.,5.,5.,5.,5.,6.,6.,6.,6.,7.,7.,7.,7.,8.,8.,8.,      389P   3639
8.,9.,9.,9.,9.,10.,10.,10.,10.,11.,11.,11.,11.,11.,1.,1.,1.,1.,      389P   3640
1.,1.,1.,1.,1.,1.,1.,1.,1.,1.,1.,1.,1.,1.,1.,1.,1.,1.,1.,1.,1.,      389P   3641
1.,1.,1.,1.,1.,1.,1.,1.,1.,1.,1.,1.,1.,1.,1.,1.,1.,1.,1.,1.,         389P   3642
16297.2,-2600.0000000000005,3268.3999999999996,                      389P   3643
16297.199999999993,-2615.171376377477,3268.4142775156756,            389P   3644
16297.199999999993,-2630.1989024626714,3268.0363526871497,           389P   3645
16297.199999999997,-2645.066131895017,3267.2655123196314,            389P   3646
16297.199999999993,-2659.7566183139456,3266.1010432183302,           389P   3647
16297.200000000012,-2674.4472395757507,3264.9366995988703,           389P   3648
16297.2,-2688.9611206050595,3263.378728227958,16297.19999999999,     389P   3649
-2703.283028557968,3261.4275451797994,16297.199999999995,            389P   3650
-2717.3977305905714,3259.083566528598,16297.200000000004,            389P   3651
-2731.512565483777,3256.7397127235513,16297.199999999993,            389P   3652
-2745.4201969619407,3254.003064028342,16297.199999999984,            389P   3653
-2759.1065878579507,3250.8751600653927,16297.199999999997,           389P   3654
-2772.557701004697,3247.357540457126,16297.199999999977,             389P   3655
-2794.976333141101,3241.494944956525,16297.200000000003,             389P   3656
-2816.7420836925025,3234.5504397745517,16297.200000000008,           389P   3657
-2837.792721087945,3226.53374864587,16297.2,-2858.0750344701423,     389P   3658
3217.4632208860253,16297.199999999993,-2876.329115295247,            389P   3659
3209.2997457205774,16297.200000000032,-2893.96084625967,             389P   3660
3200.282662473794,16297.199999999972,-2910.9314269672996,            389P   3661
3190.4253455798153,16297.199999999997,-2927.2078743432326,           389P   3662
3179.7468269517744,16297.200000000028,-2954.3352897577392,           389P   3663
3161.9492934621635,16297.199999999977,-2979.534527847123,            389P   3664
3141.870658431984,16297.200000000015,-3002.6529317314994,            389P   3665
3119.598989345931,16297.200000000003,-3023.5820087923576,            389P   3666
3095.2662683000513,16297.199999999995,-3031.9537010515796,           389P   3667
3085.5332436286476,16297.200000000003,-3039.974870289081,            389P   3668
3075.4702214595804,16297.20000000001,-3047.6391301503563,            389P   3669
3065.0862189018144,16297.200000000003,-3054.940094280899,            389P   3670
3054.3902530643136,16297.200000000026,-3067.1084716782784,           389P   3671
3036.563748216831,16297.199999999952,-3078.2683280456235,            389P   3672
3017.871323827264,16297.200000000035,-3088.392692780752,             389P   3673
2998.3573475027715,16297.199999999999,-3097.4632208860276,           389P   3674
2978.075034470139,16297.200000000003,-3103.8125904243893,            389P   3675
2963.877416067371,16297.20000000002,-3109.645579739248,              389P   3676
2949.303316408791,16297.199999999988,-3114.955895526776,             389P   3677
2934.370991471729,16297.199999999999,-3119.7393146618497,            389P   3678
2919.1008555929425,16297.2,-3123.839450393296,                       389P   3679
2906.0122332016135,16297.199999999997,-3127.5522504360515,           389P   3680
2892.6751836657577,16297.199999999995,-3130.875614971538,            389P   3681
2879.1031524243754,16297.200000000003,-3133.807444181176,            389P   3682
2865.3095849164692,16297.19999999999,-3141.137169480997,             389P   3683
2830.8258201951503,16297.20000000001,-3146.0212417582543,            389P   3684
2794.9590104657855,16297.199999999997,-3148.4355385750755,           389P   3685
2757.928277073336,16297.2,-3148.3999999999996,2720.,0.,11.,0.,       389P   3686
0.,0.,0,0;                                                           389P   3687
126,25,5,0,0,1,0,0.,0.,0.,0.,0.,0.,1.,1.,1.,1.,1.,2.,2.,2.,2.,       391P   3688
2.,3.,3.,3.,3.,3.,4.,4.,4.,4.,4.,5.,5.,5.,5.,5.,5.,1.,1.,1.,1.,      391P   3689
1.,1.,1.,1.,1.,1.,1.,1.,1.,1.,1.,1.,1.,1.,1.,1.,1.,1.,1.,1.,1.,      391P   3690
1.,16297.2,-3148.3999999999996,2720.,16234.580808171064,             391P   3691
-3148.3999988564237,2720.0000000000273,16171.911032464392,           391P   3692
-3148.1744284161296,2720.0000037255777,16109.214048337215,           391P   3693
-3147.6629105340876,2720.000010091247,16046.470230497733,            391P   3694
-3146.7806217419757,2720.000017910741,15983.664522295532,            391P   3695
-3145.357515755785,2720.000026011667,15934.166449497787,             391P   3696
-3144.2359304131546,2720.000032396642,15884.62995888085,             391P   3697
-3142.77839337596,2720.000038957667,15835.047763196979,              391P   3698
-3140.9015368941295,2720.0000451250653,15785.414421532521,           391P   3699
-3138.4889820659614,2720.000050338962,15735.741581009752,            391P   3700
-3135.3716852263296,2720.000054121102,15704.796780567525,            391P   3701
-3133.4264109402197,2720.000056514157,15673.837182356061,            391P   3702
-3131.214016783543,2720.000058337293,15642.855164806315,             391P   3703
-3128.6874177928676,2720.000059471153,15611.85172580784,             391P   3704
-3125.796701418134,2720.00005980881,15580.830336296473,              391P   3705
-3122.5002523953076,2720.0000592650986,15545.206316349637,           391P   3706
-3118.7147116093442,2720.0000586406986,15509.55862272826,            391P   3707
-3114.394112531835,2720.00005685402,15473.892497417934,              391P   3708
-3109.475460385985,2720.0000537759233,15438.217472416289,            391P   3709
-3103.910211814135,2720.000049315551,15402.534730899759,             391P   3710
-3097.6871968292194,2720.000043442634,15366.851986000847,            391P   3711
-3091.4641883562226,2720.0000375698182,15331.161513897732,           391P   3712
-3084.5834340646643,2720.0000302847952,15295.464459383627,           391P   3713
-3077.033837757933,2720.0000215581285,15259.753560745356,            391P   3714
-3068.8417879783315,2720.000011422583,15224.000000536753,            391P   3715
-3060.0950587046864,2720.,0.,5.,0.,0.,0.,0,0;                        391P   3716
126,44,4,0,0,1,0,0.,0.,0.,0.,0.,1.,1.,1.,1.,2.,2.,2.,2.,3.,3.,       393P   3717
3.,3.,4.,4.,4.,4.,5.,5.,5.,5.,6.,6.,6.,6.,7.,7.,7.,7.,8.,8.,8.,      393P   3718
8.,9.,9.,9.,9.,10.,10.,10.,10.,11.,11.,11.,11.,11.,1.,1.,1.,1.,      393P   3719
1.,1.,1.,1.,1.,1.,1.,1.,1.,1.,1.,1.,1.,1.,1.,1.,1.,1.,1.,1.,1.,      393P   3720
1.,1.,1.,1.,1.,1.,1.,1.,1.,1.,1.,1.,1.,1.,1.,1.,1.,1.,1.,1.,         393P   3721
15224.000000536753,-3060.0950587046864,2720.,15223.999955344212,     393P   3722
-3060.1112918358767,2732.3810132226267,15223.99991212437,            393P   3723
-3059.7644075549606,2744.617924067911,15223.999870869451,            393P   3724
-3059.059315112054,2756.6980761571094,15223.99983157167,             393P   3725
-3058.000923757275,2768.6088131114793,15223.999792273731,            393P   3726
-3056.9425762057,2780.519761338259,15223.99975493284,                393P   3727
-3055.530946891329,2792.261343969365,15223.999719539897,             393P   3728
-3053.771338031609,2803.8228043819945,15223.999686085805,            393P   3729
-3051.6690518439877,2815.1933859533447,15223.999652631646,           393P   3730
-3049.566798408872,2826.5641440667587,15223.999621116243,            393P   3731
-3047.121879991545,2837.744066452997,15223.999591529848,             393P   3732
-3044.3398924384837,2848.723983847556,15223.999563862706,            393P   3733
-3041.226431596163,2859.4947269859335,15223.999517750717,            393P   3734
-3036.037354275675,2877.4461039756507,15223.999476969917,            393P   3735
-3029.9276488580804,2894.8171901001074,15223.999441473825,           393P   3736
-3022.9238192756716,2911.568989372736,15223.99941121754,             393P   3737
-3015.0538544666188,2927.6713012607106,15223.999383987108,           393P   3738
-3007.970931042939,2942.1635913916034,15223.999361000355,            393P   3739
-3000.1862494589095,2956.1288350193995,15223.999342226516,           393P   3740
-2991.7206113580132,2969.546917277423,15223.999327634834,            393P   3741
-2982.594818383732,2982.397723298998,15223.999303315624,             393P   3742
-2967.3852160256524,3003.8161672219076,15223.999290616002,           393P   3743
-2950.342499572805,3023.660690109888,15223.9992894012,               393P   3744
-2931.564482536991,3041.848431824206,15223.999299577597,             393P   3745
-2911.1584152756727,3058.316484662744,15223.99930364822,             393P   3746
-2902.9960166993046,3064.903710374368,15223.999309541232,            393P   3747
-2894.573078447239,3071.2156756697414,15223.999317251228,            393P   3748
-2885.8966797833295,3077.2484682846098,15223.99932677279,            393P   3749
-2876.97389997143,3082.99817595472,15223.999342642195,               393P   3750
-2862.1026317257533,3092.5810549121225,15223.999363544299,           393P   3751
-2846.547214439535,3101.3777653715324,15223.999389456847,            393P   3752
-2830.3412044105708,3109.3710121310537,15223.99942036513,            393P   3753
-2813.522080108006,3116.5455688252828,15223.999442000979,            393P   3754
-2801.7487575574905,3121.5677713759383,15223.999466084493,           393P   3755
-2789.6748230008716,3126.1887341512856,15223.99949261126,            393P   3756
-2777.313802879533,3130.403400975767,15223.999521576867,             393P   3757
-2764.679223634859,3134.206715673823,15223.999546404651,             393P   3758
-2753.8497247139853,3137.466738189927,15223.999573024379,            393P   3759
-2742.819307586419,3140.4245705532485,15223.99960143397,             393P   3760
-2731.5974115345357,3143.0772714616833,15223.999631631359,           393P   3761
-2720.193475840709,3145.4218996131276,15223.999707125162,            393P   3762
-2691.6836312174305,3151.28347402186,15223.999793791832,             393P   3763
-2662.037959663387,3155.2200042920463,15223.999891607065,            393P   3764
-2631.408715355489,3157.186740216097,15224.000000536753,             393P   3765
-2600.0000000000005,3157.1495759214104,0.,11.,0.,0.,0.,0,0;          393P   3766
102,4,387,389,391,393;                                               395P   3767
142,0,375,385,395,1,0,0;                                             397P   3768
406,1,6HJoin.4;                                                      399P   3769
144,375,1,0,397,0,1,399;                                             401P   3770
128,10,2,5,2,0,0,1,0,0,0.,0.,0.,0.,0.,0.,1.,1.,1.,1.,1.,2.,2.,       403P   3771
2.,2.,2.,2.,0.,0.,0.,1.,1.,1.,1.,1.,1.,1.,1.,1.,1.,1.,1.,1.,1.,      403P   3772
1.,1.,1.,1.,1.,1.,1.,1.,1.,1.,1.,1.,1.,1.,1.,1.,1.,1.,1.,1.,1.,      403P   3773
1.,15224.,-2600.,2208.5783420000002,15224.000000000005,              403P   3774
-2517.730847198751,2208.650642855371,15224.000000000022,             403P   3775
-2435.977326965692,2221.459377477933,15223.999999999975,             403P   3776
-2353.658304607715,2252.9115813278067,15224.000000000015,            403P   3777
-2288.21363901909,2307.588905136826,15224.,-2239.55990125999,        403P   3778
2372.391079645102,15224.000000000005,-2193.1087425056344,            403P   3779
2434.288674784611,15224.000000000022,-2162.5111912028074,            403P   3780
2506.373359349013,15223.999999999975,-2147.16391923542,              403P   3781
2578.7372544282407,15224.000000000015,-2139.866980691511,            403P   3782
2649.4759020264837,15224.,-2139.9055020000005,2720.,                 403P   3783
14694.963660000001,-2600.,2367.400352875,14694.932069219794,         403P   3784
-2543.3516992372424,2367.4677245124617,14696.127335502184,           403P   3785
-2486.5776952583205,2377.323172567711,14695.353736455469,            403P   3786
-2431.893832589123,2401.560420572212,14692.254993775068,             403P   3787
-2386.913199910497,2437.4801846102273,14688.014894281876,            403P   3788
-2351.8692468867225,2480.7023887279315,14683.962382409536,           403P   3789
-2318.4846793746665,2521.9357409387712,14678.777129917686,           403P   3790
-2294.490552792272,2569.909240059565,14673.365713546127,             403P   3791
-2281.44330124303,2620.392625230716,14670.163509814856,              403P   3792
-2275.5175654956456,2670.261345788086,14670.154709999995,            403P   3793
-2275.5308668750004,2719.9999688749995,14454.,-2600.,2640.62746,     403P   3794
14454.000000000011,-2587.246289065334,2640.629258808155,             403P   3795
14454.000000000024,-2574.4720122783647,2643.1829411352182,           403P   3796
14453.999999999975,-2562.382518430546,2648.3473940630147,            403P   3797
14454.000000000011,-2551.7294499314185,2655.713811350666,14454.,     403P   3798
-2542.8674012412143,2664.90130705961,14454.000000000011,             403P   3799
-2534.4168347392047,2673.66561123231,14454.000000000024,             403P   3800
-2527.6499041700235,2684.0365666751677,14453.999999999975,           403P   3801
-2522.9703120977583,2695.612269028363,14454.000000000011,            403P   3802
-2520.6254073018645,2707.8370057424654,14454.,-2520.627498,          403P   3803
2719.999914,0.,2.,0.,1.;                                             403P   3804
126,3,3,0,0,1,0,0.,0.,0.,0.,1.,1.,1.,1.,1.,1.,1.,1.,2.,0.,0.,2.,     405P   3805
0.3333333333506269,0.,2.,0.6666666675272799,0.,2.,1.,0.,0.,1.,       405P   3806
0.,0.,0.,0,0;                                                        405P   3807
126,3,3,0,0,1,0,0.,0.,0.,0.,1.,1.,1.,1.,1.,1.,1.,1.,2.,1.,0.,        407P   3808
1.3168059933974587,1.,0.,0.6515457351331297,0.9999939679004243,      407P   3809
0.,0.,1.,0.,0.,1.,0.,0.,0.,0,0;                                      407P   3810
126,3,3,0,0,1,0,0.,0.,0.,0.,1.,1.,1.,1.,1.,1.,1.,1.,0.,1.,0.,        409P   3811
1.3708421870957362D-12,0.6666666681249317,0.,0.,                     409P   3812
0.3333333331815087,0.,0.,0.,0.,0.,1.,0.,0.,0.,0,0;                   409P   3813
126,3,3,0,0,1,0,0.,0.,0.,0.,1.,1.,1.,1.,1.,1.,1.,1.,0.,0.,0.,        411P   3814
0.6508081139211844,0.,0.,1.317036308529217,2.731340384593173D-5,     411P   3815
0.,2.,0.,0.,0.,1.,0.,0.,0.,0,0;                                      411P   3816
102,4,405,407,409,411;                                               413P   3817
126,12,2,0,0,1,0,0.,0.,0.,1.,1.,2.,2.,3.,3.,4.,4.,5.,5.,6.,6.,       415P   3818
6.,1.,1.,1.,1.,1.,1.,1.,1.,1.,1.,1.,1.,1.,15224.,                    415P   3819
-2139.9055020000005,2720.,15154.769338744385,-2156.858672610377,     415P   3820
2719.9999961093768,15090.815092771298,-2175.52233176593,             415P   3821
2719.999991847656,15026.860846798534,-2194.185990921587,             415P   3822
2719.9999875859385,14968.183016129526,-2214.560138619956,            415P   3823
2719.999982953125,14880.166270124124,-2245.1213601686486,            415P   3824
2719.9999760039054,14804.021458596515,-2279.5311809259533,           415P   3825
2719.9999682197267,14744.797716298506,-2306.294374848303,            415P   3826
2719.999962165365,14692.755761540539,-2335.385733712378,             415P   3827
2719.9999556059024,14618.410111887202,-2376.9448178062985,           415P   3828
2719.999946235243,14558.721171507197,-2423.255258890683,             415P   3829
2719.9999358337673,14499.032231129608,-2469.5656999758485,           415P   3830
2719.9999254322915,14454.,-2520.627498,2719.999914,0.,6.,0.,0.,      415P   3831
0.,0,0;                                                              415P   3832
126,20,5,0,0,1,0,0.,0.,0.,0.,0.,0.,1.,1.,1.,1.,1.,2.,2.,2.,2.,       417P   3833
2.,3.,3.,3.,3.,3.,4.,4.,4.,4.,4.,4.,1.,1.,1.,1.,1.,1.,1.,1.,1.,      417P   3834
1.,1.,1.,1.,1.,1.,1.,1.,1.,1.,1.,1.,14454.,-2520.627498,             417P   3835
2719.999914,14454.00000004044,-2520.626422563064,                    417P   3836
2713.767701835651,14454.000048732234,-2521.2415145804084,            417P   3837
2707.4982503265933,14454.000134818307,-2522.4793270863047,           417P   3838
2701.2871718619567,14454.000247850237,-2524.3304463380173,           417P   3839
2695.2227264483945,14454.000378188262,-2526.769491815804,            417P   3840
2689.385821710082,14454.000498640537,-2529.0299261933733,            417P   3841
2683.9763792179833,14454.000633104568,-2531.7954628267616,           417P   3842
2678.762147351803,14454.00077231129,-2535.046009520827,              417P   3843
2673.807309689405,14454.000905128742,-2538.750435201002,             417P   3844
2669.1696406163046,14454.001018562067,-2542.866569913298,            417P   3845
2664.9005053256697,14454.001149374066,-2547.393394790204,            417P   3846
2660.207328010972,14454.001255053303,-2552.40448594177,              417P   3847
2655.9715017520884,14454.001315244783,-2557.8560204068317,           417P   3848
2652.2547990938424,14454.001311235586,-2563.681659446344,            417P   3849
2649.1136744027017,14454.001225954862,-2569.7925485433793,           417P   3850
2646.5992638667767,14454.001146523786,-2575.486534561443,            417P   3851
2644.2562504219404,14454.00099683804,-2581.42887364538,              417P   3852
2642.4563196395284,14454.000763221153,-2587.549891967222,            417P   3853
2641.237727820849,14454.00043597493,-2593.7677874012975,             417P   3854
2640.6278366055203,14454.,-2600.,2640.62746,0.,4.,0.,0.,0.,0,0;      417P   3855
126,12,2,0,0,1,0,0.,0.,0.,1.,1.,2.,2.,3.,3.,4.,4.,5.,5.,6.,6.,       419P   3856
6.,1.,1.,1.,1.,1.,1.,1.,1.,1.,1.,1.,1.,1.,14454.,-2600.,             419P   3857
2640.62746,14484.120457367035,-2599.9999999999827,                   419P   3858
2606.4740717565733,14518.742050396522,-2599.999999999954,            419P   3859
2574.1082630612473,14553.363643426525,-2599.9999999999263,           419P   3860
2541.7424543661236,14592.486372128269,-2599.999999999903,            419P   3861
2511.16422524367,14651.17046518254,-2599.999999999867,               419P   3862
2465.2968815567315,14719.982113497745,-2599.999999999864,            419P   3863
2423.451591968144,14773.5022844105,-2599.9999999998595,              419P   3864
2390.9052556227402,14833.149001079299,-2599.9999999998804,           419P   3865
2360.792013762205,14918.35859632754,-2599.9999999999072,             419P   3866
2317.7730968167366,15016.071346095336,-2599.999999999949,            419P   3867
2279.7196788669553,15113.78409586706,-2599.9999999999945,            419P   3868
2241.666260918736,15224.,-2600.,2208.5783420000002,0.,6.,0.,0.,      419P   3869
0.,0,0;                                                              419P   3870
126,50,5,0,0,1,0,0.,0.,0.,0.,0.,0.,1.,1.,1.,1.,1.,2.,2.,2.,2.,       421P   3871
2.,3.,3.,3.,3.,3.,4.,4.,4.,4.,4.,5.,5.,5.,5.,5.,6.,6.,6.,6.,6.,      421P   3872
7.,7.,7.,7.,7.,8.,8.,8.,8.,8.,9.,9.,9.,9.,9.,10.,10.,10.,10.,        421P   3873
10.,10.,1.,1.,1.,1.,1.,1.,1.,1.,1.,1.,1.,1.,1.,1.,1.,1.,1.,1.,       421P   3874
1.,1.,1.,1.,1.,1.,1.,1.,1.,1.,1.,1.,1.,1.,1.,1.,1.,1.,1.,1.,1.,      421P   3875
1.,1.,1.,1.,1.,1.,1.,1.,1.,1.,1.,1.,15224.,-2600.,                   421P   3876
2208.5783420000002,15224.00000000103,-2578.2487950071218,            421P   3877
2208.5974585543527,15223.999841009329,-2556.5664421574375,           421P   3878
2209.5068961172096,15223.999544580536,-2534.9331585428727,           421P   3879
2211.4104783418534,15223.999132603727,-2513.419695700208,            421P   3880
2214.403326878268,15223.998626200257,-2492.1370416908953,            421P   3881
2218.5518727604695,15223.998236665775,-2475.7657832234368,           421P   3882
2221.743068518143,15223.9977912752,-2459.5311312903614,              421P   3883
2225.6181247751956,15223.997299695173,-2443.48372552807,             421P   3884
2230.2073367597736,15223.996771401633,-2427.6884191103195,           421P   3885
2235.5310145471904,15223.996215780327,-2412.2118055345704,           421P   3886
2241.5946114225435,15223.995437911022,-2390.544559384487,            421P   3887
2250.083653125352,15223.99460648022,-2369.501903177581,              421P   3888
2260.0229135835293,15223.993747262437,-2349.266875356657,            421P   3889
2271.427501330173,15223.992885723717,-2330.028745052569,             421P   3890
2284.255236861851,15223.992048169617,-2311.9217745534474,            421P   3891
2298.383221199593,15223.991629391781,-2302.8683412808723,            421P   3892
2305.4472331194647,15223.991216612887,-2294.0975233332783,           421P   3893
2312.836242548813,15223.990813113529,-2285.6265871323294,            421P   3894
2320.535070751819,15223.990422241644,-2277.468436058246,             421P   3895
2328.523150123026,15223.990047412522,-2269.631610449807,             421P   3896
2336.7745241873413,15223.989738595652,-2263.174939080226,            421P   3897
2343.5727250031473,15223.989440669446,-2256.9362965368155,           421P   3898
2350.549616487134,15223.989155545665,-2250.9203754405307,            421P   3899
2357.690651010026,15223.988885174236,-2245.1292314780417,            421P   3900
2364.978564608731,15223.98863154326,-2239.5622834017363,             421P   3901
2372.393376986338,15223.988425506572,-2234.8051167726962,            421P   3902
2378.7325472484395,15223.988230392908,-2230.217582210905,            421P   3903
2385.1740430749887,15223.988047281113,-2225.797950188802,            421P   3904
2391.707881965009,15223.98787725002,-2221.5444911788263,             421P   3905
2398.324081417523,15223.98772137847,-2217.4554756534167,             421P   3906
2405.012658931552,15223.987569396728,-2213.4680188186576,            421P   3907
2411.535100593006,15223.987430878173,-2209.6368730395607,            421P   3908
2418.126351576386,15223.987306859251,-2205.9593801565015,            421P   3909
2424.7788259270365,15223.987198376413,-2202.432882009856,            421P   3910
2431.484937690301,15223.9871064661,-2199.054720439999,               421P   3911
2438.237100911524,15223.986804014354,-2187.9377441583797,            421P   3912
2460.457314642877,15223.986681135968,-2178.4248795600156,            421P   3913
2483.180415639859,15223.98677521011,-2170.407697258562,              421P   3914
2506.161360382533,15223.987125623555,-2163.7353336803153,            421P   3915
2529.2413831045806,15223.987770838961,-2158.264202372921,            421P   3916
2552.325049781676,15223.988114955617,-2155.346224879744,             421P   3917
2564.6363574301986,15223.988542908392,-2152.7700720593134,           421P   3918
2576.948633236969,15223.989060560947,-2150.513503915352,             421P   3919
2589.2476120796973,15223.989673594468,-2148.5558038310037,           421P   3920
2601.5237043164234,15223.990387507658,-2146.8777785688344,           421P   3921
2613.7719957855115,15223.991636850069,-2143.9412965409997,           421P   3922
2635.206476141725,15223.993195090434,-2141.861791425273,             421P   3923
2656.555593364541,15223.995091497192,-2140.5386018025974,            421P   3924
2677.791955515594,15223.997352711505,-2139.894620307086,             421P   3925
2698.927645060369,15224.,-2139.9055020000005,2720.,0.,10.,0.,0.,     421P   3926
0.,0,0;                                                              421P   3927
102,4,415,417,419,421;                                               423P   3928
142,0,403,413,423,1,0,0;                                             425P   3929
406,1,6HJoin.4;                                                      427P   3930
144,403,1,0,425,0,1,427;                                             429P   3931
128,3,4,3,4,0,0,1,0,0,0.,0.,0.,0.,1.,1.,1.,1.,0.,0.,0.,0.,0.,1.,     431P   3932
1.,1.,1.,1.,1.,1.,1.,1.,1.,1.,1.,1.,1.,1.,1.,1.,1.,1.,1.,1.,1.,      431P   3933
1.,1.,1.,14453.999979070773,-2600.,2799.3725416099624,               431P   3934
14453.934551957504,-2578.293114052562,2799.3725416099614,            431P   3935
14462.093152920912,-2556.7074532441484,2799.3725416099624,           431P   3936
14476.499986625764,-2540.4705806914135,2799.3725416099624,           431P   3937
14425.316061787573,-2599.999999999999,2766.9680369260914,            431P   3938
14425.229781714468,-2571.3749111708185,2766.9680369260905,           431P   3939
14435.988610702283,-2542.909680470948,2766.968036926091,             431P   3940
14454.987048002577,-2521.49795177132,2766.9680369260914,             431P   3941
14412.251441690983,-2600.,2720.000001056324,14412.15566535134,       431P   3942
-2568.2238857789775,2720.000001056326,14424.098815339214,            431P   3943
-2536.6252313034242,2720.0000010563244,14445.1885851576,             431P   3944
-2512.856517381713,2720.000001056324,14425.316063206988,             431P   3945
-2600.000000000002,2673.0319619949137,14425.229783086825,            431P   3946
-2571.374909871587,2673.0319619949137,14435.988610136035,            431P   3947
-2542.909679216459,2673.031961994915,14454.987049268711,             431P   3948
-2521.4979528072586,2673.0319619949137,14453.999978666063,           431P   3949
-2600.,2640.6274582857586,14453.934550978785,-2578.293114967638,     431P   3950
2640.627458285758,14462.093152688627,-2556.7074545613723,            431P   3951
2640.627458285758,14476.499985613806,-2540.470579838294,             431P   3952
2640.6274582857586,0.,1.,0.,1.;                                      431P   3953
126,9,3,0,0,1,0,0.,0.,0.,0.,0.3892153226838494,                      433P   3954
0.3892153226838494,0.5715755752946073,0.5715755752946073,            433P   3955
0.8681227680588778,0.8681227680588778,1.,1.,1.,1.,1.,1.,1.,1.,       433P   3956
1.,1.,1.,1.,1.,1.,0.,0.,0.,0.22031477642235855,0.,0.,                433P   3957
0.43559674707004364,0.02968293426937188,0.,0.6849984567329627,       433P   3958
0.1157627888563633,0.,0.7522252864303495,0.14862724935812502,0.,     433P   3959
0.8973425934549806,0.2466847224968586,0.,0.9546496339265705,         433P   3960
0.31847104826085093,0.,0.9940331179165589,0.43004679744610025,       433P   3961
0.,1.,0.4651130075796087,0.,0.9999999386786931,                      433P   3962
0.5000005018280373,0.,0.,1.,0.,0.,0.,0,0;                            433P   3963
126,9,3,0,0,1,0,0.,0.,0.,0.,0.265645168800274,0.265645168800274,     435P   3964
0.5159689634969595,0.5159689634969595,0.8044584400168842,            435P   3965
0.8044584400168842,1.,1.,1.,1.,1.,1.,1.,1.,1.,1.,1.,1.,1.,1.,        435P   3966
0.9999999386786931,0.5000005018280373,0.,0.9999998271132602,         435P   3967
0.5694875531262562,0.,0.9763466464195442,0.640309835662028,0.,       435P   3968
0.8788155501447921,0.766538123707787,0.,0.8098432927167312,          435P   3969
0.82058295751954,0.,0.6111395144237626,0.9175226442098777,0.,        435P   3970
0.4778411050934851,0.9551919499541806,0.,0.22064296019806562,        435P   3971
0.9925332650930329,0.,0.11016295320925938,1.,0.,0.,1.,0.,0.,1.,      435P   3972
0.,0.,0.,0,0;                                                        435P   3973
126,3,3,0,0,1,0,0.,0.,0.,0.,1.,1.,1.,1.,1.,1.,1.,1.,0.,1.,0.,0.,     437P   3974
0.6659836306648783,0.,0.,0.334016352502546,0.,0.,                    437P   3975
2.2022194823410403D-17,0.,0.,1.,0.,0.,0.,0,0;                        437P   3976
102,3,433,435,437;                                                   439P   3977
126,30,5,0,0,1,0,0.,0.,0.,0.,0.,0.,1.,1.,1.,1.,1.,2.,2.,2.,2.,       441P   3978
2.,3.,3.,3.,3.,3.,4.,4.,4.,4.,4.,5.,5.,5.,5.,5.,6.,6.,6.,6.,6.,      441P   3979
6.,1.,1.,1.,1.,1.,1.,1.,1.,1.,1.,1.,1.,1.,1.,1.,1.,1.,1.,1.,1.,      441P   3980
1.,1.,1.,1.,1.,1.,1.,1.,1.,1.,1.,14453.999979070773,-2600.,          441P   3981
2799.3725416099624,14453.986998356504,-2595.6958834864154,           441P   3982
2799.372543908023,14453.988165099265,-2591.420342832096,             441P   3983
2799.083972444533,14453.990930054415,-2587.1638684566065,            441P   3984
2798.5081167103112,14453.99255578445,-2582.918002795971,             441P   3985
2797.6372754681493,14453.993799092485,-2578.6905681525864,           441P   3986
2796.4567971471442,14453.995010989454,-2574.4631054448014,           441P   3987
2795.276332262248,14453.995689410083,-2570.2540214161445,            441P   3988
2793.7862654158807,14453.99617830354,-2566.07060109989,              441P   3989
2791.972177103372,14453.998818003307,-2561.936225884261,             441P   3990
2789.812920393564,14453.997075547239,-2557.896391337522,             441P   3991
2787.2861968362863,14453.99546435156,-2554.1107683546597,            441P   3992
2784.918498217562,14453.993591769144,-2550.4660029866736,            441P   3993
2782.2691578940357,14453.99168726708,-2546.975423377527,             441P   3994
2779.3355004972373,14453.990800834192,-2543.6656530521186,           441P   3995
2776.1172753914943,14453.9903988774,-2540.5689884407534,             441P   3996
2772.620720544363,14453.990095730627,-2538.0511471698615,            441P   3997
2769.777733641591,14453.99092369946,-2535.6809822696423,             441P   3998
2766.759673968608,14453.992774637021,-2533.475675374973,             441P   3999
2763.57359369139,14453.994667227658,-2531.454045213928,              441P   4000
2760.2296950168534,14453.996111513063,-2529.633183389926,            441P   4001
2756.741571079156,14453.997549649224,-2527.81233860061,              441P   4002
2753.253447497421,14453.998606240697,-2526.192181715865,             441P   4003
2749.6210632005013,14453.998615229153,-2524.7901905576305,           441P   4004
2745.858044071536,14453.998179577684,-2523.62110997524,              441P   4005
2741.98103695508,14453.999171270805,-2522.6969518454252,             441P   4006
2738.009709657107,14454.000127094,-2521.8748675597362,               441P   4007
2734.4775085414,14454.000921428964,-2521.2521694051725,              441P   4008
2730.8888234040814,14454.001475933328,-2520.8360126698435,           441P   4009
2727.2648495359454,14454.001749545205,-2520.6289630556935,           441P   4010
2723.6276015034528,14454.001738483204,-2520.6289966785025,           441P   4011
2719.999913148732,0.,6.,0.,0.,0.,0,0;                                441P   4012
126,35,5,0,0,1,0,0.,0.,0.,0.,0.,0.,1.,1.,1.,1.,1.,2.,2.,2.,2.,       443P   4013
2.,3.,3.,3.,3.,3.,4.,4.,4.,4.,4.,5.,5.,5.,5.,5.,6.,6.,6.,6.,6.,      443P   4014
7.,7.,7.,7.,7.,7.,1.,1.,1.,1.,1.,1.,1.,1.,1.,1.,1.,1.,1.,1.,1.,      443P   4015
1.,1.,1.,1.,1.,1.,1.,1.,1.,1.,1.,1.,1.,1.,1.,1.,1.,1.,1.,1.,1.,      443P   4016
14454.001738483204,-2520.6289966785025,2719.999913148732,            443P   4017
14454.001737271174,-2520.6290002958813,2716.387111224635,            443P   4018
14454.001566598266,-2520.834218199603,2712.7568968984997,            443P   4019
14454.00105811214,-2521.2487414485176,2709.1316207645027,            443P   4020
14454.000204681259,-2521.8719432007592,2705.5333318850376,           443P   4021
14453.999160394895,-2522.6984787137526,2701.983777790715,            443P   4022
14453.998123439576,-2523.5250227054844,2698.434137127839,            443P   4023
14453.996878627237,-2524.5550088993436,2694.9329162802605,           443P   4024
14453.995660277636,-2525.783037650216,2691.501491603759,             443P   4025
14453.994553372117,-2527.1999155708163,2688.159357631418,            443P   4026
14453.9934935536,-2528.792655531688,2684.924127073623,               443P   4027
14453.992457269438,-2530.2936224579244,2681.875422970434,            443P   4028
14453.99277865225,-2531.9368816613683,2678.9465524646403,            443P   4029
14453.993164723288,-2533.711241909029,2676.142198797401,             443P   4030
14453.99312489084,-2535.6058671703254,2673.4654691977407,            443P   4031
14453.992970950221,-2537.61027661709,2670.9178948825484,             443P   4032
14453.992850919727,-2539.6150469648073,2668.3700733525898,           443P   4033
14453.992317052282,-2541.7289518563243,2665.9521958239407,           443P   4034
14453.99182611686,-2543.943095442621,2663.6646558464154,             443P   4035
14453.991834882434,-2546.248581874678,2661.5078469698283,            443P   4036
14453.992800117981,-2548.6365153034767,2659.4821627439937,           443P   4037
14453.993979283261,-2551.3889210557263,2657.1473432141725,           443P   4038
14453.99512130619,-2554.224791388685,2655.0113782463004,             443P   4039
14453.996759194071,-2557.1261809202347,2653.0684050728587,           443P   4040
14453.99864605353,-2560.0804562690046,2651.3120844216455,            443P   4041
14453.999755090525,-2563.080296054374,2649.73560051578,              443P   4042
14454.000919088341,-2566.0801718020293,2648.1591928590033,           443P   4043
14454.001600983554,-2569.125684311488,2646.762901153013,             443P   4044
14454.000901595144,-2572.20973792687,2645.5402310072595,             443P   4045
14453.999109368177,-2575.3306346623613,2644.4856102171943,           443P   4046
14453.997700373813,-2578.4920742022114,2643.5943887642707,           443P   4047
14453.995997314169,-2582.777732494537,2642.386317377098,             443P   4048
14453.990811561045,-2587.0826161154605,2641.500411202527,            443P   4049
14453.98658544718,-2591.3891481253336,2640.9178355318145,            443P   4050
14453.98695992534,-2595.6956557403864,2640.627445364319,             443P   4051
14453.999978666063,-2600.,2640.6274582857586,0.,7.,0.,0.,0.,0,0;     443P   4052
126,6,6,0,0,1,0,0.,0.,0.,0.,0.,0.,0.,1.,1.,1.,1.,1.,1.,1.,1.,1.,     445P   4053
1.,1.,1.,1.,1.,14453.999978666063,-2600.,2640.6274582857586,         445P   4054
14434.838181342944,-2600.0000000000023,2662.2747351918892,           445P   4055
14421.996771286773,-2599.9999999999936,2689.718160291735,            445P   4056
14417.50935776468,-2600.0000000000064,2720.0000018362443,            445P   4057
14421.996771472313,-2599.9999999999964,2750.281842311645,            445P   4058
14434.838181494868,-2599.9999999999995,2777.7252651435983,           445P   4059
14453.999979070773,-2600.,2799.3725416099624,0.,1.,0.,0.,0.,0,0;     445P   4060
102,3,441,443,445;                                                   447P   4061
142,0,431,439,447,1,0,0;                                             449P   4062
406,1,6HJoin.4;                                                      451P   4063
144,431,1,0,449,0,1,451;                                             453P   4064
128,15,4,5,4,0,0,1,0,0,0.,0.,0.,0.,0.,0.,0.19266153084273882,        455P   4065
0.19266153084273882,0.19266153084273882,0.19266153084273882,         455P   4066
0.19266153084273882,0.5553820219305322,0.5553820219305322,           455P   4067
0.5553820219305322,0.5553820219305322,0.5553820219305322,1.,1.,      455P   4068
1.,1.,1.,1.,0.,0.,0.,0.,0.,1.,1.,1.,1.,1.,1.,1.,1.,1.,1.,1.,1.,      455P   4069
1.,1.,1.,1.,1.,1.,1.,1.,1.,1.,1.,1.,1.,1.,1.,1.,1.,1.,1.,1.,1.,      455P   4070
1.,1.,1.,1.,1.,1.,1.,1.,1.,1.,1.,1.,1.,1.,1.,1.,1.,1.,1.,1.,1.,      455P   4071
1.,1.,1.,1.,1.,1.,1.,1.,1.,1.,1.,1.,1.,1.,1.,1.,1.,1.,1.,1.,1.,      455P   4072
1.,1.,1.,1.,1.,1.,1.,1.,1.,1.,16297.2,-2600.0000000000005,           455P   4073
2083.856,16297.200000000008,-2638.5050760000004,2083.856,            455P   4074
16297.199970000047,-2677.0101480000003,2086.1563860000037,           455P   4075
16297.199999999966,-2715.4518439999965,2091.089497999996,            455P   4076
16297.200000000012,-2753.414617390365,2099.1102974307523,            455P   4077
16297.2,-2790.351747777605,2110.4905079729924,                       455P   4078
16297.199999999997,-2859.907225387306,2131.9908561289362,            455P   4079
16297.20000000002,-2925.717165129026,2164.8936143177375,             455P   4080
16297.199999999966,-2984.1054090107637,2212.9050285465282,           455P   4081
16297.200000000003,-3028.675664151249,2270.0575389623327,            455P   4082
16297.2,-3062.826940620928,2331.362042699023,16297.199985078536,     455P   4083
-3104.650394499804,2406.493588219433,16297.200059271345,             455P   4084
-3129.7669988537905,2488.148967702817,16297.19993186055,             455P   4085
-3142.43567303502,2566.7401066891857,16297.199957948133,             455P   4086
-3148.428975577119,2643.407281554423,16297.2,                        455P   4087
-3148.3999999999996,2720.,16665.448552840295,-2599.999999999999,     455P   4088
2083.7532628441368,16665.448552840313,-2638.5112945577393,           455P   4089
2083.7532628441377,16664.01229567059,-2677.0225853279403,            455P   4090
2086.0538436776606,16661.90320027979,-2715.4705453489223,            455P   4091
2090.9874872635914,16660.177672899154,-2753.4395491201885,           455P   4092
2099.009384732776,16659.830162864,-2790.382698112799,                455P   4093
2110.3914045812962,16659.268395924977,-2859.9495018839702,           455P   4094
2131.8951865245776,16662.975441435025,-2925.770047530595,            455P   4095
2164.803715326718,16680.03090648257,-2984.166834682162,              455P   4096
2212.824960380376,16708.77067794603,-3028.7414395012784,             455P   4097
2269.989154689989,16739.928944313273,-3062.8945848071635,            455P   4098
2331.3052415487555,16778.13656314069,-3104.720324414284,             455P   4099
2406.4509882853713,16821.263218143613,-3129.835097230828,            455P   4100
2488.1205990349476,16853.457089506886,-3142.500467737187,            455P   4101
2566.722505466736,16871.028336765434,-3148.491953716647,             455P   4102
2643.3984891823047,16871.04684121379,-3148.462965156434,             455P   4103
2720.0000000000005,16997.781446393616,-2600.,2118.9944428910367,     455P   4104
16997.78144639365,-2636.3781863658282,2118.9944428910317,            455P   4105
16996.019905573634,-2672.756371322155,2121.2289308758864,            455P   4106
16993.433174440215,-2709.0555006937157,2125.979433140244,            455P   4107
16991.31686595763,-2744.8874188976397,2133.6247339197307,            455P   4108
16990.890655769166,-2779.766030900132,2144.3861497737885,            455P   4109
16990.201668427046,-2845.447561203603,2164.7121653016457,            455P   4110
16994.748241639445,-2907.630370201504,2195.640903470542,             455P   4111
17015.666277397657,-2963.0961206873417,2240.2904676275284,           455P   4112
17050.914756886257,-3006.1791210942824,2293.446441692354,            455P   4113
17089.12945096496,-3039.691132450872,2350.789289785442,              455P   4114
17135.989955431665,-3080.732887155457,2421.06385226173,              455P   4115
17188.883592261747,-3106.475389272402,2497.8516836083363,            455P   4116
17228.368318839344,-3120.2749614216345,2572.7603588725806,           455P   4117
17249.91896190081,-3126.8891968569556,2646.4146955603483,            455P   4118
17249.94168793733,-3126.8644006638197,2719.9999999999995,            455P   4119
17366.83005763713,-2600.000000000002,2183.111668390845,              455P   4120
17366.830057637148,-2632.497242177349,2183.111668390847,             455P   4121
17365.393843871876,-2664.9944872771835,2185.2259145404873,           455P   4122
17363.284702947283,-2697.384075674364,2189.643211855651,             455P   4123
17361.559175566657,-2729.3278147464744,2196.6033381985767,           455P   4124
17361.211665531515,-2760.450240357088,2206.2356373425696,            455P   4125
17360.649899452357,-2819.0629674624074,2224.418844797831,            455P   4126
17364.356940919486,-2874.627315269544,2251.7455823544624,            455P   4127
17381.412416535968,-2924.7604232384288,2290.260772594992,            455P   4128
17410.152179415774,-2965.129598600784,2336.1242481053278,            455P   4129
17441.310446980784,-2997.4751478249746,2386.238249396223,            455P   4130
17479.518070953873,-3037.090543090683,2447.650251252303,             455P   4131
17522.64470183449,-3063.9750898379198,2515.556274817469,             455P   4132
17554.83861696603,-3079.8382664819405,2583.745513506674,             455P   4133
17572.4098545854,-3087.5854993316525,2651.9023186951176,             455P   4134
17572.428343881307,-3087.5683199502837,2720.0000000000023,           455P   4135
17897.2,-2600.,2310.513602,17897.200000000008,                       455P   4136
-2624.7857479999975,2310.513602000002,17897.200000000023,            455P   4137
-2649.571494000006,2312.388918000004,17897.199999999968,             455P   4138
-2674.192771999994,2316.1441359999976,17897.200000000004,            455P   4139
-2698.4106360604933,2321.742809871027,17897.2,                       455P   4140
-2722.069461388295,2329.1315363478952,17897.200000000008,            455P   4141
-2766.636369315778,2343.0569495594377,17897.200000000023,            455P   4142
-2809.0497335686246,2363.226459851322,17897.199999999968,            455P   4143
-2848.586794164566,2389.55253813088,17897.200000000004,              455P   4144
-2883.563556996296,2420.925718372146,17897.2,                        455P   4145
-2913.5913278165435,2456.675888262478,17897.20000000001,             455P   4146
-2950.3725198122725,2500.477853555928,17897.200000000023,            455P   4147
-2979.526338379753,2550.735531954891,17897.199999999983,             455P   4148
-2999.4899028300165,2605.573231280462,17897.200000000004,            455P   4149
-3009.4884414301055,2662.80632616396,17897.2,-3009.486398,2720.,     455P   4150
0.,1.,0.,1.;                                                         455P   4151
126,3,3,0,0,1,0,0.,0.,0.,0.,1.,1.,1.,1.,1.,1.,1.,1.,1.,0.,0.,1.,     457P   4152
0.3340191001406102,0.,1.,0.6656835647901007,0.,1.,1.,0.,0.,1.,       457P   4153
0.,0.,0.,0,0;                                                        457P   4154
126,3,3,0,0,1,0,0.,0.,0.,0.,1.,1.,1.,1.,1.,1.,1.,1.,1.,1.,0.,        459P   4155
0.6666313293668512,1.,0.,0.33333333333336385,0.999999999999972,      459P   4156
0.,0.,1.,0.,0.,1.,0.,0.,0.,0,0;                                      459P   4157
126,3,3,0,0,1,0,0.,0.,0.,0.,1.,1.,1.,1.,1.,1.,1.,1.,0.,1.,0.,0.,     461P   4158
0.6659565450812881,0.,2.3764452021831353D-15,                        461P   4159
0.33425446480139115,0.,0.,6.836322918773809D-29,0.,0.,1.,0.,0.,      461P   4160
0.,0,0;                                                              461P   4161
126,3,3,0,0,1,0,0.,0.,0.,0.,1.,1.,1.,1.,1.,1.,1.,1.,0.,              463P   4162
6.836322918773809D-29,0.,0.33333333333333814,0.,0.,                  463P   4163
0.6666171902015546,6.349112542868349D-8,0.,1.,0.,0.,0.,1.,0.,0.,     463P   4164
0.,0,0;                                                              463P   4165
102,4,457,459,461,463;                                               465P   4166
126,36,4,0,0,1,0,0.,0.,0.,0.,0.,1.,1.,1.,1.,2.,2.,2.,2.,3.,3.,       467P   4167
3.,3.,4.,4.,4.,4.,5.,5.,5.,5.,6.,6.,6.,6.,7.,7.,7.,7.,8.,8.,8.,      467P   4168
8.,9.,9.,9.,9.,9.,1.,1.,1.,1.,1.,1.,1.,1.,1.,1.,1.,1.,1.,1.,1.,      467P   4169
1.,1.,1.,1.,1.,1.,1.,1.,1.,1.,1.,1.,1.,1.,1.,1.,1.,1.,1.,1.,1.,      467P   4170
1.,16297.2,-3148.3999999999996,2720.,16357.09868769636,              467P   4171
-3148.406572239755,2720.0000000000027,16414.843985496078,            467P   4172
-3148.1771313687673,2719.9999999999964,16470.601329275905,           467P   4173
-3147.7167014915512,2720.000000000005,16524.52418277201,             467P   4174
-3147.0271626013264,2720.,16573.05434010789,-3146.406464800405,      467P   4175
2720.000000000002,16620.100109720304,-3145.600605576303,2720.,       467P   4176
16665.76966418533,-3144.609940122082,2719.999999999998,              467P   4177
16710.171176079046,-3143.4348236308037,2720.000000000001,            467P   4178
16744.705256858193,-3142.520725986974,2720.000000000002,             467P   4179
16778.4717855691,-3141.4949222842815,2720.,16811.518692041973,       467P   4180
-3140.3567573014834,2719.999999999999,16843.89390610702,             467P   4181
-3139.1055758173366,2720.,16876.268815465344,-3137.854307479568,     467P   4182
2719.999999999999,16907.971835348457,-3136.4899695735803,            467P   4183
2720.0000000000014,16939.048308713547,-3135.0111669843423,           467P   4184
2720.000000000003,16969.543578517812,-3133.416504596822,             467P   4185
2719.9999999999995,16995.682140387136,-3132.0495804346633,           467P   4186
2720.000000000003,17021.39351877215,-3130.5974849646673,             467P   4187
2720.000000000001,17046.704744005827,-3129.0588905456243,            467P   4188
2719.999999999998,17071.64284642112,-3127.432469536324,              467P   4189
2720.0000000000005,17109.049523375434,-3124.9926919472045,           467P   4190
2720.000000000001,17145.61740674181,-3122.355534795123,              467P   4191
2720.000000000001,17181.432177977054,-3119.514828600671,             467P   4192
2720.000000000001,17216.57951853797,-3116.464403884442,              467P   4193
2720.0000000000005,17247.821151580232,-3113.7527749161854,2720.,     467P   4194
17278.534963097867,-3110.875301425269,2720.,17308.77709401258,       467P   4195
-3107.826377177501,2720.0000000000005,17338.603685246097,            467P   4196
-3104.600395938691,2720.0000000000005,17413.16921376456,             467P   4197
-3096.535147603568,2720.0000000000005,17485.131050579428,            467P   4198
-3087.361091188468,2720.0000000000023,17555.330973426844,            467P   4199
-3076.9795178777663,2719.999999999999,17624.461537398496,            467P   4200
-3065.240596683554,2720.000000000001,17693.592164441638,             467P   4201
-3053.501661782805,2720.0000000000023,17761.65381801174,             467P   4202
-3040.405231324117,2719.999999999999,17829.33972280216,              467P   4203
-3025.8014076965023,2720.0000000000027,17897.2,-3009.486398,         467P   4204
2720.,0.,9.,0.,0.,0.,0,0;                                            467P   4205
126,25,5,0,0,1,0,0.,0.,0.,0.,0.,0.,1.,1.,1.,1.,1.,2.,2.,2.,2.,       469P   4206
2.,3.,3.,3.,3.,3.,4.,4.,4.,4.,4.,5.,5.,5.,5.,5.,5.,1.,1.,1.,1.,      469P   4207
1.,1.,1.,1.,1.,1.,1.,1.,1.,1.,1.,1.,1.,1.,1.,1.,1.,1.,1.,1.,1.,      469P   4208
1.,17897.2,-3009.486398,2720.,17897.20000000001,                     469P   4209
-3009.4874010756885,2691.857992632609,17897.19999999996,             469P   4210
-3007.067173324666,2663.598491842729,17897.200000000044,             469P   4211
-3002.1927395580747,2635.518939854509,17897.199999999968,            469P   4212
-2994.879781410037,2607.9154725339326,17897.2,                       469P   4213
-2985.1997762291853,2581.0748707715834,17897.20000000001,            469P   4214
-2975.4637820897824,2554.079379797551,17897.200000000004,            469P   4215
-2963.333647277361,2527.8550390347245,17897.199999999997,            469P   4216
-2948.8809737404645,2502.6952602857323,17897.19999999999,            469P   4217
-2932.2367453334614,2478.880025797745,17897.199999999983,            469P   4218
-2913.5913278165467,2456.6758882624754,17897.19999999993,            469P   4219
-2898.591646705707,2438.817724833957,17897.20000000009,              469P   4220
-2882.329379604248,2422.0187283178066,17897.19999999985,             469P   4221
-2864.8463617860875,2406.373725522506,17897.200000000023,            469P   4222
-2846.269128796456,2392.0057370187264,17897.199999999983,            469P   4223
-2826.739125912408,2379.0188713971365,17897.19999999999,             469P   4224
-2807.400155288166,2366.1590387822057,17897.199999999943,            469P   4225
-2787.126924838587,2354.6534180154194,17897.200000000033,            469P   4226
-2766.0564667217377,2344.6029493264346,17897.199999999997,           469P   4227
-2744.339688242152,2336.09011033204,17897.19999999998,               469P   4228
-2722.0694613882965,2329.1315363478902,17897.200000000044,           469P   4229
-2698.435876141591,2321.7506957528913,17897.199999999815,            469P   4230
-2674.2272289114026,2316.150693917663,17897.20000000012,             469P   4231
-2649.601468017394,2312.39144775928,17897.199999999968,              469P   4232
-2624.8024821502877,2310.513602758682,17897.2,-2600.,                469P   4233
2310.513602,0.,5.,0.,0.,0.,0,0;                                      469P   4234
126,36,4,0,0,1,0,0.,0.,0.,0.,0.,1.,1.,1.,1.,2.,2.,2.,2.,3.,3.,       471P   4235
3.,3.,4.,4.,4.,4.,5.,5.,5.,5.,6.,6.,6.,6.,7.,7.,7.,7.,8.,8.,8.,      471P   4236
8.,9.,9.,9.,9.,9.,1.,1.,1.,1.,1.,1.,1.,1.,1.,1.,1.,1.,1.,1.,1.,      471P   4237
1.,1.,1.,1.,1.,1.,1.,1.,1.,1.,1.,1.,1.,1.,1.,1.,1.,1.,1.,1.,1.,      471P   4238
1.,17897.2,-2600.,2310.513602,17847.3721956017,                      471P   4239
-2600.000000000001,2298.544428768717,17798.989013140934,-2600.,      471P   4240
2287.138339604264,17751.944933667863,-2599.9999999999995,            471P   4241
2276.2670197730117,17706.13443823264,-2600.0000000000005,            471P   4242
2265.9021545413348,17665.4144922827,-2599.9999999999995,             471P   4243
2256.689276363064,17625.669340151086,-2600.,2247.876623258906,       471P   4244
17586.82848776322,-2600.000000000001,2239.446762211377,              471P   4245
17548.821441044533,-2600.0000000000014,2231.3822602029945,           471P   4246
17515.565458456385,-2600.000000000001,2224.3259484858772,            471P   4247
17482.947970237088,-2600.,2217.5494382143306,17450.923595091077,     471P   4248
-2599.9999999999995,2211.042335736079,17419.446951722788,            471P   4249
-2600.000000000001,2204.794247398848,17392.46714160993,              471P   4250
-2599.9999999999973,2199.4388641018386,17365.889873406762,           471P   4251
-2600.000000000001,2194.2738641667297,17339.687642260666,            471P   4252
-2600.0000000000045,2189.293469279917,17313.832943319037,            471P   4253
-2600.000000000002,2184.4919011277957,17270.741865622284,            471P   4254
-2600.0000000000005,2176.489350318018,17228.61667479793,             471P   4255
-2600.000000000002,2168.983921071172,17187.33221338914,              471P   4256
-2599.9999999999964,2161.950431113575,17146.770225846547,            471P   4257
-2600.0000000000014,2155.368843841384,17130.549183374063,            471P   4258
-2600.000000000001,2152.7368257034227,17114.436211776585,            471P   4259
-2600.0000000000005,2150.1758663689598,17098.431311054115,           471P   4260
-2600.000000000001,2147.6859658379967,17082.53448120665,             471P   4261
-2600.0000000000014,2145.267124110533,17026.8825242814,              471P   4262
-2600.000000000001,2136.799076679897,16972.463086648084,             471P   4263
-2599.999999999999,2129.1869046212455,16918.959013450076,            471P   4264
-2600.000000000002,2122.3812081851133,16866.07722172756,             471P   4265
-2600.0000000000014,2116.351944312488,16790.531821186298,            471P   4266
-2599.9999999999986,2107.738709176633,16716.25617233531,             471P   4267
-2600.0000000000036,2100.710027030194,16642.396106733973,            471P   4268
-2599.999999999999,2095.178258227251,16568.19025676024,              471P   4269
-2600.0000000000005,2091.136085412534,16501.40492989479,             471P   4270
-2600.0000000000027,2087.4981302731953,16434.339150339565,           471P   4271
-2600.000000000003,2085.066792673794,16366.437379637346,             471P   4272
-2599.9999999999995,2083.8366939965285,16297.2,                      471P   4273
-2600.0000000000005,2083.856,0.,9.,0.,0.,0.,0,0;                     471P   4274
126,50,5,0,0,1,0,0.,0.,0.,0.,0.,0.,1.,1.,1.,1.,1.,2.,2.,2.,2.,       473P   4275
2.,3.,3.,3.,3.,3.,4.,4.,4.,4.,4.,5.,5.,5.,5.,5.,6.,6.,6.,6.,6.,      473P   4276
7.,7.,7.,7.,7.,8.,8.,8.,8.,8.,9.,9.,9.,9.,9.,10.,10.,10.,10.,        473P   4277
10.,10.,1.,1.,1.,1.,1.,1.,1.,1.,1.,1.,1.,1.,1.,1.,1.,1.,1.,1.,       473P   4278
1.,1.,1.,1.,1.,1.,1.,1.,1.,1.,1.,1.,1.,1.,1.,1.,1.,1.,1.,1.,1.,      473P   4279
1.,1.,1.,1.,1.,1.,1.,1.,1.,1.,1.,1.,16297.2,-2600.0000000000005,     473P   4280
2083.856,16297.199999989647,-2638.5313319870643,                     473P   4281
2083.8560153727667,16297.199971008777,-2677.0569916961003,           473P   4282
2086.1594759841123,16297.200002891845,-2715.5062147991644,           473P   4283
2091.0983346083167,16297.200005258243,-2753.4542164836025,           473P   4284
2099.122504659603,16297.200008122922,-2790.3517477782975,            473P   4285
2110.4905079707723,16297.200009327204,-2805.475870104057,            473P   4286
2115.1655108531204,16297.200010611112,-2820.4184984297076,           473P   4287
2120.378406031884,16297.200011965968,-2835.140609795896,             473P   4288
2126.165668223268,16297.200013385831,-2849.5999140475415,            473P   4289
2132.5441291587595,16297.200014867514,-2863.750853833838,            473P   4290
2139.510977585134,16297.200017752346,-2891.3048843054344,            473P   4291
2153.07670294509,16297.200020870634,-2917.693161036053,              473P   4292
2168.8760089121806,16297.200024192984,-2942.5929231825035,           473P   4293
2186.90020105252,16297.20002770927,-2965.6869894266583,              473P   4294
2206.903407849422,16297.200031318862,-2986.8299896156955,            473P   4295
2228.5531511268327,16297.200033180208,-2997.7324746308695,           473P   4296
2239.7169563267653,16297.200035066391,-3008.1166081507417,           473P   4297
2251.3190238874777,16297.200036964143,-3017.9611050594895,           473P   4298
2263.312527348238,16297.20003885316,-3027.2596237297785,             473P   4299
2275.647207690052,16297.20004070612,-3036.02076602276,               473P   4300
2288.2693733356614,16297.200041938459,-3041.847694464366,            473P   4301
2296.6642008015106,16297.200043154793,-3047.4371698742134,           473P   4302
2305.1864296358576,16297.200044346911,-3052.791882589559,            473P   4303
2313.820412523619,16297.200045505157,-3057.9183548161163,            473P   4304
2322.55070044851,16297.200046618444,-3062.826940628051,              473P   4305
2331.362042693042,16297.200045379052,-3071.9822360979915,            473P   4306
2347.8085825666735,16297.200048243998,-3080.3281139002765,           473P   4307
2364.551866686754,16297.200052200962,-3087.912496864578,             473P   4308
2381.490424605997,16297.200055458485,-3094.7849128931193,            473P   4309
2398.545765026364,16297.20005744598,-3100.996494960681,              473P   4310
2415.6623757990656,16297.20005896295,-3105.7637230464134,            473P   4311
2428.798988256275,16297.200059680821,-3110.1414046686773,            473P   4312
2441.97120598548,16297.20005931455,-3114.1524943134946,              473P   4313
2455.153683620896,16297.200057808855,-3117.8193813345133,            473P   4314
2468.3272036474254,16297.200055338244,-3121.1638899530085,           473P   4315
2481.4786764006553,16297.200051815284,-3125.9417958184117,           473P   4316
2500.266558653966,16297.200046264355,-3130.0614533347134,            473P   4317
2519.0088717073927,16297.200039259895,-3133.586855126261,            473P   4318
2537.668109652367,16297.200031654735,-3136.5757807686955,            473P   4319
2556.225675925335,16297.200024580112,-3139.079796788947,             473P   4320
2574.6818833077573,16297.200020315866,-3140.5820965399853,           473P   4321
2585.7554147709466,16297.200016202174,-3141.90960256155,             473P   4322
2596.792057939331,16297.200012439345,-3143.0732035899655,            473P   4323
2607.791442592955,16297.200009176251,-3144.082496635917,             473P   4324
2618.7547790288227,16297.200006510331,-3144.945786984445,            473P   4325
2629.684858060896,16297.200002068672,-3146.3846108982043,            473P   4326
2647.9016721529965,16297.199999222808,-3147.4175240346435,           473P   4327
2666.0254469158344,16297.199998453048,-3148.0831170064525,           473P   4328
2684.069412169438,16297.199999227083,-3148.4066394449333,            473P   4329
2702.0526310480236,16297.2,-3148.3999999999996,2720.,0.,10.,0.,      473P   4330
0.,0.,0,0;                                                           473P   4331
102,4,467,469,471,473;                                               475P   4332
142,0,455,465,475,1,0,0;                                             477P   4333
406,1,6HJoin.4;                                                      479P   4334
144,455,1,0,477,0,1,479;                                             481P   4335
128,10,4,5,4,0,0,1,0,0,0.,0.,0.,0.,0.,0.,1.,1.,1.,1.,1.,2.,2.,       483P   4336
2.,2.,2.,2.,0.,0.,0.,0.,0.,1.,1.,1.,1.,1.,1.,1.,1.,1.,1.,1.,1.,      483P   4337
1.,1.,1.,1.,1.,1.,1.,1.,1.,1.,1.,1.,1.,1.,1.,1.,1.,1.,1.,1.,1.,      483P   4338
1.,1.,1.,1.,1.,1.,1.,1.,1.,1.,1.,1.,1.,1.,1.,1.,1.,1.,1.,1.,1.,      483P   4339
1.,1.,1.,1.,1.,1.,15223.999999378557,-2600.,2208.5783413869444,      483P   4340
15343.92038918829,-2600.0000000000005,2172.605221724388,             483P   4341
15463.283793037339,-2600.0000000000055,2142.947346119993,            483P   4342
15583.344104246931,-2599.999999999996,2121.9047044856666,            483P   4343
15703.747366545409,-2600.000000000001,2108.011024903304,             483P   4344
15823.59180487494,-2600.,2098.783788381861,15918.255338081268,       483P   4345
-2600.0000000000005,2091.5116983298954,16012.91887200001,            483P   4346
-2600.0000000000055,2087.2027540000026,16107.872931999973,           483P   4347
-2599.999999999996,2084.854901999995,16202.536466000001,             483P   4348
-2600.000000000001,2083.856000000001,16297.2,-2600.,2083.856,        483P   4349
15223.999924181406,-2391.5832360299364,2208.440210185711,            483P   4350
15343.91747137433,-2375.219082415501,2172.4981976102777,             483P   4351
15463.2859517782,-2362.2649191816704,2142.8552925544964,             483P   4352
15583.34341463054,-2354.7139556377488,2121.8224244692415,            483P   4353
15703.747664643142,-2349.8219950162174,2107.934361032193,            483P   4354
15823.591804388261,-2346.752597507686,2098.710828966522,             483P   4355
15918.255159092947,-2344.3251055207556,2091.4416755590773,           483P   4356
16012.919768555048,-2343.0061666372917,2087.1338981647505,           483P   4357
16107.873836713961,-2342.2832577766712,2084.7870365030626,           483P   4358
16202.536297842462,-2341.9841779478425,2083.7887563250983,           483P   4359
16297.2,-2341.9841773252274,2083.7887125196985,                      483P   4360
15223.999895068093,-2221.9871482988547,2299.817740620301,            483P   4361
15343.916371903004,-2197.046445137134,2269.3114932990393,            483P   4362
15463.28678568384,-2177.377430109255,2244.201711675695,              483P   4363
15583.343129186722,-2165.9039490232058,2226.467882306246,            483P   4364
15703.747772354836,-2158.5705117915336,2214.739370165627,            483P   4365
15823.591805647182,-2153.971050590296,2206.9596234216197,            483P   4366
15918.25509950204,-2150.336732276733,2200.8270912541716,             483P   4367
16012.920078647856,-2148.3814073331696,2197.1945077527926,           483P   4368
16107.874148789559,-2147.3134828541624,2195.2148278280497,           483P   4369
16202.536240678472,-2146.873265827992,2194.372995608999,             483P   4370
16297.199999999993,-2146.873219785708,2194.3729345608444,            483P   4371
15223.999924181411,-2139.780664206787,2488.333339757295,             483P   4372
15343.917471374334,-2110.492820631161,2468.6080071316055,            483P   4373
15463.285951778202,-2087.3646154753724,2452.375371891613,            483P   4374
15583.343414630544,-2073.8657798275285,2441.1398946602617,           483P   4375
15703.74766464316,-2065.259329355928,2433.6484980650484,             483P   4376
15823.59180438827,-2059.861153013139,2428.7046298140604,             483P   4377
15918.255159092954,-2055.5964074403855,2424.803874519811,            483P   4378
16012.91976855505,-2053.3056569960563,2422.496977683033,             483P   4379
16107.87383671401,-2052.057019486553,2421.2371821221786,             483P   4380
16202.53629784247,-2051.5420257347587,2420.701647487539,             483P   4381
16297.200000000008,-2051.5419932371947,2420.7016469208884,           483P   4382
15223.999999378557,-2139.9055013227685,2720.,15343.92038918829,      483P   4383
-2110.587271784149,2720.0000000000005,15463.283793037339,            483P   4384
-2087.444922866658,2720.000000000001,15583.344104246931,             483P   4385
-2073.9404017568822,2719.9999999999936,15703.747366545409,           483P   4386
-2065.3262913685194,2720.000000000001,15823.59180487494,             483P   4387
-2059.924351813954,2720.,15918.255338081268,-2055.656273094059,      483P   4388
2720.0000000000005,16012.91887200001,-2053.363030000001,             483P   4389
2720.000000000001,16107.872931999973,-2052.1155219999964,            483P   4390
2719.9999999999936,16202.536466000001,-2051.6000000000004,           483P   4391
2720.000000000001,16297.2,-2051.6,2720.,0.,2.,0.,1.;                 483P   4392
126,3,3,0,0,1,0,0.,0.,0.,0.,1.,1.,1.,1.,1.,1.,1.,1.,0.,0.,0.,        485P   4393
0.5963340923120087,6.129720027466558D-8,0.,1.2443975383193016,       485P   4394
4.162751045179668D-15,0.,2.,0.,0.,0.,1.,0.,0.,0.,0,0;                485P   4395
126,3,3,0,0,1,0,0.,0.,0.,0.,1.,1.,1.,1.,1.,1.,1.,1.,2.,0.,0.,2.,     487P   4396
0.3334681740829153,0.,1.9999999999999822,0.6665318161544237,0.,      487P   4397
2.,1.,0.,0.,1.,0.,0.,0.,0,0;                                         487P   4398
126,3,3,0,0,1,0,0.,0.,0.,0.,1.,1.,1.,1.,1.,1.,1.,1.,2.,1.,0.,        489P   4399
1.2443975383193018,0.9999999999999964,0.,0.5963503751611748,         489P   4400
0.9999999217614152,0.,0.,1.,0.,0.,1.,0.,0.,0.,0,0;                   489P   4401
126,3,3,0,0,1,0,0.,0.,0.,0.,1.,1.,1.,1.,1.,1.,1.,1.,0.,1.,0.,0.,     491P   4402
0.6693664897134872,0.,0.,0.35753656264755534,0.,0.,0.,0.,0.,1.,      491P   4403
0.,0.,0.,0,0;                                                        491P   4404
102,4,485,487,489,491;                                               493P   4405
126,25,5,0,0,1,0,0.,0.,0.,0.,0.,0.,1.,1.,1.,1.,1.,2.,2.,2.,2.,       495P   4406
2.,3.,3.,3.,3.,3.,4.,4.,4.,4.,4.,5.,5.,5.,5.,5.,5.,1.,1.,1.,1.,      495P   4407
1.,1.,1.,1.,1.,1.,1.,1.,1.,1.,1.,1.,1.,1.,1.,1.,1.,1.,1.,1.,1.,      495P   4408
1.,15223.999999378557,-2600.,2208.5783413869444,                     495P   4409
15255.28673121507,-2599.999995528783,2199.192993994652,              495P   4410
15286.525008759743,-2599.999991480003,2190.241074665949,             495P   4411
15317.736105997417,-2599.9999878998788,2181.762129100911,            495P   4412
15348.934499613195,-2599.99998481254,2173.7799184089804,             495P   4413
15380.127868992457,-2599.9999822200243,2166.3024191089685,           495P   4414
15424.68984216214,-2599.999978516457,2155.620320909618,              495P   4415
15469.241704538506,-2599.9999758221766,2145.968615912543,            495P   4416
15513.806539166007,-2599.999974143665,2137.372352685989,             495P   4417
15558.381713072926,-2599.9999733890413,2129.7975576686035,           495P   4418
15602.946956762698,-2599.999973421975,2123.1720770436455,            495P   4419
15647.150575220781,-2599.999973454606,2116.6003577654024,            495P   4420
15691.344424876756,-2599.9999742625387,2110.962611330684,            495P   4421
15735.508717442715,-2599.999975711855,2106.1884000071996,            495P   4422
15779.606605140276,-2599.999977631571,2102.170359979356,             495P   4423
15823.591804874939,-2599.9999798493905,2098.783788376056,            495P   4424
15855.517309824198,-2599.9999814314833,2096.33125949584,             495P   4425
15887.424252475212,-2599.9999831659097,2094.217183427809,            495P   4426
15919.320994552225,-2599.999984988697,2092.402525878305,             495P   4427
15951.208796327106,-2599.999986835577,2090.853172379777,             495P   4428
15983.081816619357,-2599.999988641984,2089.539928290784,             495P   4429
16046.097493764091,-2599.999992213433,2086.9435273527224,            495P   4430
16109.056953426647,-2599.9999956270653,2085.2699187003614,           495P   4431
16171.925069001369,-2599.999998385684,2084.2926397314855,            495P   4432
16234.612896287319,-2599.9999999998813,2083.8560012360545,           495P   4433
16297.2,-2600.,2083.856,0.,5.,0.,0.,0.,0,0;                          495P   4434
126,44,4,0,0,1,0,0.,0.,0.,0.,0.,1.,1.,1.,1.,2.,2.,2.,2.,3.,3.,       497P   4435
3.,3.,4.,4.,4.,4.,5.,5.,5.,5.,6.,6.,6.,6.,7.,7.,7.,7.,8.,8.,8.,      497P   4436
8.,9.,9.,9.,9.,10.,10.,10.,10.,11.,11.,11.,11.,11.,1.,1.,1.,1.,      497P   4437
1.,1.,1.,1.,1.,1.,1.,1.,1.,1.,1.,1.,1.,1.,1.,1.,1.,1.,1.,1.,1.,      497P   4438
1.,1.,1.,1.,1.,1.,1.,1.,1.,1.,1.,1.,1.,1.,1.,1.,1.,1.,1.,1.,         497P   4439
16297.2,-2600.,2083.856,16297.200000000008,-2583.8674528445863,      497P   4440
2083.851753064824,16297.200000000003,-2567.9817701417187,            497P   4441
2084.2802343869544,16297.199999999993,-2552.3515441613026,           497P   4442
2085.1422324974315,16297.199999999999,-2536.985367173244,            497P   4443
2086.438535927298,16297.199999999997,-2521.6191205155683,            497P   4444
2087.7347598981573,16297.199999999997,-2506.516922491154,            497P   4445
2089.465289031038,16297.199999999999,-2491.6867383522626,            497P   4446
2091.6301967361924,16297.199999999997,-2477.1365333511553,           497P   4447
2094.229556423873,16297.19999999999,-2462.586258936416,              497P   4448
2096.8288367551886,16297.199999999993,-2448.315963335927,            497P   4449
2099.8625689526916,16297.2,-2434.332987088166,                       497P   4450
2103.3301122296125,16297.200000000006,-2420.644670731612,            497P   4451
2107.230825799183,16297.199999999959,-2397.8307523562703,            497P   4452
2113.7319489820766,16297.200000000057,-2375.834981330469,            497P   4453
2121.435919184286,16297.19999999995,-2354.6898971426103,             497P   4454
2130.3381173546977,16297.199999999993,-2334.4232454429784,           497P   4455
2140.428421020472,16297.200000000004,-2316.1832590705526,            497P   4456
2149.509694351716,16297.19999999998,-2298.6548039678346,             497P   4457
2159.5533332253813,16297.20000000001,-2281.858107964804,             497P   4458
2170.5519587290723,16297.199999999997,-2265.810266674117,            497P   4459
2182.4945818277547,16297.200000000012,-2239.0638641289884,           497P   4460
2202.3989540116936,16297.200000000004,-2214.397617273082,            497P   4461
2224.925539703254,16297.199999999984,-2191.890667122843,             497P   4462
2250.023470034161,16297.199999999999,-2171.598078527426,             497P   4463
2277.613984102582,16297.199999999993,-2163.4810090205738,            497P   4464
2288.6501498738075,16297.19999999999,-2155.718362970194,             497P   4465
2300.08527452305,16297.199999999992,-2148.3133573714526,             497P   4466
2311.9139591487865,16297.199999999995,-2141.2692092195143,           497P   4467
2324.1308048494934,16297.199999999973,-2129.528905335638,            497P   4468
2344.492148121752,16297.200000000043,-2118.7906352289497,            497P   4469
2365.9313112488503,16297.199999999964,-2109.067868336983,            497P   4470
2388.4216436407023,16297.199999999997,-2100.369330368996,            497P   4471
2411.9309596838384,16297.199999999999,-2094.280307317309,            497P   4472
2428.3874263564644,16297.199999999999,-2088.6933501650406,           497P   4473
2445.3434213393766,16297.2,-2083.610923131767,                       497P   4474
2462.7872851246616,16297.2,-2079.035490437064,                       497P   4475
2480.7073582044045,16297.200000000004,-2075.1135820981904,           497P   4476
2496.067293213134,16297.200000000004,-2071.564082595346,             497P   4477
2511.777006593041,16297.2,-2068.3878519529226,                       497P   4478
2527.8283447388394,16297.199999999999,-2065.5857501953124,           497P   4479
2544.213154045243,16297.199999999984,-2058.5804108153156,            497P   4480
2585.1750784631604,16297.200000000017,-2053.9125914043893,           497P   4481
2628.2202698732676,16297.199999999997,-2051.5909324705854,           497P   4482
2673.2157123903326,16297.2,-2051.6,2720.,0.,11.,0.,0.,0.,0,0;        497P   4483
126,25,5,0,0,1,0,0.,0.,0.,0.,0.,0.,1.,1.,1.,1.,1.,2.,2.,2.,2.,       499P   4484
2.,3.,3.,3.,3.,3.,4.,4.,4.,4.,4.,5.,5.,5.,5.,5.,5.,1.,1.,1.,1.,      499P   4485
1.,1.,1.,1.,1.,1.,1.,1.,1.,1.,1.,1.,1.,1.,1.,1.,1.,1.,1.,1.,1.,      499P   4486
1.,16297.2,-2051.6,2720.,16243.553995080876,-2051.600001281417,      499P   4487
2719.9999999999923,16189.833916837168,-2051.7655542762623,           499P   4488
2719.999998243798,16135.990199179689,-2052.1370117133083,            499P   4489
2719.9999951701407,16082.063079759557,-2052.76514269183,             499P   4490
2719.9999912393787,16028.081815222879,-2053.742791654755,            499P   4491
2719.9999869227495,15987.2305197749,-2054.4825502415197,             499P   4492
2719.999983656133,15946.346561576385,-2055.4229859021452,            499P   4493
2719.999980167634,15905.447382651193,-2056.602854485611,             499P   4494
2719.9999766630363,15864.534159854928,-2058.078599439006,            499P   4495
2719.999973345535,15823.591804874943,-2059.9243518075364,            499P   4496
2719.999970415742,15788.476533820194,-2061.507157713747,             499P   4497
2719.99996785836,15753.2894147484,-2063.366819255846,                499P   4498
2719.9999655933325,15718.053986100436,-2065.5462374280455,           499P   4499
2719.999963750717,15682.789949431939,-2068.1113125458846,            499P   4500
2719.999962454566,15647.510705890603,-2071.1266535427912,            499P   4501
2719.9999618067386,15602.958961652608,-2074.934513589713,            499P   4502
2719.9999609886213,15558.38296596912,-2079.4604317516023,            499P   4503
2719.999961204198,15513.809699042806,-2084.834344517247,             499P   4504
2719.9999626581825,15469.250112370688,-2091.1828898679355,           499P   4505
2719.9999654955936,15424.6910628601,-2098.548129663458,              499P   4506
2719.999969739364,15384.587918230754,-2105.1768408426997,            499P   4507
2719.999973558919,15344.485208027892,-2112.629066588814,             499P   4508
2719.999978517196,15304.373349634023,-2120.9353813353673,            499P   4509
2719.9999846339233,15264.226944709759,-2130.0707862914364,           499P   4510
2719.999991843669,15223.999999378557,-2139.9055013227685,2720.,      499P   4511
0.,5.,0.,0.,0.,0,0;                                                  499P   4512
126,44,4,0,0,1,0,0.,0.,0.,0.,0.,1.,1.,1.,1.,2.,2.,2.,2.,3.,3.,       501P   4513
3.,3.,4.,4.,4.,4.,5.,5.,5.,5.,6.,6.,6.,6.,7.,7.,7.,7.,8.,8.,8.,      501P   4514
8.,9.,9.,9.,9.,10.,10.,10.,10.,11.,11.,11.,11.,11.,1.,1.,1.,1.,      501P   4515
1.,1.,1.,1.,1.,1.,1.,1.,1.,1.,1.,1.,1.,1.,1.,1.,1.,1.,1.,1.,1.,      501P   4516
1.,1.,1.,1.,1.,1.,1.,1.,1.,1.,1.,1.,1.,1.,1.,1.,1.,1.,1.,1.,         501P   4517
15223.999999378557,-2139.9055013227685,2720.,15223.999994716807,     501P   4518
-2139.897771441894,2705.638062273835,15223.999990243192,             501P   4519
-2140.206444515293,2691.4761634043066,15223.99998595758,             501P   4520
-2140.829429703075,2677.521328672867,15223.999981859844,             501P   4521
-2141.764636165349,2663.7805833609686,15223.99997776212,             501P   4522
-2142.699863781046,2650.039763445303,15223.999973852246,             501P   4523
-2143.9473072836354,2636.512999436636,15223.999970130224,            501P   4524
-2145.5050670037003,2623.206646348107,15223.99996659605,             501P   4525
-2147.3712432718226,2610.127059192853,15223.999963061886,            501P   4526
-2149.237443581766,2597.047420902703,15223.99995971557,              501P   4527
-2151.4120581149773,2584.1945194479486,15223.999956557256,           501P   4528
-2153.8934043230793,2571.5742506728247,15223.999953587094,           501P   4529
-2156.679799657696,2559.1925104215666,15223.999948636929,            501P   4530
-2161.323887917717,2538.5561844878716,15223.999944209252,            501P   4531
-2166.815159197305,2518.5824991287363,15223.999940306105,            501P   4532
-2173.147146739634,2499.2972561106435,15223.999936929524,            501P   4533
-2180.3133837878786,2480.726257200078,15223.999933890796,            501P   4534
-2186.763145731713,2464.0123112923147,15223.999931278671,            501P   4535
-2193.8887773071674,2447.876697760605,15223.999929096015,            501P   4536
-2201.686606593114,2432.338015974817,15223.999927345702,             501P   4537
-2210.1529616684224,2417.4148653048182,15223.999924428635,           501P   4538
-2224.2636729903056,2392.5429438338338,15223.999922713254,           501P   4539
-2240.2315636114477,2369.381300866149,15223.999922216013,            501P   4540
-2258.0422596972808,2348.016313303113,15223.999922963889,            501P   4541
-2277.6817452622145,2328.544169353224,15223.999923263062,            501P   4542
-2285.5375169061604,2320.7553394113265,15223.999923761397,           501P   4543
-2293.685894796424,2313.2693179748094,15223.999924460753,            501P   4544
-2302.1258420627196,2306.092467051982,15223.999925362989,            501P   4545
-2310.8563218347613,2299.231148651156,15223.999926866822,            501P   4546
-2325.406980179564,2287.795777055644,15223.999928934012,             501P   4547
-2340.7650386553178,2277.236572981628,15223.999931574559,            501P   4548
-2356.9240156179235,2267.585130638027,15223.999934798461,            501P   4549
-2373.877429423281,2258.873044233759,15223.999937055285,             501P   4550
-2385.7446155659222,2252.7747495224494,15223.999939598076,           501P   4551
-2398.000903898499,2247.1369472434726,15223.999942430684,            501P   4552
-2410.642922656284,2241.9712910313197,15223.999945556967,            501P   4553
-2423.6673000745495,2237.289434520481,15223.999948236684,            501P   4554
-2434.830919054416,2233.276473639501,15223.999951132158,             501P   4555
-2446.2754075994126,2229.619008249655,15223.999954246,               501P   4556
-2457.997758138933,2226.3247454409643,15223.999957580801,            501P   4557
-2469.9949631023724,2223.4013923034527,15223.999965917841,           501P   4558
-2499.988029997647,2216.0931152629732,15223.999975635534,            501P   4559
-2531.6967393057685,2211.1030547987652,15223.999986775865,           501P   4560
-2565.070217771115,2208.5551465454528,15223.999999378557,-2600.,     501P   4561
2208.5783413869444,0.,11.,0.,0.,0.,0,0;                              501P   4562
102,4,495,497,499,501;                                               503P   4563
142,0,483,493,503,1,0,0;                                             505P   4564
406,1,6HJoin.4;                                                      507P   4565
144,483,1,0,505,0,1,507;                                             509P   4566
128,15,4,5,4,0,0,1,0,0,0.,0.,0.,0.,0.,0.,0.19266153084273882,        511P   4567
0.19266153084273882,0.19266153084273882,0.19266153084273882,         511P   4568
0.19266153084273882,0.5553820219305322,0.5553820219305322,           511P   4569
0.5553820219305322,0.5553820219305322,0.5553820219305322,1.,1.,      511P   4570
1.,1.,1.,1.,0.,0.,0.,0.,0.,1.,1.,1.,1.,1.,1.,1.,1.,1.,1.,1.,1.,      511P   4571
1.,1.,1.,1.,1.,1.,1.,1.,1.,1.,1.,1.,1.,1.,1.,1.,1.,1.,1.,1.,1.,      511P   4572
1.,1.,1.,1.,1.,1.,1.,1.,1.,1.,1.,1.,1.,1.,1.,1.,1.,1.,1.,1.,1.,      511P   4573
1.,1.,1.,1.,1.,1.,1.,1.,1.,1.,1.,1.,1.,1.,1.,1.,1.,1.,1.,1.,1.,      511P   4574
1.,1.,1.,1.,1.,1.,1.,1.,1.,1.,16297.2,-2599.9999999999995,           511P   4575
2083.856,16297.200000000008,-2561.4949240000024,2083.856,            511P   4576
16297.199970000047,-2522.9898520000015,2086.1563860000037,           511P   4577
16297.199999999966,-2484.548155999997,2091.089497999996,             511P   4578
16297.200000000012,-2446.5853826096363,2099.1102974307523,           511P   4579
16297.2,-2409.648252222394,2110.4905079729924,                       511P   4580
16297.199999999997,-2340.0927746126945,2131.9908561289362,           511P   4581
16297.20000000002,-2274.282834870987,2164.8936143177375,             511P   4582
16297.199999999966,-2215.8945909892254,2212.9050285465282,           511P   4583
16297.200000000003,-2171.324335848754,2270.0575389623327,            511P   4584
16297.2,-2137.1730593790717,2331.362042699023,                       511P   4585
16297.199985078536,-2095.3496055002006,2406.493588219433,            511P   4586
16297.200059271345,-2070.23300114621,2488.148967702817,              511P   4587
16297.19993186055,-2057.5643269649713,2566.7401066891857,            511P   4588
16297.199957948133,-2051.5710244228826,2643.407281554423,            511P   4589
16297.2,-2051.5999999999995,2720.,16665.448552840295,                511P   4590
-2599.999999999999,2083.7532628441368,16665.448552840313,            511P   4591
-2561.4887054422593,2083.7532628441377,16664.01229567059,            511P   4592
-2522.977414672058,2086.0538436776606,16661.90320027979,             511P   4593
-2484.5294546510763,2090.9874872635914,16660.177672899154,           511P   4594
-2446.560450879814,2099.009384732776,16659.830162864,                511P   4595
-2409.617301887205,2110.3914045812962,16659.268395924977,            511P   4596
-2340.0504981160284,2131.8951865245776,16662.975441435025,           511P   4597
-2274.2299524694035,2164.803715326718,16680.03090648257,             511P   4598
-2215.8331653178584,2212.824960380376,16708.77067794603,             511P   4599
-2171.2585604987153,2269.989154689989,16739.928944313273,            511P   4600
-2137.10541519284,2331.3052415487555,16778.13656314069,              511P   4601
-2095.279675585714,2406.4509882853713,16821.263218143613,            511P   4602
-2070.164902769189,2488.1205990349476,16853.457089506886,            511P   4603
-2057.499532262807,2566.722505466736,16871.028336765434,             511P   4604
-2051.508046283355,2643.3984891823047,16871.04684121379,             511P   4605
-2051.537034843567,2720.0000000000005,16997.781446393616,-2600.,     511P   4606
2118.9944428910367,16997.78144639365,-2563.621813634165,             511P   4607
2118.9944428910317,16996.019905573634,-2527.2436286778643,           511P   4608
2121.2289308758864,16993.433174440215,-2490.9444993062557,           511P   4609
2125.979433140244,16991.31686595763,-2455.1125811023608,             511P   4610
2133.6247339197307,16990.890655769166,-2420.2339690998624,           511P   4611
2144.3861497737885,16990.201668427046,-2354.5524387964083,           511P   4612
2164.7121653016457,16994.748241639445,-2292.36962979849,             511P   4613
2195.640903470542,17015.666277397657,-2236.9038793126706,            511P   4614
2240.2904676275284,17050.914756886257,-2193.8208789056953,           511P   4615
2293.446441692354,17089.12945096496,-2160.3088675491213,             511P   4616
2350.789289785442,17135.989955431665,-2119.267112844522,             511P   4617
2421.06385226173,17188.883592261747,-2093.5246107275934,             511P   4618
2497.8516836083363,17228.368318839344,-2079.725038578352,            511P   4619
2572.7603588725806,17249.91896190081,-2073.1108031430504,            511P   4620
2646.4146955603483,17249.94168793733,-2073.1355993361753,            511P   4621
2719.9999999999995,17366.83005763713,-2600.000000000002,             511P   4622
2183.111668390845,17366.830057637148,-2567.5027578226573,            511P   4623
2183.111668390847,17365.393843871876,-2535.0055127228334,            511P   4624
2185.2259145404873,17363.284702947283,-2502.615924325626,            511P   4625
2189.643211855651,17361.559175566657,-2470.6721852535306,            511P   4626
2196.6033381985767,17361.211665531515,-2439.5497596429145,           511P   4627
2206.2356373425696,17360.649899452357,-2380.937032537599,            511P   4628
2224.418844797831,17364.356940919486,-2325.372684730453,             511P   4629
2251.7455823544624,17381.412416535968,-2275.239576761596,            511P   4630
2290.260772594992,17410.152179415774,-2234.8704013992174,            511P   4631
2336.1242481053278,17441.310446980784,-2202.5248521750314,           511P   4632
2386.238249396223,17479.518070953873,-2162.9094569093213,            511P   4633
2447.650251252303,17522.64470183449,-2136.024910162124,              511P   4634
2515.556274817469,17554.83861696603,-2120.1617335180326,             511P   4635
2583.745513506674,17572.4098545854,-2112.41450066836,                511P   4636
2651.9023186951176,17572.428343881307,-2112.431680049719,            511P   4637
2720.0000000000023,17897.2,-2600.,2310.513602,                       511P   4638
17897.200000000008,-2575.2142520000016,2310.513602000002,            511P   4639
17897.200000000023,-2550.4285060000025,2312.388918000004,            511P   4640
17897.199999999968,-2525.8072279999965,2316.1441359999976,           511P   4641
17897.200000000004,-2501.5893639395103,2321.742809871027,            511P   4642
17897.2,-2477.930538611705,2329.1315363478952,                       511P   4643
17897.200000000008,-2433.3636306842245,2343.0569495594377,           511P   4644
17897.200000000023,-2390.9502664313823,2363.226459851322,            511P   4645
17897.199999999968,-2351.413205835424,2389.55253813088,              511P   4646
17897.200000000004,-2316.4364430037044,2420.925718372146,            511P   4647
17897.2,-2286.408672183457,2456.675888262478,17897.20000000001,      511P   4648
-2249.6274801877275,2500.477853555928,17897.200000000023,            511P   4649
-2220.4736616202576,2550.735531954891,17897.199999999983,            511P   4650
-2200.5100971699676,2605.573231280462,17897.200000000004,            511P   4651
-2190.511558569899,2662.80632616396,17897.2,-2190.513602,2720.,      511P   4652
0.,1.,0.,1.;                                                         511P   4653
126,3,3,0,0,1,0,0.,0.,0.,0.,1.,1.,1.,1.,1.,1.,1.,1.,1.,0.,0.,1.,     513P   4654
0.3340191001406102,0.,1.,0.6656835647900999,0.,1.,                   513P   4655
0.9999999999999998,0.,0.,1.,0.,0.,0.,0,0;                            513P   4656
126,3,3,0,0,1,0,0.,0.,0.,0.,1.,1.,1.,1.,1.,1.,1.,1.,1.,              515P   4657
0.9999999999999998,0.,0.6666313293668513,0.9999999999999998,0.,      515P   4658
0.33333333333335624,0.999999999999972,0.,0.,0.9999999999999998,      515P   4659
0.,0.,1.,0.,0.,0.,0,0;                                               515P   4660
126,3,3,0,0,1,0,0.,0.,0.,0.,1.,1.,1.,1.,1.,1.,1.,1.,0.,              517P   4661
0.9999999999999998,0.,3.3954114099586383D-15,0.6659565450812882,     517P   4662
0.,0.,0.33425446480139115,0.,0.,6.836322918774213D-29,0.,0.,1.,      517P   4663
0.,0.,0.,0,0;                                                        517P   4664
126,3,3,0,0,1,0,0.,0.,0.,0.,1.,1.,1.,1.,1.,1.,1.,1.,0.,              519P   4665
6.836322918774213D-29,0.,0.33333333333335796,0.,0.,                  519P   4666
0.6666171902015547,6.349112542925506D-8,0.,1.,0.,0.,0.,1.,0.,0.,     519P   4667
0.,0,0;                                                              519P   4668
102,4,513,515,517,519;                                               521P   4669
126,36,4,0,0,1,0,0.,0.,0.,0.,0.,1.,1.,1.,1.,2.,2.,2.,2.,3.,3.,       523P   4670
3.,3.,4.,4.,4.,4.,5.,5.,5.,5.,6.,6.,6.,6.,7.,7.,7.,7.,8.,8.,8.,      523P   4671
8.,9.,9.,9.,9.,9.,1.,1.,1.,1.,1.,1.,1.,1.,1.,1.,1.,1.,1.,1.,1.,      523P   4672
1.,1.,1.,1.,1.,1.,1.,1.,1.,1.,1.,1.,1.,1.,1.,1.,1.,1.,1.,1.,1.,      523P   4673
1.,16297.2,-2051.5999999999995,2720.,16357.09868769635,              523P   4674
-2051.5934277602473,2720.,16414.8439854961,-2051.8228686312295,      523P   4675
2720.000000000001,16470.601329275876,-2052.283298508455,             523P   4676
2720.0000000000014,16524.52418277201,-2052.972837398673,2720.,       523P   4677
16573.054340107876,-2053.5935351995963,2719.999999999999,            523P   4678
16620.100109720308,-2054.3993944236963,2720.000000000001,            523P   4679
16665.769664185347,-2055.390059877916,2720.0000000000023,            523P   4680
16710.171176079042,-2056.565176369197,2720.,16744.705256858186,      523P   4681
-2057.4792740130265,2720.000000000001,16778.471785569098,            523P   4682
-2058.5050777157185,2720.,16811.518692041973,-2059.643242698516,     523P   4683
2719.999999999999,16843.89390610702,-2060.894424182663,2720.,        523P   4684
16876.268815465373,-2062.1456925204325,2720.0000000000027,           523P   4685
16907.97183534845,-2063.510030426419,2720.0000000000005,             523P   4686
16939.048308713514,-2064.988833015656,2719.9999999999977,            523P   4687
16969.54357851782,-2066.583495403176,2719.999999999999,              523P   4688
16995.68214038712,-2067.950419565341,2720.0000000000045,             523P   4689
17021.393518772144,-2069.4025150353327,2720.0000000000005,           523P   4690
17046.704744005834,-2070.941109454372,2719.999999999997,             523P   4691
17071.64284642113,-2072.567530463676,2720.000000000002,              523P   4692
17109.04952337542,-2075.0073080527945,2719.999999999998,             523P   4693
17145.617406741796,-2077.6444652048767,2719.9999999999995,           523P   4694
17181.43217797705,-2080.485171399328,2720.0000000000014,             523P   4695
17216.57951853797,-2083.535596115557,2720.0000000000005,             523P   4696
17247.821151580247,-2086.247225083814,2720.000000000001,             523P   4697
17278.53496309786,-2089.1246985747302,2720.0000000000005,            523P   4698
17308.77709401256,-2092.1736228224972,2720.,17338.603685246097,      523P   4699
-2095.3996040613083,2720.000000000001,17413.169213764555,            523P   4700
-2103.464852396432,2719.9999999999977,17485.131050579417,            523P   4701
-2112.6389088115266,2720.0000000000045,17555.330973426855,           523P   4702
-2123.0204821222387,2719.9999999999973,17624.461537398496,           523P   4703
-2134.759403316446,2720.000000000001,17693.59216444163,              523P   4704
-2146.4983382172013,2720.000000000002,17761.65381801174,             523P   4705
-2159.594768675878,2720.0000000000005,17829.33972280216,             523P   4706
-2174.1985923035,2720.0000000000005,17897.199999999997,              523P   4707
-2190.513602,2720.,0.,9.,0.,0.,0.,0,0;                               523P   4708
126,25,5,0,0,1,0,0.,0.,0.,0.,0.,0.,1.,1.,1.,1.,1.,2.,2.,2.,2.,       525P   4709
2.,3.,3.,3.,3.,3.,4.,4.,4.,4.,4.,5.,5.,5.,5.,5.,5.,1.,1.,1.,1.,      525P   4710
1.,1.,1.,1.,1.,1.,1.,1.,1.,1.,1.,1.,1.,1.,1.,1.,1.,1.,1.,1.,1.,      525P   4711
1.,17897.199999999997,-2190.513602,2720.,17897.20000000001,          525P   4712
-2190.5125989243115,2691.8579926326106,17897.19999999999,            525P   4713
-2192.9328266753378,2663.5984918427234,17897.199999999993,           525P   4714
-2197.807260441919,2635.5189398545126,17897.200000000008,            525P   4715
-2205.1202185899583,2607.9154725339317,17897.199999999997,           525P   4716
-2214.8002237708147,2581.0748707715816,17897.20000000004,            525P   4717
-2224.5362179102203,2554.079379797553,17897.19999999996,             525P   4718
-2236.666352722638,2527.8550390347227,17897.199999999957,            525P   4719
-2251.119026259535,2502.695260285729,17897.20000000003,              525P   4720
-2267.7632546665423,2478.8800257977446,17897.199999999983,           525P   4721
-2286.4086721834537,2456.6758882624754,17897.199999999895,           525P   4722
-2301.408353294293,2438.8177248339553,17897.2000000002,              525P   4723
-2317.670620395757,2422.018728317812,17897.199999999757,             525P   4724
-2335.1536382139043,2406.3737255224996,17897.20000000007,            525P   4725
-2353.7308712035488,2392.0057370187274,17897.19999999998,            525P   4726
-2373.260874087596,2379.018871397135,17897.199999999964,             525P   4727
-2392.5998447118245,2366.1590387822034,17897.20000000006,            525P   4728
-2412.8730751614576,2354.6534180154276,17897.199999999903,           525P   4729
-2433.9435332782155,2344.6029493264227,17897.200000000037,           525P   4730
-2455.6603117578898,2336.090110332042,17897.199999999975,            525P   4731
-2477.9305386117035,2329.1315363478902,17897.200000000037,           525P   4732
-2501.564123858419,2321.7506957528885,17897.199999999862,            525P   4733
-2525.7727710885756,2316.150693917669,17897.20000000007,             525P   4734
-2550.398531982627,2312.3914477592716,17897.199999999997,            525P   4735
-2575.1975178497073,2310.513602758686,17897.199999999997,-2600.,     525P   4736
2310.5136019999995,0.,5.,0.,0.,0.,0,0;                               525P   4737
126,36,4,0,0,1,0,0.,0.,0.,0.,0.,1.,1.,1.,1.,2.,2.,2.,2.,3.,3.,       527P   4738
3.,3.,4.,4.,4.,4.,5.,5.,5.,5.,6.,6.,6.,6.,7.,7.,7.,7.,8.,8.,8.,      527P   4739
8.,9.,9.,9.,9.,9.,1.,1.,1.,1.,1.,1.,1.,1.,1.,1.,1.,1.,1.,1.,1.,      527P   4740
1.,1.,1.,1.,1.,1.,1.,1.,1.,1.,1.,1.,1.,1.,1.,1.,1.,1.,1.,1.,1.,      527P   4741
1.,17897.199999999997,-2600.,2310.5136019999995,                     527P   4742
17847.37219560168,-2599.9999999999986,2298.544428768715,             527P   4743
17798.989013140927,-2600.,2287.138339604263,17751.944933667866,      527P   4744
-2600.000000000001,2276.2670197730126,17706.134438232635,-2600.,     527P   4745
2265.9021545413348,17665.414492282733,-2600.000000000002,            527P   4746
2256.689276363065,17625.669340151086,-2599.999999999999,             527P   4747
2247.876623258905,17586.82848776319,-2599.9999999999964,             527P   4748
2239.4467622113752,17548.821441044536,-2599.9999999999995,           527P   4749
2231.3822602029954,17515.565458456374,-2599.9999999999986,           527P   4750
2224.3259484858772,17482.94797023708,-2599.9999999999995,            527P   4751
2217.5494382143306,17450.92359509108,-2600.0000000000005,            527P   4752
2211.04233573608,17419.44695172279,-2599.9999999999995,              527P   4753
2204.7942473988473,17392.467141609937,-2599.9999999999977,           527P   4754
2199.4388641018422,17365.889873406748,-2599.999999999999,            527P   4755
2194.2738641667293,17339.687642260644,-2600.0000000000005,           527P   4756
2189.293469279912,17313.832943319037,-2599.9999999999995,            527P   4757
2184.491901127795,17270.74186562229,-2600.000000000002,              527P   4758
2176.489350318017,17228.61667479792,-2600.000000000001,              527P   4759
2168.9839210711784,17187.332213389174,-2599.9999999999936,           527P   4760
2161.950431113568,17146.770225846543,-2599.9999999999995,            527P   4761
2155.3688438413847,17130.54918337406,-2599.9999999999986,            527P   4762
2152.736825703423,17114.43621177658,-2599.999999999998,              527P   4763
2150.1758663689607,17098.43131105411,-2599.9999999999986,            527P   4764
2147.6859658379976,17082.534481206654,-2600.,2145.267124110534,      527P   4765
17026.88252428137,-2599.999999999999,2136.799076679897,              527P   4766
16972.463086648146,-2600.0000000000027,2129.186904621248,            527P   4767
16918.959013450047,-2599.9999999999973,2122.3812081851115,           527P   4768
16866.077221727555,-2599.9999999999986,2116.351944312488,            527P   4769
16790.531821186265,-2599.999999999992,2107.7387091766304,            527P   4770
16716.25617233539,-2600.000000000017,2100.710027030197,              527P   4771
16642.396106733882,-2599.9999999999795,2095.178258227247,            527P   4772
16568.190256760256,-2600.,2091.1360854125355,16501.404929894743,     527P   4773
-2600.,2087.4981302731903,16434.339150339572,-2599.999999999994,     527P   4774
2085.066792673796,16366.437379637351,-2600.0000000000045,            527P   4775
2083.836693996527,16297.2,-2599.9999999999995,2083.856,0.,9.,0.,     527P   4776
0.,0.,0,0;                                                           527P   4777
126,50,5,0,0,1,0,0.,0.,0.,0.,0.,0.,1.,1.,1.,1.,1.,2.,2.,2.,2.,       529P   4778
2.,3.,3.,3.,3.,3.,4.,4.,4.,4.,4.,5.,5.,5.,5.,5.,6.,6.,6.,6.,6.,      529P   4779
7.,7.,7.,7.,7.,8.,8.,8.,8.,8.,9.,9.,9.,9.,9.,10.,10.,10.,10.,        529P   4780
10.,10.,1.,1.,1.,1.,1.,1.,1.,1.,1.,1.,1.,1.,1.,1.,1.,1.,1.,1.,       529P   4781
1.,1.,1.,1.,1.,1.,1.,1.,1.,1.,1.,1.,1.,1.,1.,1.,1.,1.,1.,1.,1.,      529P   4782
1.,1.,1.,1.,1.,1.,1.,1.,1.,1.,1.,1.,16297.2,-2599.9999999999995,     529P   4783
2083.856,16297.199999989618,-2561.4686680129184,                     529P   4784
2083.8560153727617,16297.19997100882,-2522.943008303935,             529P   4785
2086.159475984119,16297.200002891843,-2484.4937852008043,            529P   4786
2091.0983346083167,16297.200005258233,-2446.545783516401,            529P   4787
2099.1225046596023,16297.200008122922,-2409.6482522217,              529P   4788
2110.4905079707723,16297.200009327258,-2394.52412989595,             529P   4789
2115.1655108531286,16297.200010611057,-2379.5815015702788,           529P   4790
2120.378406031878,16297.200011965928,-2364.8593902040984,            529P   4791
2126.1656682232638,16297.200013385915,-2350.4000859524813,           529P   4792
2132.5441291587726,16297.20001486751,-2336.2491461661607,            529P   4793
2139.5109775851365,16297.200017752375,-2308.6951156945515,           529P   4794
2153.076702945091,16297.200020870572,-2282.3068389639693,            529P   4795
2168.876008912199,16297.200024193062,-2257.407076817476,             529P   4796
2186.9002010525146,16297.20002770924,-2234.3130105733426,            529P   4797
2206.903407849432,16297.200031318858,-2213.170010384302,             529P   4798
2228.553151126838,16297.200033180232,-2202.2675253691195,            529P   4799
2239.7169563267735,16297.200035066387,-2191.883391849257,            529P   4800
2251.319023887483,16297.200036964128,-2182.0388949405083,            529P   4801
2263.312527348243,16297.200038853167,-2172.740376270209,             529P   4802
2275.6472076900573,16297.200040706122,-2163.979233977236,            529P   4803
2288.2693733356664,16297.200041938424,-2158.152305535623,            529P   4804
2296.66420080151,16297.200043154811,-2152.5628301257916,             529P   4805
2305.186429635862,16297.200044346939,-2147.208117410446,             529P   4806
2313.820412523625,16297.200045505142,-2142.0816451838746,            529P   4807
2322.5507004485103,16297.200046618444,-2137.1730593719494,           529P   4808
2331.362042693042,16297.200045379033,-2128.017763902014,             529P   4809
2347.8085825666735,16297.200048244016,-2119.6718860997125,           529P   4810
2364.5518666867574,16297.200052200971,-2112.0875031354162,           529P   4811
2381.4904246059996,16297.200055458448,-2105.2150871068957,           529P   4812
2398.5457650263634,16297.20005744598,-2099.003505039318,             529P   4813
2415.6623757990706,16297.200058962959,-2094.2362769535866,           529P   4814
2428.7989882562806,16297.200059680821,-2089.8585953313195,           529P   4815
2441.971205985483,16297.20005931455,-2085.8475056865036,             529P   4816
2455.1536836208998,16297.200057808865,-2082.180618665489,            529P   4817
2468.327203647432,16297.20005533824,-2078.8361100469892,             529P   4818
2481.478676400658,16297.200051815295,-2074.0582041815837,            529P   4819
2500.2665586539656,16297.200046264357,-2069.9385466652852,           529P   4820
2519.0088717073986,16297.20003925989,-2066.413144873738,             529P   4821
2537.668109652371,16297.200031654731,-2063.424219231301,             529P   4822
2556.225675925331,16297.200024580114,-2060.920203211052,             529P   4823
2574.681883307758,16297.200020315822,-2059.41790346002,              529P   4824
2585.755414770942,16297.200016202189,-2058.0903974384323,            529P   4825
2596.7920579393312,16297.200012439362,-2056.92679641003,             529P   4826
2607.7914425929594,16297.20000917621,-2055.917503364116,             529P   4827
2618.7547790288254,16297.200006510328,-2055.054213015555,            529P   4828
2629.6848580608967,16297.200002068656,-2053.615389101791,            529P   4829
2647.901672152997,16297.19999922284,-2052.582475965362,              529P   4830
2666.025446915837,16297.199998453063,-2051.9168829935493,            529P   4831
2684.069412169438,16297.199999227036,-2051.5933605550545,            529P   4832
2702.05263104802,16297.2,-2051.5999999999995,2720.,0.,10.,0.,0.,     529P   4833
0.,0,0;                                                              529P   4834
102,4,523,525,527,529;                                               531P   4835
142,0,511,521,531,1,0,0;                                             533P   4836
406,1,6HJoin.4;                                                      535P   4837
144,511,1,0,533,0,1,535;                                             537P   4838
128,10,4,5,4,0,0,1,0,0,0.,0.,0.,0.,0.,0.,1.,1.,1.,1.,1.,2.,2.,       539P   4839
2.,2.,2.,2.,0.,0.,0.,0.,0.,1.,1.,1.,1.,1.,1.,1.,1.,1.,1.,1.,1.,      539P   4840
1.,1.,1.,1.,1.,1.,1.,1.,1.,1.,1.,1.,1.,1.,1.,1.,1.,1.,1.,1.,1.,      539P   4841
1.,1.,1.,1.,1.,1.,1.,1.,1.,1.,1.,1.,1.,1.,1.,1.,1.,1.,1.,1.,1.,      539P   4842
1.,1.,1.,1.,1.,1.,16297.2,-2051.5999999999995,                       539P   4843
2720.0000000000005,16297.199971908063,-2051.5970162775693,           539P   4844
2808.050453356231,16297.200026483079,-2063.775932259977,             539P   4845
2895.4928945932757,16297.19998688569,-2090.869407902487,             539P   4846
2984.5664818397026,16297.200002893987,-2140.7934870910203,           539P   4847
3063.9522504165516,16297.2,-2206.284553873195,                       539P   4848
3126.8152681958827,16297.200001904588,-2269.0777358043388,           539P   4849
3187.1275673809305,16297.199990912914,-2346.4371791607055,           539P   4850
3232.41504415571,16297.200021169083,-2431.6005296472354,             539P   4851
3257.1786916574547,16297.199971294167,-2515.5680852848436,           539P   4852
3268.4079469589483,16297.2,-2600.,3268.3999999999996,                539P   4853
16871.04684121379,-2051.537034843567,2720.0000000000005,             539P   4854
16870.94821724777,-2051.534043866988,2808.0605847035868,             539P   4855
16858.667987251807,-2063.712537306606,2895.5129240521537,            539P   4856
16838.33121374435,-2090.8062961722385,2984.598643265832,             539P   4857
16828.60213169329,-2140.7358248983373,3063.9954985548866,            539P   4858
16829.487417234224,-2206.235173977966,3126.8662907327966,            539P   4859
16830.258780753444,-2269.03628990031,3187.1860643564264,             539P   4860
16840.84398054427,-2346.4065283965397,3232.478198939259,             539P   4861
16859.60567209326,-2431.581289249424,3257.2420454278495,             539P   4862
16870.966479270435,-2515.5583690963003,3268.4709208375875,           539P   4863
16871.04684121379,-2599.999999999999,3268.4629651564355,             539P   4864
17249.94168793733,-2073.1355993361753,2719.9999999999995,            539P   4865
17249.820785285367,-2073.1344744763774,2804.58367479563,             539P   4866
17234.759337394775,-2085.458938116084,2888.643660315435,             539P   4867
17209.81695466632,-2112.4547044834303,2973.5659372289138,            539P   4868
17197.88449872546,-2160.515376002017,3049.160406138165,              539P   4869
17198.970279349138,-2223.1735624238518,3109.364323555701,            539P   4870
17199.916330996122,-2283.2531247052857,3167.12017163632,             539P   4871
17212.898781920634,-2356.920249345683,3210.8149548307188,            539P   4872
17235.909396590185,-2438.1817403084483,3235.5097500875786,           539P   4873
17249.843171450808,-2518.890550876235,3246.870028056038,             539P   4874
17249.94168793733,-2600.,3246.864400663819,17572.428343881307,       539P   4875
-2112.431680049719,2720.0000000000023,17572.329731028727,            539P   4876
-2112.4339676693644,2798.257838102453,17560.049479197947,            539P   4877
-2125.023960175338,2876.14584355078,17539.712723511442,              539P   4878
-2151.8414752726985,2953.4931940365814,17529.983633545504,           539P   4879
-2196.501967331424,3022.169681043322,17530.868920298402,             539P   4880
-2253.99099016701,3077.5215284320625,17531.640275736285,             539P   4881
-2309.119002280814,3130.6126200526287,17542.225523705496,            539P   4882
-2376.0487211331133,3171.401182472084,17560.987084548964,            539P   4883
-2450.1905157254314,3195.9703716107697,17572.34810374827,            539P   4884
-2524.953055079125,3207.569705666344,17572.428343881307,             539P   4885
-2600.000000000002,3207.568319950285,17897.2,-2190.513602,2720.,     539P   4886
17897.200000000008,-2190.522640389496,2785.688310990121,             539P   4887
17897.200000000023,-2203.64031352409,2851.312479873664,              539P   4888
17897.199999999968,-2230.103592597463,2913.6083513243,               539P   4889
17897.20000000001,-2268.0078874453693,2968.538687925195,17897.2,     539P   4890
-2315.225700582888,3014.249398335145,17897.200000000008,             539P   4891
-2360.5149078530903,3058.071536961196,17897.200000000023,            539P   4892
-2414.057307246377,3093.085426611414,17897.199999999968,             539P   4893
-2474.0521261580698,3117.4049902273373,17897.200000000004,           539P   4894
-2536.999356986379,3129.4793735880157,17897.2,-2600.,                539P   4895
3129.486398,0.,2.,0.,1.;                                             539P   4896
126,3,3,0,0,1,0,0.,0.,0.,0.,1.,1.,1.,1.,1.,1.,1.,1.,0.,0.,0.,        541P   4897
0.6523575282056574,3.9453935542668D-8,0.,1.319684082714529,          541P   4898
4.1247536750365475D-8,0.,2.,0.,0.,0.,1.,0.,0.,0.,0,0;                541P   4899
126,3,3,0,0,1,0,0.,0.,0.,0.,1.,1.,1.,1.,1.,1.,1.,1.,2.,0.,0.,2.,     543P   4900
0.3340191001406161,0.,1.9999999502609573,0.6656835647898267,0.,      543P   4901
2.,0.9999999999999999,0.,0.,1.,0.,0.,0.,0,0;                         543P   4902
126,3,3,0,0,1,0,0.,0.,0.,0.,1.,1.,1.,1.,1.,1.,1.,1.,2.,              545P   4903
0.9999999999999999,0.,1.3192081839841858,0.9999958166511377,0.,      545P   4904
0.6529369109182797,0.9999948374763357,0.,0.,0.9999999999999999,      545P   4905
0.,0.,1.,0.,0.,0.,0,0;                                               545P   4906
126,3,3,0,0,1,0,0.,0.,0.,0.,1.,1.,1.,1.,1.,1.,1.,1.,0.,              547P   4907
0.9999999999999999,0.,5.88697440023892D-8,0.665683564789666,0.,      547P   4908
0.,0.3340191001406169,0.,0.,0.,0.,0.,1.,0.,0.,0.,0,0;                547P   4909
102,4,541,543,545,547;                                               549P   4910
126,55,5,0,0,1,0,0.,0.,0.,0.,0.,0.,1.,1.,1.,1.,1.,2.,2.,2.,2.,       551P   4911
2.,3.,3.,3.,3.,3.,4.,4.,4.,4.,4.,5.,5.,5.,5.,5.,6.,6.,6.,6.,6.,      551P   4912
7.,7.,7.,7.,7.,8.,8.,8.,8.,8.,9.,9.,9.,9.,9.,10.,10.,10.,10.,        551P   4913
10.,11.,11.,11.,11.,11.,11.,1.,1.,1.,1.,1.,1.,1.,1.,1.,1.,1.,1.,     551P   4914
1.,1.,1.,1.,1.,1.,1.,1.,1.,1.,1.,1.,1.,1.,1.,1.,1.,1.,1.,1.,1.,      551P   4915
1.,1.,1.,1.,1.,1.,1.,1.,1.,1.,1.,1.,1.,1.,1.,1.,1.,1.,1.,1.,1.,      551P   4916
1.,1.,16297.2,-2051.5999999999995,2720.0000000000005,                551P   4917
16297.199999954173,-2051.599607877358,2732.5650529332406,            551P   4918
16297.20000144995,-2051.8471656068305,2745.119130943232,             551P   4919
16297.200003973394,-2052.3510309534354,2757.668399888562,            551P   4920
16297.200007130225,-2053.121059082687,2770.213979611558,             551P   4921
16297.200010645829,-2054.1686025606004,2782.7519439382904,           551P   4922
16297.200013670234,-2055.0665517521065,2793.498274249837,            551P   4923
16297.200016925679,-2056.168156456423,2804.240446407728,             551P   4924
16297.2000202883,-2057.480788187369,2814.973775725676,               551P   4925
16297.200023634225,-2059.0118184587636,2825.6935775173915,           551P   4926
16297.200026839584,-2060.7686187844265,2836.3951670965853,           551P   4927
16297.20003219946,-2063.6966841566255,2854.230345902475,             551P   4928
16297.200037248958,-2067.2521515443445,2872.0112804389314,           551P   4929
16297.200041626777,-2071.4696410767315,2889.7065132312255,           551P   4930
16297.200045293443,-2076.383398012545,2907.269346728744,             551P   4931
16297.200048333236,-2082.020057534979,2924.644206138501,             551P   4932
16297.200050766323,-2086.5294296679094,2938.544054363374,            551P   4933
16297.200052792967,-2091.5012737288785,2952.3237634763636,           551P   4934
16297.200054470639,-2096.9497461700203,2965.9544209986684,           551P   4935
16297.200055874238,-2102.88469745996,2979.4045300934913,             551P   4936
16297.200057096084,-2109.3116720838143,2992.6400095660424,           551P   4937
16297.200058762135,-2118.084499418137,3010.706632294651,             551P   4938
16297.200060080291,-2127.7737448308158,3028.3736512114983,           551P   4939
16297.200061247782,-2138.392189636899,3045.555556039625,             551P   4940
16297.200062409678,-2149.9335372739265,3062.1615103559607,           551P   4941
16297.200063342407,-2162.361173512607,3078.10534661656,              551P   4942
16297.200063948032,-2170.425173824902,3088.4508993442314,            551P   4943
16297.200064455503,-2178.862273778097,3098.517730498006,             551P   4944
16297.200064809887,-2187.662681832133,3108.2821104084323,            551P   4945
16297.200064875571,-2196.8106660038957,3117.7216434821844,           551P   4946
16297.200064436265,-2206.284553867217,3126.8152682020586,            551P   4947
16297.200064820176,-2220.065023604496,3140.0512881792592,            551P   4948
16297.200064342533,-2234.5470085169045,3152.5636635389874,           551P   4949
16297.200063571516,-2249.6588809085347,3164.294133331982,            551P   4950
16297.200062658383,-2265.3237641165074,3175.213473856415,            551P   4951
16297.200061574573,-2281.4661467945416,3185.312758430345,            551P   4952
16297.200060744502,-2293.8145537389382,3193.038441474888,            551P   4953
16297.200059818773,-2306.442502112691,3200.284086926835,             551P   4954
16297.200058772027,-2319.3158405899067,3207.046161577454,            551P   4955
16297.200057547456,-2332.4017186714595,3213.326973707697,            551P   4956
16297.200056056814,-2345.6685866849907,3219.1346730882024,           551P   4957
16297.200054240899,-2361.819613843283,3226.2050034400927,            551P   4958
16297.200052052229,-2378.2394722609165,3232.573361477003,            551P   4959
16297.200049322162,-2394.8709742006054,3238.254808069707,            551P   4960
16297.200045968128,-2411.6640593263232,3243.2715431793426,           551P   4961
16297.20004199363,-2428.575794703304,3247.6529058574115,             551P   4962
16297.200038022225,-2445.4876162308105,3252.034153303323,            551P   4963
16297.200033443569,-2462.5184472520423,3255.779547999853,            551P   4964
16297.200028297051,-2479.626358790223,3258.91708517097,              551P   4965
16297.200022793157,-2496.778849006621,3261.4788242537743,            551P   4966
16297.200017474688,-2513.9574016642828,3263.494760738156,            551P   4967
16297.200012156294,-2531.135954115678,3265.5106973603906,            551P   4968
16297.200007023455,-2548.340568574873,3266.980831618598,             551P   4969
16297.20000261989,-2565.5527250304567,3267.9351616355293,            551P   4970
16297.199999821925,-2582.7678871288945,3268.401622111227,            551P   4971
16297.2,-2600.,3268.3999999999996,0.,11.,0.,0.,0.,0,0;               551P   4972
126,36,4,0,0,1,0,0.,0.,0.,0.,0.,1.,1.,1.,1.,2.,2.,2.,2.,3.,3.,       553P   4973
3.,3.,4.,4.,4.,4.,5.,5.,5.,5.,6.,6.,6.,6.,7.,7.,7.,7.,8.,8.,8.,      553P   4974
8.,9.,9.,9.,9.,9.,1.,1.,1.,1.,1.,1.,1.,1.,1.,1.,1.,1.,1.,1.,1.,      553P   4975
1.,1.,1.,1.,1.,1.,1.,1.,1.,1.,1.,1.,1.,1.,1.,1.,1.,1.,1.,1.,1.,      553P   4976
1.,16297.2,-2600.,3268.3999999999996,16357.098687696325,             553P   4977
-2600.0000000000005,3268.4065722397527,16414.843985496143,           553P   4978
-2599.9999998860717,3268.1771313687746,16470.60132927575,            553P   4979
-2599.999999676066,3267.716701491584,16524.52418277178,              553P   4980
-2599.999999389214,3267.0271626013837,16573.05434010751,             553P   4981
-2599.9999991310497,3266.4064648004846,16620.100109719722,           553P   4982
-2599.999998810531,3265.600605576412,16665.769664184478,             553P   4983
-2599.999998441751,3264.6099401222236,16710.17117607783,             553P   4984
-2599.999998038801,3263.434823630977,16744.70525685668,              553P   4985
-2599.9999977254056,3262.520725987174,16778.4717855673,              553P   4986
-2599.9999973913727,3261.4949222845107,16811.518692039852,           553P   4987
-2599.9999970433596,3260.356757301741,16843.89390610449,             553P   4988
-2599.9999966880227,3259.1055758176167,16876.268815462437,           553P   4989
-2599.9999963326736,3257.8543074798704,16907.971835345143,           553P   4990
-2599.9999959700162,3256.4899695739086,16939.048308709822,           553P   4991
-2599.999995606582,3255.011166984695,16969.543578513676,             553P   4992
-2599.9999952489034,3253.4165045971954,16995.682140382607,           553P   4993
-2599.9999949422963,3252.049580435048,17021.393518767276,            553P   4994
-2599.9999946399166,3250.59748496507,17046.704744000614,             553P   4995
-2599.9999943457174,3249.058890546043,17071.64284641555,             553P   4996
-2599.9999940636494,3247.432469536748,17109.04952336934,             553P   4997
-2599.9999936404597,3244.9926919476407,17145.617406735233,           553P   4998
-2599.999993244749,3242.355534795567,17181.432177970048,             553P   4999
-2599.9999928889038,3239.5148286011154,17216.579518530623,           553P   5000
-2599.9999925853103,3236.464403884874,17247.8211515726,              553P   5001
-2599.999992315343,3233.752774916613,17278.534963089987,             553P   5002
-2599.999992086598,3230.8753014256786,17308.77709400453,             553P   5003
-2599.9999919067413,3227.8263771778866,17338.60368523799,            553P   5004
-2599.999991783439,3224.60039593905,17413.169213756286,              553P   5005
-2599.999991475006,3216.5351476038554,17485.131050571592,            553P   5006
-2599.9999915170915,3207.361091188649,17555.330973420132,            553P   5007
-2599.999992021824,3196.9795178778045,17624.461537393327,            553P   5008
-2599.999993024763,3185.2405966834795,17693.592164437967,            553P   5009
-2599.9999940273906,3173.501661782615,17761.653818009927,            553P   5010
-2599.9999955248163,3160.405231323852,17829.3397228021,              553P   5011
-2599.99999755109,3145.8014076962395,17897.2,-2600.,3129.486398,     553P   5012
0.,9.,0.,0.,0.,0,0;                                                  553P   5013
126,20,5,0,0,1,0,0.,0.,0.,0.,0.,0.,1.,1.,1.,1.,1.,2.,2.,2.,2.,       555P   5014
2.,3.,3.,3.,3.,3.,4.,4.,4.,4.,4.,4.,1.,1.,1.,1.,1.,1.,1.,1.,1.,      555P   5015
1.,1.,1.,1.,1.,1.,1.,1.,1.,1.,1.,1.,17897.2,-2600.,3129.486398,      555P   5016
17897.199021605877,-2561.3987095330795,3129.482328661118,            555P   5017
17897.198156445185,-2522.8145828890715,3124.9479469907806,           555P   5018
17897.19734516176,-2484.9149485252938,3115.8409999083956,            555P   5019
17897.19661160376,-2448.452489304498,3102.3633698562135,             555P   5020
17897.19602392065,-2414.065987060845,3084.841014619812,              555P   5021
17897.195652396564,-2392.3407754052228,3073.7705172269307,           555P   5022
17897.195336805547,-2371.4427179783975,3061.084529890035,            555P   5023
17897.19509464748,-2351.5371641044608,3046.86782225163,              555P   5024
17897.19493889096,-2332.7614391258594,3031.2189556264993,            555P   5025
17897.194877973314,-2315.224844403394,3014.2502830017,               555P   5026
17897.194786705557,-2289.2041267140885,2989.0601269266976,           555P   5027
17897.194900640658,-2266.0115490559156,2961.069794549571,            555P   5028
17897.195238549994,-2246.0035959163038,2930.5897422919916,           555P   5029
17897.195749288097,-2229.515942752607,2898.1321156824674,            555P   5030
17897.196404690316,-2216.765775112548,2864.2601321316683,            555P   5031
17897.196938686193,-2206.3782881492957,2836.66482404291,             555P   5032
17897.197569373464,-2198.471470357961,2808.130768065972,             555P   5033
17897.198281512145,-2193.1627701849598,2778.9625150698275,           555P   5034
17897.19907770185,-2190.5174379435525,2749.487097283223,17897.2,     555P   5035
-2190.513602,2720.,0.,4.,0.,0.,0.,0,0;                               555P   5036
126,36,4,0,0,1,0,0.,0.,0.,0.,0.,1.,1.,1.,1.,2.,2.,2.,2.,3.,3.,       557P   5037
3.,3.,4.,4.,4.,4.,5.,5.,5.,5.,6.,6.,6.,6.,7.,7.,7.,7.,8.,8.,8.,      557P   5038
8.,9.,9.,9.,9.,9.,1.,1.,1.,1.,1.,1.,1.,1.,1.,1.,1.,1.,1.,1.,1.,      557P   5039
1.,1.,1.,1.,1.,1.,1.,1.,1.,1.,1.,1.,1.,1.,1.,1.,1.,1.,1.,1.,1.,      557P   5040
1.,17897.2,-2190.513602,2720.,17829.33969430441,                     557P   5041
-2174.198567169871,2720.000003021383,17761.65385917235,              557P   5042
-2159.5948049810913,2720.0000055239625,17693.59213593864,            557P   5043
-2146.4983130836863,2720.000007370365,17624.461537390966,            557P   5044
-2134.759403316895,2720.000008608661,17562.243977458267,             557P   5045
-2124.1943594124646,2720.0000097223838,17499.160403226593,           557P   5046
-2114.7288144029526,2720.0000103394414,17434.705565647986,           557P   5047
-2106.253434999466,2720.0000104886904,17368.27702956046,             557P   5048
-2098.692632386394,2720.000010266934,17335.062277108093,             557P   5049
-2094.9123787129374,2720.0000101561154,17301.35553986989,            557P   5050
-2091.3602755470783,2720.0000099515896,17267.078117790006,           557P   5051
-2088.027941646462,2720.0000096663407,17232.15131081258,             557P   5052
-2084.9069957687325,2720.000009313352,17204.98569081388,             557P   5053
-2082.4796977088617,2720.0000090389303,17177.426947835193,           557P   5054
-2080.1803716169948,2720.0000087236695,17149.43553701914,            557P   5055
-2078.0058755641453,2720.00000837456,17120.97191350832,              557P   5056
-2075.953067621327,2720.0000079985934,17096.57429226213,             557P   5057
-2074.193589015764,2720.000007676393,17071.829583023562,             557P   5058
-2072.523564429983,2720.0000073345154,17046.711418879895,            557P   5059
-2070.9414663555126,2720.0000069777193,17021.193432918404,           557P   5060
-2069.4457672838817,2720.000006610764,16982.915962560266,            557P   5061
-2067.2023642590034,2720.0000060604007,16943.73968264929,            557P   5062
-2065.153130622165,2720.0000054871107,16903.569952151745,            557P   5063
-2063.2945961554924,2720.0000049078462,16862.312130033897,           557P   5064
-2061.6232906411124,2720.0000043395594,16830.222307743446,           557P   5065
-2060.3235038603825,2720.0000038975927,16797.47384583277,            557P   5066
-2059.137102143357,2720.000003462338,16764.01937582749,              557P   5067
-2058.0632715796437,2720.0000030419924,16729.811529253235,           557P   5068
-2057.101198258847,2720.000002644751,16680.94289192684,              557P   5069
-2055.7268886994143,2720.0000020772786,16630.53544952714,            557P   5070
-2054.581020609793,2720.0000015569763,16578.447036861347,            557P   5071
-2053.6623761131896,2720.0000011079624,16524.524182771678,           557P   5072
-2052.972837398648,2720.0000007538924,16470.60132475367,             557P   5073
-2052.2832988622936,2720.0000003998075,16414.843992028,              557P   5074
-2051.822868120098,2720.000000140653,16357.098683174228,             557P   5075
-2051.5934281141035,2719.9999999999745,16297.2,                      557P   5076
-2051.5999999999995,2720.0000000000005,0.,9.,0.,0.,0.,0,0;           557P   5077
102,4,551,553,555,557;                                               559P   5078
142,0,539,549,559,1,0,0;                                             561P   5079
406,1,6HJoin.4;                                                      563P   5080
144,539,1,0,561,0,1,563;                                             565P   5081
128,10,4,5,4,0,0,1,0,0,0.,0.,0.,0.,0.,0.,1.,1.,1.,1.,1.,2.,2.,       567P   5082
2.,2.,2.,2.,0.,0.,0.,0.,0.,1.,1.,1.,1.,1.,1.,1.,1.,1.,1.,1.,1.,      567P   5083
1.,1.,1.,1.,1.,1.,1.,1.,1.,1.,1.,1.,1.,1.,1.,1.,1.,1.,1.,1.,1.,      567P   5084
1.,1.,1.,1.,1.,1.,1.,1.,1.,1.,1.,1.,1.,1.,1.,1.,1.,1.,1.,1.,1.,      567P   5085
1.,1.,1.,1.,1.,1.,16297.2,-3148.3999999999996,                       567P   5086
2720.0000000000005,16297.199971908063,-3148.4029837224343,           567P   5087
2808.050453356231,16297.200026483079,-3136.2240677400273,            567P   5088
2895.4928945932757,16297.19998688569,-3109.1305920975074,            567P   5089
2984.5664818397026,16297.200002893987,-3059.206512908979,            567P   5090
3063.9522504165516,16297.2,-2993.7154461268046,                      567P   5091
3126.8152681958827,16297.200001904588,-2930.9222641956603,           567P   5092
3187.1275673809305,16297.199990912914,-2853.5628208393086,           567P   5093
3232.41504415571,16297.200021169083,-2768.3994703527474,             567P   5094
3257.1786916574547,16297.199971294167,-2684.4319147151623,           567P   5095
3268.4079469589483,16297.2,-2600.,3268.3999999999996,                567P   5096
16871.04684121379,-3148.462965156434,2720.0000000000005,             567P   5097
16870.94821724777,-3148.4659561330022,2808.0605847035868,            567P   5098
16858.667987251807,-3136.2874626934436,2895.5129240521537,           567P   5099
16838.33121374435,-3109.193703827732,2984.598643265832,              567P   5100
16828.60213169329,-3059.2641751016745,3063.9954985548866,            567P   5101
16829.487417234224,-2993.764826022035,3126.8662907327966,            567P   5102
16830.258780753444,-2930.9637100996906,3187.1860643564264,           567P   5103
16840.84398054427,-2853.5934716034635,3232.478198939259,             567P   5104
16859.60567209326,-2768.4187107505695,3257.2420454278495,            567P   5105
16870.966479270435,-2684.441630903706,3268.4709208375875,            567P   5106
16871.04684121379,-2599.999999999999,3268.4629651564355,             567P   5107
17249.94168793733,-3126.8644006638197,2719.9999999999995,            567P   5108
17249.820785285367,-3126.8655255236267,2804.58367479563,             567P   5109
17234.759337394775,-3114.5410618839337,2888.643660315435,            567P   5110
17209.81695466632,-3087.5452955165447,2973.5659372289138,            567P   5111
17197.88449872546,-3039.4846239979775,3049.160406138165,             567P   5112
17198.970279349138,-2976.826437576144,3109.364323555701,             567P   5113
17199.916330996122,-2916.7468752946907,3167.12017163632,             567P   5114
17212.898781920634,-2843.0797506543513,3210.8149548307188,           567P   5115
17235.909396590185,-2761.818259691516,3235.5097500875786,            567P   5116
17249.843171450808,-2681.109449123779,3246.870028056038,             567P   5117
17249.94168793733,-2600.,3246.864400663819,17572.428343881307,       567P   5118
-3087.5683199502837,2720.0000000000023,17572.329731028727,           567P   5119
-3087.566032330642,2798.257838102453,17560.049479197947,             567P   5120
-3074.9760398246763,2876.14584355078,17539.712723511442,             567P   5121
-3048.1585247272997,2953.4931940365814,17529.983633545504,           567P   5122
-3003.498032668581,3022.169681043322,17530.868920298402,             567P   5123
-2946.0090098329956,3077.5215284320625,17531.640275736285,           567P   5124
-2890.8809977191877,3130.6126200526287,17542.225523705496,           567P   5125
-2823.9512788669094,3171.401182472084,17560.987084548964,            567P   5126
-2749.8094842745522,3195.9703716107697,17572.34810374827,            567P   5127
-2675.0469449208776,3207.569705666344,17572.428343881307,            567P   5128
-2600.000000000002,3207.568319950285,17897.2,-3009.486398,2720.,     567P   5129
17897.200000000008,-3009.477359610504,2785.688310990121,             567P   5130
17897.200000000023,-2996.359686475919,2851.312479873664,             567P   5131
17897.199999999968,-2969.896407402527,2913.6083513243,               567P   5132
17897.20000000001,-2931.992112554636,2968.538687925195,17897.2,      567P   5133
-2884.774299417112,3014.249398335145,17897.200000000008,             567P   5134
-2839.4850921469106,3058.071536961196,17897.200000000023,            567P   5135
-2785.942692753637,3093.085426611414,17897.199999999968,             567P   5136
-2725.9478738419175,3117.4049902273373,17897.200000000004,           567P   5137
-2663.0006430136236,3129.4793735880157,17897.2,-2600.,               567P   5138
3129.486398,0.,2.,0.,1.;                                             567P   5139
126,3,3,0,0,1,0,0.,0.,0.,0.,1.,1.,1.,1.,1.,1.,1.,1.,0.,0.,0.,        569P   5140
0.6523575282056573,3.9453935542032886D-8,0.,1.3196840827145748,      569P   5141
4.12475367503627D-8,0.,2.,0.,0.,0.,1.,0.,0.,0.,0,0;                  569P   5142
126,3,3,0,0,1,0,0.,0.,0.,0.,1.,1.,1.,1.,1.,1.,1.,1.,2.,0.,0.,2.,     571P   5143
0.33401910014061614,0.,1.999999950260972,0.6656835647898268,0.,      571P   5144
2.,1.,0.,0.,1.,0.,0.,0.,0,0;                                         571P   5145
126,3,3,0,0,1,0,0.,0.,0.,0.,1.,1.,1.,1.,1.,1.,1.,1.,2.,1.,0.,        573P   5146
1.3192081839842102,0.9999958166511378,0.,0.6529369109182795,         573P   5147
0.9999948374763359,0.,0.,1.,0.,0.,1.,0.,0.,0.,0,0;                   573P   5148
126,3,3,0,0,1,0,0.,0.,0.,0.,1.,1.,1.,1.,1.,1.,1.,1.,0.,1.,0.,        575P   5149
5.886974400571594D-8,0.6656835647896666,0.,0.,0.334019100140617,     575P   5150
0.,0.,0.,0.,0.,1.,0.,0.,0.,0,0;                                      575P   5151
102,4,569,571,573,575;                                               577P   5152
126,55,5,0,0,1,0,0.,0.,0.,0.,0.,0.,1.,1.,1.,1.,1.,2.,2.,2.,2.,       579P   5153
2.,3.,3.,3.,3.,3.,4.,4.,4.,4.,4.,5.,5.,5.,5.,5.,6.,6.,6.,6.,6.,      579P   5154
7.,7.,7.,7.,7.,8.,8.,8.,8.,8.,9.,9.,9.,9.,9.,10.,10.,10.,10.,        579P   5155
10.,11.,11.,11.,11.,11.,11.,1.,1.,1.,1.,1.,1.,1.,1.,1.,1.,1.,1.,     579P   5156
1.,1.,1.,1.,1.,1.,1.,1.,1.,1.,1.,1.,1.,1.,1.,1.,1.,1.,1.,1.,1.,      579P   5157
1.,1.,1.,1.,1.,1.,1.,1.,1.,1.,1.,1.,1.,1.,1.,1.,1.,1.,1.,1.,1.,      579P   5158
1.,1.,16297.2,-3148.3999999999996,2720.0000000000005,                579P   5159
16297.199999954164,-3148.400392122641,2732.5650529332393,            579P   5160
16297.200001449963,-3148.1528343931705,2745.119130943234,            579P   5161
16297.200003973405,-3147.648969046565,2757.6683998885637,            579P   5162
16297.200007130214,-3146.8789409173105,2770.2139796115566,           579P   5163
16297.200010645818,-3145.8313974394014,2782.751943938289,            579P   5164
16297.200013670223,-3144.933448247898,2793.498274249838,             579P   5165
16297.200016925675,-3143.8318435435795,2804.24044640773,             579P   5166
16297.200020288303,-3142.5192118126306,2814.973775725677,            579P   5167
16297.200023634228,-3140.9881815412336,2825.6935775173915,           579P   5168
16297.20002683958,-3139.2313812155744,2836.3951670965857,            579P   5169
16297.200032199435,-3136.303315843383,2854.2303459024633,            579P   5170
16297.200037249026,-3132.7478484556227,2872.011280438958,            579P   5171
16297.200041626706,-3128.5303589233035,2889.706513231204,            579P   5172
16297.200045293483,-3123.616601987445,2907.2693467287572,            579P   5173
16297.200048333236,-3117.979942465018,2924.6442061385037,            579P   5174
16297.200050766312,-3113.470570332095,2938.544054363375,             579P   5175
16297.200052792963,-3108.4987262711243,2952.323763476367,            579P   5176
16297.200054470639,-3103.050253829976,2965.9544209986725,            579P   5177
16297.200055874233,-3097.115302540031,2979.4045300934945,            579P   5178
16297.200057096088,-3090.688327916184,2992.640009566046,             579P   5179
16297.200058762213,-3081.915500581853,3010.7066322946566,            579P   5180
16297.200060080131,-3072.2262551691892,3028.373651211503,            579P   5181
16297.200061247908,-3061.6078103630916,3045.5555560396174,           579P   5182
16297.20006240963,-3050.0664627260767,3062.1615103559707,            579P   5183
16297.200063342409,-3037.6388264873913,3078.1053466165617,           579P   5184
16297.200063948036,-3029.574826175099,3088.4508993442328,            579P   5185
16297.200064455503,-3021.1377262218984,3098.517730498009,            579P   5186
16297.200064809886,-3012.3373181678626,3108.2821104084333,           579P   5187
16297.200064875571,-3003.1893339961057,3117.721643482181,            579P   5188
16297.200064436265,-2993.715446132782,3126.8152682020586,            579P   5189
16297.200064820174,-2979.9349763955042,3140.0512881792674,           579P   5190
16297.200064342574,-2965.4529914830937,3152.563663538973,            579P   5191
16297.200063571432,-2950.341119091458,3164.294133332002,             579P   5192
16297.200062658454,-2934.676235883492,3175.213473856409,             579P   5193
16297.20006157458,-2918.533853205455,3185.3127584303493,             579P   5194
16297.200060744475,-2906.1854462610568,3193.0384414748887,           579P   5195
16297.200059818784,-2893.557497887302,3200.2840869268384,            579P   5196
16297.200058772049,-2880.684159410088,3207.0461615774593,            579P   5197
16297.200057547449,-2867.598281328538,3213.3269737077017,            579P   5198
16297.200056056812,-2854.3314133150016,3219.134673088206,            579P   5199
16297.200054240882,-2838.1803861567073,3226.205003440088,            579P   5200
16297.200052052222,-2821.7605277390808,3232.573361477007,            579P   5201
16297.200049322164,-2805.1290257993896,3238.2548080697134,           579P   5202
16297.20004596813,-2788.3359406736627,3243.271543179343,             579P   5203
16297.200041993628,-2771.4242052966874,3247.6529058574124,           579P   5204
16297.20003802225,-2754.512383769179,3252.034153303328,              579P   5205
16297.200033443543,-2737.4815527479695,3255.779547999847,            579P   5206
16297.200028297051,-2720.373641209725,3258.9170851709773,            579P   5207
16297.200022793175,-2703.2211509934045,3261.4788242537707,           579P   5208
16297.200017474692,-2686.042598335713,3263.4947607381578,            579P   5209
16297.200012156309,-2668.8640458843215,3265.5106973603924,           579P   5210
16297.200007023395,-2651.6594314251024,3266.98083161859,             579P   5211
16297.200002619968,-2634.447274969566,3267.9351616355393,            579P   5212
16297.199999821876,-2617.2321128710896,3268.4016221112206,           579P   5213
16297.2,-2600.,3268.3999999999996,0.,11.,0.,0.,0.,0,0;               579P   5214
126,36,4,0,0,1,0,0.,0.,0.,0.,0.,1.,1.,1.,1.,2.,2.,2.,2.,3.,3.,       581P   5215
3.,3.,4.,4.,4.,4.,5.,5.,5.,5.,6.,6.,6.,6.,7.,7.,7.,7.,8.,8.,8.,      581P   5216
8.,9.,9.,9.,9.,9.,1.,1.,1.,1.,1.,1.,1.,1.,1.,1.,1.,1.,1.,1.,1.,      581P   5217
1.,1.,1.,1.,1.,1.,1.,1.,1.,1.,1.,1.,1.,1.,1.,1.,1.,1.,1.,1.,1.,      581P   5218
1.,16297.2,-2600.,3268.3999999999996,16357.098687696312,             581P   5219
-2599.999999999991,3268.406572239751,16414.84398549618,              581P   5220
-2600.0000001139424,3268.177131368779,16470.60132927572,             581P   5221
-2600.0000003239193,3267.7167014915804,16524.52418277178,            581P   5222
-2600.000000610786,3267.0271626013837,16573.054340107523,            581P   5223
-2600.0000008689467,3266.4064648004833,16620.10010971973,            581P   5224
-2600.000001189467,3265.600605576413,16665.769664184474,             581P   5225
-2600.000001558249,3264.6099401222264,16710.171176077834,            581P   5226
-2600.0000019611966,3263.434823630978,16744.705256856698,            581P   5227
-2600.0000022745903,3262.5207259871745,16778.4717855673,             581P   5228
-2600.000002608628,3261.4949222845103,16811.518692039834,            581P   5229
-2600.0000029566445,3260.356757301739,16843.89390610449,             581P   5230
-2600.000003311975,3259.1055758176158,16876.26881546242,             581P   5231
-2600.0000036673205,3257.8543074798695,16907.971835345146,           581P   5232
-2600.0000040299806,3256.4899695739095,16939.048308709844,           581P   5233
-2600.000004393418,3255.011166984698,16969.543578513672,             581P   5234
-2600.0000047510957,3253.4165045971945,16995.68214038261,            581P   5235
-2600.000005057699,3252.049580435048,17021.393518767276,             581P   5236
-2600.0000053600806,3250.5974849650693,17046.704744000617,           581P   5237
-2600.000005654283,3249.0588905460413,17071.642846415558,            581P   5238
-2600.0000059363497,3247.432469536748,17109.049523369333,            581P   5239
-2600.0000063595367,3244.9926919476397,17145.617406735233,           581P   5240
-2600.000006755249,3242.355534795568,17181.43217797006,              581P   5241
-2600.0000071110967,3239.5148286011176,17216.579518530623,           581P   5242
-2600.0000074146865,3236.464403884874,17247.821151572592,            581P   5243
-2600.000007684655,3233.752774916612,17278.534963089987,             581P   5244
-2600.0000079134015,3230.875301425679,17308.77709400454,             581P   5245
-2600.0000080932587,3227.826377177888,17338.603685237995,            581P   5246
-2600.0000082165607,3224.600395939051,17413.169213756275,            581P   5247
-2600.0000085249876,3216.535147603854,17485.13105057162,             581P   5248
-2600.000008482913,3207.361091188656,17555.330973420118,             581P   5249
-2600.0000079781717,3196.9795178777986,17624.461537393327,           581P   5250
-2600.000006975236,3185.24059668348,17693.59216443796,               581P   5251
-2600.0000059726067,3173.501661782615,17761.65381800996,             581P   5252
-2600.00000447519,3160.4052313238485,17829.33972280207,              581P   5253
-2600.0000024489023,3145.8014076962436,17897.2,-2600.,               581P   5254
3129.486398,0.,9.,0.,0.,0.,0,0;                                      581P   5255
126,20,5,0,0,1,0,0.,0.,0.,0.,0.,0.,1.,1.,1.,1.,1.,2.,2.,2.,2.,       583P   5256
2.,3.,3.,3.,3.,3.,4.,4.,4.,4.,4.,4.,1.,1.,1.,1.,1.,1.,1.,1.,1.,      583P   5257
1.,1.,1.,1.,1.,1.,1.,1.,1.,1.,1.,1.,17897.2,-2600.,3129.486398,      583P   5258
17897.19902160582,-2638.6012904669265,3129.4823286611036,            583P   5259
17897.198156445374,-2677.185417110907,3124.947946990827,             583P   5260
17897.197345161472,-2715.0850514747267,3115.8409999083237,           583P   5261
17897.196611603962,-2751.547510695481,3102.3633698562717,            583P   5262
17897.19602392065,-2785.9340129391535,3084.8410146198134,            583P   5263
17897.195652396542,-2807.6592245947727,3073.770517226935,            583P   5264
17897.195336805562,-2828.5572820216066,3061.084529890035,            583P   5265
17897.195094647483,-2848.462835895542,3046.8678222516282,            583P   5266
17897.194938890912,-2867.2385608741342,3031.218955626499,            583P   5267
17897.194877973314,-2884.775155596606,3014.2502830017,               583P   5268
17897.19478670558,-2910.7958732859224,2989.0601269266995,            583P   5269
17897.1949006406,-2933.9884509440644,2961.069794549563,              583P   5270
17897.195238550023,-2953.996404083716,2930.5897422920043,            583P   5271
17897.19574928809,-2970.484057247382,2898.132115682458,              583P   5272
17897.19640469032,-2983.2342248874525,2864.2601321316697,            583P   5273
17897.196938686146,-2993.621711850717,2836.6648240428913,            583P   5274
17897.19756937365,-3001.528529642009,2808.130768066032,              583P   5275
17897.198281511883,-3006.8372298150784,2778.962515069754,            583P   5276
17897.19907770203,-3009.482562056427,2749.4870972832655,17897.2,     583P   5277
-3009.486398,2720.,0.,4.,0.,0.,0.,0,0;                               583P   5278
126,36,4,0,0,1,0,0.,0.,0.,0.,0.,1.,1.,1.,1.,2.,2.,2.,2.,3.,3.,       585P   5279
3.,3.,4.,4.,4.,4.,5.,5.,5.,5.,6.,6.,6.,6.,7.,7.,7.,7.,8.,8.,8.,      585P   5280
8.,9.,9.,9.,9.,9.,1.,1.,1.,1.,1.,1.,1.,1.,1.,1.,1.,1.,1.,1.,1.,      585P   5281
1.,1.,1.,1.,1.,1.,1.,1.,1.,1.,1.,1.,1.,1.,1.,1.,1.,1.,1.,1.,1.,      585P   5282
1.,17897.2,-3009.486398,2720.,17829.339694304406,                    585P   5283
-3025.8014328301283,2720.0000030213896,17761.653859172377,           585P   5284
-3040.405195018908,2720.0000055239516,17693.592135938616,            585P   5285
-3053.5016869163132,2720.000007370373,17624.46153739096,             585P   5286
-3065.240596683106,2720.0000086086598,17562.243977458264,            585P   5287
-3075.8056405875295,2720.0000097223847,17499.160403226637,           585P   5288
-3085.271185597058,2720.0000103394455,17434.70556564795,             585P   5289
-3093.7465650005233,2720.000010488687,17368.27702956046,             585P   5290
-3101.307367613604,2720.000010266934,17335.062277108107,             585P   5291
-3105.0876212870626,2720.0000101561204,17301.35553986989,            585P   5292
-3108.6397244529217,2720.0000099515905,17267.07811778999,            585P   5293
-3111.9720583535372,2720.000009666337,17232.15131081258,             585P   5294
-3115.093004231266,2720.000009313352,17204.98569081386,              585P   5295
-3117.520302291137,2720.0000090389285,17177.4269478352,              585P   5296
-3119.819628383006,2720.0000087236695,17149.435537019166,            585P   5297
-3121.9941244358574,2720.000008374562,17120.97191350832,             585P   5298
-3124.0469323786724,2720.0000079985925,17096.574292262114,           585P   5299
-3125.8064109842394,2720.000007676396,17071.829583023555,            585P   5300
-3127.4764355700154,2720.000007334515,17046.711418879902,            585P   5301
-3129.0585336444806,2720.000006977716,17021.1934329184,              585P   5302
-3130.554232716117,2720.000006610764,16982.91596256028,              585P   5303
-3132.7976357409925,2720.0000060604025,16943.73968264929,            585P   5304
-3134.8468693778336,2720.0000054871107,16903.569952151738,           585P   5305
-3136.705403844509,2720.0000049078453,16862.312130033908,            585P   5306
-3138.376709358888,2720.000004339561,16830.222307743432,             585P   5307
-3139.676496139612,2720.0000038975895,16797.47384583277,             585P   5308
-3140.8628978566394,2720.000003462338,16764.019375827505,            585P   5309
-3141.936728420357,2720.0000030419956,16729.811529253235,            585P   5310
-3142.898801741153,2720.000002644751,16680.942891926796,             585P   5311
-3144.273111300582,2720.000002077275,16630.535449527233,             585P   5312
-3145.4189793902065,2720.000001556981,16578.44703686126,             585P   5313
-3146.3376238868086,2720.000001107962,16524.52418277168,             585P   5314
-3147.0271626013523,2720.000000753892,16470.60132475369,             585P   5315
-3147.7167011377064,2720.0000003998134,16414.843992027934,           585P   5316
-3148.177131879892,2720.000000140644,16357.098683174296,             585P   5317
-3148.4065718859038,2719.999999999983,16297.2,                       585P   5318
-3148.3999999999996,2720.0000000000005,0.,9.,0.,0.,0.,0,0;           585P   5319
102,4,579,581,583,585;                                               587P   5320
142,0,567,577,587,1,0,0;                                             589P   5321
406,1,6HJoin.4;                                                      591P   5322
144,567,1,0,589,0,1,591;                                             593P   5323
128,10,4,5,4,0,0,1,0,0,0.,0.,0.,0.,0.,0.,1.,1.,1.,1.,1.,2.,2.,       595P   5324
2.,2.,2.,2.,0.,0.,0.,0.,0.,1.,1.,1.,1.,1.,1.,1.,1.,1.,1.,1.,1.,      595P   5325
1.,1.,1.,1.,1.,1.,1.,1.,1.,1.,1.,1.,1.,1.,1.,1.,1.,1.,1.,1.,1.,      595P   5326
1.,1.,1.,1.,1.,1.,1.,1.,1.,1.,1.,1.,1.,1.,1.,1.,1.,1.,1.,1.,1.,      595P   5327
1.,1.,1.,1.,1.,1.,15223.999999378557,-2600.0000000000005,            595P   5328
2208.5783413869444,15343.92038918829,-2600.0000000000005,            595P   5329
2172.605221724388,15463.283793037339,-2600.0000000000055,            595P   5330
2142.947346119993,15583.344104246931,-2599.999999999996,             595P   5331
2121.9047044856666,15703.747366545409,-2600.000000000001,            595P   5332
2108.011024903304,15823.59180487494,-2600.0000000000005,             595P   5333
2098.783788381861,15918.255338081268,-2600.0000000000005,            595P   5334
2091.5116983298954,16012.91887200001,-2600.0000000000055,            595P   5335
2087.2027540000026,16107.872931999973,-2599.999999999996,            595P   5336
2084.854901999995,16202.536466000001,-2600.000000000001,             595P   5337
2083.856000000001,16297.2,-2600.0000000000005,2083.856,              595P   5338
15223.999924181406,-2808.416763970065,2208.440210185711,             595P   5339
15343.91747137433,-2824.780917584494,2172.4981976102777,             595P   5340
15463.2859517782,-2837.7350808183473,2142.8552925544964,             595P   5341
15583.34341463054,-2845.2860443622285,2121.8224244692415,            595P   5342
15703.747664643142,-2850.178004983784,2107.934361032193,             595P   5343
15823.591804388261,-2853.2474024923104,2098.710828966522,            595P   5344
15918.255159092947,-2855.6748944792444,2091.4416755590773,           595P   5345
16012.919768555048,-2856.993833362734,2087.1338981647505,            595P   5346
16107.873836713961,-2857.716742223299,2084.7870365030626,            595P   5347
16202.536297842462,-2858.015822052169,2083.7887563250983,            595P   5348
16297.2,-2858.015822674775,2083.7887125196985,                       595P   5349
15223.999895068093,-2978.012851701138,2299.817740620301,             595P   5350
15343.916371903004,-3002.9535548628783,2269.3114932990393,           595P   5351
15463.28678568384,-3022.6225698907374,2244.201711675695,             595P   5352
15583.343129186722,-3034.09605097679,2226.467882306246,              595P   5353
15703.747772354836,-3041.429488208469,2214.739370165627,             595P   5354
15823.591805647182,-3046.028949409702,2206.9596234216197,            595P   5355
15918.25509950204,-3049.6632677232683,2200.8270912541716,            595P   5356
16012.920078647856,-3051.618592666805,2197.1945077527926,            595P   5357
16107.874148789559,-3052.6865171458435,2195.2148278280497,           595P   5358
16202.536240678472,-3053.1267341719695,2194.372995608999,            595P   5359
16297.199999999993,-3053.126780214288,2194.3729345608444,            595P   5360
15223.999924181411,-3060.219335793219,2488.333339757295,             595P   5361
15343.917471374334,-3089.507179368835,2468.6080071316055,            595P   5362
15463.285951778202,-3112.6353845246463,2452.375371891613,            595P   5363
15583.343414630544,-3126.13422017244,2441.1398946602617,             595P   5364
15703.74766464316,-3134.740670644087,2433.6484980650484,             595P   5365
15823.59180438827,-3140.138846986863,2428.7046298140604,             595P   5366
15918.255159092954,-3144.4035925596118,2424.803874519811,            595P   5367
16012.91976855505,-3146.694343003978,2422.496977683033,              595P   5368
16107.87383671401,-3147.9429805134223,2421.2371821221786,            595P   5369
16202.53629784247,-3148.457974265265,2420.701647487539,              595P   5370
16297.200000000008,-3148.45800676281,2420.7016469208884,             595P   5371
15223.999999378557,-3060.094498677232,2720.,15343.92038918829,       595P   5372
-3089.4127282158524,2720.0000000000005,15463.283793037339,           595P   5373
-3112.5550771333496,2720.000000000001,15583.344104246931,            595P   5374
-3126.0595982431073,2719.9999999999936,15703.747366545409,           595P   5375
-3134.673708631483,2720.000000000001,15823.59180487494,              595P   5376
-3140.0756481860453,2720.,15918.255338081268,-3144.343726905943,     595P   5377
2720.0000000000005,16012.91887200001,-3146.6369700000078,            595P   5378
2720.000000000001,16107.872931999973,-3147.884477999994,             595P   5379
2719.9999999999936,16202.536466000001,-3148.4000000000015,           595P   5380
2720.000000000001,16297.2,-3148.3999999999996,2720.,0.,2.,0.,1.;     595P   5381
126,3,3,0,0,1,0,0.,0.,0.,0.,1.,1.,1.,1.,1.,1.,1.,1.,                 597P   5382
1.726043758684243D-19,0.,0.,0.5963340923120087,                      597P   5383
6.129719824161103D-8,0.,1.2443975383193016,0.,0.,2.,0.,0.,0.,1.,     597P   5384
0.,0.,0.,0,0;                                                        597P   5385
126,3,3,0,0,1,0,0.,0.,0.,0.,1.,1.,1.,1.,1.,1.,1.,1.,2.,0.,0.,2.,     599P   5386
0.3334681740829129,0.,1.9999999999999822,0.6665318161544238,0.,      599P   5387
2.,1.,0.,0.,1.,0.,0.,0.,0,0;                                         599P   5388
126,3,3,0,0,1,0,0.,0.,0.,0.,1.,1.,1.,1.,1.,1.,1.,1.,2.,1.,0.,        601P   5389
1.2443975383193018,0.9999999999999966,0.,0.5963503751611737,         601P   5390
0.9999999217614154,0.,0.,1.,0.,0.,1.,0.,0.,0.,0,0;                   601P   5391
126,3,3,0,0,1,0,0.,0.,0.,0.,1.,1.,1.,1.,1.,1.,1.,1.,0.,1.,0.,0.,     603P   5392
0.669366489734308,0.,0.,0.3575365626676917,0.,                       603P   5393
1.726043758684243D-19,0.,0.,0.,1.,0.,0.,0.,0,0;                      603P   5394
102,4,597,599,601,603;                                               605P   5395
126,25,5,0,0,1,0,0.,0.,0.,0.,0.,0.,1.,1.,1.,1.,1.,2.,2.,2.,2.,       607P   5396
2.,3.,3.,3.,3.,3.,4.,4.,4.,4.,4.,5.,5.,5.,5.,5.,5.,1.,1.,1.,1.,      607P   5397
1.,1.,1.,1.,1.,1.,1.,1.,1.,1.,1.,1.,1.,1.,1.,1.,1.,1.,1.,1.,1.,      607P   5398
1.,15223.999999378557,-2600.0000000000005,2208.5783413869444,        607P   5399
15255.286731215081,-2600.000004471214,2199.192993994656,             607P   5400
15286.525008759734,-2600.0000085200018,2190.2410746659466,           607P   5401
15317.736105997406,-2600.0000121001267,2181.762129100908,            607P   5402
15348.934499613204,-2600.000015187459,2173.7799184089836,            607P   5403
15380.12786899246,-2600.0000177799757,2166.302419108969,             607P   5404
15424.689842162146,-2600.0000214835413,2155.6203209096175,           607P   5405
15469.241704538528,-2600.000024177834,2145.9686159125417,            607P   5406
15513.806539165947,-2600.000025856326,2137.3723526859876,            607P   5407
15558.381713072966,-2600.000026610963,2129.797557668605,             607P   5408
15602.9469567627,-2600.0000265780222,2123.1720770436455,             607P   5409
15647.150575220809,-2600.000026545387,2116.600357765405,             607P   5410
15691.344424876694,-2600.000025737489,2110.96261133068,              607P   5411
15735.508717442766,-2600.0000242881097,2106.1884000072037,           607P   5412
15779.606605140263,-2600.0000223684365,2102.1703599793555,           607P   5413
15823.591804874943,-2600.0000201506077,2098.7837883760562,           607P   5414
15855.517309824188,-2600.000018568515,2096.331259495841,             607P   5415
15887.424252475208,-2600.0000168340903,2094.217183427809,            607P   5416
15919.320994552225,-2600.0000150113037,2092.402525878304,            607P   5417
15951.208796327108,-2600.0000131644238,2090.8531723797764,           607P   5418
15983.081816619359,-2600.000011358017,2089.5399282907842,            607P   5419
16046.097493764035,-2600.00000778658,2086.943527352723,              607P   5420
16109.056953426838,-2600.0000043729124,2085.2699187003627,           607P   5421
16171.925069001052,-2600.000001614317,2084.292639731482,             607P   5422
16234.612896287628,-2600.0000000001173,2083.85600123606,16297.2,     607P   5423
-2600.0000000000005,2083.856,0.,5.,0.,0.,0.,0,0;                     607P   5424
126,44,4,0,0,1,0,0.,0.,0.,0.,0.,1.,1.,1.,1.,2.,2.,2.,2.,3.,3.,       609P   5425
3.,3.,4.,4.,4.,4.,5.,5.,5.,5.,6.,6.,6.,6.,7.,7.,7.,7.,8.,8.,8.,      609P   5426
8.,9.,9.,9.,9.,10.,10.,10.,10.,11.,11.,11.,11.,11.,1.,1.,1.,1.,      609P   5427
1.,1.,1.,1.,1.,1.,1.,1.,1.,1.,1.,1.,1.,1.,1.,1.,1.,1.,1.,1.,1.,      609P   5428
1.,1.,1.,1.,1.,1.,1.,1.,1.,1.,1.,1.,1.,1.,1.,1.,1.,1.,1.,1.,         609P   5429
16297.2,-2600.0000000000005,2083.856,16297.199999999993,             609P   5430
-2616.132547155413,2083.8517530648255,16297.199999999993,            609P   5431
-2632.0182298582804,2084.2802343869535,16297.199999999999,           609P   5432
-2647.648455838697,2085.1422324974296,16297.200000000003,            609P   5433
-2663.0146328267565,2086.4385359272983,16297.200000000015,           609P   5434
-2678.3808794844335,2087.7347598981587,16297.200000000004,           609P   5435
-2693.4830775088462,2089.4652890310385,16297.199999999995,           609P   5436
-2708.3132616477365,2091.630196736192,16297.200000000006,            609P   5437
-2722.8634666488456,2094.229556423874,16297.199999999995,            609P   5438
-2737.4137410635817,2096.82883675519,16297.199999999993,             609P   5439
-2751.684036664071,2099.8625689526907,16297.199999999997,            609P   5440
-2765.6670129118334,2103.3301122296098,16297.199999999995,           609P   5441
-2779.3553292683882,2107.2308257991826,16297.199999999984,           609P   5442
-2802.16924764372,2113.7319489820784,16297.200000000003,             609P   5443
-2824.1650186695424,2121.4359191842773,16297.200000000008,           609P   5444
-2845.310102857381,2130.3381173547073,16297.2,                       609P   5445
-2865.5767545570216,2140.428421020473,16297.199999999963,            609P   5446
-2883.8167409294356,2149.5096943517096,16297.200000000063,           609P   5447
-2901.3451960321795,2159.553333225392,16297.199999999943,            609P   5448
-2918.1418920351834,2170.5519587290623,16297.199999999997,           609P   5449
-2934.1897333258826,2182.494581827754,16297.199999999993,            609P   5450
-2960.936135871012,2202.3989540116872,16297.199999999988,            609P   5451
-2985.6023827269178,2224.9255397032557,16297.2,                      609P   5452
-3008.109332877156,2250.0234700341593,16297.199999999999,            609P   5453
-3028.401921472575,2277.6139841025815,16297.199999999988,            609P   5454
-3036.5189909794253,2288.650149873807,16297.19999999999,             609P   5455
-3044.281637029804,2300.0852745230486,16297.199999999997,            609P   5456
-3051.6866426285465,2311.9139591487847,16297.199999999993,           609P   5457
-3058.7307907804857,2324.130804849493,16297.199999999986,            609P   5458
-3070.471094664352,2344.4921481217525,16297.200000000008,            609P   5459
-3081.209364771068,2365.931311248845,16297.199999999993,             609P   5460
-3090.9321316630044,2388.4216436407078,16297.199999999999,           609P   5461
-3099.6306696310044,2411.9309596838384,16297.199999999995,           609P   5462
-3105.719692682693,2428.387426356463,16297.199999999997,             609P   5463
-3111.306649834961,2445.3434213393757,16297.2,                       609P   5464
-3116.389076868234,2462.787285124661,16297.2,                        609P   5465
-3120.9645095629376,2480.707358204404,16297.200000000008,            609P   5466
-3124.886417901812,2496.067293213134,16297.200000000004,             609P   5467
-3128.435917404656,2511.777006593041,16297.199999999997,             609P   5468
-3131.612148047079,2527.828344738839,16297.2,-3134.414249804688,     609P   5469
2544.2131540452433,16297.199999999984,-3141.4195891846766,           609P   5470
2585.1750784631604,16297.200000000017,-3146.087408595621,            609P   5471
2628.2202698732663,16297.199999999997,-3148.409067529412,            609P   5472
2673.215712390334,16297.2,-3148.3999999999996,2720.,0.,11.,0.,       609P   5473
0.,0.,0,0;                                                           609P   5474
126,25,5,0,0,1,0,0.,0.,0.,0.,0.,0.,1.,1.,1.,1.,1.,2.,2.,2.,2.,       611P   5475
2.,3.,3.,3.,3.,3.,4.,4.,4.,4.,4.,5.,5.,5.,5.,5.,5.,1.,1.,1.,1.,      611P   5476
1.,1.,1.,1.,1.,1.,1.,1.,1.,1.,1.,1.,1.,1.,1.,1.,1.,1.,1.,1.,1.,      611P   5477
1.,16297.2,-3148.3999999999996,2720.,16243.553995080887,             611P   5478
-3148.3999987185884,2719.9999999999923,16189.833916837131,           611P   5479
-3148.234445723739,2719.999998243798,16135.990199179729,             611P   5480
-3147.8629882866758,2719.9999951701407,16082.06307975954,            611P   5481
-3147.234857308183,2719.9999912393787,16028.081815222877,            611P   5482
-3146.2572083452446,2719.999986922749,15987.230519774921,            611P   5483
-3145.5174497584867,2719.9999836561356,15946.346561576358,           611P   5484
-3144.5770140978548,2719.999980167634,15905.447382651168,            611P   5485
-3143.39714551439,2719.9999766630344,15864.53415985495,              611P   5486
-3141.921400561,2719.9999733455343,15823.59180487494,                611P   5487
-3140.0756481924636,2719.999970415742,15788.476533820212,            611P   5488
-3138.4928422862554,2719.99996785837,15753.289414748328,             611P   5489
-3136.633180744129,2719.999965593299,15718.053986100549,             611P   5490
-3134.4537625719995,2719.99996375077,15682.789949431855,             611P   5491
-3131.888687454077,2719.9999624545253,15647.510705890601,            611P   5492
-3128.873346457207,2719.9999618067386,15602.958961652625,            611P   5493
-3125.0654864102667,2719.9999609886195,15558.382965969076,           611P   5494
-3120.539568248434,2719.999961204202,15513.809699042877,             611P   5495
-3115.1656554827177,2719.999962658184,15469.250112370653,            611P   5496
-3108.8171101320822,2719.9999654955927,15424.691062860105,           611P   5497
-3101.4518703365425,2719.9999697393655,15384.587918230769,           611P   5498
-3094.8231591572894,2719.999973558924,15344.485208027838,            611P   5499
-3087.370933411219,2719.999978517183,15304.373349634077,             611P   5500
-3079.06461866461,2719.999984633932,15264.226944709742,              611P   5501
-3069.9292137085704,2719.9999918436656,15223.999999378557,           611P   5502
-3060.094498677232,2720.,0.,5.,0.,0.,0.,0,0;                         611P   5503
126,44,4,0,0,1,0,0.,0.,0.,0.,0.,1.,1.,1.,1.,2.,2.,2.,2.,3.,3.,       613P   5504
3.,3.,4.,4.,4.,4.,5.,5.,5.,5.,6.,6.,6.,6.,7.,7.,7.,7.,8.,8.,8.,      613P   5505
8.,9.,9.,9.,9.,10.,10.,10.,10.,11.,11.,11.,11.,11.,1.,1.,1.,1.,      613P   5506
1.,1.,1.,1.,1.,1.,1.,1.,1.,1.,1.,1.,1.,1.,1.,1.,1.,1.,1.,1.,1.,      613P   5507
1.,1.,1.,1.,1.,1.,1.,1.,1.,1.,1.,1.,1.,1.,1.,1.,1.,1.,1.,1.,         613P   5508
15223.999999378557,-3060.094498677232,2720.,15223.999994716803,      613P   5509
-3060.1022285581034,2705.63806227474,15223.99999024319,              613P   5510
-3059.7935554847454,2691.4761634060555,15223.999985957584,           613P   5511
-3059.1705702970416,2677.5213286754,15223.999981859844,              613P   5512
-3058.2353638348745,2663.7805833642274,15223.999977762112,           613P   5513
-3057.3001362192826,2650.0397634492856,15223.999973852246,           613P   5514
-3056.0526927168357,2636.5129994412864,15223.999970130228,           613P   5515
-3054.4949329969413,2623.206646353365,15223.99996659605,             613P   5516
-3052.6287567290083,2610.1270591986595,15223.999963061895,           613P   5517
-3050.762556419256,2597.0474209090607,15223.999959715573,            613P   5518
-3048.5879418862605,2584.194519454797,15223.999956557249,            613P   5519
-3046.1065956783955,2571.5742506801084,15223.999953587096,           613P   5520
-3043.320200344031,2559.192510429233,15223.999948636916,             613P   5521
-3038.6761120844285,2538.556184496171,15223.999944209248,            613P   5522
-3033.1848408053083,2518.582499137522,15223.999940306114,            613P   5523
-3026.8528532634737,2499.297256119776,15223.999936929527,            613P   5524
-3019.6866162157285,2480.7262572094223,15223.999933890784,           613P   5525
-3013.2368542723443,2464.0123113018503,15223.999931278668,           613P   5526
-3006.1112226973473,2447.876697770227,15223.999929096024,            613P   5527
-2998.313393411853,2432.33801598443,15223.999927345702,              613P   5528
-2989.847038336978,2417.4148653143366,15223.999924428637,            613P   5529
-2975.7363270158135,2392.542943843197,15223.999922713245,            613P   5530
-2959.7684363953476,2369.3813008751163,15223.999922216022,           613P   5531
-2941.9577403100748,2348.0163133115,15223.99992296389,               613P   5532
-2922.3182547455385,2328.5441693609127,15223.999923263067,           613P   5533
-2914.4624831017554,2320.7553394187353,15223.99992376139,            613P   5534
-2906.3141052116216,2313.269317981917,15223.99992446074,             613P   5535
-2897.874157945428,2306.0924670587738,15223.999925362994,            613P   5536
-2889.1436781734656,2299.2311486576223,15223.999926866793,           613P   5537
-2874.5930198287833,2287.7957770615617,15223.999928934012,           613P   5538
-2859.234961353063,2277.236572986973,15223.999931574588,             613P   5539
-2843.075984390391,2267.5851306427876,15223.999934798463,            613P   5540
-2826.1225705848497,2258.873044237938,15223.999937055274,            613P   5541
-2814.2553844420813,2252.7747495262215,15223.999939598072,           613P   5542
-2801.999096109321,2247.1369472468455,15223.999942430692,            613P   5543
-2789.357077351293,2241.971291034305,15223.999945556965,             613P   5544
-2776.3326999327214,2237.289434523095,15223.999948236677,            613P   5545
-2765.1690809525994,2233.276473641795,15223.999951132158,            613P   5546
-2753.7245924072913,2229.619008251648,15223.999954246001,            613P   5547
-2742.0022418674107,2226.324745442676,15223.999957580796,            613P   5548
-2730.0050369035703,2223.401392304899,15223.999965917863,            613P   5549
-2700.011970007286,2216.093115263769,15223.999975635532,             613P   5550
-2668.3032606978386,2211.103054799056,15223.999986775847,            613P   5551
-2634.929782230859,2208.5551465454478,15223.999999378557,            613P   5552
-2600.0000000000005,2208.5783413869444,0.,11.,0.,0.,0.,0,0;          613P   5553
102,4,607,609,611,613;                                               615P   5554
142,0,595,605,615,1,0,0;                                             617P   5555
406,1,6HJoin.4;                                                      619P   5556
144,595,1,0,617,0,1,619;                                             621P   5557
128,10,4,5,4,0,0,1,0,0,0.,0.,0.,0.,0.,0.,1.,1.,1.,1.,1.,2.,2.,       623P   5558
2.,2.,2.,2.,0.,0.,0.,0.,0.,1.,1.,1.,1.,1.,1.,1.,1.,1.,1.,1.,1.,      623P   5559
1.,1.,1.,1.,1.,1.,1.,1.,1.,1.,1.,1.,1.,1.,1.,1.,1.,1.,1.,1.,1.,      623P   5560
1.,1.,1.,1.,1.,1.,1.,1.,1.,1.,1.,1.,1.,1.,1.,1.,1.,1.,1.,1.,1.,      623P   5561
1.,1.,1.,1.,1.,1.,15224.000000536753,-2600.,3157.1495759214104,      623P   5562
15326.261876313409,-2600.0000000000005,3180.1360135164014,           623P   5563
15428.373433779616,-2600.0000000000055,3200.199474818958,            623P   5564
15530.998234975137,-2599.999999999996,3217.173956324654,             623P   5565
15633.365890661604,-2600.000000000001,3230.8327780511954,            623P   5566
15735.741581009752,-2600.,3241.520304724814,15848.063007504865,      623P   5567
-2600.0000000000005,3253.243095674762,15960.384434000025,            623P   5568
-2600.0000000000055,3261.367382000008,16072.557147999942,            623P   5569
-2599.999999999996,3266.2090239999907,16184.878574000004,            623P   5570
-2600.000000000001,3268.4000000000015,16297.2,-2600.,                623P   5571
3268.3999999999996,15223.999308391845,-2400.4276335520212,           623P   5572
3157.385598006144,15326.257176263956,-2387.748184389476,             623P   5573
3180.3549589998124,15428.37852057466,-2377.771004423269,             623P   5574
3200.4164694405677,15530.996581195714,-2371.249798070752,            623P   5575
3217.391758472535,15633.366528799037,-2366.796101728677,             623P   5576
3231.0513068340324,15735.741581420625,-2363.773066595106,            623P   5577
3241.741283820389,15848.062579434612,-2360.4540359285647,            623P   5578
3253.466284346839,15960.38655566335,-2358.840274337372,              623P   5579
3261.5921898351485,16072.559311887926,-2357.9951605407678,           623P   5580
3266.4357144634096,16184.878143863405,-2357.655174229659,            623P   5581
3268.62700714123,16297.199999999984,-2357.655175130084,              623P   5582
3268.627061569394,15223.999038037316,-2224.5457876710707,            623P   5583
3076.730139133528,15326.255355668014,-2203.5821873976925,            623P   5584
3096.009677227763,15428.380513160673,-2186.514246660634,             623P   5585
3112.6780171045675,15530.995911518727,-2174.9959461971785,           623P   5586
3126.6701458101265,15633.366775215309,-2167.249978209519,            623P   5587
3137.9371442767547,15735.741580961896,-2161.9306632888593,           623P   5588
3146.7353456484175,15848.062416325589,-2156.102059142524,            623P   5589
3156.3872067384264,15960.387367777563,-2153.2462258574224,           623P   5590
3163.0603684522757,16072.56013254957,-2151.7619079684127,            623P   5591
3167.0389505752223,16184.87797987281,-2151.1626560051614,            623P   5592
3168.83733534616,16297.20000000002,-2151.1625918037016,              623P   5593
3168.837408196295,15223.999308391853,-2139.6567202188885,            623P   5594
2909.6196519271425,15326.257176263953,-2114.657296488618,            623P   5595
2921.3276035071726,15428.37852057469,-2094.1302557061217,            623P   5596
2931.0390392407007,15530.996581195723,-2080.1853733991857,           623P   5597
2938.879312473534,15633.366528799042,-2070.836892387238,             623P   5598
2945.219728959095,15735.741581420634,-2064.401423013719,             623P   5599
2950.1151181384294,15848.062579434623,-2057.352650832803,            623P   5600
2955.4913337508515,15960.386555663332,-2053.8938285137096,           623P   5601
2959.1654333491447,16072.559311887971,-2052.098518952803,            623P   5602
2961.357349685608,16184.8781438634,-2051.3729861720562,              623P   5603
2962.3448260143005,16297.199999999993,-2051.372938430605,            623P   5604
2962.3448248699196,15224.000000536753,-2139.9049412953145,2720.,     623P   5605
15326.261876313409,-2114.887681483764,2720.0000000000005,            623P   5606
15428.373433779616,-2094.359228458082,2720.000000000001,             623P   5607
15530.998234975137,-2080.4124770370304,2719.9999999999936,           623P   5608
15633.365890661604,-2071.0639305135273,2720.000000000001,            623P   5609
15735.741581009752,-2064.628314827031,2720.,15848.063007504865,      623P   5610
-2057.5794022613195,2720.0000000000005,15960.384434000025,           623P   5611
-2054.121318000004,2720.000000000001,16072.557147999942,             623P   5612
-2052.3257839999933,2719.9999999999936,16184.878574000004,           623P   5613
-2051.6000000000013,2720.000000000001,16297.2,-2051.6,2720.,0.,      623P   5614
2.,0.,1.;                                                            623P   5615
126,3,3,0,0,1,0,0.,0.,0.,0.,1.,1.,1.,1.,1.,1.,1.,1.,0.,0.,0.,        625P   5616
0.6992144126132473,3.821678244075181D-9,0.,1.3628571676248122,       625P   5617
3.7308868803008344D-15,0.,2.,0.,0.,0.,1.,0.,0.,0.,0,0;               625P   5618
126,3,3,0,0,1,0,0.,0.,0.,0.,1.,1.,1.,1.,1.,1.,1.,1.,2.,0.,0.,2.,     627P   5619
0.33387816065964154,0.,2.,0.666121839340364,0.,2.,1.,0.,0.,1.,       627P   5620
0.,0.,0.,0,0;                                                        627P   5621
126,3,3,0,0,1,0,0.,0.,0.,0.,1.,1.,1.,1.,1.,1.,1.,1.,2.,1.,0.,        629P   5622
1.3628571676248122,1.,0.,0.6992550006642886,0.9999998494002019,      629P   5623
0.,0.,1.,0.,0.,1.,0.,0.,0.,0,0;                                      629P   5624
126,3,3,0,0,1,0,0.,0.,0.,0.,1.,1.,1.,1.,1.,1.,1.,1.,0.,1.,0.,0.,     631P   5625
0.6517689720169586,0.,0.,0.3357432460959588,0.,0.,0.,0.,0.,1.,       631P   5626
0.,0.,0.,0,0;                                                        631P   5627
102,4,625,627,629,631;                                               633P   5628
126,25,5,0,0,1,0,0.,0.,0.,0.,0.,0.,1.,1.,1.,1.,1.,2.,2.,2.,2.,       635P   5629
2.,3.,3.,3.,3.,3.,4.,4.,4.,4.,4.,5.,5.,5.,5.,5.,5.,1.,1.,1.,1.,      635P   5630
1.,1.,1.,1.,1.,1.,1.,1.,1.,1.,1.,1.,1.,1.,1.,1.,1.,1.,1.,1.,1.,      635P   5631
1.,15224.000000536753,-2600.,3157.1495759214104,                     635P   5632
15250.813599463749,-2599.999999771189,3163.1767397633153,            635P   5633
15277.60349508018,-2599.9999995614494,3168.9999413304745,            635P   5634
15304.381431958798,-2599.9999993724655,3174.6165296298295,           635P   5635
15331.153575575676,-2599.999999205166,3180.0238868298366,            635P   5636
15357.920512310198,-2599.999999059727,3185.219428260465,             635P   5637
15393.609753576658,-2599.9999988657883,3192.1468148013814,           635P   5638
15429.291629897361,-2599.9999987107763,3198.698106249407,            635P   5639
15464.96717430876,-2599.999998594888,3204.867086766381,              635P   5640
15500.632196147591,-2599.9999985163986,3210.650703700081,            635P   5641
15536.277281050883,-2599.9999984716665,3216.0490675842275,           635P   5642
15576.229889592913,-2599.9999984215333,3222.0997933334374,           635P   5643
15616.16005066484,-2599.999998414043,3227.6671703226566,             635P   5644
15656.054294507418,-2599.9999984440747,3232.751299156011,            635P   5645
15695.911237269844,-2599.9999985052914,3237.3622984285275,           635P   5646
15735.741581009752,-2599.9999985901427,3241.520304726133,            635P   5647
15780.91150382605,-2599.999998685011,3246.234652342154,              635P   5648
15826.04845481628,-2599.9999988097616,3250.3633873597987,            635P   5649
15871.14518003841,-2599.9999989540966,3253.929684265391,             635P   5650
15916.201931695521,-2599.999999107451,3256.9623862453564,            635P   5651
15961.226468135825,-2599.999999258991,3259.49600518622,              635P   5652
16028.53901083022,-2599.999999485577,3263.283548527293,              635P   5653
16095.776942793818,-2599.999999708293,3265.9541506543624,            635P   5654
16162.957309885343,-2599.9999998914777,3267.6182596667572,           635P   5655
16230.10801875768,-2599.999999999995,3268.4000061793276,16297.2,     635P   5656
-2600.,3268.3999999999996,0.,5.,0.,0.,0.,0,0;                        635P   5657
126,44,4,0,0,1,0,0.,0.,0.,0.,0.,1.,1.,1.,1.,2.,2.,2.,2.,3.,3.,       637P   5658
3.,3.,4.,4.,4.,4.,5.,5.,5.,5.,6.,6.,6.,6.,7.,7.,7.,7.,8.,8.,8.,      637P   5659
8.,9.,9.,9.,9.,10.,10.,10.,10.,11.,11.,11.,11.,11.,1.,1.,1.,1.,      637P   5660
1.,1.,1.,1.,1.,1.,1.,1.,1.,1.,1.,1.,1.,1.,1.,1.,1.,1.,1.,1.,1.,      637P   5661
1.,1.,1.,1.,1.,1.,1.,1.,1.,1.,1.,1.,1.,1.,1.,1.,1.,1.,1.,1.,         637P   5662
16297.2,-2600.,3268.3999999999996,16297.199999999986,                637P   5663
-2584.82862362252,3268.4142775156756,16297.19999999999,              637P   5664
-2569.8010975373263,3268.0363526871497,16297.2,                      637P   5665
-2554.933868104984,3267.2655123196314,16297.199999999999,            637P   5666
-2540.243381686055,3266.1010432183307,16297.199999999983,            637P   5667
-2525.5527604242498,3264.936699598865,16297.19999999999,             637P   5668
-2511.0388793949414,3263.3787282279573,16297.2,                      637P   5669
-2496.716971442033,3261.427545179804,16297.199999999999,             637P   5670
-2482.6022694094286,3259.0835665285986,16297.200000000008,           637P   5671
-2468.487434516225,3256.7397127235536,16297.199999999997,            637P   5672
-2454.5798030380593,3254.0030640283426,16297.199999999983,           637P   5673
-2440.8934121420466,3250.8751600653914,16297.199999999992,           637P   5674
-2427.4422989953023,3247.3575404571243,16297.200000000015,           637P   5675
-2405.023666858896,3241.4949449565333,16297.19999999995,             637P   5676
-2383.2579163074984,3234.5504397745467,16297.200000000026,           637P   5677
-2362.2072789120566,3226.5337486458684,16297.199999999999,           637P   5678
-2341.9249655298577,3217.463220886026,16297.199999999959,            637P   5679
-2323.6708847047457,3209.299745720572,16297.200000000057,            637P   5680
-2306.039153740347,3200.2826624737954,16297.19999999995,             637P   5681
-2289.068573032687,3190.4253455798157,16297.200000000003,            637P   5682
-2272.792125656767,3179.7468269517763,16297.199999999986,            637P   5683
-2245.6647102422626,3161.9492934621535,16297.200000000026,           637P   5684
-2220.4654721528755,3141.8706584319957,16297.19999999998,            637P   5685
-2197.3470682685015,3119.598989345926,16297.200000000003,            637P   5686
-2176.4179912076424,3095.2662683000517,16297.199999999992,           637P   5687
-2168.0462989484195,3085.533243628647,16297.199999999997,            637P   5688
-2160.025129710919,3075.470221459581,16297.200000000008,             637P   5689
-2152.3608698496446,3065.0862189018158,16297.200000000003,           637P   5690
-2145.0599057191007,3054.3902530643136,16297.199999999992,           637P   5691
-2132.891528321721,3036.5637482168286,16297.200000000015,            637P   5692
-2121.731671954377,3017.87132382727,16297.200000000003,              637P   5693
-2111.6073072192457,2998.3573475027697,16297.2,                      637P   5694
-2102.5367791139724,2978.07503447014,16297.199999999999,             637P   5695
-2096.187409575614,2963.8774160673756,16297.20000000002,             637P   5696
-2090.354420260752,2949.3033164087824,16297.199999999988,            637P   5697
-2085.0441044732224,2934.3709914717338,16297.2,                      637P   5698
-2080.2606853381503,2919.100855592943,16297.2,                       637P   5699
-2076.1605496067023,2906.0122332016144,16297.199999999997,           637P   5700
-2072.4477495639476,2892.6751836657577,16297.199999999993,           637P   5701
-2069.1243850284623,2879.103152424376,16297.2,                       637P   5702
-2066.1925558188245,2865.309584916469,16297.200000000003,            637P   5703
-2058.862830519003,2830.8258201951467,16297.199999999999,            637P   5704
-2053.978758241746,2794.9590104657914,16297.199999999997,            637P   5705
-2051.564461424925,2757.9282770733344,16297.2,-2051.6,2720.,0.,      637P   5706
11.,0.,0.,0.,0,0;                                                    637P   5707
126,25,5,0,0,1,0,0.,0.,0.,0.,0.,0.,1.,1.,1.,1.,1.,2.,2.,2.,2.,       639P   5708
2.,3.,3.,3.,3.,3.,4.,4.,4.,4.,4.,5.,5.,5.,5.,5.,5.,1.,1.,1.,1.,      639P   5709
1.,1.,1.,1.,1.,1.,1.,1.,1.,1.,1.,1.,1.,1.,1.,1.,1.,1.,1.,1.,1.,      639P   5710
1.,16297.2,-2051.6,2720.,16234.580808171086,-2051.6000011435685,     639P   5711
2720.0000000000296,16171.911032464246,-2051.8255715838945,           639P   5712
2720.000003725556,16109.21404833756,-2052.337089465871,              639P   5713
2720.000010091296,16046.470230497365,-2053.219378258054,             639P   5714
2720.00001791069,15983.664522295525,-2054.642484244216,              639P   5715
2720.0000260116653,15934.166449497832,-2055.7640695868613,           639P   5716
2720.000032396642,15884.629958880747,-2057.2216066239907,            639P   5717
2720.000038957672,15835.04776319706,-2059.0984631059346,             639P   5718
2720.000045125052,15785.41442153247,-2061.511017934008,              639P   5719
2720.0000503389674,15735.741581009752,-2064.62831477367,             639P   5720
2720.000054121102,15704.796780567505,-2066.5735890597907,            639P   5721
2720.0000565141577,15673.837182356127,-2068.7859832164286,           639P   5722
2720.000058337294,15642.855164806235,-2071.312582207162,             639P   5723
2720.0000594711505,15611.851725807883,-2074.203298581847,            639P   5724
2720.0000598088122,15580.830336296474,-2077.4997476046906,           639P   5725
2720.0000592650986,15545.206316349748,-2081.2852883906426,           639P   5726
2720.0000586407145,15509.558622727982,-2085.6058874682067,           639P   5727
2720.000056853983,15473.8924974184,-2090.5245396139367,              639P   5728
2720.0000537759734,15438.217472415781,-2096.089788185948,            639P   5729
2720.0000493155085,15402.534730899757,-2102.312803170783,            639P   5730
2720.000043442633,15366.851986000851,-2108.5358116437683,            639P   5731
2720.0000375698182,15331.16151389777,-2115.4165659353475,            639P   5732
2720.000030284809,15295.464459383547,-2122.9661622420936,            639P   5733
2720.0000215580912,15259.75356074542,-2131.158212021611,             639P   5734
2720.000011422629,15224.000000536753,-2139.9049412953145,2720.,      639P   5735
0.,5.,0.,0.,0.,0,0;                                                  639P   5736
126,44,4,0,0,1,0,0.,0.,0.,0.,0.,1.,1.,1.,1.,2.,2.,2.,2.,3.,3.,       641P   5737
3.,3.,4.,4.,4.,4.,5.,5.,5.,5.,6.,6.,6.,6.,7.,7.,7.,7.,8.,8.,8.,      641P   5738
8.,9.,9.,9.,9.,10.,10.,10.,10.,11.,11.,11.,11.,11.,1.,1.,1.,1.,      641P   5739
1.,1.,1.,1.,1.,1.,1.,1.,1.,1.,1.,1.,1.,1.,1.,1.,1.,1.,1.,1.,1.,      641P   5740
1.,1.,1.,1.,1.,1.,1.,1.,1.,1.,1.,1.,1.,1.,1.,1.,1.,1.,1.,1.,         641P   5741
15224.000000536753,-2139.9049412953145,2720.,15223.999955344216,     641P   5742
-2139.888708164117,2732.381013227257,15223.999912124375,             641P   5743
-2140.2355924452995,2744.6179240769043,15223.999870869453,           641P   5744
-2140.9406848887174,2756.6980761701916,15223.999831571668,           641P   5745
-2141.999076244228,2768.608813128367,15223.99979227373,              641P   5746
-2143.057423796529,2780.5197613589553,15223.99975493284,             641P   5747
-2144.4690531118504,2792.261343993583,15223.9997195399,              641P   5748
-2146.228661972712,2803.8228044094476,15223.999686085808,            641P   5749
-2148.330948161635,2815.1933859837472,15223.999652631639,            641P   5750
-2150.4332015980535,2826.56414410011,15223.999621116243,             641P   5751
-2152.878120016846,2837.744066489009,15223.999591529855,             641P   5752
-2155.6601075715084,2848.7239838859437,15223.999563862706,           641P   5753
-2158.77356841554,2859.4947270264124,15223.999517750737,             641P   5754
-2163.962645738869,2877.446104019619,15223.999476969899,             641P   5755
-2170.072351159626,2894.817190146771,15223.999441473832,             641P   5756
-2177.0761807453346,2911.568989421358,15223.99941121754,             641P   5757
-2184.9461455577525,2927.6713013105746,15223.999383987104,           641P   5758
-2192.029068984456,2942.1635914425906,15223.999361000357,            641P   5759
-2199.813750571541,2956.128835070939,15223.999342226525,             641P   5760
-2208.2793886754375,2969.546917328994,15223.999327634834,            641P   5761
-2217.4051816525766,2982.397723350129,15223.999303315653,            641P   5762
-2232.6147840154204,3003.816167272315,15223.999290615982,            641P   5763
-2249.6575004726374,3023.660690158248,15223.999289401214,            641P   5764
-2268.435517512022,3041.8484318695073,15223.999299577601,            641P   5765
-2288.8415847758047,3058.316484704289,15223.99930364822,             641P   5766
-2297.003983353156,3064.903710414411,15223.999309541232,             641P   5767
-2305.426921606029,3071.215675708174,15223.999317251226,             641P   5768
-2314.103320270548,3077.2484683213447,15223.999326772793,            641P   5769
-2323.026100082838,3082.998175989691,15223.999342642164,             641P   5770
-2337.897368329167,3092.5810549441517,15223.999363544335,            641P   5771
-2353.4527856154464,3101.377765400458,15223.999389456834,            641P   5772
-2369.658795643768,3109.3710121567874,15223.999420365133,            641P   5773
-2386.477919944971,3116.5455688478824,15223.999442000983,            641P   5774
-2398.251242494526,3121.5677713963432,15223.99946608449,             641P   5775
-2410.3251770498264,3126.1887341695174,15223.999492611252,           641P   5776
-2422.686197169468,3130.4034009918887,15223.999521576865,            641P   5777
-2435.320776412046,3134.206715687943,15223.999546404642,             641P   5778
-2446.150275331125,3137.466738202327,15223.999573024379,             641P   5779
-2457.1806924566063,3140.4245705640074,15223.999601433981,           641P   5780
-2468.4025885061105,3143.077271470903,15223.999631631365,            641P   5781
-2479.806524197257,3145.4218996209343,15223.999707125131,            641P   5782
-2508.316368813844,3151.2834740261233,15223.99979379187,             641P   5783
-2537.962040359312,3155.220004293593,15223.999891607065,             641P   5784
-2568.59128465673,3157.1867402160797,15224.000000536753,-2600.,      641P   5785
3157.1495759214104,0.,11.,0.,0.,0.,0,0;                              641P   5786
102,4,635,637,639,641;                                               643P   5787
142,0,623,633,643,1,0,0;                                             645P   5788
406,1,6HJoin.4;                                                      647P   5789
144,623,1,0,645,0,1,647;                                             649P   5790
128,10,2,5,2,0,0,1,0,0,0.,0.,0.,0.,0.,0.,1.,1.,1.,1.,1.,2.,2.,       651P   5791
2.,2.,2.,2.,0.,0.,0.,1.,1.,1.,1.,1.,1.,1.,1.,1.,1.,1.,1.,1.,1.,      651P   5792
1.,1.,1.,1.,1.,1.,1.,1.,1.,1.,1.,1.,1.,1.,1.,1.,1.,1.,1.,1.,1.,      651P   5793
1.,15224.,-2600.,2208.5783420000002,15224.000000000005,              651P   5794
-2682.2691528012497,2208.650642855371,15224.000000000022,            651P   5795
-2764.022673034315,2221.459377477933,15223.999999999975,             651P   5796
-2846.341695392273,2252.9115813278067,15224.000000000015,            651P   5797
-2911.7863609809115,2307.588905136826,15224.,-2960.44009874001,      651P   5798
2372.391079645102,15224.000000000005,-3006.891257494367,             651P   5799
2434.288674784611,15224.000000000022,-3037.488808797202,             651P   5800
2506.373359349013,15223.999999999975,-3052.836080764574,             651P   5801
2578.7372544282407,15224.000000000015,-3060.1330193084914,           651P   5802
2649.4759020264837,15224.,-3060.0944980000004,2720.,                 651P   5803
14694.963660000001,-2600.,2367.400352875,14694.932069219794,         651P   5804
-2656.6483007627567,2367.4677245124617,14696.127335502184,           651P   5805
-2713.4223047416954,2377.323172567711,14695.353736455469,            651P   5806
-2768.1061674108632,2401.560420572212,14692.254993775068,            651P   5807
-2813.086800089506,2437.4801846102273,14688.014894281876,            651P   5808
-2848.130753113278,2480.7023887279315,14683.962382409536,            651P   5809
-2881.515320625333,2521.9357409387712,14678.777129917686,            651P   5810
-2905.5094472077417,2569.909240059565,14673.365713546127,            651P   5811
-2918.5566987569614,2620.392625230716,14670.163509814856,            651P   5812
-2924.482434504356,2670.261345788086,14670.154709999995,             651P   5813
-2924.469133124999,2719.9999688749995,14454.,-2600.,2640.62746,      651P   5814
14454.000000000011,-2612.7537109346645,2640.629258808155,            651P   5815
14454.000000000024,-2625.5279877216444,2643.1829411352182,           651P   5816
14453.999999999975,-2637.617481569441,2648.3473940630147,            651P   5817
14454.000000000011,-2648.2705500685834,2655.713811350666,14454.,     651P   5818
-2657.132598758785,2664.90130705961,14454.000000000011,              651P   5819
-2665.5831652607935,2673.66561123231,14454.000000000024,             651P   5820
-2672.3500958299883,2684.0365666751677,14453.999999999975,           651P   5821
-2677.029687902234,2695.612269028363,14454.000000000011,             651P   5822
-2679.3745926981373,2707.8370057424654,14454.,-2679.372502,          651P   5823
2719.999914,0.,2.,0.,1.;                                             651P   5824
126,3,3,0,0,1,0,0.,0.,0.,0.,1.,1.,1.,1.,1.,1.,1.,1.,2.,0.,0.,2.,     653P   5825
0.3333333333506271,0.,2.,0.6666666675272793,0.,2.,                   653P   5826
0.9999999999999999,0.,0.,1.,0.,0.,0.,0,0;                            653P   5827
126,3,3,0,0,1,0,0.,0.,0.,0.,1.,1.,1.,1.,1.,1.,1.,1.,2.,              655P   5828
0.9999999999999999,0.,1.3168059933974587,0.9999999999999999,0.,      655P   5829
0.6515457351331877,0.9999939679004243,0.,0.,0.9999999999999999,      655P   5830
0.,0.,1.,0.,0.,0.,0,0;                                               655P   5831
126,3,3,0,0,1,0,0.,0.,0.,0.,1.,1.,1.,1.,1.,1.,1.,1.,0.,              657P   5832
0.9999999999999999,0.,1.370842187095858D-12,0.6666666681249316,      657P   5833
0.,0.,0.33333333318150876,0.,0.,0.,0.,0.,1.,0.,0.,0.,0,0;            657P   5834
126,3,3,0,0,1,0,0.,0.,0.,0.,1.,1.,1.,1.,1.,1.,1.,1.,0.,0.,0.,        659P   5835
0.6508081139211821,0.,0.,1.3170363085292176,                         659P   5836
2.731340384745596D-5,0.,2.,0.,0.,0.,1.,0.,0.,0.,0,0;                 659P   5837
102,4,653,655,657,659;                                               661P   5838
126,12,2,0,0,1,0,0.,0.,0.,1.,1.,2.,2.,3.,3.,4.,4.,5.,5.,6.,6.,       663P   5839
6.,1.,1.,1.,1.,1.,1.,1.,1.,1.,1.,1.,1.,1.,15224.,                    663P   5840
-3060.0944980000004,2720.,15154.769338744378,                        663P   5841
-3043.1413273896246,2719.999996109376,15090.815092771296,            663P   5842
-3024.4776682340707,2719.999991847655,15026.86084679853,             663P   5843
-3005.814009078414,2719.9999875859385,14968.183016129526,            663P   5844
-2985.439861380045,2719.999982953125,14880.166270124128,             663P   5845
-2954.8786398313514,2719.9999760039054,14804.021458596515,           663P   5846
-2920.4688190740467,2719.9999682197263,14744.797716298506,           663P   5847
-2893.705625151697,2719.999962165365,14692.755761540539,             663P   5848
-2864.614266287622,2719.9999556059024,14618.410111887202,            663P   5849
-2823.0551821937,2719.999946235243,14558.721171507197,               663P   5850
-2776.744741109317,2719.9999358337673,14499.032231129608,            663P   5851
-2730.43430002415,2719.9999254322915,14454.,-2679.372502,            663P   5852
2719.999914,0.,6.,0.,0.,0.,0,0;                                      663P   5853
126,20,5,0,0,1,0,0.,0.,0.,0.,0.,0.,1.,1.,1.,1.,1.,2.,2.,2.,2.,       665P   5854
2.,3.,3.,3.,3.,3.,4.,4.,4.,4.,4.,4.,1.,1.,1.,1.,1.,1.,1.,1.,1.,      665P   5855
1.,1.,1.,1.,1.,1.,1.,1.,1.,1.,1.,1.,14454.,-2679.372502,             665P   5856
2719.999914,14454.000000040454,-2679.3735774369434,                  665P   5857
2713.767701835652,14454.000048732238,-2678.7584854195866,            665P   5858
2707.498250326598,14454.000134818298,-2677.5206729136908,            665P   5859
2701.2871718619544,14454.00024785023,-2675.66955366199,              665P   5860
2695.222726448382,14454.000378188275,-2673.230508184198,             665P   5861
2689.385821710085,14454.000498640538,-2670.9700738066313,            665P   5862
2683.9763792179856,14454.000633104539,-2668.20453717324,             665P   5863
2678.7621473517943,14454.000772311281,-2664.9539904791727,           665P   5864
2673.8073096894027,14454.000905128782,-2661.2495647989977,           665P   5865
2669.169640616319,14454.001018562067,-2657.1334300867015,            665P   5866
2664.9005053256697,14454.001149374064,-2652.6066052097976,           665P   5867
2660.207328010974,14454.0012550533,-2647.595514058229,               665P   5868
2655.9715017520894,14454.001315244783,-2642.1439795931656,           665P   5869
2652.2547990938424,14454.001311235588,-2636.318340553655,            665P   5870
2649.113674402702,14454.001225954862,-2630.207451456622,             665P   5871
2646.5992638667785,14454.001146523773,-2624.513465438562,            665P   5872
2644.25625042193,14454.000996838136,-2618.5711263546036,             665P   5873
2642.4563196395707,14454.000763220974,-2612.4501080328155,           665P   5874
2641.2377278207787,14454.000435975053,-2606.232212598675,            665P   5875
2640.627836605572,14454.,-2600.,2640.62746,0.,4.,0.,0.,0.,0,0;       665P   5876
126,12,2,0,0,1,0,0.,0.,0.,1.,1.,2.,2.,3.,3.,4.,4.,5.,5.,6.,6.,       667P   5877
6.,1.,1.,1.,1.,1.,1.,1.,1.,1.,1.,1.,1.,1.,14454.,-2600.,             667P   5878
2640.62746,14484.120457367035,-2600.0000000000186,                   667P   5879
2606.4740717565737,14518.742050396522,-2600.0000000000464,           667P   5880
2574.108263061247,14553.363643426525,-2600.0000000000737,            667P   5881
2541.7424543661236,14592.486372128269,-2600.000000000097,            667P   5882
2511.16422524367,14651.17046518254,-2600.0000000001314,              667P   5883
2465.2968815567315,14719.982113497745,-2600.0000000001355,           667P   5884
2423.451591968144,14773.50228441051,-2600.000000000136,              667P   5885
2390.9052556227402,14833.149001079299,-2600.0000000001205,           667P   5886
2360.792013762205,14918.358596327536,-2600.000000000093,             667P   5887
2317.773096816736,15016.071346095334,-2600.00000000005,              667P   5888
2279.7196788669553,15113.78409586706,-2600.000000000005,             667P   5889
2241.666260918736,15224.,-2600.,2208.5783420000002,0.,6.,0.,0.,      667P   5890
0.,0,0;                                                              667P   5891
126,50,5,0,0,1,0,0.,0.,0.,0.,0.,0.,1.,1.,1.,1.,1.,2.,2.,2.,2.,       669P   5892
2.,3.,3.,3.,3.,3.,4.,4.,4.,4.,4.,5.,5.,5.,5.,5.,6.,6.,6.,6.,6.,      669P   5893
7.,7.,7.,7.,7.,8.,8.,8.,8.,8.,9.,9.,9.,9.,9.,10.,10.,10.,10.,        669P   5894
10.,10.,1.,1.,1.,1.,1.,1.,1.,1.,1.,1.,1.,1.,1.,1.,1.,1.,1.,1.,       669P   5895
1.,1.,1.,1.,1.,1.,1.,1.,1.,1.,1.,1.,1.,1.,1.,1.,1.,1.,1.,1.,1.,      669P   5896
1.,1.,1.,1.,1.,1.,1.,1.,1.,1.,1.,1.,15224.,-2600.,                   669P   5897
2208.5783420000002,15224.000000001039,-2621.751204992883,            669P   5898
2208.5974585543513,15223.999841009341,-2643.4335578425635,           669P   5899
2209.506896117222,15223.999544580514,-2665.0668414571064,            669P   5900
2211.4104783418334,15223.999132603723,-2686.5803042998114,           669P   5901
2214.403326878284,15223.998626200255,-2707.862958309104,             669P   5902
2218.5518727604695,15223.998236665724,-2724.2342167765737,           669P   5903
2221.743068518139,15223.997791275293,-2740.4688687096263,            669P   5904
2225.618124775199,15223.997299695066,-2756.5162744719346,            669P   5905
2230.207336759762,15223.996771401673,-2772.3115808896796,            669P   5906
2235.5310145471967,15223.996215780327,-2787.788194465428,            669P   5907
2241.594611422544,15223.99543791104,-2809.4554406155144,             669P   5908
2250.083653125351,15223.994606480164,-2830.49809682241,              669P   5909
2260.0229135835284,15223.993747262486,-2850.7331246433414,           669P   5910
2271.427501330175,15223.99288572371,-2869.9712549474266,             669P   5911
2284.2552368618485,15223.992048169615,-2888.0782254465507,           669P   5912
2298.383221199593,15223.991629391778,-2897.131658719115,             669P   5913
2305.4472331194675,15223.991216612878,-2905.902476666723,            669P   5914
2312.836242548811,15223.990813113525,-2914.373412867676,             669P   5915
2320.5350707518164,15223.990422241652,-2922.531563941749,            669P   5916
2328.5231501230282,15223.990047412519,-2930.368389550193,            669P   5917
2336.774524187341,15223.989738595646,-2936.825060919775,             669P   5918
2343.57272500315,15223.989440669457,-2943.063703463178,              669P   5919
2350.5496164871274,15223.989155545663,-2949.0796245594693,           669P   5920
2357.6906510100252,15223.988885174207,-2954.8707685219706,           669P   5921
2364.978564608745,15223.988631543258,-2960.437716598264,             669P   5922
2372.3933769863374,15223.988425506572,-2965.1948832273056,           669P   5923
2378.732547248438,15223.988230392904,-2969.782417789094,             669P   5924
2385.1740430749883,15223.988047281102,-2974.2020498111933,           669P   5925
2391.7078819650096,15223.987877250009,-2978.4555088211687,           669P   5926
2398.324081417523,15223.98772137847,-2982.544524346584,              669P   5927
2405.0126589315496,15223.987569396726,-2986.531981181341,            669P   5928
2411.535100593006,15223.987430878167,-2990.3631269604393,            669P   5929
2418.1263515763867,15223.987306859248,-2994.040619843501,            669P   5930
2424.7788259270365,15223.987198376415,-2997.5671179901483,           669P   5931
2431.484937690301,15223.987106466111,-3000.9452795600027,            669P   5932
2438.237100911525,15223.986804014286,-3012.0622558416026,            669P   5933
2460.4573146428634,15223.986681136013,-3021.5751204400303,           669P   5934
2483.1804156398794,15223.986775210065,-3029.5923027413996,           669P   5935
2506.1613603825153,15223.987125623577,-3036.2646663197056,           669P   5936
2529.2413831045915,15223.987770838961,-3041.7357976270796,           669P   5937
2552.3250497816766,15223.988114955613,-3044.6537751202563,           669P   5938
2564.6363574302013,15223.988542908395,-3047.2299279406866,           669P   5939
2576.948633236966,15223.989060560954,-3049.486496084649,             669P   5940
2589.2476120796964,15223.989673594468,-3051.444196168998,            669P   5941
2601.5237043164284,15223.990387507658,-3053.1222214311656,           669P   5942
2613.771995785511,15223.991636850076,-3056.05870345901,              669P   5943
2635.2064761417355,15223.993195090392,-3058.1382085746945,           669P   5944
2656.555593364495,15223.995091497203,-3059.4613981974435,            669P   5945
2677.7919555156586,15223.997352711573,-3060.105379692886,            669P   5946
2698.927645060326,15224.,-3060.0944980000004,2720.,0.,10.,0.,0.,     669P   5947
0.,0,0;                                                              669P   5948
102,4,663,665,667,669;                                               671P   5949
142,0,651,661,671,1,0,0;                                             673P   5950
406,1,6HJoin.4;                                                      675P   5951
144,651,1,0,673,0,1,675;                                             677P   5952
128,8,1,4,1,0,0,1,0,0,0.,0.,0.,0.,0.,1.,1.,1.,1.,2.,2.,2.,2.,2.,     679P   5953
0.,0.,1.,1.,1.,1.,1.,1.,1.,1.,1.,1.,1.,1.,1.,1.,1.,1.,1.,1.,1.,      679P   5954
1.,16299.459228,-2243.9974620000003,2664.53736,                      679P   5955
16401.20776825991,-2244.531058293913,2660.2267726049104,             679P   5956
16503.52743475347,-2246.213540769071,2653.0461575238123,             679P   5957
16605.619987479662,-2249.265819398874,2643.3786448236565,            679P   5958
16706.628352293224,-2254.490536696143,2631.4805985893186,            679P   5959
16833.468547151275,-2261.0686606457666,2616.476036972767,            679P   5960
16962.277574881587,-2271.160794697331,2598.107440310836,             679P   5961
17086.84170113726,-2286.257013416712,2577.822356752247,              679P   5962
17211.427585999998,-2309.580392,2557.20602,16297.199972,             679P   5963
-2059.1982980000002,2588.0902220000003,16399.197470788087,           679P   5964
-2059.7132579043673,2583.8173293827676,16501.769549765988,           679P   5965
-2061.385554709936,2576.6549983512346,16604.115574913907,            679P   5966
-2064.4316579658243,2566.997145563528,16705.375264162616,            679P   5967
-2069.656850509351,2555.0938297342645,16832.53117823071,             679P   5968
-2076.2352712341426,2540.0833651566154,16961.66012220881,            679P   5969
-2086.340679607205,2521.6791802981516,17086.534403972433,            679P   5970
-2101.4541244864577,2501.350817859439,17211.427585999998,            679P   5971
-2124.804486,2480.669334,0.,2.,0.,1.;                                679P   5972
126,3,3,0,0,1,0,0.,0.,0.,0.,1.,1.,1.,1.,1.,1.,1.,1.,2.,0.,0.,2.,     681P   5973
0.3333333333333333,0.,2.,0.6666666666666667,0.,2.,1.,0.,0.,1.,       681P   5974
0.,0.,0.,0,0;                                                        681P   5975
126,5,3,0,0,1,0,0.,0.,0.,0.,0.49999999916844945,                     683P   5976
0.49999999916844945,1.,1.,1.,1.,1.,1.,1.,1.,1.,1.,2.,1.,0.,          683P   5977
1.7013574656062516,1.,0.,1.4013547057408247,1.,0.,                   683P   5978
0.7525720140119654,0.9999781158949603,0.,0.3765789251076658,         683P   5979
0.9999605488685278,0.,0.,1.,0.,0.,1.,0.,0.,0.,0,0;                   683P   5980
126,3,3,0,0,1,0,0.,0.,0.,0.,1.,1.,1.,1.,1.,1.,1.,1.,0.,1.,0.,0.,     685P   5981
0.6666666666666667,0.,0.,0.3333333333333333,0.,0.,0.,0.,0.,1.,       685P   5982
0.,0.,0.,0,0;                                                        685P   5983
126,5,3,0,0,1,0,0.,0.,0.,0.,0.49999999896510583,                     687P   5984
0.49999999896510583,1.,1.,1.,1.,1.,1.,1.,1.,1.,1.,0.,0.,0.,          687P   5985
0.3765790060411128,0.,0.,0.7525720295197162,0.,0.,                   687P   5986
1.4013546971553472,1.5156888480806495D-5,0.,1.7013572768331635,      687P   5987
9.061654773423758D-5,0.,2.,0.,0.,0.,1.,0.,0.,0.,0,0;                 687P   5988
102,4,681,683,685,687;                                               689P   5989
126,1,1,0,0,1,0,0.,0.,1.,1.,1.,1.,17211.427585999998,                691P   5990
-2309.580392,2557.20602,17211.427585999998,-2124.804486,             691P   5991
2480.669334,0.,1.,0.,0.,0.,0,0;                                      691P   5992
126,24,4,0,0,1,0,0.,0.,0.,0.,0.,1.,1.,1.,1.,2.,2.,2.,2.,3.,3.,       693P   5993
3.,3.,4.,4.,4.,4.,5.,5.,5.,5.,6.,6.,6.,6.,6.,1.,1.,1.,1.,1.,1.,      693P   5994
1.,1.,1.,1.,1.,1.,1.,1.,1.,1.,1.,1.,1.,1.,1.,1.,1.,1.,1.,            693P   5995
17211.427585999998,-2124.804486,2480.669334,17183.453772464585,      693P   5996
-2119.574427080286,2485.3016118325577,17155.459681657416,            693P   5997
-2114.75363120508,2489.9196926118243,17127.401579803573,             693P   5998
-2110.3080211547863,2494.5051354816237,17099.261879852726,           693P   5999
-2106.2068219372427,2499.0396140980447,17061.742289173493,           693P   6000
-2100.7385574586465,2505.085585457186,17024.07774197665,             693P   6001
-2095.8826499001807,2511.040987400071,16986.226700642466,            693P   6002
-2091.5661566820945,2516.8623696687873,16948.23242061638,            693P   6003
-2087.7279775430707,2522.5073073567946,16900.73959267102,            693P   6004
-2082.9302528897983,2529.563477048756,16853.02287020406,             693P   6005
-2078.879996197698,2536.3440218476876,16805.167347400802,            693P   6006
-2075.457875966058,2542.76602903066,16757.463563156703,              693P   6007
-2072.576207298933,2548.7508949846833,16744.42066339046,             693P   6008
-2071.789350335236,2550.3876637734456,16731.391650069643,            693P   6009
-2071.0409625141333,2551.9905981503675,16718.376523194245,           693P   6010
-2070.3310438356248,2553.5596981154495,16705.375282764267,           693P   6011
-2069.659594299711,2555.0949636686914,16661.286182757576,            693P   6012
-2067.3851349422766,2560.2779994680996,16616.985631812924,           693P   6013
-2065.5234906242113,2565.035986517337,16572.541857346863,            693P   6014
-2064.0081227049395,2569.3482923704596,16528.021043151526,           693P   6015
-2062.793756044003,2573.188722414855,16470.366992384035,             693P   6016
-2061.2211598073845,2578.1620430702424,16412.583780239944,           693P   6017
-2060.1533367942716,2582.3440092660103,16354.815179463294,           693P   6018
-2059.4919211661295,2585.67772303179,16297.199972,                   693P   6019
-2059.1982980000002,2588.0902220000003,0.,6.,0.,0.,0.,0,0;           693P   6020
126,1,1,0,0,1,0,0.,0.,1.,1.,1.,1.,16297.199972,                      695P   6021
-2059.1982980000002,2588.0902220000003,16299.459228,                 695P   6022
-2243.9974620000003,2664.53736,0.,1.,0.,0.,0.,0,0;                   695P   6023
126,20,4,0,0,1,0,0.,0.,0.,0.,0.,1.,1.,1.,1.,2.,2.,2.,2.,3.,3.,       697P   6024
3.,3.,4.,4.,4.,4.,5.,5.,5.,5.,5.,1.,1.,1.,1.,1.,1.,1.,1.,1.,1.,      697P   6025
1.,1.,1.,1.,1.,1.,1.,1.,1.,1.,1.,16299.459228,                       697P   6026
-2243.9974620000003,2664.53736,16356.933775353325,                   697P   6027
-2244.298874355869,2662.102444131885,16414.560735262658,             697P   6028
-2244.9667078628254,2658.7530394025216,16472.201655142613,           697P   6029
-2246.039940275066,2654.5600359653477,16529.713338360543,            697P   6030
-2247.616640531835,2649.5798978828957,16574.124203213352,            697P   6031
-2248.834174471241,2645.734210374329,16618.45797410925,              697P   6032
-2250.3519190541265,2641.4191716607543,16662.64867110859,            697P   6033
-2252.2150068829405,2636.6608122537527,16706.628345686073,           697P   6034
-2254.489562124249,2631.480195825085,16719.59730684947,              697P   6035
-2255.161068830815,2629.9455827412326,16732.580125863,               697P   6036
-2255.8709061035806,2628.3774179899706,16745.576802726668,           697P   6037
-2256.619073942545,2626.7757015712987,16758.58733744047,             697P   6038
-2257.405572347709,2625.140433485216,16801.414218380774,             697P   6039
-2259.99789423101,2619.7589526089573,16844.36366742981,              697P   6040
-2263.0257034183164,2614.025886311239,16887.2245827172,              697P   6041
-2266.5537312753468,2607.9980302343206,16929.919950706484,           697P   6042
-2270.6674399650788,2601.7355902194467,17001.07914000698,            697P   6043
-2277.523783009909,2591.2982680228256,17071.77787919785,             697P   6044
-2286.0059615469722,2580.2087323718856,17141.664897334456,           697P   6045
-2296.512380288048,2568.746936015459,17211.427585999998,             697P   6046
-2309.580392,2557.20602,0.,5.,0.,0.,0.,0,0;                          697P   6047
102,4,691,693,695,697;                                               699P   6048
142,0,679,689,699,1,0,0;                                             701P   6049
406,1,6HJoin.2;                                                      703P   6050
144,679,1,0,701,0,1,703;                                             705P   6051
128,3,4,3,4,0,0,1,0,0,0.,0.,0.,0.,1.,1.,1.,1.,0.,0.,0.,0.,0.,1.,     707P   6052
1.,1.,1.,1.,1.,1.,1.,1.,1.,1.,1.,1.,1.,1.,1.,1.,1.,1.,1.,1.,1.,      707P   6053
1.,1.,1.,14453.999978666061,-2600.,2640.6274582857586,               707P   6054
14453.934550959679,-2621.7068866219315,2640.627458285758,            707P   6055
14462.093153906437,-2643.292548578936,2640.627458285758,             707P   6056
14476.499988753638,-2659.5294237219646,2640.6274582857586,           707P   6057
14425.316063206978,-2599.999999999999,2673.0319619949123,            707P   6058
14425.229783061639,-2628.6250922246027,2673.031961994913,            707P   6059
14435.988611741968,-2657.0903249246926,2673.031961994915,            707P   6060
14454.987053409232,-2678.50205188769,2673.0319619949123,             707P   6061
14412.251441690987,-2600.,2720.000001056323,14412.155665323404,      707P   6062
-2631.776116547944,2720.000001056323,14424.098817121932,             707P   6063
-2663.374773293591,2720.000001056317,14445.188589753916,             707P   6064
-2687.143487830048,2720.000001056323,14425.31606178758,              707P   6065
-2600.000000000002,2766.968036926093,14425.22978168929,              707P   6066
-2628.625090925368,2766.968036926096,14435.988612308225,             707P   6067
-2657.090323670208,2766.9680369260936,14454.987052143113,            707P   6068
-2678.5020529236313,2766.968036926093,14453.999979070775,-2600.,     707P   6069
2799.3725416099624,14453.934551938408,-2621.706887537008,            707P   6070
2799.3725416099614,14462.09315413873,-2643.2925498961604,            707P   6071
2799.3725416099624,14476.499989765594,-2659.5294228688426,           707P   6072
2799.3725416099624,0.,1.,0.,1.;                                      707P   6073
126,3,3,0,0,1,0,0.,0.,0.,0.,1.,1.,1.,1.,1.,1.,1.,1.,0.,1.,0.,0.,     709P   6074
0.6659836474974029,0.,0.,0.3340163693350759,0.,0.,                   709P   6075
9.689765722300578D-18,0.,0.,1.,0.,0.,0.,0,0;                         709P   6076
126,9,3,0,0,1,0,0.,0.,0.,0.,0.39346763035577076,                     711P   6077
0.39346763035577076,0.5857610256317288,0.5857610256317288,           711P   6078
0.8910286162878194,0.8910286162878194,1.,1.,1.,1.,1.,1.,1.,1.,       711P   6079
1.,1.,1.,1.,1.,1.,0.,0.,0.,0.22338927922253396,0.,0.,                711P   6080
0.44132309796474395,0.03049680825660713,0.,0.695664161550368,        711P   6081
0.12004688677595363,0.,0.7651889490375524,0.15541459674760336,       711P   6082
0.,0.9104451263245495,0.25937305133305105,0.,0.9649245544679959,     711P   6083
0.3345315921135045,0.,0.9959607294572851,0.4424947427243267,0.,      711P   6084
0.999999819700181,0.4712968417967114,0.,0.9999998657839297,          711P   6085
0.49999949817196265,0.,0.,1.,0.,0.,0.,0,0;                           711P   6086
126,7,3,0,0,1,0,0.,0.,0.,0.,0.2870643094788348,                      713P   6087
0.2870643094788348,0.5552234104293947,0.5552234104293947,1.,1.,      713P   6088
1.,1.,1.,1.,1.,1.,1.,1.,1.,1.,0.9999998657839297,                    713P   6089
0.49999949817196265,0.,1.,0.5763589778398764,0.,                     713P   6090
0.9714466175179907,0.6544416128919989,0.,0.8529153263446272,         713P   6091
0.7904030261775935,0.,0.7712342815890556,0.8454357825749768,0.,      713P   6092
0.48695435609695226,0.9625441124335813,0.,0.2483403143990378,1.,     713P   6093
0.,0.,1.,0.,6.166981594647449D-9,1.,0.,0.,0.,0,0;                    713P   6094
102,3,709,711,713;                                                   715P   6095
126,6,6,0,0,1,0,0.,0.,0.,0.,0.,0.,0.,1.,1.,1.,1.,1.,1.,1.,1.,1.,     717P   6096
1.,1.,1.,1.,1.,14453.999979070775,-2600.,2799.3725416099624,         717P   6097
14434.838181494877,-2600.0000000000045,2777.725265143594,            717P   6098
14421.996771472266,-2599.9999999999927,2750.2818423116387,           717P   6099
14417.509357764735,-2600.0000000000036,2720.000001836232,            717P   6100
14421.996771286762,-2599.999999999999,2689.718160291736,             717P   6101
14434.838181342948,-2599.9999999999986,2662.274735191883,            717P   6102
14453.999978666061,-2600.,2640.6274582857586,0.,1.,0.,0.,0.,0,0;     717P   6103
126,30,5,0,0,1,0,0.,0.,0.,0.,0.,0.,1.,1.,1.,1.,1.,2.,2.,2.,2.,       719P   6104
2.,3.,3.,3.,3.,3.,4.,4.,4.,4.,4.,5.,5.,5.,5.,5.,6.,6.,6.,6.,6.,      719P   6105
6.,1.,1.,1.,1.,1.,1.,1.,1.,1.,1.,1.,1.,1.,1.,1.,1.,1.,1.,1.,1.,      719P   6106
1.,1.,1.,1.,1.,1.,1.,1.,1.,1.,1.,14453.999978666061,-2600.,          719P   6107
2640.6274582857586,14453.986816267034,-2604.3641811288285,           719P   6108
2640.6274558018113,14453.988380520379,-2608.6976079495826,           719P   6109
2640.9239402829653,14453.991318001272,-2613.0105726649595,           719P   6110
2641.515468150921,14453.99288287945,-2617.312181621059,              719P   6111
2642.41009488103,14453.993996559117,-2621.594152498846,              719P   6112
2643.6231412371376,14453.99507711537,-2625.8761542058314,            719P   6113
2644.8361731056943,14453.99554410244,-2630.1385764048136,            719P   6114
2646.367586578234,14453.995889587146,-2634.373724925504,             719P   6115
2648.232452507723,14453.998649994503,-2638.5567337999614,            719P   6116
2650.45286449813,14453.996843328137,-2642.6394200182363,             719P   6117
2653.051902476043,14453.99510459008,-2646.6299917546075,             719P   6118
2655.5922694127853,14453.993094390893,-2650.457849883332,            719P   6119
2658.4462239289155,14453.991175323566,-2654.1068108526774,           719P   6120
2661.6157101350427,14453.990478500371,-2657.5444119308568,           719P   6121
2665.09920609547,14453.99028795229,-2660.73255212828,                719P   6122
2668.8866294216036,14453.990167621398,-2663.2631561964304,           719P   6123
2671.892923390368,14453.990917565861,-2665.6299038411203,            719P   6124
2675.081968419008,14453.992788198017,-2667.8134604980914,            719P   6125
2678.443682595557,14453.994795531305,-2669.7932781845766,            719P   6126
2681.9641243998876,14453.996400133823,-2671.5517443721683,           719P   6127
2685.6255390921046,14453.99799788322,-2673.3101902648164,            719P   6128
2689.286951476521,14453.999261031711,-2674.8473693655696,            719P   6129
2693.0893956903137,14453.999456629901,-2676.145216433447,            719P   6130
2697.015028956286,14453.99910228024,-2677.1896874154518,             719P   6131
2701.042829952081,14453.999966137026,-2677.970759446572,             719P   6132
2705.1485988101817,14454.00064800424,-2678.5289792085186,            719P   6133
2708.0798582163034,14454.001183269735,-2678.9492901701524,           719P   6134
2711.0429070550654,14454.001554834815,-2679.2305156395732,           719P   6135
2714.025457624622,14454.001745600775,-2679.371478924881,             719P   6136
2717.0152222231263,14454.001738468914,-2679.371003334176,            719P   6137
2719.9999140016316,0.,6.,0.,0.,0.,0,0;                               719P   6138
126,30,5,0,0,1,0,0.,0.,0.,0.,0.,0.,1.,1.,1.,1.,1.,2.,2.,2.,2.,       721P   6139
2.,3.,3.,3.,3.,3.,4.,4.,4.,4.,4.,5.,5.,5.,5.,5.,6.,6.,6.,6.,6.,      721P   6140
6.,1.,1.,1.,1.,1.,1.,1.,1.,1.,1.,1.,1.,1.,1.,1.,1.,1.,1.,1.,1.,      721P   6141
1.,1.,1.,1.,1.,1.,1.,1.,1.,1.,1.,14454.001738468914,                 721P   6142
-2679.371003334176,2719.9999140016316,14454.001736469738,            721P   6143
-2679.3710084746967,2723.9700253538417,14454.001575253089,           721P   6144
-2679.1232451652013,2727.9626259224106,14454.00096729059,            721P   6145
-2678.6218703004993,2731.9480018736767,14453.99989764875,            721P   6146
-2677.8679207667697,2735.896939171368,14453.998623988964,            721P   6147
-2676.8693134415607,2739.7807235766068,14453.997362217942,           721P   6148
-2675.8706900623333,2743.664647194002,14453.99586388723,             721P   6149
-2674.627214097185,2747.483917887819,14453.99452131763,              721P   6150
-2673.146894251834,2751.2104261601007,14453.993440507835,            721P   6151
-2671.4429727605,2754.8190468228922,14453.992441134418,              721P   6152
-2669.533925385904,2758.2876389982403,14453.99144300125,             721P   6153
-2667.7504398448614,2761.527904976066,14453.99325255102,             721P   6154
-2665.8173411708813,2764.5988588039627,14453.995187682369,           721P   6155
-2663.7512273423126,2767.5005145735604,14453.996093646358,           721P   6156
-2661.5666348435934,2770.2347496236434,14453.996343046463,           721P   6157
-2659.27603866525,2772.805304540152,14453.99654012415,               721P   6158
-2656.985396800772,2775.375809240275,14453.995924949613,             721P   6159
-2654.5885963993733,2777.782447357505,14453.994605581645,            721P   6160
-2652.097907159423,2780.028751346128,14453.993608332403,             721P   6161
-2649.5228274635865,2782.119171976012,14453.994877767404,            721P   6162
-2646.8700843788242,2784.0590783326065,14453.996993808954,           721P   6163
-2642.47013373303,2787.276587632601,14453.992849470626,              721P   6164
-2637.913507367848,2790.0203309531457,14453.993567358435,            721P   6165
-2633.2735947928213,2792.3191940947463,14453.995368222568,           721P   6166
-2628.5906711101297,2794.20376435649,14453.995713749488,             721P   6167
-2623.876068748391,2795.694761093158,14453.99609739137,              721P   6168
-2619.161537716777,2797.185780109436,14453.995282860973,             721P   6169
-2614.415518913884,2798.283275509729,14453.991063116377,             721P   6170
-2609.650592656681,2799.0083680333328,14453.98529763257,             721P   6171
-2604.851673597898,2799.372563500972,14453.999979070775,-2600.,      721P   6172
2799.3725416099624,0.,6.,0.,0.,0.,0,0;                               721P   6173
102,3,717,719,721;                                                   723P   6174
142,0,707,715,723,1,0,0;                                             725P   6175
406,1,6HJoin.4;                                                      727P   6176
144,707,1,0,725,0,1,727;                                             729P   6177
128,10,2,5,2,0,0,1,0,0,0.,0.,0.,0.,0.,0.,1.,1.,1.,1.,1.,2.,2.,       731P   6178
2.,2.,2.,2.,0.,0.,0.,1.,1.,1.,1.,1.,1.,1.,1.,1.,1.,1.,1.,1.,1.,      731P   6179
1.,1.,1.,1.,1.,1.,1.,1.,1.,1.,1.,1.,1.,1.,1.,1.,1.,1.,1.,1.,1.,      731P   6180
1.,15224.,-3060.0950599999996,2720.,15224.000000000005,              731P   6181
-3060.0805155951302,2791.884500914553,15224.000000000022,            731P   6182
-3048.939642459881,2863.5639329464348,15223.999999999975,            731P   6183
-3023.7950218758765,2934.6614114549084,15224.000000000015,           731P   6184
-2980.8532448232645,2996.1833824691357,15224.,                       731P   6185
-2927.3924370280693,3044.458220156905,15224.000000000005,            731P   6186
-2873.325812663792,3093.3204656552016,15224.000000000022,            731P   6187
-2807.835374301651,3128.845431984999,15223.999999999975,             731P   6188
-2738.0835565510783,3148.177392067405,15224.000000000015,            731P   6189
-2669.0161524559608,3157.169602487329,15224.,-2600.,3157.149576,     731P   6190
14670.144027499999,-2924.4570222499997,2719.9999688749995,           731P   6191
14670.137057490263,-2924.4395657853156,2770.671638595215,            731P   6192
14671.096441165928,-2915.687824653444,2821.3373445129246,            731P   6193
14671.442421501593,-2896.0945611811203,2870.3701977105834,           731P   6194
14670.155619608919,-2865.8546644497505,2912.676946800207,            731P   6195
14668.058782920069,-2828.776594009344,2946.726209525314,             731P   6196
14665.924881069497,-2791.2589686595106,2981.1405126401582,           731P   6197
14662.895100799522,-2746.5328510496547,3007.1517095840686,           731P   6198
14659.417695056822,-2697.8812192768855,3022.6339675542704,           731P   6199
14657.155912268103,-2648.889560686279,3029.7312353402867,            731P   6200
14657.156249999996,-2600.,3029.7300723750004,14454.,                 731P   6201
-2679.372502,2719.999914,14454.000000000011,-2679.3724250881714,     731P   6202
2732.3962557140167,14454.000000000024,-2676.9528937104596,           731P   6203
2744.792801336982,14453.999999999975,-2672.110787149534,             731P   6204
2756.558620676414,14454.000000000011,-2665.1027652831326,            731P   6205
2767.0666588787,14454.,-2656.376926324758,2775.871657944289,         731P   6206
14454.000000000011,-2647.5518109733066,2784.7744820730686,           731P   6207
14454.000000000024,-2636.9851156645327,2791.931793446234,            731P   6208
14453.999999999975,-2625.0951699096827,2796.892467309331,            731P   6209
14454.000000000011,-2612.5268003051415,2799.3739215472997,           731P   6210
14454.,-2600.,2799.37254,0.,2.,0.,1.;                                731P   6211
126,3,3,0,0,1,0,0.,0.,0.,0.,1.,1.,1.,1.,1.,1.,1.,1.,2.,0.,0.,2.,     733P   6212
0.33333333350634714,0.,2.,0.6666666685998027,0.,2.,                  733P   6213
0.9999999999999997,0.,0.,1.,0.,0.,0.,0,0;                            733P   6214
126,3,3,0,0,1,0,0.,0.,0.,0.,1.,1.,1.,1.,1.,1.,1.,1.,2.,              735P   6215
0.9999999999999997,0.,1.336635047117226,0.9999999999999997,0.,       735P   6216
0.6703461875661225,0.9999997157109745,0.,0.,0.9999999999999997,      735P   6217
0.,0.,1.,0.,0.,0.,0,0;                                               735P   6218
126,3,3,0,0,1,0,0.,0.,0.,0.,1.,1.,1.,1.,1.,1.,1.,1.,0.,              737P   6219
0.9999999999999997,0.,1.3445711551670472D-9,0.6666666651711665,      737P   6220
0.,2.087695460255519D-9,0.33333333222669254,0.,0.,0.,0.,0.,1.,       737P   6221
0.,0.,0.,0,0;                                                        737P   6222
126,3,3,0,0,1,0,0.,0.,0.,0.,1.,1.,1.,1.,1.,1.,1.,1.,0.,0.,0.,        739P   6223
0.6700570294045559,0.,0.,1.3368653794034675,                         739P   6224
1.2503037698520843D-5,0.,2.,0.,0.,0.,1.,0.,0.,0.,0,0;                739P   6225
102,4,733,735,737,739;                                               741P   6226
126,12,2,0,0,1,0,0.,0.,0.,1.,1.,2.,2.,3.,3.,4.,4.,5.,5.,6.,6.,       743P   6227
6.,1.,1.,1.,1.,1.,1.,1.,1.,1.,1.,1.,1.,1.,15224.,-2600.,             743P   6228
3157.149576,15153.144531208956,-2599.999999999999,                   743P   6229
3141.22213803833,15087.971679553024,-2600.0000000000005,             743P   6230
3123.6862933583475,15022.798827897794,-2600.000000000001,            743P   6231
3106.150448678168,14963.308593421769,-2600.,3087.006197284998,       743P   6232
14874.073241704162,-2600.0000000000005,3058.2898201929224,           743P   6233
14797.62377872911,-2600.,3025.9545280225525,14738.163085306733,      743P   6234
-2600.0000000000005,3000.8048563345064,14686.437065351636,           743P   6235
-2600.,2973.465964437626,14612.542751132909,-2600.,                  743P   6236
2934.410404580153,14554.433484810686,-2600.,2890.887048445691,       743P   6237
14496.324218493894,-2600.0000000000005,2847.363692309693,14454.,     743P   6238
-2600.,2799.37254,0.,6.,0.,0.,0.,0,0;                                743P   6239
126,15,5,0,0,1,0,0.,0.,0.,0.,0.,0.,1.,1.,1.,1.,1.,2.,2.,2.,2.,       745P   6240
2.,3.,3.,3.,3.,3.,3.,1.,1.,1.,1.,1.,1.,1.,1.,1.,1.,1.,1.,1.,1.,      745P   6241
1.,1.,14454.,-2600.,2799.37254,14454.000000009532,                   745P   6242
-2606.924623002969,2799.373421218696,14454.000002657354,             745P   6243
-2613.8747919565785,2798.615146092439,14454.000007293862,            745P   6244
-2620.726955439306,2797.0941363806173,14454.000013239413,            745P   6245
-2627.366557977502,2794.830537130323,14454.000019784326,             745P   6246
-2633.6880400453915,2791.86821667635,14454.00002500092,              745P   6247
-2638.7294570903887,2789.505749318377,14454.000030593139,            745P   6248
-2643.569087235323,2786.6986284704303,14454.00003617346,             745P   6249
-2648.1535244657775,2783.469038728691,14454.000041320194,            745P   6250
-2652.4361161486554,2779.847265364173,14454.000045577506,            745P   6251
-2656.376963032181,2775.8716943227246,14454.000055183591,            745P   6252
-2665.0438975291404,2767.1261474077955,14454.000060322742,           745P   6253
-2672.044852601535,2756.6715189603283,14454.000055616938,            745P   6254
-2676.91918247992,2744.9207210192217,14454.000036775291,             745P   6255
-2679.372577503099,2732.4817852626643,14454.,-2679.372502,           745P   6256
2719.999914,0.,3.,0.,0.,0.,0,0;                                      745P   6257
126,12,2,0,0,1,0,0.,0.,0.,1.,1.,2.,2.,3.,3.,4.,4.,5.,5.,6.,6.,       747P   6258
6.,1.,1.,1.,1.,1.,1.,1.,1.,1.,1.,1.,1.,1.,14454.,-2679.372502,       747P   6259
2719.999914,14481.01800356026,-2710.008067167836,                    747P   6260
2719.9999208756353,14513.312756260937,-2738.9335309931507,           747P   6261
2719.9999273988287,14545.607508961473,-2767.8589948185136,           747P   6262
2719.999933922129,14583.179010785312,-2795.0743573112118,            747P   6263
2719.9999400842617,14639.53626352331,-2835.8974010487204,            747P   6264
2719.999949329677,14707.76620174727,-2872.872716813587,              747P   6265
2719.999957732423,14760.833931476127,-2901.631295742292,             747P   6266
2719.999964267529,14821.083903021286,-2928.0622367762044,            747P   6267
2719.999970271431,14907.15529094419,-2965.8207239661497,             747P   6268
2719.9999788513705,15007.884315194971,-2998.828929765132,            747P   6269
2719.999986298368,15108.61333944465,-3031.8371355644754,             747P   6270
2719.999993745293,15224.,-3060.0950599999996,2720.,0.,6.,0.,0.,      747P   6271
0.,0,0;                                                              747P   6272
126,35,5,0,0,1,0,0.,0.,0.,0.,0.,0.,1.,1.,1.,1.,1.,2.,2.,2.,2.,       749P   6273
2.,3.,3.,3.,3.,3.,4.,4.,4.,4.,4.,5.,5.,5.,5.,5.,6.,6.,6.,6.,6.,      749P   6274
7.,7.,7.,7.,7.,7.,1.,1.,1.,1.,1.,1.,1.,1.,1.,1.,1.,1.,1.,1.,1.,      749P   6275
1.,1.,1.,1.,1.,1.,1.,1.,1.,1.,1.,1.,1.,1.,1.,1.,1.,1.,1.,1.,1.,      749P   6276
15224.,-3060.0950599999996,2720.,15224.000000039037,                 749P   6277
-3060.0867524535784,2760.640566454054,15223.999671188045,            749P   6278
-3056.522534400932,2801.1427763688043,15223.999106842079,            749P   6279
-3048.9060761037704,2841.4363281121014,15223.998400236516,           749P   6280
-3036.666805879864,2880.581501415681,15223.99764021218,              749P   6281
-3019.822669934168,2917.5951561986567,15223.997330591104,            749P   6282
-3012.9600254991956,2932.6745235120416,15223.997012158721,           749P   6283
-3005.3336012647896,2947.4007835162415,15223.996690960494,           749P   6284
-2996.942752781346,2961.705141252486,15223.996373074497,             749P   6285
-2987.8064549165238,2975.5218873538047,15223.99606461142,            749P   6286
-2977.96330185525,2988.788398045026,15223.995782290544,              749P   6287
-2968.9543197186367,3000.930468306292,15223.995507877054,            749P   6288
-2959.354043567645,3012.61265121294,15223.995246055114,              749P   6289
-2949.1918919311465,3023.786716778477,15223.995001613757,            749P   6290
-2938.5156582696536,3034.412380309119,15223.994779446894,            749P   6291
-2927.3915109753184,3044.4573024037886,15223.994515595068,           749P   6292
-2913.823155654168,3056.719502278481,15223.994283040365,             749P   6293
-2899.5465016617873,3068.1316554190275,15223.994089911947,           749P   6294
-2884.677135807602,3078.651404034831,15223.993944586577,             749P   6295
-2869.3207160502193,3088.2712942752587,15223.99385565946,            749P   6296
-2853.5700034191377,3097.0048177386466,15223.993786327488,           749P   6297
-2841.2897149368664,3103.8141661475156,15223.99375127233,            749P   6298
-2828.7696591593362,3110.0843101718183,15223.993754580108,           749P   6299
-2816.0540151493624,3115.8226624561667,15223.993800382092,           749P   6300
-2803.1817554145873,3121.042286679007,15223.993892854689,            749P   6301
-2790.1866459074795,3125.7618975526198,15223.993959024612,           749P   6302
-2780.887061816094,3129.1393784643838,15223.994049093908,            749P   6303
-2771.5257058897864,3132.260157480632,15223.994164585874,            749P   6304
-2762.1132410344417,3135.131735198815,15223.994307023797,            749P   6305
-2752.6603301559458,3137.761612216381,15223.994477930964,            749P   6306
-2743.1776361601833,3140.1572891307787,15223.99499064816,            749P   6307
-2714.728996929972,3147.344538666628,15223.995759559048,             749P   6308
-2686.005829700566,3152.4262013876632,15223.99682549708,             749P   6309
-2657.2579260901516,3155.6173039841915,15223.998228182068,           749P   6310
-2628.604380928619,3157.157501762125,15224.,-2600.,3157.149576,      749P   6311
0.,7.,0.,0.,0.,0,0;                                                  749P   6312
102,4,743,745,747,749;                                               751P   6313
142,0,731,741,751,1,0,0;                                             753P   6314
406,1,6HJoin.4;                                                      755P   6315
144,731,1,0,753,0,1,755;                                             757P   6316
308,0,12HUnnamed part,27,37,65,85,117,145,173,201,229,257,285,       759P   6317
317,345,373,401,429,453,481,509,537,565,593,621,649,677,705,729,     759P   6318
757,0,0;                                                             759P   6319
408,759,0.,0.,0.,1.,0,0;                                             761P   6320
S      1G      2D    762P   6320                                        T      1
