                                                                        S      1
,,,13HSMI-L2-PN.igs,4HANSA,6H25.1.2,32,38,6,308,24,,1.,2,2HMM,1,1.,15H20G      1
260928.161528,0.0002,0.,,,11,1,15H20260928.161528,;                     G      2
     406       1       0       0      11       0       0       000000000D      1
     406       0       0       1      15       0       0    NAME      11D      2
     314       2       0       0       0       0       0       000000200D      3
     314       0       2       1       0       0       0     Red       0D      4
     406       3       0       0      12       0       0       000000000D      5
     406       0       0       1      15       0       0    NAME      12D      6
     314       4       0       0       0       0       0       000000200D      7
     314       0       8       1       0       0       0   White       0D      8
     314       5       0       0       0       0       0       000000200D      9
     314       0       5       1       0       0       0  Yellow       0D     10
     128       6       0       0       0       0       0       001010001D     11
     128       0       0      29       0       0       0 BSPSURF       1D     12
     126      35       0       0       0       0       0       000010500D     13
     126       0       0       2       0       0       0               0D     14
     126      37       0       0       0       0       0       000010500D     15
     126       0       0       2       0       0       0               0D     16
     126      39       0       0       0       0       0       000010500D     17
     126       0       0       2       0       0       0               0D     18
     126      41       0       0       0       0       0       000010500D     19
     126       0       0       3       0       0       0               0D     20
     102      44       0       0       0       0       0       000010501D     21
     102       0       0       1       0       0       0               0D     22
     126      45       0       0       0       0       0       000010000D     23
     126       0       0       3       0       0       0               1D     24
     126      48       0       0       0       0       0       000010000D     25
     126       0       0      24       0       0       0               2D     26
     126      72       0       0       0       0       0       000010000D     27
     126       0       0       3       0       0       0               3D     28
     126      75       0       0       0       0       0       000010000D     29
     126       0       0      23       0       0       0               4D     30
     102      98       0       0       0       0       0       000010001D     31
     102       0       0       1       0       0       0               0D     32
     142      99       0       0       0       0       0       000010000D     33
     142       0       0       1       0       0       0    CONS       1D     34
     406     100       0       0       0       0       0       000000000D     35
     406       0       0       1      15       0       0    NAME       0D     36
     144     101       0       0      12       0       0       000010001D     37
     144       0      -7       1       0       0       0               1D     38
     128     102       0       0       0       0       0       001010001D     39
     128       0       0     130       0       0       0 BSPSURF       2D     40
     126     232       0       0       0       0       0       000010500D     41
     126       0       0       3       0       0       0               0D     42
     126     235       0       0       0       0       0       000010500D     43
     126       0       0       4       0       0       0               0D     44
     126     239       0       0       0       0       0       000010500D     45
     126       0       0       2       0       0       0               0D     46
     102     241       0       0       0       0       0       000010501D     47
     102       0       0       1       0       0       0               0D     48
     126     242       0       0       0       0       0       000010000D     49
     126       0       0      24       0       0       0               5D     50
     126     266       0       0       0       0       0       000010000D     51
     126       0       0      52       0       0       0               6D     52
     126     318       0       0       0       0       0       000010000D     53
     126       0       0      53       0       0       0               7D     54
     102     371       0       0       0       0       0       000010001D     55
     102       0       0       1       0       0       0               0D     56
     142     372       0       0       0       0       0       000010000D     57
     142       0       0       1       0       0       0    CONS       2D     58
     406     373       0       0       0       0       0       000000000D     59
     406       0       0       1      15       0       0    NAME       0D     60
     144     374       0       0      12       0       0       000010001D     61
     144       0      -7       1       0       0       0               2D     62
     128     375       0       0       0       0       0       001010001D     63
     128       0       0     131       0       0       0 BSPSURF       3D     64
     126     506       0       0       0       0       0       000010500D     65
     126       0       0       3       0       0       0               0D     66
     126     509       0       0       0       0       0       000010500D     67
     126       0       0       3       0       0       0               0D     68
     126     512       0       0       0       0       0       000010500D     69
     126       0       0       3       0       0       0               0D     70
     102     515       0       0       0       0       0       000010501D     71
     102       0       0       1       0       0       0               0D     72
     126     516       0       0       0       0       0       000010000D     73
     126       0       0      52       0       0       0               8D     74
     126     568       0       0       0       0       0       000010000D     75
     126       0       0      53       0       0       0               9D     76
     126     621       0       0       0       0       0       000010000D     77
     126       0       0      24       0       0       0              10D     78
     102     645       0       0       0       0       0       000010001D     79
     102       0       0       1       0       0       0               0D     80
     142     646       0       0       0       0       0       000010000D     81
     142       0       0       1       0       0       0    CONS       3D     82
     406     647       0       0       0       0       0       000000000D     83
     406       0       0       1      15       0       0    NAME       0D     84
     144     648       0       0      12       0       0       000010001D     85
     144       0      -7       1       0       0       0               3D     86
     128     649       0       0       0       0       0       001010001D     87
     128       0       0      93       0       0       0 BSPSURF       4D     88
     126     742       0       0       0       0       0       000010500D     89
     126       0       0       2       0       0       0               0D     90
     126     744       0       0       0       0       0       000010500D     91
     126       0       0       3       0       0       0               0D     92
     126     747       0       0       0       0       0       000010500D     93
     126       0       0       2       0       0       0               0D     94
     126     749       0       0       0       0       0       000010500D     95
     126       0       0       2       0       0       0               0D     96
     102     751       0       0       0       0       0       000010501D     97
     102       0       0       1       0       0       0               0D     98
     126     752       0       0       0       0       0       000010000D     99
     126       0       0      34       0       0       0              11D    100
     126     786       0       0       0       0       0       000010000D    101
     126       0       0      26       0       0       0              12D    102
     126     812       0       0       0       0       0       000010000D    103
     126       0       0      72       0       0       0              13D    104
     126     884       0       0       0       0       0       000010000D    105
     126       0       0      28       0       0       0              14D    106
     102     912       0       0       0       0       0       000010001D    107
     102       0       0       1       0       0       0               0D    108
     142     913       0       0       0       0       0       000010000D    109
     142       0       0       1       0       0       0    CONS       4D    110
     406     914       0       0       0       0       0       000000000D    111
     406       0       0       1      15       0       0    NAME       0D    112
     144     915       0       0      12       0       0       000010001D    113
     144       0      -7       1       0       0       0               4D    114
     128     916       0       0       0       0       0       001010001D    115
     128       0       0      94       0       0       0 BSPSURF       5D    116
     126    1010       0       0       0       0       0       000010500D    117
     126       0       0       2       0       0       0               0D    118
     126    1012       0       0       0       0       0       000010500D    119
     126       0       0       2       0       0       0               0D    120
     126    1014       0       0       0       0       0       000010500D    121
     126       0       0       3       0       0       0               0D    122
     126    1017       0       0       0       0       0       000010500D    123
     126       0       0       2       0       0       0               0D    124
     102    1019       0       0       0       0       0       000010501D    125
     102       0       0       1       0       0       0               0D    126
     126    1020       0       0       0       0       0       000010000D    127
     126       0       0      27       0       0       0              15D    128
     126    1047       0       0       0       0       0       000010000D    129
     126       0       0      71       0       0       0              16D    130
     126    1118       0       0       0       0       0       000010000D    131
     126       0       0      28       0       0       0              17D    132
     126    1146       0       0       0       0       0       000010000D    133
     126       0       0      34       0       0       0              18D    134
     102    1180       0       0       0       0       0       000010001D    135
     102       0       0       1       0       0       0               0D    136
     142    1181       0       0       0       0       0       000010000D    137
     142       0       0       1       0       0       0    CONS       5D    138
     406    1182       0       0       0       0       0       000000000D    139
     406       0       0       1      15       0       0    NAME       0D    140
     144    1183       0       0      12       0       0       000010001D    141
     144       0      -7       1       0       0       0               5D    142
     128    1184       0       0       0       0       0       001010001D    143
     128       0       0      53       0       0       0 BSPSURF       6D    144
     126    1237       0       0       0       0       0       000010500D    145
     126       0       0       2       0       0       0               0D    146
     126    1239       0       0       0       0       0       000010500D    147
     126       0       0       2       0       0       0               0D    148
     126    1241       0       0       0       0       0       000010500D    149
     126       0       0       3       0       0       0               0D    150
     126    1244       0       0       0       0       0       000010500D    151
     126       0       0       2       0       0       0               0D    152
     102    1246       0       0       0       0       0       000010501D    153
     102       0       0       1       0       0       0               0D    154
     126    1247       0       0       0       0       0       000010000D    155
     126       0       0      24       0       0       0              19D    156
     126    1271       0       0       0       0       0       000010000D    157
     126       0       0      66       0       0       0              20D    158
     126    1337       0       0       0       0       0       000010000D    159
     126       0       0      12       0       0       0              21D    160
     126    1349       0       0       0       0       0       000010000D    161
     126       0       0      72       0       0       0              22D    162
     102    1421       0       0       0       0       0       000010001D    163
     102       0       0       1       0       0       0               0D    164
     142    1422       0       0       0       0       0       000010000D    165
     142       0       0       1       0       0       0    CONS       6D    166
     406    1423       0       0       0       0       0       000000000D    167
     406       0       0       1      15       0       0    NAME       0D    168
     144    1424       0       0      12       0       0       000010001D    169
     144       0      -7       1       0       0       0               6D    170
     128    1425       0       0       0       0       0       001010001D    171
     128       0       0      30       0       0       0 BSPSURF       7D    172
     126    1455       0       0       0       0       0       000010500D    173
     126       0       0       3       0       0       0               0D    174
     126    1458       0       0       0       0       0       000010500D    175
     126       0       0       2       0       0       0               0D    176
     126    1460       0       0       0       0       0       000010500D    177
     126       0       0       2       0       0       0               0D    178
     126    1462       0       0       0       0       0       000010500D    179
     126       0       0       2       0       0       0               0D    180
     102    1464       0       0       0       0       0       000010501D    181
     102       0       0       1       0       0       0               0D    182
     126    1465       0       0       0       0       0       000010000D    183
     126       0       0      24       0       0       0              23D    184
     126    1489       0       0       0       0       0       000010000D    185
     126       0       0       3       0       0       0              24D    186
     126    1492       0       0       0       0       0       000010000D    187
     126       0       0      23       0       0       0              25D    188
     126    1515       0       0       0       0       0       000010000D    189
     126       0       0       3       0       0       0              26D    190
     102    1518       0       0       0       0       0       000010001D    191
     102       0       0       1       0       0       0               0D    192
     142    1519       0       0       0       0       0       000010000D    193
     142       0       0       1       0       0       0    CONS       7D    194
     406    1520       0       0       0       0       0       000000000D    195
     406       0       0       1      15       0       0    NAME       0D    196
     144    1521       0       0      12       0       0       000010001D    197
     144       0      -7       1       0       0       0               7D    198
     128    1522       0       0       0       0       0       001010001D    199
     128       0       0     109       0       0       0 BSPSURF       8D    200
     126    1631       0       0       0       0       0       000010500D    201
     126       0       0       2       0       0       0               0D    202
     126    1633       0       0       0       0       0       000010500D    203
     126       0       0       2       0       0       0               0D    204
     126    1635       0       0       0       0       0       000010500D    205
     126       0       0       2       0       0       0               0D    206
     126    1637       0       0       0       0       0       000010500D    207
     126       0       0       2       0       0       0               0D    208
     102    1639       0       0       0       0       0       000010501D    209
     102       0       0       1       0       0       0               0D    210
     126    1640       0       0       0       0       0       000010000D    211
     126       0       0      67       0       0       0              27D    212
     126    1707       0       0       0       0       0       000010000D    213
     126       0       0      81       0       0       0              28D    214
     126    1788       0       0       0       0       0       000010000D    215
     126       0       0      45       0       0       0              29D    216
     126    1833       0       0       0       0       0       000010000D    217
     126       0       0      33       0       0       0              30D    218
     102    1866       0       0       0       0       0       000010001D    219
     102       0       0       1       0       0       0               0D    220
     142    1867       0       0       0       0       0       000010000D    221
     142       0       0       1       0       0       0    CONS       8D    222
     406    1868       0       0       0       0       0       000000000D    223
     406       0       0       1      15       0       0    NAME       0D    224
     144    1869       0       0      12       0       0       000010001D    225
     144       0      -7       1       0       0       0               8D    226
     128    1870       0       0       0       0       0       001010001D    227
     128       0       0     125       0       0       0 BSPSURF       9D    228
     126    1995       0       0       0       0       0       000010500D    229
     126       0       0       2       0       0       0               0D    230
     126    1997       0       0       0       0       0       000010500D    231
     126       0       0       2       0       0       0               0D    232
     126    1999       0       0       0       0       0       000010500D    233
     126       0       0       3       0       0       0               0D    234
     126    2002       0       0       0       0       0       000010500D    235
     126       0       0       2       0       0       0               0D    236
     102    2004       0       0       0       0       0       000010501D    237
     102       0       0       1       0       0       0               0D    238
     126    2005       0       0       0       0       0       000010000D    239
     126       0       0      45       0       0       0              31D    240
     126    2050       0       0       0       0       0       000010000D    241
     126       0       0      27       0       0       0              32D    242
     126    2077       0       0       0       0       0       000010000D    243
     126       0       0      45       0       0       0              33D    244
     126    2122       0       0       0       0       0       000010000D    245
     126       0       0      67       0       0       0              34D    246
     102    2189       0       0       0       0       0       000010001D    247
     102       0       0       1       0       0       0               0D    248
     142    2190       0       0       0       0       0       000010000D    249
     142       0       0       1       0       0       0    CONS       9D    250
     406    2191       0       0       0       0       0       000000000D    251
     406       0       0       1      15       0       0    NAME       0D    252
     144    2192       0       0      12       0       0       000010001D    253
     144       0      -7       1       0       0       0               9D    254
     128    2193       0       0       0       0       0       001010001D    255
     128       0       0      54       0       0       0 BSPSURF      10D    256
     126    2247       0       0       0       0       0       000010500D    257
     126       0       0       2       0       0       0               0D    258
     126    2249       0       0       0       0       0       000010500D    259
     126       0       0       2       0       0       0               0D    260
     126    2251       0       0       0       0       0       000010500D    261
     126       0       0       2       0       0       0               0D    262
     126    2253       0       0       0       0       0       000010500D    263
     126       0       0       2       0       0       0               0D    264
     102    2255       0       0       0       0       0       000010501D    265
     102       0       0       1       0       0       0               0D    266
     126    2256       0       0       0       0       0       000010000D    267
     126       0       0      18       0       0       0              35D    268
     126    2274       0       0       0       0       0       000010000D    269
     126       0       0      79       0       0       0              36D    270
     126    2353       0       0       0       0       0       000010000D    271
     126       0       0      12       0       0       0              37D    272
     126    2365       0       0       0       0       0       000010000D    273
     126       0       0      85       0       0       0              38D    274
     102    2450       0       0       0       0       0       000010001D    275
     102       0       0       1       0       0       0               0D    276
     142    2451       0       0       0       0       0       000010000D    277
     142       0       0       1       0       0       0    CONS      10D    278
     406    2452       0       0       0       0       0       000000000D    279
     406       0       0       1      15       0       0    NAME       0D    280
     144    2453       0       0      12       0       0       000010001D    281
     144       0      -7       1       0       0       0              10D    282
     128    2454       0       0       0       0       0       001010001D    283
     128       0       0       5       0       0       0 BSPSURF      11D    284
     126    2459       0       0       0       0       0       000010500D    285
     126       0       0      13       0       0       0               0D    286
     126    2472       0       0       0       0       0       000010500D    287
     126       0       0      14       0       0       0               0D    288
     126    2486       0       0       0       0       0       000010500D    289
     126       0       0      13       0       0       0               0D    290
     126    2499       0       0       0       0       0       000010500D    291
     126       0       0      12       0       0       0               0D    292
     102    2511       0       0       0       0       0       000010501D    293
     102       0       0       1       0       0       0               0D    294
     126    2512       0       0       0       0       0       000010000D    295
     126       0       0      28       0       0       0              39D    296
     126    2540       0       0       0       0       0       000010000D    297
     126       0       0      29       0       0       0              40D    298
     126    2569       0       0       0       0       0       000010000D    299
     126       0       0      28       0       0       0              41D    300
     126    2597       0       0       0       0       0       000010000D    301
     126       0       0      28       0       0       0              42D    302
     102    2625       0       0       0       0       0       000010001D    303
     102       0       0       1       0       0       0               0D    304
     142    2626       0       0       0       0       0       000010000D    305
     142       0       0       1       0       0       0    CONS      11D    306
     406    2627       0       0       0       0       0       000000000D    307
     406       0       0       1      15       0       0    NAME       0D    308
     144    2628       0       0      12       0       0       000010001D    309
     144       0      -7       1       0       0       0              11D    310
     128    2629       0       0       0       0       0       001010001D    311
     128       0       0      93       0       0       0 BSPSURF      12D    312
     126    2722       0       0       0       0       0       000010500D    313
     126       0       0       2       0       0       0               0D    314
     126    2724       0       0       0       0       0       000010500D    315
     126       0       0       2       0       0       0               0D    316
     126    2726       0       0       0       0       0       000010500D    317
     126       0       0       2       0       0       0               0D    318
     126    2728       0       0       0       0       0       000010500D    319
     126       0       0       2       0       0       0               0D    320
     102    2730       0       0       0       0       0       000010501D    321
     102       0       0       1       0       0       0               0D    322
     126    2731       0       0       0       0       0       000010000D    323
     126       0       0      23       0       0       0              43D    324
     126    2754       0       0       0       0       0       000010000D    325
     126       0       0      26       0       0       0              44D    326
     126    2780       0       0       0       0       0       000010000D    327
     126       0       0      34       0       0       0              45D    328
     126    2814       0       0       0       0       0       000010000D    329
     126       0       0      81       0       0       0              46D    330
     102    2895       0       0       0       0       0       000010001D    331
     102       0       0       1       0       0       0               0D    332
     142    2896       0       0       0       0       0       000010000D    333
     142       0       0       1       0       0       0    CONS      12D    334
     406    2897       0       0       0       0       0       000000000D    335
     406       0       0       1      15       0       0    NAME       0D    336
     144    2898       0       0      12       0       0       000010001D    337
     144       0      -7       1       0       0       0              12D    338
     128    2899       0       0       0       0       0       001010001D    339
     128       0       0      94       0       0       0 BSPSURF      13D    340
     126    2993       0       0       0       0       0       000010500D    341
     126       0       0       2       0       0       0               0D    342
     126    2995       0       0       0       0       0       000010500D    343
     126       0       0       2       0       0       0               0D    344
     126    2997       0       0       0       0       0       000010500D    345
     126       0       0       2       0       0       0               0D    346
     126    2999       0       0       0       0       0       000010500D    347
     126       0       0       2       0       0       0               0D    348
     102    3001       0       0       0       0       0       000010501D    349
     102       0       0       1       0       0       0               0D    350
     126    3002       0       0       0       0       0       000010000D    351
     126       0       0      26       0       0       0              47D    352
     126    3028       0       0       0       0       0       000010000D    353
     126       0       0      34       0       0       0              48D    354
     126    3062       0       0       0       0       0       000010000D    355
     126       0       0      81       0       0       0              49D    356
     126    3143       0       0       0       0       0       000010000D    357
     126       0       0      23       0       0       0              50D    358
     102    3166       0       0       0       0       0       000010001D    359
     102       0       0       1       0       0       0               0D    360
     142    3167       0       0       0       0       0       000010000D    361
     142       0       0       1       0       0       0    CONS      13D    362
     406    3168       0       0       0       0       0       000000000D    363
     406       0       0       1      15       0       0    NAME       0D    364
     144    3169       0       0      12       0       0       000010001D    365
     144       0      -7       1       0       0       0              13D    366
     128    3170       0       0       0       0       0       001010001D    367
     128       0       0      55       0       0       0 BSPSURF      14D    368
     126    3225       0       0       0       0       0       000010500D    369
     126       0       0       2       0       0       0               0D    370
     126    3227       0       0       0       0       0       000010500D    371
     126       0       0       2       0       0       0               0D    372
     126    3229       0       0       0       0       0       000010500D    373
     126       0       0       2       0       0       0               0D    374
     126    3231       0       0       0       0       0       000010500D    375
     126       0       0       2       0       0       0               0D    376
     102    3233       0       0       0       0       0       000010501D    377
     102       0       0       1       0       0       0               0D    378
     126    3234       0       0       0       0       0       000010000D    379
     126       0       0      80       0       0       0              51D    380
     126    3314       0       0       0       0       0       000010000D    381
     126       0       0      12       0       0       0              52D    382
     126    3326       0       0       0       0       0       000010000D    383
     126       0       0      81       0       0       0              53D    384
     126    3407       0       0       0       0       0       000010000D    385
     126       0       0      18       0       0       0              54D    386
     102    3425       0       0       0       0       0       000010001D    387
     102       0       0       1       0       0       0               0D    388
     142    3426       0       0       0       0       0       000010000D    389
     142       0       0       1       0       0       0    CONS      14D    390
     406    3427       0       0       0       0       0       000000000D    391
     406       0       0       1      15       0       0    NAME       0D    392
     144    3428       0       0      12       0       0       000010001D    393
     144       0      -7       1       0       0       0              14D    394
     128    3429       0       0       0       0       0       001010001D    395
     128       0       0     125       0       0       0 BSPSURF      15D    396
     126    3554       0       0       0       0       0       000010500D    397
     126       0       0       2       0       0       0               0D    398
     126    3556       0       0       0       0       0       000010500D    399
     126       0       0       3       0       0       0               0D    400
     126    3559       0       0       0       0       0       000010500D    401
     126       0       0       2       0       0       0               0D    402
     126    3561       0       0       0       0       0       000010500D    403
     126       0       0       2       0       0       0               0D    404
     102    3563       0       0       0       0       0       000010501D    405
     102       0       0       1       0       0       0               0D    406
     126    3564       0       0       0       0       0       000010000D    407
     126       0       0      66       0       0       0              55D    408
     126    3630       0       0       0       0       0       000010000D    409
     126       0       0      45       0       0       0              56D    410
     126    3675       0       0       0       0       0       000010000D    411
     126       0       0      28       0       0       0              57D    412
     126    3703       0       0       0       0       0       000010000D    413
     126       0       0      45       0       0       0              58D    414
     102    3748       0       0       0       0       0       000010001D    415
     102       0       0       1       0       0       0               0D    416
     142    3749       0       0       0       0       0       000010000D    417
     142       0       0       1       0       0       0    CONS      15D    418
     406    3750       0       0       0       0       0       000000000D    419
     406       0       0       1      15       0       0    NAME       0D    420
     144    3751       0       0      12       0       0       000010001D    421
     144       0      -7       1       0       0       0              15D    422
     128    3752       0       0       0       0       0       001010001D    423
     128       0       0     113       0       0       0 BSPSURF      16D    424
     126    3865       0       0       0       0       0       000010500D    425
     126       0       0       3       0       0       0               0D    426
     126    3868       0       0       0       0       0       000010500D    427
     126       0       0       3       0       0       0               0D    428
     126    3871       0       0       0       0       0       000010500D    429
     126       0       0       2       0       0       0               0D    430
     126    3873       0       0       0       0       0       000010500D    431
     126       0       0       2       0       0       0               0D    432
     102    3875       0       0       0       0       0       000010501D    433
     102       0       0       1       0       0       0               0D    434
     126    3876       0       0       0       0       0       000010000D    435
     126       0       0      85       0       0       0              59D    436
     126    3961       0       0       0       0       0       000010000D    437
     126       0       0      45       0       0       0              60D    438
     126    4006       0       0       0       0       0       000010000D    439
     126       0       0      34       0       0       0              61D    440
     126    4040       0       0       0       0       0       000010000D    441
     126       0       0      67       0       0       0              62D    442
     102    4107       0       0       0       0       0       000010001D    443
     102       0       0       1       0       0       0               0D    444
     142    4108       0       0       0       0       0       000010000D    445
     142       0       0       1       0       0       0    CONS      16D    446
     406    4109       0       0       0       0       0       000000000D    447
     406       0       0       1      15       0       0    NAME       0D    448
     144    4110       0       0      12       0       0       000010001D    449
     144       0      -7       1       0       0       0              16D    450
     128    4111       0       0       0       0       0       001010001D    451
     128       0       0      53       0       0       0 BSPSURF      17D    452
     126    4164       0       0       0       0       0       000010500D    453
     126       0       0       2       0       0       0               0D    454
     126    4166       0       0       0       0       0       000010500D    455
     126       0       0       3       0       0       0               0D    456
     126    4169       0       0       0       0       0       000010500D    457
     126       0       0       2       0       0       0               0D    458
     126    4171       0       0       0       0       0       000010500D    459
     126       0       0       2       0       0       0               0D    460
     102    4173       0       0       0       0       0       000010501D    461
     102       0       0       1       0       0       0               0D    462
     126    4174       0       0       0       0       0       000010000D    463
     126       0       0      71       0       0       0              63D    464
     126    4245       0       0       0       0       0       000010000D    465
     126       0       0      19       0       0       0              64D    466
     126    4264       0       0       0       0       0       000010000D    467
     126       0       0      67       0       0       0              65D    468
     126    4331       0       0       0       0       0       000010000D    469
     126       0       0      13       0       0       0              66D    470
     102    4344       0       0       0       0       0       000010001D    471
     102       0       0       1       0       0       0               0D    472
     142    4345       0       0       0       0       0       000010000D    473
     142       0       0       1       0       0       0    CONS      17D    474
     406    4346       0       0       0       0       0       000000000D    475
     406       0       0       1      15       0       0    NAME       0D    476
     144    4347       0       0      12       0       0       000010001D    477
     144       0      -7       1       0       0       0              17D    478
     128    4348       0       0       0       0       0       001010001D    479
     128       0       0     101       0       0       0 BSPSURF      18D    480
     126    4449       0       0       0       0       0       000010500D    481
     126       0       0       2       0       0       0               0D    482
     126    4451       0       0       0       0       0       000010500D    483
     126       0       0       2       0       0       0               0D    484
     126    4453       0       0       0       0       0       000010500D    485
     126       0       0       2       0       0       0               0D    486
     126    4455       0       0       0       0       0       000010500D    487
     126       0       0      28       0       0       0               0D    488
     102    4483       0       0       0       0       0       000010501D    489
     102       0       0       1       0       0       0               0D    490
     126    4484       0       0       0       0       0       000010000D    491
     126       0       0       3       0       0       0              67D    492
     126    4487       0       0       0       0       0       000010000D    493
     126       0       0     135       0       0       0              68D    494
     126    4622       0       0       0       0       0       000010000D    495
     126       0       0       3       0       0       0              69D    496
     126    4625       0       0       0       0       0       000010000D    497
     126       0       0     196       0       0       0              70D    498
     102    4821       0       0       0       0       0       000010001D    499
     102       0       0       1       0       0       0               0D    500
     142    4822       0       0       0       0       0       000010000D    501
     142       0       0       1       0       0       0    CONS      18D    502
     406    4823       0       0       0       0       0       000000000D    503
     406       0       0       1      15       0       0    NAME       0D    504
     144    4824       0       0      11       0       0       000010001D    505
     144       0      -3       1       0       0       0              18D    506
     128    4825       0       0       0       0       0       001010001D    507
     128       0       0      12       0       0       0 BSPSURF      19D    508
     126    4837       0       0       0       0       0       000010500D    509
     126       0       0       2       0       0       0               0D    510
     126    4839       0       0       0       0       0       000010500D    511
     126       0       0       3       0       0       0               0D    512
     126    4842       0       0       0       0       0       000010500D    513
     126       0       0       2       0       0       0               0D    514
     126    4844       0       0       0       0       0       000010500D    515
     126       0       0       2       0       0       0               0D    516
     102    4846       0       0       0       0       0       000010501D    517
     102       0       0       1       0       0       0               0D    518
     126    4847       0       0       0       0       0       000010000D    519
     126       0       0       3       0       0       0              71D    520
     126    4850       0       0       0       0       0       000010000D    521
     126       0       0       3       0       0       0              72D    522
     126    4853       0       0       0       0       0       000010000D    523
     126       0       0       3       0       0       0              73D    524
     126    4856       0       0       0       0       0       000010000D    525
     126       0       0       3       0       0       0              74D    526
     102    4859       0       0       0       0       0       000010001D    527
     102       0       0       1       0       0       0               0D    528
     142    4860       0       0       0       0       0       000010000D    529
     142       0       0       1       0       0       0    CONS      19D    530
     406    4861       0       0       0       0       0       000000000D    531
     406       0       0       1      15       0       0    NAME       0D    532
     144    4862       0       0      11       0       0       000010001D    533
     144       0      -3       1       0       0       0              19D    534
     128    4863       0       0       0       0       0       001010001D    535
     128       0       0     103       0       0       0 BSPSURF      20D    536
     126    4966       0       0       0       0       0       000010500D    537
     126       0       0      30       0       0       0               0D    538
     126    4996       0       0       0       0       0       000010500D    539
     126       0       0       2       0       0       0               0D    540
     126    4998       0       0       0       0       0       000010500D    541
     126       0       0       2       0       0       0               0D    542
     126    5000       0       0       0       0       0       000010500D    543
     126       0       0       2       0       0       0               0D    544
     102    5002       0       0       0       0       0       000010501D    545
     102       0       0       1       0       0       0               0D    546
     126    5003       0       0       0       0       0       000010000D    547
     126       0       0     168       0       0       0              75D    548
     126    5171       0       0       0       0       0       000010000D    549
     126       0       0       3       0       0       0              76D    550
     126    5174       0       0       0       0       0       000010000D    551
     126       0       0     135       0       0       0              77D    552
     126    5309       0       0       0       0       0       000010000D    553
     126       0       0       3       0       0       0              78D    554
     102    5312       0       0       0       0       0       000010001D    555
     102       0       0       1       0       0       0               0D    556
     142    5313       0       0       0       0       0       000010000D    557
     142       0       0       1       0       0       0    CONS      20D    558
     406    5314       0       0       0       0       0       000000000D    559
     406       0       0       1      15       0       0    NAME       0D    560
     144    5315       0       0      11       0       0       000010001D    561
     144       0      -3       1       0       0       0              20D    562
     308    5316       0       0       0       0       0       000010201D    563
     308       0      -9       2       0       0       0               0D    564
     408    5318       0       0       0       0       0       000000000D    565
     408       0      -9       1       0       0       0               0D    566
406,1,22HPylon-L2|ANSA_Thick=1.;                                       1P      1
314,50.19607843137255,39.6078431372549,36.470588235294116,;            3P      2
406,1,24HNacelle-L2|ANSA_Thick=1.;                                     5P      3
314,56.470588235294116,56.470588235294116,56.470588235294116,;         7P      4
314,78.82352941176471,92.54901960784314,46.27450980392157,;            9P      5
128,14,1,5,1,0,0,1,0,0,28.71415685,28.71415685,28.71415685,           11P      6
28.71415685,28.71415685,28.71415685,43.07123528,43.07123528,          11P      7
43.07123528,57.42831371,57.42831371,57.42831371,71.78539213,          11P      8
71.78539213,71.78539213,86.14247056,86.14247056,86.14247056,          11P      9
86.14247056,86.14247056,86.14247056,-9.14,-9.14,9.14,9.14,1.,1.,      11P     10
1.,1.,1.,1.,1.,1.,1.,1.,1.,1.,1.,1.,1.,1.,1.,1.,1.,1.,1.,1.,1.,       11P     11
1.,1.,1.,1.,1.,1.,1.,14617.200000000003,-3504.0000000000005,          11P     12
1474.4000000000003,14617.200000000003,-3446.5716859999998,            11P     13
1474.4000000000003,14617.200000000003,-3389.142462,1485.6734928,      11P     14
14617.200000000003,-3334.6692239999998,1508.2374238,                  11P     15
14617.200000000003,-3237.510198,1573.5101976,14617.200000000003,      11P     16
-3172.237424,1670.6692242,14617.200000000003,-3149.673492,            11P     17
1725.1433726000002,14617.200000000003,-3127.1265080000007,1840.,      11P     18
14617.200000000003,-3149.673492,1954.8566274,14617.200000000003,      11P     19
-3172.237424,2009.3307759999998,14617.200000000003,-3237.510198,      11P     20
2106.489802,14617.200000000003,-3334.6692239999998,2171.762576,       11P     21
14617.200000000003,-3389.142462,2194.326508,14617.200000000003,       11P     22
-3446.5716859999998,2205.6,14617.200000000003,                        11P     23
-3504.0000000000005,2205.6,14982.8,-3504.0000000000005,               11P     24
1474.4000000000003,14982.8,-3446.5716859999998,                       11P     25
1474.4000000000003,14982.8,-3389.142462,1485.6734928,14982.8,         11P     26
-3334.6692239999998,1508.2374238,14982.8,-3237.510198,                11P     27
1573.5101976,14982.8,-3172.237424,1670.6692242,14982.8,               11P     28
-3149.673492,1725.1433726000002,14982.8,-3127.1265080000007,          11P     29
1840.,14982.8,-3149.673492,1954.8566274,14982.8,-3172.237424,         11P     30
2009.3307759999998,14982.8,-3237.510198,2106.489802,14982.8,          11P     31
-3334.6692239999998,2171.762576,14982.8,-3389.142462,                 11P     32
2194.326508,14982.8,-3446.5716859999998,2205.6,14982.8,               11P     33
-3504.0000000000005,2205.6,28.71415685,86.14247056,-9.14,9.14;        11P     34
126,1,1,0,0,1,0,-9.14,-9.14,9.14,9.14,1.,1.,28.71415685,9.14,0.,      13P     35
28.71415685,-9.14,0.,-9.14,9.14,0.,0.,0.,0,0;                         13P     36
126,1,1,0,0,1,0,0.,0.,57.42831371,57.42831371,1.,1.,28.71415685,      15P     37
-9.14,0.,86.14247056,-9.14,0.,0.,57.42831371,0.,0.,0.,0,0;            15P     38
126,1,1,0,0,1,0,0.,0.,18.28,18.28,1.,1.,86.14247056,-9.14,0.,         17P     39
86.14247056,9.14,0.,0.,18.28,0.,0.,0.,0,0;                            17P     40
126,1,1,0,0,1,0,28.714156849999995,28.714156849999995,                19P     41
86.14247056,86.14247056,1.,1.,86.14247056,9.14,0.,28.71415685,        19P     42
9.14,0.,28.714156849999995,86.14247056,0.,0.,0.,0,0;                  19P     43
102,4,13,15,17,19;                                                    21P     44
126,1,1,0,0,1,0,0.,0.,1.,1.,1.,1.,14982.8,-3504.0000000000005,        23P     45
1474.4000000000003,14617.200000000003,-3504.0000000000005,            23P     46
1474.4000000000003,0.,1.,0.,0.,0.,0,0;                                23P     47
126,20,5,0,0,1,0,0.,0.,0.,0.,0.,0.,1.,1.,1.,1.,1.,2.,2.,2.,2.,        25P     48
2.,3.,3.,3.,3.,3.,4.,4.,4.,4.,4.,4.,1.,1.,1.,1.,1.,1.,1.,1.,1.,       25P     49
1.,1.,1.,1.,1.,1.,1.,1.,1.,1.,1.,1.,14617.200000000003,               25P     50
-3504.0000000000005,1474.4000000000003,14617.199999999928,            25P     51
-3446.5716859999834,1474.3999999999915,14617.20000000011,             25P     52
-3389.142462000028,1485.6734928000171,14617.199999999913,             25P     53
-3334.669223999975,1508.2374237999843,14617.200000000035,             25P     54
-3286.0897110000074,1540.8738107000056,14617.200000000004,            25P     55
-3245.481761,1581.4817608,14617.19999999999,-3204.873810999993,       25P     56
1622.0897108999986,14617.200000000028,-3172.237424000016,             25P     57
1670.6692242000022,14617.199999999964,-3149.6734919999826,            25P     58
1725.1433725999966,14617.20000000003,-3138.399999996084,              25P     59
1782.571686320003,14617.200000000003,-3138.4000000000005,             25P     60
1840.00000004,14617.200000000033,-3138.400000003928,                  25P     61
1897.428313720004,14617.199999999957,-3149.6734919999967,             25P     62
1954.8566273999925,14617.200000000026,-3172.237423999999,             25P     63
2009.3307760000055,14617.199999999999,-3204.8738109886363,            25P     64
2057.91028898308,14617.200000000003,-3245.4817609717156,              25P     65
2098.5182389717156,14617.200000000012,-3286.0897109830803,            25P     66
2139.1261889886327,14617.199999999964,-3334.6692240000034,            25P     67
2171.7625760000046,14617.200000000039,-3389.1424619999957,            25P     68
2194.3265079999956,14617.199999999992,-3446.571686000002,             25P     69
2205.6000000000013,14617.200000000003,-3504.0000000000005,            25P     70
2205.6,0.,4.,0.,0.,0.,0,0;                                            25P     71
126,1,1,0,0,1,0,0.,0.,1.,1.,1.,1.,14617.200000000003,                 27P     72
-3504.0000000000005,2205.6,14982.8,-3504.0000000000005,2205.6,        27P     73
0.,1.,0.,0.,0.,0,0;                                                   27P     74
126,20,5,0,0,1,0,0.,0.,0.,0.,0.,0.,1.,1.,1.,1.,1.,2.,2.,2.,2.,        29P     75
2.,3.,3.,3.,3.,3.,4.,4.,4.,4.,4.,4.,1.,1.,1.,1.,1.,1.,1.,1.,1.,       29P     76
1.,1.,1.,1.,1.,1.,1.,1.,1.,1.,1.,1.,14982.8,-3504.0000000000005,      29P     77
2205.6,14982.8,-3446.571685999991,2205.599999999995,                  29P     78
14982.800000000007,-3389.1424620000175,2194.3265080000124,            29P     79
14982.799999999974,-3334.669223999982,2171.762575999988,              29P     80
14982.80000000001,-3286.0897109830885,2139.126188988638,14982.8,      29P     81
-3245.4817609717156,2098.5182389717156,14982.799999999957,            29P     82
-3204.873810988628,2057.910288983075,14982.800000000067,              29P     83
-3172.237424000008,2009.3307760000116,14982.799999999948,             29P     84
-3149.673491999996,1954.8566273999902,14982.800000000007,             29P     85
-3138.4000000039255,1897.428313720003,14982.8,                        29P     86
-3138.4000000000005,1840.00000004,14982.799999999992,                 29P     87
-3138.399999996067,1782.5716863200064,14982.80000000002,              29P     88
-3149.673492000011,1725.1433725999898,14982.799999999988,             29P     89
-3172.2374239999926,1670.6692242000086,14982.799999999997,            29P     90
-3204.873811000003,1622.0897108999964,14982.8,-3245.481761,           29P     91
1581.4817607999998,14982.800000000023,-3286.0897110000114,            29P     92
1540.8738107000058,14982.799999999952,-3334.66922399998,              29P     93
1508.2374237999916,14982.80000000005,-3389.1424620000166,             29P     94
1485.6734928000074,14982.799999999974,-3446.5716859999943,            29P     95
1474.3999999999983,14982.8,-3504.0000000000005,                       29P     96
1474.4000000000003,0.,4.,0.,0.,0.,0,0;                                29P     97
102,4,23,25,27,29;                                                    31P     98
142,0,11,21,31,1,0,0;                                                 33P     99
406,1,9HScaling.2;                                                    35P    100
144,11,1,0,33,0,1,35;                                                 37P    101
128,8,14,5,5,0,0,1,0,0,-100.3333189,-100.3333189,-100.3333189,        39P    102
-100.3333189,-100.3333189,-100.3333189,-70.51016871,                  39P    103
-70.51016871,-70.51016871,-40.68701856,-40.68701856,                  39P    104
-40.68701856,-40.68701856,-40.68701856,-40.68701856,0.,0.,0.,0.,      39P    105
0.,0.,8.527806028,8.527806028,8.527806028,17.05561206,                39P    106
17.05561206,17.05561206,25.58341808,25.58341808,25.58341808,          39P    107
34.11122411,34.11122411,34.11122411,34.11122411,34.11122411,          39P    108
34.11122411,1.,1.,1.,1.,1.,1.,1.,1.,1.,1.,1.,1.,1.,1.,1.,1.,1.,       39P    109
1.,1.,1.,1.,1.,1.,1.,1.,1.,1.,1.,1.,1.,1.,1.,1.,1.,1.,1.,1.,1.,       39P    110
1.,1.,1.,1.,1.,1.,1.,1.,1.,1.,1.,1.,1.,1.,1.,1.,1.,1.,1.,1.,1.,       39P    111
1.,1.,1.,1.,1.,1.,1.,1.,1.,1.,1.,1.,1.,1.,1.,1.,1.,1.,1.,1.,1.,       39P    112
1.,1.,1.,1.,1.,1.,1.,1.,1.,1.,1.,1.,1.,1.,1.,1.,1.,1.,1.,1.,1.,       39P    113
1.,1.,1.,1.,1.,1.,1.,1.,1.,1.,1.,1.,1.,1.,1.,1.,1.,1.,1.,1.,1.,       39P    114
1.,1.,1.,1.,1.,1.,1.,1.,1.,1.,1.,1.,1.,13886.000000000002,            39P    115
-3504.0000000000005,1840.,13886.000000000002,                         39P    116
-3504.0000000000005,1891.6730788,13910.292733999999,                  39P    117
-3504.0000000000005,1946.368926,13958.943680000002,                   39P    118
-3504.0000000000005,2000.5107440000004,14097.782904,                  39P    119
-3504.0000000000005,2099.708548,14296.17851,-3504.0000000000005,      39P    120
2169.1281599999998,14404.462148000002,-3504.0000000000005,            39P    121
2193.453632,14513.853842,-3504.0000000000005,2205.6,                  39P    122
14617.200000000003,-3504.0000000000005,2205.6,                        39P    123
13886.000000000002,-3504.0000000000005,1840.,13886.000000000002,      39P    124
-3512.1167880000007,1891.6730788,13910.292733999999,                  39P    125
-3520.708392000001,1946.368926,13958.943680000002,-3529.212968,       39P    126
2000.5107440000004,14097.782904,-3544.7949240000003,2099.708548,      39P    127
14296.17851,-3555.69933,2169.1281599999998,14404.462148000002,        39P    128
-3559.5203659999997,2193.453632,14513.853842,-3561.428314,            39P    129
2205.6,14617.200000000003,-3561.428314,2205.6,                        39P    130
13886.000000000002,-3504.0000000000005,1840.,13886.000000000002,      39P    131
-3520.233706,1890.0797088000002,13910.292733999999,-3537.417048,      39P    132
1943.0889772,13958.943680000002,-3554.4263380000007,                  39P    133
1995.5613008,14097.782904,-3585.5904920000007,2091.70028,             39P    134
14296.17851,-3607.39948,2158.9792979999997,14404.462148000002,        39P    135
-3615.0416139999998,2182.55468,14513.853842,-3618.8575379999997,      39P    136
2194.326508,14617.200000000003,-3618.8575379999997,2194.326508,       39P    137
13886.000000000002,-3504.0000000000005,1840.,13886.000000000002,      39P    138
-3527.9328299999997,1886.8905736,13910.292733999999,-3553.26568,      39P    139
1936.5241492,13958.943680000002,-3578.341928,1985.6549731999999,      39P    140
14097.782904,-3624.2862420000006,2075.6717100000005,14296.17851,      39P    141
-3656.4385300000004,2138.666318,14404.462148000002,-3667.705082,      39P    142
2160.740394,14513.853842,-3673.3307760000002,2171.762576,             39P    143
14617.200000000003,-3673.3307760000002,2171.762576,                   39P    144
13886.000000000002,-3504.0000000000005,1840.,13886.000000000002,      39P    145
-3541.665068,1877.6650672000003,13910.292733999999,                   39P    146
-3581.5334639999996,1917.533463,13958.943680000002,                   39P    147
-3620.9980219999998,1956.9980214,14097.782904,                        39P    148
-3693.3043760000005,2029.304376,14296.17851,-3743.9050820000007,      39P    149
2079.9050819999998,14404.462148000002,-3761.636184,2097.636184,       39P    150
14513.853842,-3770.489802,2106.489802,14617.200000000003,             39P    151
-3770.489802,2106.489802,13886.000000000002,-3504.0000000000005,      39P    152
1840.,13886.000000000002,-3550.890574,1863.9328295999999,             39P    153
13910.292733999999,-3600.5241500000006,1889.2656804,                  39P    154
13958.943680000002,-3649.654974,1914.3419282000002,14097.782904,      39P    155
-3739.67171,1960.2862415999998,14296.17851,-3802.666318000001,        39P    156
1992.4385301999998,14404.462148000002,-3824.7403940000004,            39P    157
2003.7050820000002,14513.853842,-3835.762576,2009.3307759999998,      39P    158
14617.200000000003,-3835.762576,2009.3307759999998,                   39P    159
13886.000000000002,-3504.0000000000005,1840.,13886.000000000002,      39P    160
-3554.0797079999998,1856.2335764,13910.292733999999,                  39P    161
-3607.0889779999998,1873.4167836000004,13958.943680000002,            39P    162
-3659.5613000000003,1890.4259376000002,14097.782904,                  39P    163
-3755.7002800000005,1921.5898465999999,14296.17851,-3822.979298,      39P    164
1943.3986608,14404.462148000002,-3846.5546799999997,                  39P    165
1951.0407336000003,14513.853842,-3858.326508,1954.8566274,            39P    166
14617.200000000003,-3858.326508,1954.8566274,13886.000000000002,      39P    167
-3504.0000000000005,1840.,13886.000000000002,                         39P    168
-3557.2664480000003,1840.,13910.292733999999,                         39P    169
-3613.6488740000004,1840.,13958.943680000002,                         39P    170
-3669.4601880000005,1840.,14097.782904,-3771.716814000001,1840.,      39P    171
14296.17851,-3843.2770219999998,1840.,14404.462148000002,             39P    172
-3868.3525839999998,1840.,14513.853842,-3880.8734920000006,           39P    173
1840.,14617.200000000003,-3880.8734920000006,1840.,                   39P    174
13886.000000000002,-3504.0000000000005,1840.,13886.000000000002,      39P    175
-3554.0797079999998,1823.7664236,13910.292733999999,                  39P    176
-3607.0889779999998,1806.5832163999999,13958.943680000002,            39P    177
-3659.5613000000003,1789.5740624,14097.782904,                        39P    178
-3755.7002800000005,1758.4101534000001,14296.17851,-3822.979298,      39P    179
1736.6013392000002,14404.462148000002,-3846.5546799999997,            39P    180
1728.9592664,14513.853842,-3858.326508,1725.1433726000002,            39P    181
14617.200000000003,-3858.326508,1725.1433726000002,                   39P    182
13886.000000000002,-3504.0000000000005,1840.,13886.000000000002,      39P    183
-3550.890574,1816.0671704000004,13910.292733999999,                   39P    184
-3600.5241500000006,1790.7343196,13958.943680000002,                  39P    185
-3649.654974,1765.6580718,14097.782904,-3739.67171,                   39P    186
1719.7137584000004,14296.17851,-3802.666318000001,                    39P    187
1687.5614698000004,14404.462148000002,-3824.7403940000004,            39P    188
1676.2949184000001,14513.853842,-3835.762576,1670.6692242,            39P    189
14617.200000000003,-3835.762576,1670.6692242,13886.000000000002,      39P    190
-3504.0000000000005,1840.,13886.000000000002,-3541.665068,            39P    191
1802.3349328,13910.292733999999,-3581.5334639999996,                  39P    192
1762.4665370000002,13958.943680000002,-3620.9980219999998,            39P    193
1723.0019786000003,14097.782904,-3693.3043760000005,                  39P    194
1650.6956248000004,14296.17851,-3743.9050820000007,                   39P    195
1600.0949172000003,14404.462148000002,-3761.636184,1582.3638164,      39P    196
14513.853842,-3770.489802,1573.5101976,14617.200000000003,            39P    197
-3770.489802,1573.5101976,13886.000000000002,                         39P    198
-3504.0000000000005,1840.,13886.000000000002,                         39P    199
-3527.9328299999997,1793.1094264,13910.292733999999,-3553.26568,      39P    200
1743.4758508000002,13958.943680000002,-3578.341928,                   39P    201
1694.3450268000004,14097.782904,-3624.2862420000006,                  39P    202
1604.3282909999998,14296.17851,-3656.4385300000004,1541.3336812,      39P    203
14404.462148000002,-3667.705082,1519.259607,14513.853842,             39P    204
-3673.3307760000002,1508.2374238,14617.200000000003,                  39P    205
-3673.3307760000002,1508.2374238,13886.000000000002,                  39P    206
-3504.0000000000005,1840.,13886.000000000002,-3520.233706,            39P    207
1789.9202912,13910.292733999999,-3537.417048,1736.9110228,            39P    208
13958.943680000002,-3554.4263380000007,1684.4386992,                  39P    209
14097.782904,-3585.5904920000007,1588.2997194,14296.17851,            39P    210
-3607.39948,1521.0207022,14404.462148000002,-3615.0416139999998,      39P    211
1497.4453198,14513.853842,-3618.8575379999997,1485.6734928,           39P    212
14617.200000000003,-3618.8575379999997,1485.6734928,                  39P    213
13886.000000000002,-3504.0000000000005,1840.,13886.000000000002,      39P    214
-3512.1167880000007,1788.3269212000002,13910.292733999999,            39P    215
-3520.708392000001,1733.631074,13958.943680000002,-3529.212968,       39P    216
1679.4892552,14097.782904,-3544.7949240000003,                        39P    217
1580.2914522000003,14296.17851,-3555.69933,1510.8718402,              39P    218
14404.462148000002,-3559.5203659999997,1486.5463674,                  39P    219
14513.853842,-3561.428314,1474.4000000000003,14617.200000000003,      39P    220
-3561.428314,1474.4000000000003,13886.000000000002,                   39P    221
-3504.0000000000005,1840.,13886.000000000002,                         39P    222
-3504.0000000000005,1788.3269212000002,13910.292733999999,            39P    223
-3504.0000000000005,1733.631074,13958.943680000002,                   39P    224
-3504.0000000000005,1679.4892552,14097.782904,                        39P    225
-3504.0000000000005,1580.2914522000003,14296.17851,                   39P    226
-3504.0000000000005,1510.8718402,14404.462148000002,                  39P    227
-3504.0000000000005,1486.5463674,14513.853842,                        39P    228
-3504.0000000000005,1474.4000000000003,14617.200000000003,            39P    229
-3504.0000000000005,1474.4000000000003,-100.3333189,                  39P    230
-40.68701856,0.,34.11122411;                                          39P    231
126,1,1,0,0,1,0,0.,0.,34.11122411,34.11122411,1.,1.,                  41P    232
-40.68701856,0.,0.,-40.68701856,34.11122411,0.,0.,34.11122411,        41P    233
0.,0.,0.,0,0;                                                         41P    234
126,1,1,0,0,1,0,-100.33331890000001,-100.33331890000001,              43P    235
-40.68701856000001,-40.68701856000001,1.,1.,-40.68701856,             43P    236
34.11122411,0.,-100.3333189,34.11122411,0.,-100.33331890000001,       43P    237
-40.68701856000001,0.,0.,0.,0,0;                                      43P    238
126,1,1,0,0,1,0,0.,0.,59.6463003,59.6463003,1.,1.,-100.3333189,       45P    239
0.,0.,-40.68701856,0.,0.,0.,59.6463003,0.,0.,0.,0,0;                  45P    240
102,3,41,43,45;                                                       47P    241
126,20,5,0,0,1,0,0.,0.,0.,0.,0.,0.,1.,1.,1.,1.,1.,2.,2.,2.,2.,        49P    242
2.,3.,3.,3.,3.,3.,4.,4.,4.,4.,4.,4.,1.,1.,1.,1.,1.,1.,1.,1.,1.,       49P    243
1.,1.,1.,1.,1.,1.,1.,1.,1.,1.,1.,1.,14617.200000000003,               49P    244
-3504.0000000000005,2205.6,14617.199999999984,                        49P    245
-3561.4283140000016,2205.5999999999863,14617.200000000024,            49P    246
-3618.8575379999975,2194.326508000021,14617.2,                        49P    247
-3673.3307759999993,2171.7625759999855,14617.199999999997,            49P    248
-3721.910288988608,2139.1261890076585,14617.200000000003,             49P    249
-3762.5182389809524,2098.518239019047,14617.200000000059,             49P    250
-3803.126188992368,2057.910289011401,14617.199999999908,              49P    251
-3835.7625759999614,2009.3307759999857,14617.200000000099,            49P    252
-3858.326508000035,1954.8566274000138,14617.19999999997,              49P    253
-3869.6000000079225,1897.4283136595902,14617.200000000003,            49P    254
-3869.6000000000004,1839.9999999191891,14617.199999999963,            49P    255
-3869.5999999920655,1782.5716862595955,14617.200000000106,            49P    256
-3858.326508000011,1725.1433726000007,14617.199999999893,             49P    257
-3835.762575999989,1670.6692241999986,14617.200000000037,             49P    258
-3803.126189019137,1622.0897109284824,14617.2,                        49P    259
-3762.518239047618,1581.4817608476183,14617.200000000008,             49P    260
-3721.9102890284826,1540.873810719134,14617.199999999992,             49P    261
-3673.3307760000016,1508.2374238000011,14617.200000000026,            49P    262
-3618.8575380000007,1485.6734928000008,14617.199999999995,            49P    263
-3561.428314000001,1474.4000000000008,14617.200000000003,             49P    264
-3504.0000000000005,1474.4000000000003,0.,4.,0.,0.,0.,0,0;            49P    265
126,48,4,0,0,1,0,0.,0.,0.,0.,0.,1.,1.,1.,1.,2.,2.,2.,2.,3.,3.,        51P    266
3.,3.,4.,4.,4.,4.,5.,5.,5.,5.,6.,6.,6.,6.,7.,7.,7.,7.,8.,8.,8.,       51P    267
8.,9.,9.,9.,9.,10.,10.,10.,10.,11.,11.,11.,11.,12.,12.,12.,12.,       51P    268
12.,1.,1.,1.,1.,1.,1.,1.,1.,1.,1.,1.,1.,1.,1.,1.,1.,1.,1.,1.,1.,      51P    269
1.,1.,1.,1.,1.,1.,1.,1.,1.,1.,1.,1.,1.,1.,1.,1.,1.,1.,1.,1.,1.,       51P    270
1.,1.,1.,1.,1.,1.,1.,1.,14617.200000000003,-3504.0000000000005,       51P    271
1474.4000000000003,14590.286994510483,-3504.0000000000005,            51P    272
1474.3999871431135,14562.936425611542,-3504.000000000001,             51P    273
1475.2786727602459,14535.310840214595,-3503.999999999998,             51P    274
1477.036606739191,14507.577253024057,-3504.,1479.6578756237657,       51P    275
14479.843708200744,-3504.000000000004,1482.2791348656756,             51P    276
14452.001824215078,-3503.999999999999,1485.7638057973945,             51P    277
14424.218968831658,-3503.999999999997,1490.095894607195,              51P    278
14396.661093269442,-3504.000000000001,1495.2442833983694,             51P    279
14377.37057265269,-3504.,1498.8481573099666,14358.19022833063,        51P    280
-3504.000000000003,1502.8520327371423,14339.176902856681,             51P    281
-3503.9999999999986,1507.2452541565967,14320.386024920657,            51P    282
-3504.0000000000005,1512.0137791348313,14296.226340843265,            51P    283
-3503.999999999999,1518.144736150895,14272.434201400609,              51P    284
-3504.000000000005,1524.8961327033928,14249.127580056505,             51P    285
-3503.999999999999,1532.2380854271767,14226.417266521406,             51P    286
-3504.000000000001,1540.1322115192227,14211.276943075458,             51P    287
-3503.9999999999973,1545.3948770747947,14196.402002168214,            51P    288
-3504.000000000001,1550.9032795864136,14181.824240577665,             51P    289
-3504.000000000004,1556.6452798195876,14167.575455081804,-3504.,      51P    290
1562.6087385398241,14153.326425488678,-3504.,1568.5720303865082,      51P    291
14139.40643977786,-3504.,1574.756765291993,14125.845097851832,        51P    292
-3504.,1581.1493021598026,14112.671999613078,-3504.000000000001,      51P    293
1587.735999893461,14090.716632731546,-3504.000000000011,              51P    294
1598.71366794381,14069.838202691933,-3503.99999999999,                51P    295
1610.2299802391756,14050.17000114396,-3504.000000000004,              51P    296
1622.2189258549777,14031.82225000671,-3504.0000000000005,             51P    297
1634.6059005860661,14013.4745181549,-3504.000000000009,               51P    298
1646.9928541335748,13996.447083144812,-3503.999999999987,             51P    299
1659.7780054804684,13980.850327607606,-3504.000000000006,             51P    300
1672.8865738917784,13966.768885915366,-3504.,1686.238127516579,       51P    301
13956.911873215227,-3504.000000000001,1695.5842189155323,             51P    302
13947.797335249626,-3504.0000000000023,1705.0494049778551,            51P    303
13939.454265777531,-3503.999999999997,1714.6061369360311,             51P    304
13931.904987633907,-3504.000000000001,1724.2260460640434,             51P    305
13922.198780218307,-3504.0000000000023,1736.5944925942,               51P    306
13913.8046789158,-3503.999999999999,1749.0674622363695,               51P    307
13906.770204038954,-3503.9999999999986,1761.5845774606398,            51P    308
13901.12313550812,-3504.0000000000014,1774.0848802137643,             51P    309
13897.358190324661,-3504.0000000000014,1782.4184268060994,            51P    310
13894.210695349844,-3504.,1790.7444906542623,13891.686786205137,      51P    311
-3504.,1799.0451129251173,13889.792598512002,-3504.000000000001,      51P    312
1807.3023347855292,13887.898182039253,-3504.00000000001,              51P    313
1815.5595636209823,13886.632625016944,-3503.999999999994,             51P    314
1823.7734430413873,13885.999999710704,-3504.0000000000023,            51P    315
1831.9260817552558,13886.000000000002,-3504.0000000000005,1840.,      51P    316
0.,12.,0.,0.,0.,0,0;                                                  51P    317
126,48,4,0,0,1,0,0.,0.,0.,0.,0.,1.,1.,1.,1.,2.,2.,2.,2.,3.,3.,        53P    318
3.,3.,4.,4.,4.,4.,5.,5.,5.,5.,6.,6.,6.,6.,7.,7.,7.,7.,8.,8.,8.,       53P    319
8.,9.,9.,9.,9.,10.,10.,10.,10.,11.,11.,11.,11.,12.,12.,12.,12.,       53P    320
12.,1.,1.,1.,1.,1.,1.,1.,1.,1.,1.,1.,1.,1.,1.,1.,1.,1.,1.,1.,1.,      53P    321
1.,1.,1.,1.,1.,1.,1.,1.,1.,1.,1.,1.,1.,1.,1.,1.,1.,1.,1.,1.,1.,       53P    322
1.,1.,1.,1.,1.,1.,1.,1.,13886.000000000002,-3504.0000000000005,       53P    323
1840.,13885.999974286166,-3504.000000000006,1853.4565026928458,       53P    324
13887.757345462824,-3503.999999999998,1867.1317871186154,             53P    325
13891.27321334949,-3503.9999999999995,1880.944579787922,              53P    326
13896.515751050229,-3504.000000000001,1894.8113733461826,             53P    327
13901.75826946552,-3503.9999999999955,1908.6781457209452,             53P    328
13908.727611264032,-3504.0000000000064,1922.5990876680476,            53P    329
13917.391788837946,-3503.999999999995,1936.4905153037703,             53P    330
13927.688566393426,-3504.,1950.2694530310582,13934.896314197822,      53P    331
-3504.0000000000023,1959.9147133017323,13942.904065042641,            53P    332
-3503.999999999996,1969.5048854258814,13951.69050788125,              53P    333
-3504.0000000000045,1979.0115481308726,13961.227557844433,            53P    334
-3504.0000000000005,1988.4069870757608,13973.489471885185,            53P    335
-3504.0000000000036,2000.4868290847942,13986.992265010715,            53P    336
-3503.999999999996,2012.38289879067,14001.676170485896,               53P    337
-3503.9999999999995,2024.0362094705902,14017.464422700034,            53P    338
-3504.000000000001,2035.3913662687603,14027.989753831274,             53P    339
-3504.000000000001,2042.961528011927,14039.00655887555,-3504.,        53P    340
2050.398998496457,14050.490559363112,-3503.9999999999995,             53P    341
2057.6878793312408,14062.417476824212,-3503.9999999999995,            53P    342
2064.8122721251693,14074.344060538377,-3503.999999999999,             53P    343
2071.9367869672665,14086.713530369423,-3504.000000000001,             53P    344
2078.8967798749227,14099.49860412508,-3504.000000000002,              53P    345
2085.677450890545,14112.671999613078,-3504.000000000001,              53P    346
2092.264000056539,14134.627335689433,-3503.9999999999995,             53P    347
2103.241683545288,14157.659960253324,-3503.999999999998,              53P    348
2113.6808985956004,14181.637851467214,-3504.0000000000036,            53P    349
2123.514999369072,14206.411800919723,-3504.0000000000005,             53P    350
2132.6888749164455,14231.18570800503,-3504.000000000006,              53P    351
2141.862740821254,14256.75601069768,-3503.999999999997,               53P    352
2150.376458283365,14282.973147526223,-3503.999999999999,              53P    353
2158.174835998817,14309.676254784012,-3504.,2165.215556798151,        53P    354
14328.368437587651,-3503.999999999999,2170.1440631154414,             53P    355
14347.298809719285,-3504.000000000004,2174.7013320684046,             53P    356
14366.412273642309,-3503.9999999999995,2178.872866782983,             53P    357
14385.652091904212,-3504.0000000000005,2182.647505844989,             53P    358
14410.388984972089,-3504.000000000008,2187.5006095402255,             53P    359
14435.334924262846,-3503.9999999999895,2191.6976601975875,            53P    360
14460.369154715556,-3504.0000000000077,2195.214897668266,             53P    361
14485.369760230093,-3504.000000000001,2198.038431982818,              53P    362
14502.036853420457,-3503.999999999999,2199.9209046070046,             53P    363
14518.68898112393,-3504.000000000002,2201.4946521352604,              53P    364
14535.290225677523,-3504.000000000004,2202.7566067514326,             53P    365
14551.804669418241,-3504.,2203.7037006393693,14568.319174105804,      53P    366
-3503.999999999999,2204.6510308275956,14584.74681019291,              53P    367
-3503.999999999999,2205.2834848594803,14601.052208538122,             53P    368
-3503.9999999999995,2205.6001216214677,14617.200000000003,            53P    369
-3504.0000000000005,2205.6,0.,12.,0.,0.,0.,0,0;                       53P    370
102,3,49,51,53;                                                       55P    371
142,0,39,47,55,1,0,0;                                                 57P    372
406,1,9HScaling.3;                                                    59P    373
144,39,1,0,57,0,1,59;                                                 61P    374
128,8,14,5,5,0,0,1,0,0,-100.3333189,-100.3333189,-100.3333189,        63P    375
-100.3333189,-100.3333189,-100.3333189,-70.51016871,                  63P    376
-70.51016871,-70.51016871,-40.68701856,-40.68701856,                  63P    377
-40.68701856,-40.68701856,-40.68701856,-40.68701856,0.,0.,0.,0.,      63P    378
0.,0.,8.527806028,8.527806028,8.527806028,17.05561206,                63P    379
17.05561206,17.05561206,25.58341808,25.58341808,25.58341808,          63P    380
34.11122411,34.11122411,34.11122411,34.11122411,34.11122411,          63P    381
34.11122411,1.,1.,1.,1.,1.,1.,1.,1.,1.,1.,1.,1.,1.,1.,1.,1.,1.,       63P    382
1.,1.,1.,1.,1.,1.,1.,1.,1.,1.,1.,1.,1.,1.,1.,1.,1.,1.,1.,1.,1.,       63P    383
1.,1.,1.,1.,1.,1.,1.,1.,1.,1.,1.,1.,1.,1.,1.,1.,1.,1.,1.,1.,1.,       63P    384
1.,1.,1.,1.,1.,1.,1.,1.,1.,1.,1.,1.,1.,1.,1.,1.,1.,1.,1.,1.,1.,       63P    385
1.,1.,1.,1.,1.,1.,1.,1.,1.,1.,1.,1.,1.,1.,1.,1.,1.,1.,1.,1.,1.,       63P    386
1.,1.,1.,1.,1.,1.,1.,1.,1.,1.,1.,1.,1.,1.,1.,1.,1.,1.,1.,1.,1.,       63P    387
1.,1.,1.,1.,1.,1.,1.,1.,1.,1.,1.,1.,1.,13886.000000000002,            63P    388
-3504.0000000000005,1840.,13886.000000000002,                         63P    389
-3504.0000000000005,1891.6730788,13910.292733999999,                  63P    390
-3504.0000000000005,1946.368926,13958.943680000002,                   63P    391
-3504.0000000000005,2000.5107440000004,14097.782904,                  63P    392
-3504.0000000000005,2099.708548,14296.17851,-3504.0000000000005,      63P    393
2169.1281599999998,14404.462148000002,-3504.0000000000005,            63P    394
2193.453632,14513.853842,-3504.0000000000005,2205.6,                  63P    395
14617.200000000003,-3504.0000000000005,2205.6,                        63P    396
13886.000000000002,-3504.0000000000005,1840.,13886.000000000002,      63P    397
-3495.8832119999997,1891.6730788,13910.292733999999,                  63P    398
-3487.2916080000005,1946.368926,13958.943680000002,-3478.787032,      63P    399
2000.5107440000004,14097.782904,-3463.2050759999997,2099.708548,      63P    400
14296.17851,-3452.30067,2169.1281599999998,14404.462148000002,        63P    401
-3448.4796340000003,2193.453632,14513.853842,                         63P    402
-3446.5716859999998,2205.6,14617.200000000003,                        63P    403
-3446.5716859999998,2205.6,13886.000000000002,                        63P    404
-3504.0000000000005,1840.,13886.000000000002,                         63P    405
-3487.7662940000005,1890.0797088000002,13910.292733999999,            63P    406
-3470.5829519999998,1943.0889772,13958.943680000002,                  63P    407
-3453.573662,1995.5613008,14097.782904,-3422.4095080000006,           63P    408
2091.70028,14296.17851,-3400.6005200000004,2158.9792979999997,        63P    409
14404.462148000002,-3392.9583860000002,2182.55468,14513.853842,       63P    410
-3389.142462,2194.326508,14617.200000000003,-3389.142462,             63P    411
2194.326508,13886.000000000002,-3504.0000000000005,1840.,             63P    412
13886.000000000002,-3480.06717,1886.8905736,13910.292733999999,       63P    413
-3454.73432,1936.5241492,13958.943680000002,-3429.6580719999997,      63P    414
1985.6549731999999,14097.782904,-3383.713758,2075.6717100000005,      63P    415
14296.17851,-3351.5614699999996,2138.666318,14404.462148000002,       63P    416
-3340.294918,2160.740394,14513.853842,-3334.6692239999998,            63P    417
2171.762576,14617.200000000003,-3334.6692239999998,2171.762576,       63P    418
13886.000000000002,-3504.0000000000005,1840.,13886.000000000002,      63P    419
-3466.3349319999998,1877.6650672000003,13910.292733999999,            63P    420
-3426.4665360000004,1917.533463,13958.943680000002,                   63P    421
-3387.0019780000007,1956.9980214,14097.782904,                        63P    422
-3314.6956240000004,2029.304376,14296.17851,-3264.0949180000007,      63P    423
2079.9050819999998,14404.462148000002,-3246.3638160000005,            63P    424
2097.636184,14513.853842,-3237.510198,2106.489802,                    63P    425
14617.200000000003,-3237.510198,2106.489802,13886.000000000002,       63P    426
-3504.0000000000005,1840.,13886.000000000002,-3457.109426,            63P    427
1863.9328295999999,13910.292733999999,-3407.4758500000007,            63P    428
1889.2656804,13958.943680000002,-3358.345026,1914.3419282000002,      63P    429
14097.782904,-3268.32829,1960.2862415999998,14296.17851,              63P    430
-3205.3336820000004,1992.4385301999998,14404.462148000002,            63P    431
-3183.2596059999996,2003.7050820000002,14513.853842,                  63P    432
-3172.237424,2009.3307759999998,14617.200000000003,-3172.237424,      63P    433
2009.3307759999998,13886.000000000002,-3504.0000000000005,1840.,      63P    434
13886.000000000002,-3453.9202920000002,1856.2335764,                  63P    435
13910.292733999999,-3400.9110220000002,1873.4167836000004,            63P    436
13958.943680000002,-3348.4386999999997,1890.4259376000002,            63P    437
14097.782904,-3252.2997200000004,1921.5898465999999,14296.17851,      63P    438
-3185.020702,1943.3986608,14404.462148000002,                         63P    439
-3161.4453200000003,1951.0407336000003,14513.853842,                  63P    440
-3149.673492,1954.8566274,14617.200000000003,-3149.673492,            63P    441
1954.8566274,13886.000000000002,-3504.0000000000005,1840.,            63P    442
13886.000000000002,-3450.7335519999997,1840.,13910.292733999999,      63P    443
-3394.351126000001,1840.,13958.943680000002,-3338.539812,1840.,       63P    444
14097.782904,-3236.2831860000006,1840.,14296.17851,-3164.722978,      63P    445
1840.,14404.462148000002,-3139.6474160000002,1840.,14513.853842,      63P    446
-3127.1265080000007,1840.,14617.200000000003,                         63P    447
-3127.1265080000007,1840.,13886.000000000002,                         63P    448
-3504.0000000000005,1840.,13886.000000000002,                         63P    449
-3453.9202920000002,1823.7664236,13910.292733999999,                  63P    450
-3400.9110220000002,1806.5832163999999,13958.943680000002,            63P    451
-3348.4386999999997,1789.5740624,14097.782904,                        63P    452
-3252.2997200000004,1758.4101534000001,14296.17851,-3185.020702,      63P    453
1736.6013392000002,14404.462148000002,-3161.4453200000003,            63P    454
1728.9592664,14513.853842,-3149.673492,1725.1433726000002,            63P    455
14617.200000000003,-3149.673492,1725.1433726000002,                   63P    456
13886.000000000002,-3504.0000000000005,1840.,13886.000000000002,      63P    457
-3457.109426,1816.0671704000004,13910.292733999999,                   63P    458
-3407.4758500000007,1790.7343196,13958.943680000002,                  63P    459
-3358.345026,1765.6580718,14097.782904,-3268.32829,                   63P    460
1719.7137584000004,14296.17851,-3205.3336820000004,                   63P    461
1687.5614698000004,14404.462148000002,-3183.2596059999996,            63P    462
1676.2949184000001,14513.853842,-3172.237424,1670.6692242,            63P    463
14617.200000000003,-3172.237424,1670.6692242,13886.000000000002,      63P    464
-3504.0000000000005,1840.,13886.000000000002,                         63P    465
-3466.3349319999998,1802.3349328,13910.292733999999,                  63P    466
-3426.4665360000004,1762.4665370000002,13958.943680000002,            63P    467
-3387.0019780000007,1723.0019786000003,14097.782904,                  63P    468
-3314.6956240000004,1650.6956248000004,14296.17851,                   63P    469
-3264.0949180000007,1600.0949172000003,14404.462148000002,            63P    470
-3246.3638160000005,1582.3638164,14513.853842,-3237.510198,           63P    471
1573.5101976,14617.200000000003,-3237.510198,1573.5101976,            63P    472
13886.000000000002,-3504.0000000000005,1840.,13886.000000000002,      63P    473
-3480.06717,1793.1094264,13910.292733999999,-3454.73432,              63P    474
1743.4758508000002,13958.943680000002,-3429.6580719999997,            63P    475
1694.3450268000004,14097.782904,-3383.713758,1604.3282909999998,      63P    476
14296.17851,-3351.5614699999996,1541.3336812,14404.462148000002,      63P    477
-3340.294918,1519.259607,14513.853842,-3334.6692239999998,            63P    478
1508.2374238,14617.200000000003,-3334.6692239999998,                  63P    479
1508.2374238,13886.000000000002,-3504.0000000000005,1840.,            63P    480
13886.000000000002,-3487.7662940000005,1789.9202912,                  63P    481
13910.292733999999,-3470.5829519999998,1736.9110228,                  63P    482
13958.943680000002,-3453.573662,1684.4386992,14097.782904,            63P    483
-3422.4095080000006,1588.2997194,14296.17851,                         63P    484
-3400.6005200000004,1521.0207022,14404.462148000002,                  63P    485
-3392.9583860000002,1497.4453198,14513.853842,-3389.142462,           63P    486
1485.6734928,14617.200000000003,-3389.142462,1485.6734928,            63P    487
13886.000000000002,-3504.0000000000005,1840.,13886.000000000002,      63P    488
-3495.8832119999997,1788.3269212000002,13910.292733999999,            63P    489
-3487.2916080000005,1733.631074,13958.943680000002,-3478.787032,      63P    490
1679.4892552,14097.782904,-3463.2050759999997,                        63P    491
1580.2914522000003,14296.17851,-3452.30067,1510.8718402,              63P    492
14404.462148000002,-3448.4796340000003,1486.5463674,                  63P    493
14513.853842,-3446.5716859999998,1474.4000000000003,                  63P    494
14617.200000000003,-3446.5716859999998,1474.4000000000003,            63P    495
13886.000000000002,-3504.0000000000005,1840.,13886.000000000002,      63P    496
-3504.0000000000005,1788.3269212000002,13910.292733999999,            63P    497
-3504.0000000000005,1733.631074,13958.943680000002,                   63P    498
-3504.0000000000005,1679.4892552,14097.782904,                        63P    499
-3504.0000000000005,1580.2914522000003,14296.17851,                   63P    500
-3504.0000000000005,1510.8718402,14404.462148000002,                  63P    501
-3504.0000000000005,1486.5463674,14513.853842,                        63P    502
-3504.0000000000005,1474.4000000000003,14617.200000000003,            63P    503
-3504.0000000000005,1474.4000000000003,-100.3333189,                  63P    504
-40.68701856,0.,34.11122411;                                          63P    505
126,1,1,0,0,1,0,0.,0.,59.6463003,59.6463003,1.,1.,-40.68701856,       65P    506
34.11122411,0.,-100.3333189,34.11122411,0.,0.,59.6463003,0.,0.,       65P    507
0.,0,0;                                                               65P    508
126,1,1,0,0,1,0,-100.3333189,-100.3333189,-40.68701856,               67P    509
-40.68701856,1.,1.,-100.3333189,0.,0.,-40.68701856,0.,0.,             67P    510
-100.3333189,-40.68701856,0.,0.,0.,0,0;                               67P    511
126,1,1,0,0,1,0,0.,0.,34.11122411,34.11122411,1.,1.,                  69P    512
-40.68701856,0.,0.,-40.68701856,34.11122411,0.,0.,34.11122411,        69P    513
0.,0.,0.,0,0;                                                         69P    514
102,3,65,67,69;                                                       71P    515
126,48,4,0,0,1,0,0.,0.,0.,0.,0.,1.,1.,1.,1.,2.,2.,2.,2.,3.,3.,        73P    516
3.,3.,4.,4.,4.,4.,5.,5.,5.,5.,6.,6.,6.,6.,7.,7.,7.,7.,8.,8.,8.,       73P    517
8.,9.,9.,9.,9.,10.,10.,10.,10.,11.,11.,11.,11.,12.,12.,12.,12.,       73P    518
12.,1.,1.,1.,1.,1.,1.,1.,1.,1.,1.,1.,1.,1.,1.,1.,1.,1.,1.,1.,1.,      73P    519
1.,1.,1.,1.,1.,1.,1.,1.,1.,1.,1.,1.,1.,1.,1.,1.,1.,1.,1.,1.,1.,       73P    520
1.,1.,1.,1.,1.,1.,1.,1.,14617.200000000003,-3504.0000000000005,       73P    521
1474.4000000000003,14601.052208538122,-3503.9999999999995,            73P    522
1474.3998783782704,14584.74681019291,-3503.999999999999,              73P    523
1474.7165151253369,14568.319174105804,-3503.999999999999,             73P    524
1475.3489691349919,14551.804669418241,-3504.,1476.2962993010278,      73P    525
14535.290225677523,-3504.0000000000027,1477.243393166325,             73P    526
14518.688981123925,-3504.0000000000005,1478.5053477597364,            73P    527
14502.036853420448,-3503.999999999998,1480.079095268396,              73P    528
14485.36976023009,-3504.0000000000005,1481.9615678794378,             73P    529
14460.36915471554,-3504.0000000000077,1484.785102173965,              73P    530
14435.33492426287,-3503.999999999989,1488.302339637715,               73P    531
14410.388984972078,-3504.0000000000077,1492.4993903060538,            73P    532
14385.652091904212,-3504.,1497.3524940234124,14366.412273642294,      73P    533
-3504.,1501.1271331026574,14347.298809719288,-3504.,                  73P    534
1505.29866784148,14328.368437587651,-3504.,1509.8559368227088,        73P    535
14309.676254784012,-3504.000000000001,1514.7844431679496,             73P    536
14282.97314752624,-3504.000000000001,1521.8251640071826,              73P    537
14256.756010697653,-3503.9999999999945,1529.6235417621815,            73P    538
14231.18570800506,-3504.0000000000077,1538.1372592502753,             73P    539
14206.411800919726,-3504.000000000001,1547.3111251589069,             73P    540
14181.637851467223,-3504.0000000000045,1556.4850007102064,            73P    541
14157.659960253286,-3503.9999999999886,1566.3191014662184,            73P    542
14134.627335689465,-3504.0000000000086,1576.7583164699508,            73P    543
14112.671999613078,-3504.000000000001,1587.735999893461,              73P    544
14099.498604125072,-3503.999999999999,1594.322549020168,              73P    545
14086.71353036942,-3504.,1601.103219990825,14074.344060538382,        73P    546
-3504.000000000002,1608.0632128533184,14062.417476824216,-3504.,      73P    547
1615.1877276555354,14050.490559363112,-3503.9999999999995,            73P    548
1622.3121204092013,14039.00655887555,-3504.,1629.6010012088545,       73P    549
14027.989753831274,-3504.000000000001,1637.0384716654103,             73P    550
14017.464422700034,-3504.000000000001,1644.6086333897852,             73P    551
14001.676170485884,-3503.999999999997,1655.9637901594992,             73P    552
13986.992265010744,-3504.0000000000023,1667.6171008304889,            73P    553
13973.489471885161,-3503.999999999998,1679.51317054845,               73P    554
13961.227557844433,-3504.0000000000005,1691.593012583195,             73P    555
13951.690507881252,-3504.0000000000045,1700.9884515481094,            73P    556
13942.904065042638,-3503.999999999996,1710.4951142815992,             73P    557
13934.896314197827,-3504.0000000000023,1720.085286439419,             73P    558
13927.688566393426,-3504.,1729.7305467450205,13917.39178883798,       73P    559
-3504.0000000000023,1743.5094845221806,13908.727611264,               73P    560
-3504.0000000000023,1757.4009122106413,13901.758269465547,            73P    561
-3503.999999999995,1771.3218542014297,13896.515751050227,             73P    562
-3504.0000000000005,1785.1886266062243,13891.273213349474,            73P    563
-3503.999999999999,1799.0554201946043,13887.757345462878,             73P    564
-3504.000000000008,1812.8682128811065,13885.999974286096,             73P    565
-3503.9999999999914,1826.543497307276,13886.000000000002,             73P    566
-3504.0000000000005,1840.,0.,12.,0.,0.,0.,0,0;                        73P    567
126,48,4,0,0,1,0,0.,0.,0.,0.,0.,1.,1.,1.,1.,2.,2.,2.,2.,3.,3.,        75P    568
3.,3.,4.,4.,4.,4.,5.,5.,5.,5.,6.,6.,6.,6.,7.,7.,7.,7.,8.,8.,8.,       75P    569
8.,9.,9.,9.,9.,10.,10.,10.,10.,11.,11.,11.,11.,12.,12.,12.,12.,       75P    570
12.,1.,1.,1.,1.,1.,1.,1.,1.,1.,1.,1.,1.,1.,1.,1.,1.,1.,1.,1.,1.,      75P    571
1.,1.,1.,1.,1.,1.,1.,1.,1.,1.,1.,1.,1.,1.,1.,1.,1.,1.,1.,1.,1.,       75P    572
1.,1.,1.,1.,1.,1.,1.,1.,13886.000000000002,-3504.0000000000005,       75P    573
1840.,13885.999999710697,-3504.000000000002,1848.073918244746,        75P    574
13886.632625016988,-3503.999999999998,1856.2265569586,                75P    575
13887.898182039195,-3504.000000000005,1864.4404363751541,             75P    576
13889.792598512002,-3504.0000000000005,1872.6976652021858,            75P    577
13891.686786205128,-3503.9999999999986,1880.9548870542862,            75P    578
13894.210695349842,-3504.,1889.255509311784,13897.358190324665,       75P    579
-3504.0000000000014,1897.5815731418063,13901.12313550812,             75P    580
-3504.0000000000014,1905.91511971148,13906.77020403896,-3504.,        75P    581
1918.415422430801,13913.804678915798,-3503.999999999997,              75P    582
1930.9325376118156,13922.198780218301,-3504.0000000000023,            75P    583
1943.405507205974,13931.904987633907,-3504.000000000001,              75P    584
1955.7739536922766,13939.454265777546,-3504.000000000001,             75P    585
1965.393862786153,13947.79733524961,-3503.999999999998,               75P    586
1974.9505947124862,13956.911873215235,-3504.000000000002,             75P    587
1984.4157807492925,13966.768885915366,-3504.,1993.761872131988,       75P    588
13980.8503276076,-3504.,2007.1134257335925,13996.447083144856,        75P    589
-3504.0000000000077,2020.2219941403118,14013.474518154857,            75P    590
-3503.999999999992,2033.0071455103182,14031.82225000671,              75P    591
-3504.0000000000005,2045.3940991033567,14050.170001143939,            75P    592
-3503.999999999997,2057.7810738798844,14069.838202691995,             75P    593
-3504.000000000007,2069.7700195628113,14090.716632731468,             75P    594
-3503.999999999994,2081.286331940965,14112.671999613078,              75P    595
-3504.000000000001,2092.264000056539,14125.845097851836,              75P    596
-3504.000000000002,2098.850697829423,14139.406439777862,              75P    597
-3504.0000000000005,2105.243234729342,14153.326425488676,             75P    598
-3503.9999999999986,2111.427969658666,14167.575455081804,             75P    599
-3504.0000000000005,2117.3912615197655,14181.82424057766,             75P    600
-3504.0000000000027,2123.3547202546756,14196.402002168214,            75P    601
-3504.000000000002,2129.096720493251,14211.276943075463,-3504.,       75P    602
2134.6051230021453,14226.417266521406,-3504.000000000001,             75P    603
2139.8677885480142,14249.127580056529,-3504.000000000008,             75P    604
2147.761914625669,14272.43420140055,-3503.999999999989,               75P    605
2155.10386731992,14296.226340843301,-3504.000000000006,               75P    606
2161.855263834961,14320.386024920657,-3504.0000000000005,             75P    607
2167.986220815309,14339.176902856652,-3503.999999999999,              75P    608
2172.754745765739,14358.190228330672,-3504.000000000004,              75P    609
2177.1479671582038,14377.370572652673,-3503.999999999998,             75P    610
2181.1518425635804,14396.661093269442,-3504.000000000001,             75P    611
2184.7557164610494,14424.218968831661,-3503.9999999999973,            75P    612
2189.9041052320626,14452.001824215069,-3503.9999999999986,            75P    613
2194.236194037051,14479.84370820075,-3504.000000000004,               75P    614
2197.720864987071,14507.577253024057,-3504.,2200.34212425983,         75P    615
14535.310840214608,-3503.9999999999995,2202.9633931751623,            75P    616
14562.93642561151,-3503.999999999997,2204.721327196647,               75P    617
14590.286994510503,-3504.0000000000023,2205.600012856756,             75P    618
14617.200000000003,-3504.0000000000005,2205.6,0.,12.,0.,0.,0.,0,      75P    619
0;                                                                    75P    620
126,20,5,0,0,1,0,0.,0.,0.,0.,0.,0.,1.,1.,1.,1.,1.,2.,2.,2.,2.,        77P    621
2.,3.,3.,3.,3.,3.,4.,4.,4.,4.,4.,4.,1.,1.,1.,1.,1.,1.,1.,1.,1.,       77P    622
1.,1.,1.,1.,1.,1.,1.,1.,1.,1.,1.,1.,14617.200000000003,               77P    623
-3504.0000000000005,2205.6,14617.200000000048,                        77P    624
-3446.5716860000057,2205.6000000000054,14617.199999999882,            77P    625
-3389.1424619999843,2194.3265079999846,14617.200000000137,            77P    626
-3334.669224000016,2171.7625760000187,14617.199999999935,             77P    627
-3286.0897110113865,2139.1261890076435,14617.200000000003,            77P    628
-3245.481761019047,2098.518239019047,14617.200000000017,              77P    629
-3204.8738110076615,2057.910289011395,14617.199999999966,             77P    630
-3172.2374239999804,2009.3307759999946,14617.200000000059,            77P    631
-3149.6734920000235,1954.8566274000063,14617.199999999964,            77P    632
-3138.3999999920534,1897.428313659591,14617.200000000003,             77P    633
-3138.4,1839.9999999191891,14617.20000000003,-3138.40000000794,       77P    634
1782.5716862595984,14617.199999999955,-3149.6734919999853,            77P    635
1725.1433725999937,14617.200000000032,-3172.2374240000136,            77P    636
1670.669224200004,14617.199999999995,-3204.873810980857,              77P    637
1622.0897109284806,14617.2,-3245.481760952381,                        77P    638
1581.4817608476183,14617.200000000037,-3286.089710971523,             77P    639
1540.873810719139,14617.199999999935,-3334.6692239999916,             77P    640
1508.2374237999936,14617.200000000046,-3389.1424620000043,            77P    641
1485.6734928000044,14617.19999999999,-3446.5716859999998,             77P    642
1474.3999999999996,14617.200000000003,-3504.0000000000005,            77P    643
1474.4000000000003,0.,4.,0.,0.,0.,0,0;                                77P    644
102,3,73,75,77;                                                       79P    645
142,0,63,71,79,1,0,0;                                                 81P    646
406,1,9HScaling.3;                                                    83P    647
144,63,1,0,81,0,1,83;                                                 85P    648
128,14,5,5,5,0,0,0,0,0,0.,0.,0.,0.,0.,0.,15.9791292,15.9791292,       87P    649
15.9791292,25.85567241,25.85567241,25.85567241,35.42549378,           87P    650
35.42549378,35.42549378,49.99407448,49.99407448,49.99407448,          87P    651
49.99407448,49.99407448,49.99407448,0.,0.,0.,0.,0.,0.,                87P    652
41.01438798,41.01438798,41.01438798,41.01438798,41.01438798,          87P    653
41.01438798,1.,1.,1.,1.,1.,1.,1.,1.,1.,1.,1.,1.,1.,1.,1.,             87P    654
0.9391036258,0.9524735246,0.9663491178,0.9805820875,1.003682587,      87P    655
1.024521812,1.031953454,1.045068229,1.054927837,1.058919025,          87P    656
1.067059735,1.071028547,1.072322145,1.072871561,1.072871561,          87P    657
0.9109731689,0.9300102942,0.9500467641,0.9709107068,1.005345455,      87P    658
1.03710088,1.048523892,1.068820256,1.084258325,1.09053751,            87P    659
1.103381074,1.10969504,1.111752087,1.112626257,1.112626257,           87P    660
0.9109731689,0.9300102942,0.9500467641,0.9709107068,1.005345455,      87P    661
1.03710088,1.048523892,1.068820256,1.084258325,1.09053751,            87P    662
1.103381074,1.10969504,1.111752087,1.112626257,1.112626257,           87P    663
0.9391036258,0.9524735246,0.9663491178,0.9805820875,1.003682587,      87P    664
1.024521812,1.031953454,1.045068229,1.054927837,1.058919025,          87P    665
1.067059735,1.071028547,1.072322145,1.072871561,1.072871561,1.,       87P    666
1.,1.,1.,1.,1.,1.,1.,1.,1.,1.,1.,1.,1.,1.,14982.8,                    87P    667
-3504.0000000000005,2205.6,15046.716515999999,                        87P    668
-3504.0000000000005,2228.86371,15110.633014,-3504.0000000000005,      87P    669
2250.293526,15174.411410000002,-3504.0000000000005,2269.843518,       87P    670
15277.8341,-3504.0000000000005,2298.5639699999997,15381.25679,        87P    671
-3504.0000000000005,2322.44178,15420.762961999999,                    87P    672
-3504.0000000000005,2330.854946,15498.548422000002,                   87P    673
-3504.0000000000005,2346.023808,15576.333880000002,                   87P    674
-3504.0000000000005,2358.438762,15614.574762000002,                   87P    675
-3504.0000000000005,2363.8750680000003,15711.128369999999,            87P    676
-3504.0000000000005,2375.913754,15807.681978,                         87P    677
-3504.0000000000005,2383.687366,15866.251382,                         87P    678
-3504.0000000000005,2386.834092,15924.525678,                         87P    679
-3504.0000000000005,2388.4000000000005,15982.8,                       87P    680
-3504.0000000000005,2388.4000000000005,14982.8,-3623.185196,          87P    681
2205.6,15045.819317999998,-3637.127836,2228.537156,                   87P    682
15109.239684000002,-3651.472122,2249.83808,15172.987412000002,        87P    683
-3665.944898,2269.437062,15276.402648000003,-3688.833424,             87P    684
2298.213036,15380.802720000002,-3709.3820920000007,2322.339828,       87P    685
15420.364398000002,-3716.672092,2330.7755420000003,                   87P    686
15498.016114000002,-3729.71603,2345.928826,15576.084088,              87P    687
-3740.15543,2358.40084,15614.387906000002,-3744.5842760000005,        87P    688
2363.8510579999997,15710.733378000003,-3754.054666,2375.868974,       87P    689
15807.527826000003,-3759.656736,2383.67995,15866.191696000004,        87P    690
-3761.7727220000006,2386.833286,15924.525678,                         87P    691
-3762.7784160000006,2388.4000000000005,15982.8,                       87P    692
-3762.7784160000006,2388.4000000000005,14982.8,                       87P    693
-3735.7022899999997,2158.581376,15045.408158,                         87P    694
-3756.0906019999998,2181.06697,15108.577394000002,-3776.249844,       87P    695
2202.493692,15172.276276000002,-3795.8887400000003,2222.684846,       87P    696
15275.67148,-3825.964454,2252.79069,15380.571125999999,               87P    697
-3852.2093760000007,2278.4433759999997,15420.156764000003,            87P    698
-3861.4032479999996,2287.387306,15497.738736000001,-3877.797042,      87P    699
2303.369046,15575.952319999999,-3891.020434,2316.40798,               87P    700
15614.28865,-3896.67442,2322.046436,15710.524768,                     87P    701
-3908.8616380000008,2334.3379300000006,15807.444256,                  87P    702
-3916.3458859999996,2342.13602,15866.159756,-3919.2462520000004,      87P    703
2345.217032,15924.525678,-3920.6495760000007,2346.70644,15982.8,      87P    704
-3920.6495760000007,2346.654302,14982.8,-3822.5813760000005,          87P    705
2071.70229,15045.408158,-3845.0669700000003,2092.090602,              87P    706
15108.577394000002,-3866.4971800000008,2112.2399080000005,            87P    707
15172.276276000002,-3886.694876000001,2131.859566,15275.67148,        87P    708
-3916.815608,2161.89032,15380.571125999999,-3942.490386,              87P    709
2188.066226,15420.156764000003,-3951.443646,2197.230648,              87P    710
15497.738736000001,-3967.4458839999998,2213.559182,                   87P    711
15575.952319999999,-3980.5106720000003,2226.699412,15614.28865,       87P    712
-3986.163244,2232.307862,15710.524768,-3998.4944840000003,            87P    713
2244.366792,15807.444256,-4006.345228,2251.681506,15866.159756,       87P    714
-4009.463876,2254.46126,15924.525678,-4010.997418,2255.723634,        87P    715
15982.8,-4010.997418,2255.557718,14982.8,-3869.6000000000004,         87P    716
1959.1851964,15045.819317999998,-3892.537156000001,                   87P    717
1973.1278356000005,15109.239684000002,-3913.838084,                   87P    718
1987.4536050000004,15172.987412000002,-3933.4370339999996,            87P    719
2001.888998,15276.402648000003,-3962.2130420000008,                   87P    720
2024.6860659999998,15380.802720000002,-3986.339934,                   87P    721
2045.0873320000003,15420.364398000002,-3994.7756879999997,            87P    722
2052.313158,15498.016114000002,-4009.92904,2065.2129800000002,        87P    723
15576.084088,-4022.401070000001,2075.466862,15614.387906000002,       87P    724
-4027.851276000001,2079.793728,15710.733378000003,                    87P    725
-4039.8691200000007,2088.976334,15807.527826000003,                   87P    726
-4047.6799780000006,2094.200334,15866.191696000004,                   87P    727
-4050.8332700000005,2096.04855,15924.525678,-4052.4,2096.742956,      87P    728
15982.8,-4052.4,2096.378228,14982.8,-3869.6000000000004,1840.,        87P    729
15046.716515999999,-3892.8637099999996,1840.,15110.633014,            87P    730
-3914.293524,1839.9717222000004,15174.411410000002,                   87P    731
-3933.8434860000007,1839.9116888000003,15277.8341,                    87P    732
-3962.5638639999997,1839.7554252,15381.25679,-3986.441608,            87P    733
1839.4878438,15420.762961999999,-3994.8547559999997,                  87P    734
1839.3679484,15498.548422000002,-4010.0235960000005,                  87P    735
1839.0937701999999,15576.333880000002,-4022.438568,1838.736735,       87P    736
15614.574762000002,-4027.874892,1838.5393384,15711.128369999999,      87P    737
-4039.9136380000004,1837.9803216000003,15807.681978,                  87P    738
-4047.687326,1837.2519582,15866.251382,-4050.8340820000008,           87P    739
1836.7388134,15924.525678,-4052.4,1836.1458444000002,15982.8,         87P    740
-4052.4,1835.45523,0.,49.99407448,0.,41.01438798;                     87P    741
126,1,1,0,0,1,0,0.,0.,41.01438798,41.01438798,1.,1.,0.,               89P    742
41.01438798,0.,0.,0.,0.,0.,41.01438798,0.,0.,0.,0,0;                  89P    743
126,1,1,0,0,1,0,-24.99703724,-24.99703724,24.99703724,                91P    744
24.99703724,1.,1.,0.,0.,0.,49.99407448,0.,0.,-24.99703724,            91P    745
24.99703724,0.,0.,0.,0,0;                                             91P    746
126,1,1,0,0,1,0,0.,0.,41.01438798,41.01438798,1.,1.,49.99407448,      93P    747
0.,0.,49.99407448,41.01438798,0.,0.,41.01438798,0.,0.,0.,0,0;         93P    748
126,1,1,0,0,1,0,0.,0.,49.99407448,49.99407448,1.,1.,49.99407448,      95P    749
41.01438798,0.,0.,41.01438798,0.,0.,49.99407448,0.,0.,0.,0,0;         95P    750
102,4,89,91,93,95;                                                    97P    751
126,30,5,0,0,1,0,0.,0.,0.,0.,0.,0.,1.,1.,1.,1.,1.,2.,2.,2.,2.,        99P    752
2.,3.,3.,3.,3.,3.,4.,4.,4.,4.,4.,5.,5.,5.,5.,5.,6.,6.,6.,6.,6.,       99P    753
6.,1.,1.,1.,1.,1.,1.,1.,1.,1.,1.,1.,1.,1.,1.,1.,1.,1.,1.,1.,1.,       99P    754
1.,1.,1.,1.,1.,1.,1.,1.,1.,1.,1.,14982.8,-3869.6000000000004,         99P    755
1840.,14982.799999999972,-3869.5999831617696,1863.3181871082058,      99P    756
14982.80000000005,-3867.7410034478103,1886.8212112965175,             99P    757
14982.799999999963,-3863.963709883575,1910.289924908207,              99P    758
14982.800000000007,-3858.2546438524396,1933.4831700503707,            99P    759
14982.800000000001,-3850.6549299539306,1956.162470210434,             99P    760
14982.8,-3843.0552702120626,1978.8414050498616,                       99P    761
14982.800000000003,-3833.5645354978096,2001.008220826655,             99P    762
14982.800000000001,-3822.2242899442763,2022.41920665393,              99P    763
14982.799999999994,-3809.1276004282036,2042.8471603938078,            99P    764
14982.8,-3794.419036569965,2062.081388657414,14982.799999999992,      99P    765
-3783.6326708967977,2076.186882634672,14982.800000000007,             99P    766
-3771.978834079928,2089.6519839245766,14982.800000000003,             99P    767
-3759.514434221729,2102.395210734958,14982.799999999988,              99P    768
-3746.3079540956687,2114.3460336882517,14982.799999999997,            99P    769
-3732.4394511463115,2125.4448758214994,14982.800000000007,            99P    770
-3714.7890986470557,2139.570596341169,14982.799999999988,             99P    771
-3696.0636696070173,2152.317634759638,14982.799999999992,             99P    772
-3676.430886667618,2163.5633269100235,14982.800000000014,             99P    773
-3656.072644102801,2173.2236768686344,14982.799999999997,             99P    774
-3635.185007819032,2181.2533569549682,14982.800000000007,             99P    775
-3623.2491078630715,2185.841779881792,14982.800000000003,             99P    776
-3611.1398992755358,2189.897815051316,14982.8,                        99P    777
-3598.8935769351883,2193.4131653972827,14982.8,                       99P    778
-3586.546316242411,2196.3837889981614,14982.8,                        99P    779
-3574.134273119202,2198.8098990771477,14982.799999999997,             99P    780
-3560.1707528093375,2201.5392936583053,14982.800000000007,            99P    781
-3546.124942158617,2203.579435288624,14982.800000000003,              99P    782
-3532.048434643213,2204.9307721608902,14982.79999999999,              99P    783
-3517.9908831546886,2205.5999875874077,14982.8,                       99P    784
-3504.0000000000005,2205.6,0.,6.,0.,0.,0.,0,0;                        99P    785
126,24,4,0,0,1,0,0.,0.,0.,0.,0.,1.,1.,1.,1.,2.,2.,2.,2.,3.,3.,       101P    786
3.,3.,4.,4.,4.,4.,5.,5.,5.,5.,6.,6.,6.,6.,6.,1.,1.,1.,1.,1.,1.,      101P    787
1.,1.,1.,1.,1.,1.,1.,1.,1.,1.,1.,1.,1.,1.,1.,1.,1.,1.,1.,            101P    788
14982.8,-3504.0000000000005,2205.6,15022.750983326987,               101P    789
-3504.000000000002,2220.1407676861136,15062.687377157248,            101P    790
-3503.9999999999995,2233.913030851936,15102.610636308553,            101P    791
-3503.9999999999977,2246.9158699495965,15142.522215598668,           101P    792
-3504.,2259.148365431224,15182.438270533055,-3504.0000000000027,     101P    793
2271.382196935355,15222.35095571234,-3503.999999999999,              101P    794
2282.8481125581657,15262.296013983758,-3504.0000000000027,           101P    795
2293.5554318350078,15302.244444044969,-3504.0000000000005,           101P    796
2303.4931195654426,15351.627160290114,-3504.0000000000005,           101P    797
2315.777662637993,15401.009876060874,-3504.,2326.8845257104435,      101P    798
15450.392592030092,-3504.,2336.8105796856453,15499.775308870603,     101P    799
-3504.000000000001,2345.552695466449,15547.63081659964,              101P    800
-3503.999999999999,2354.0241518580006,15595.454321070894,-3504.,     101P    801
2361.3797888481377,15643.277825408848,-3504.000000000001,            101P    802
2367.6212851701566,15691.133332737985,-3504.,2372.750319557353,      101P    803
15727.55279200856,-3503.999999999996,2376.653544828676,              101P    804
15763.981662873437,-3504.0000000000077,2379.909935615666,            101P    805
15800.476978631881,-3503.999999999994,2382.5202968958015,            101P    806
15836.966674986968,-3504.0000000000005,2384.479473640217,            101P    807
15873.455289767699,-3504.000000000006,2386.4385922329425,            101P    808
15909.953313335667,-3503.999999999993,2387.747334292327,             101P    809
15946.379459549433,-3504.000000000002,2388.40004896984,15982.8,      101P    810
-3504.0000000000005,2388.4000000000005,0.,6.,0.,0.,0.,0,0;           101P    811
126,64,4,0,0,1,0,0.,0.,0.,0.,0.,1.,1.,1.,1.,2.,2.,2.,2.,3.,3.,       103P    812
3.,3.,4.,4.,4.,4.,5.,5.,5.,5.,6.,6.,6.,6.,7.,7.,7.,7.,8.,8.,8.,      103P    813
8.,9.,9.,9.,9.,10.,10.,10.,10.,11.,11.,11.,11.,12.,12.,12.,12.,      103P    814
13.,13.,13.,13.,14.,14.,14.,14.,15.,15.,15.,15.,16.,16.,16.,16.,     103P    815
16.,1.,1.,1.,1.,1.,1.,1.,1.,1.,1.,1.,1.,1.,1.,1.,1.,1.,1.,1.,1.,     103P    816
1.,1.,1.,1.,1.,1.,1.,1.,1.,1.,1.,1.,1.,1.,1.,1.,1.,1.,1.,1.,1.,      103P    817
1.,1.,1.,1.,1.,1.,1.,1.,1.,1.,1.,1.,1.,1.,1.,1.,1.,1.,1.,1.,1.,      103P    818
1.,1.,1.,15982.8,-3504.0000000000005,2388.4000000000005,             103P    819
15982.799999999996,-3523.280018765178,2388.3999322281543,            103P    820
15982.800000000001,-3541.8293109702654,2388.161236721987,            103P    821
15982.800000000007,-3559.6893260715524,2387.6867193421085,           103P    822
15982.8,-3576.901513525328,2386.9791859491315,                       103P    823
15982.800000000003,-3594.1130320896627,2386.2714698706495,           103P    824
15982.800000000005,-3610.6761965707374,2385.330616156739,            103P    825
15982.800000000005,-3626.62645965354,2384.157775487041,              103P    826
15982.799999999997,-3641.999274023058,2382.754098541198,             103P    827
15982.799999999976,-3653.528515643591,2381.7012302303656,            103P    828
15982.799999999988,-3664.7325450129456,2380.518406461516,            103P    829
15982.800000000007,-3675.6243644988776,2379.2055165712836,           103P    830
15982.8,-3686.216976469144,2377.7624498963023,                       103P    831
15982.799999999992,-3700.340185422186,2375.8382670768847,            103P    832
15982.800000000001,-3713.931661717657,2373.6827413122382,            103P    833
15982.80000000001,-3727.0184942204937,2371.294340770859,15982.8,     103P    834
-3739.6277717956323,2368.671533621244,15982.799999999947,            103P    835
-3755.3889958067653,2365.392894450257,15982.80000000005,             103P    836
-3770.40262409672,2361.747449326742,15982.79999999999,               103P    837
-3784.717197444666,2357.730671338723,15982.799999999996,             103P    838
-3798.3728780373763,2353.3344108578235,15982.799999999994,           103P    839
-3812.028550452791,2348.938151930214,15982.800000000016,             103P    840
-3825.0254055908445,2344.1624022483684,15982.79999999997,            103P    841
-3837.40355046602,2338.999030187652,15982.800000000003,              103P    842
-3849.1960806129023,2333.4361585189627,15982.799999999981,           103P    843
-3865.705615759727,2325.648141358694,15982.799999999988,             103P    844
-3881.0674702079054,2317.0770686354545,15982.800000000016,           103P    845
-3895.3722699033347,2307.690452413565,15982.799999999997,            103P    846
-3908.6880550536853,2297.440305523536,15982.799999999992,            103P    847
-3923.906102965173,2285.7258644518633,15982.80000000004,             103P    848
-3937.8327586451155,2272.883303080574,15982.799999999972,            103P    849
-3950.5697643111516,2258.841232671035,15982.800000000001,            103P    850
-3962.1879219419684,2243.4970678340887,15982.800000000001,           103P    851
-3975.258335075359,2226.2349746467066,15982.799999999997,            103P    852
-3986.9131190780818,2207.324111076355,15982.800000000001,            103P    853
-3997.253135734496,2186.619538012283,15982.799999999997,             103P    854
-4006.337909452378,2163.9120771942025,15982.8,                       103P    855
-4009.8708390707898,2155.0812834132876,15982.800000000001,           103P    856
-4013.2141263738563,2145.9478785505053,15982.8,                      103P    857
-4016.3708585760423,2136.498580849778,15982.799999999997,            103P    858
-4019.3441228918145,2126.720108555031,15982.799999999994,            103P    859
-4021.4678444058713,2119.735404030832,15982.800000000003,            103P    860
-4023.497904682801,2112.5826452541532,15982.800000000008,            103P    861
-4025.435168054919,2105.2564280099637,15982.799999999997,            103P    862
-4027.28049885454,2097.7513480832326,15982.800000000003,             103P    863
-4029.4948484556526,2088.7451365251814,15982.8,                      103P    864
-4031.576827748294,2079.48141081092,15982.799999999996,              103P    865
-4033.5274848451604,2069.949748218061,15982.8,                       103P    866
-4035.3478678589495,2060.139726024217,15982.799999999992,            103P    867
-4037.168199116417,2050.3295632349295,15982.800000000003,            103P    868
-4038.858256866064,2040.2410625643342,15982.80000000001,             103P    869
-4040.41862365692,2029.8625367484092,15982.8,                        103P    870
-4041.8498820380137,2019.1822985231315,15982.8,                      103P    871
-4043.5195852230786,2006.721718580004,15982.8,                       103P    872
-4045.0136413342284,1993.8507687898632,15982.8,                      103P    873
-4046.3321293483114,1980.5483272926508,15982.800000000001,           103P    874
-4047.4751282421776,1966.793272228308,15982.799999999996,            103P    875
-4048.6180197354224,1953.037852195313,15982.799999999997,            103P    876
-4049.5854933356336,1938.830102758651,15982.800000000003,            103P    877
-4050.3767183031878,1924.1458455943493,15982.800000000001,           103P    878
-4050.9908638984607,1908.9609023784358,15982.800000000003,           103P    879
-4051.6926350658914,1891.6062759880929,15982.799999999994,           103P    880
-4052.163199087939,1873.598044338683,15982.799999999988,             103P    881
-4052.399879540632,1854.8948236145402,15982.8,-4052.4,               103P    882
1835.45523,0.,16.,0.,0.,0.,0,0;                                      103P    883
126,24,4,0,0,1,0,0.,0.,0.,0.,0.,1.,1.,1.,1.,2.,2.,2.,2.,3.,3.,       105P    884
3.,3.,4.,4.,4.,4.,5.,5.,5.,5.,6.,6.,6.,6.,6.,1.,1.,1.,1.,1.,1.,      105P    885
1.,1.,1.,1.,1.,1.,1.,1.,1.,1.,1.,1.,1.,1.,1.,1.,1.,1.,1.,            105P    886
15982.8,-4052.4,1835.45523,15946.380541123755,                       105P    887
-4052.4001071176567,1835.8868447325408,15909.9516814867,             105P    888
-4051.7472423985687,1836.2778648975584,15873.456371342023,           105P    889
-4050.4386347345494,1836.6335194117585,15836.966674986968,           105P    890
-4048.479440663436,1836.956857005996,15800.478060206213,             105P    891
-4046.520304741906,1837.2801841407543,15763.980031024457,            105P    892
-4043.909774440054,1837.5713396872682,15727.553873582883,            105P    893
-4040.6535020973943,1837.8332831955586,15691.133332737985,           105P    894
-4036.75019364695,1838.0694694543934,15643.275929025058,             105P    895
-4031.620933118771,1838.379811348255,15595.45771876775,              105P    896
-4025.3799570636415,1838.6456118613721,15547.628209044258,           105P    897
-4018.0236542934585,1838.8735105988037,15499.775308870603,           105P    898
-4009.5524934373925,1839.0680728242621,15450.392591944588,           105P    899
-4000.8103778458235,1839.2687490131932,15401.00987604951,            105P    900
-3990.8843427301827,1839.4341508854127,15351.627160358568,           105P    901
-3979.777509397575,1839.5685021251338,15302.244444044969,            105P    902
-3967.4929991551057,1839.6760264165694,15262.293459626979,           105P    903
-3957.5545353921484,1839.7629425430496,15222.357059194253,           105P    904
-3946.8499650196663,1839.8322085326727,15182.43379407531,            105P    905
-3935.380746650536,1839.88551526723,15142.522215598667,              105P    906
-3923.148338897631,1839.9245536285111,15102.60616066431,             105P    907
-3910.9145235268593,1839.9635651394299,15062.69347955449,            105P    908
-3897.914852639543,1839.9882178768746,15022.748429422183,            105P    909
-3884.140004804506,1839.999999917443,14982.8,                        105P    910
-3869.6000000000004,1840.,0.,6.,0.,0.,0.,0,0;                        105P    911
102,4,99,101,103,105;                                                107P    912
142,0,87,97,107,1,0,0;                                               109P    913
406,1,9HScaling.4;                                                   111P    914
144,87,1,0,109,0,1,111;                                              113P    915
128,14,5,5,5,0,0,0,0,0,0.,0.,0.,0.,0.,0.,15.9791292,15.9791292,      115P    916
15.9791292,25.85567241,25.85567241,25.85567241,35.42549378,          115P    917
35.42549378,35.42549378,49.99407448,49.99407448,49.99407448,         115P    918
49.99407448,49.99407448,49.99407448,0.,0.,0.,0.,0.,0.,               115P    919
41.01438798,41.01438798,41.01438798,41.01438798,41.01438798,         115P    920
41.01438798,1.,1.,1.,1.,1.,1.,1.,1.,1.,1.,1.,1.,1.,1.,1.,            115P    921
0.9391036258,0.9524735246,0.9663491178,0.9805820875,1.003682587,     115P    922
1.024521812,1.031953454,1.045068229,1.054927837,1.058919025,         115P    923
1.067059735,1.071028547,1.072322145,1.072871561,1.072871561,         115P    924
0.9109731689,0.9300102942,0.9500467641,0.9709107068,1.005345455,     115P    925
1.03710088,1.048523892,1.068820256,1.084258325,1.09053751,           115P    926
1.103381074,1.10969504,1.111752087,1.112626257,1.112626257,          115P    927
0.9109731689,0.9300102942,0.9500467641,0.9709107068,1.005345455,     115P    928
1.03710088,1.048523892,1.068820256,1.084258325,1.09053751,           115P    929
1.103381074,1.10969504,1.111752087,1.112626257,1.112626257,          115P    930
0.9391036258,0.9524735246,0.9663491178,0.9805820875,1.003682587,     115P    931
1.024521812,1.031953454,1.045068229,1.054927837,1.058919025,         115P    932
1.067059735,1.071028547,1.072322145,1.072871561,1.072871561,1.,      115P    933
1.,1.,1.,1.,1.,1.,1.,1.,1.,1.,1.,1.,1.,1.,14982.8,                   115P    934
-3504.0000000000005,2205.6,15046.716515999999,                       115P    935
-3504.0000000000005,2228.86371,15110.633014,-3504.0000000000005,     115P    936
2250.293526,15174.411410000002,-3504.0000000000005,2269.843518,      115P    937
15277.8341,-3504.0000000000005,2298.5639699999997,15381.25679,       115P    938
-3504.0000000000005,2322.44178,15420.762961999999,                   115P    939
-3504.0000000000005,2330.854946,15498.548422000002,                  115P    940
-3504.0000000000005,2346.023808,15576.333880000002,                  115P    941
-3504.0000000000005,2358.438762,15614.574762000002,                  115P    942
-3504.0000000000005,2363.8750680000003,15711.128369999999,           115P    943
-3504.0000000000005,2375.913754,15807.681978,                        115P    944
-3504.0000000000005,2383.687366,15866.251382,                        115P    945
-3504.0000000000005,2386.834092,15924.525678,                        115P    946
-3504.0000000000005,2388.4000000000005,15982.8,                      115P    947
-3504.0000000000005,2388.4000000000005,14982.8,-3384.814804,         115P    948
2205.6,15045.819317999998,-3370.872164,2228.537156,                  115P    949
15109.239684000002,-3356.527878,2249.83808,15172.987412000002,       115P    950
-3342.055102,2269.437062,15276.402648000003,-3319.166576,            115P    951
2298.213036,15380.802720000002,-3298.6179080000006,2322.339828,      115P    952
15420.364398000002,-3291.3279080000007,2330.7755420000003,           115P    953
15498.016114000002,-3278.28397,2345.928826,15576.084088,             115P    954
-3267.8445699999997,2358.40084,15614.387906000002,                   115P    955
-3263.415724000001,2363.8510579999997,15710.733378000003,            115P    956
-3253.945334,2375.868974,15807.527826000003,-3248.343264,            115P    957
2383.67995,15866.191696000004,-3246.2272780000008,2386.833286,       115P    958
15924.525678,-3245.221584000001,2388.4000000000005,15982.8,          115P    959
-3245.221584000001,2388.4000000000005,14982.8,                       115P    960
-3272.2977100000003,2158.581376,15045.408158,                        115P    961
-3251.9093980000002,2181.06697,15108.577394000002,                   115P    962
-3231.7501560000005,2202.493692,15172.276276000002,                  115P    963
-3212.1112599999997,2222.684846,15275.67148,-3182.035546,            115P    964
2252.79069,15380.571125999999,-3155.7906240000007,                   115P    965
2278.4433759999997,15420.156764000003,-3146.5967520000004,           115P    966
2287.387306,15497.738736000001,-3130.202958,2303.369046,             115P    967
15575.952319999999,-3116.979566,2316.40798,15614.28865,              115P    968
-3111.32558,2322.046436,15710.524768,-3099.1383619999997,            115P    969
2334.3379300000006,15807.444256,-3091.6541140000004,2342.13602,      115P    970
15866.159756,-3088.7537479999996,2345.217032,15924.525678,           115P    971
-3087.3504240000007,2346.70644,15982.8,-3087.3504240000007,          115P    972
2346.654302,14982.8,-3185.418624,2071.70229,15045.408158,            115P    973
-3162.9330299999997,2092.090602,15108.577394000002,                  115P    974
-3141.5028200000006,2112.2399080000005,15172.276276000002,           115P    975
-3121.3051240000004,2131.859566,15275.67148,-3091.184392,            115P    976
2161.89032,15380.571125999999,-3065.509614,2188.066226,              115P    977
15420.156764000003,-3056.556354,2197.230648,15497.738736000001,      115P    978
-3040.5541160000002,2213.559182,15575.952319999999,                  115P    979
-3027.4893279999997,2226.699412,15614.28865,-3021.836756,            115P    980
2232.307862,15710.524768,-3009.5055159999997,2244.366792,            115P    981
15807.444256,-3001.654772,2251.681506,15866.159756,                  115P    982
-2998.5361239999997,2254.46126,15924.525678,-2997.002582,            115P    983
2255.723634,15982.8,-2997.002582,2255.557718,14982.8,                115P    984
-3138.3999999999996,1959.1851964,15045.819317999998,                 115P    985
-3115.4628439999997,1973.1278356000005,15109.239684000002,           115P    986
-3094.1619160000005,1987.4536050000004,15172.987412000002,           115P    987
-3074.5629659999995,2001.888998,15276.402648000003,                  115P    988
-3045.7869579999997,2024.6860659999998,15380.802720000002,           115P    989
-3021.660066,2045.0873320000003,15420.364398000002,-3013.224312,     115P    990
2052.313158,15498.016114000002,-2998.07096,2065.2129800000002,       115P    991
15576.084088,-2985.5989300000006,2075.466862,15614.387906000002,     115P    992
-2980.148724,2079.793728,15710.733378000003,-2968.1308799999997,     115P    993
2088.976334,15807.527826000003,-2960.3200220000003,2094.200334,      115P    994
15866.191696000004,-2957.16673,2096.04855,15924.525678,-2955.6,      115P    995
2096.742956,15982.8,-2955.6,2096.378228,14982.8,                     115P    996
-3138.3999999999996,1840.,15046.716515999999,                        115P    997
-3115.1362900000004,1840.,15110.633014,-3093.706476,                 115P    998
1839.9717222000004,15174.411410000002,-3074.1565140000007,           115P    999
1839.9116888000003,15277.8341,-3045.4361360000003,1839.7554252,      115P   1000
15381.25679,-3021.558392,1839.4878438,15420.762961999999,            115P   1001
-3013.145244,1839.3679484,15498.548422000002,                        115P   1002
-2997.9764040000005,1839.0937701999999,15576.333880000002,           115P   1003
-2985.561432,1838.736735,15614.574762000002,-2980.1251079999997,     115P   1004
1838.5393384,15711.128369999999,-2968.086362,1837.9803216000003,     115P   1005
15807.681978,-2960.312674,1837.2519582,15866.251382,                 115P   1006
-2957.165918,1836.7388134,15924.525678,-2955.6,                      115P   1007
1836.1458444000002,15982.8,-2955.6,1835.45523,0.,49.99407448,0.,     115P   1008
41.01438798;                                                         115P   1009
126,1,1,0,0,1,0,0.,0.,49.99407448,49.99407448,1.,1.,0.,0.,0.,        117P   1010
49.99407448,0.,0.,0.,49.99407448,0.,0.,0.,0,0;                       117P   1011
126,1,1,0,0,1,0,0.,0.,41.01438798,41.01438798,1.,1.,49.99407448,     119P   1012
0.,0.,49.99407448,41.01438798,0.,0.,41.01438798,0.,0.,0.,0,0;        119P   1013
126,1,1,0,0,1,0,-24.99703724,-24.99703724,24.99703724,               121P   1014
24.99703724,1.,1.,49.99407448,41.01438798,0.,0.,41.01438798,0.,      121P   1015
-24.99703724,24.99703724,0.,0.,0.,0,0;                               121P   1016
126,1,1,0,0,1,0,0.,0.,41.01438798,41.01438798,1.,1.,0.,              123P   1017
41.01438798,0.,0.,0.,0.,0.,41.01438798,0.,0.,0.,0,0;                 123P   1018
102,4,117,119,121,123;                                               125P   1019
126,24,4,0,0,1,0,0.,0.,0.,0.,0.,1.,1.,1.,1.,2.,2.,2.,2.,3.,3.,       127P   1020
3.,3.,4.,4.,4.,4.,5.,5.,5.,5.,6.,6.,6.,6.,6.,1.,1.,1.,1.,1.,1.,      127P   1021
1.,1.,1.,1.,1.,1.,1.,1.,1.,1.,1.,1.,1.,1.,1.,1.,1.,1.,1.,            127P   1022
14982.8,-3504.0000000000005,2205.6,15022.748429422172,               127P   1023
-3504.000000000002,2220.140004781254,15062.693479554511,-3504.,      127P   1024
2233.914853555547,15102.606160664292,-3504.000000000001,             127P   1025
2246.9145339270963,15142.522215598668,-3504.0000000000005,           127P   1026
2259.148365431224,15182.4337940753,-3503.999999999998,               127P   1027
2271.380788996901,15222.357059194259,-3503.999999999999,             127P   1028
2282.8500311497146,15262.293459626997,-3504.000000000001,            127P   1029
2293.5546289768376,15302.244444044969,-3504.0000000000005,           127P   1030
2303.4931195654426,15351.62716035857,-3503.9999999999995,            127P   1031
2315.777663346394,15401.009876049498,-3503.999999999999,             127P   1032
2326.8845257013318,15450.392591944572,-3503.999999999999,            127P   1033
2336.8105789635765,15499.775308870603,-3504.000000000001,            127P   1034
2345.552695466449,15547.630816599647,-3504.000000000001,             127P   1035
2354.024151858001,15595.454321070898,-3504.,2361.3797888481377,      127P   1036
15643.277825408846,-3503.999999999999,2367.6212851701566,            127P   1037
15691.133332737985,-3504.,2372.750319557353,15727.553873582909,      127P   1038
-3504.000000000001,2376.653602980362,15763.980031024414,             127P   1039
-3503.9999999999973,2379.90984787803,15800.478060206235,             127P   1040
-3504.0000000000023,2382.520355047492,15836.966674986968,            127P   1041
-3504.0000000000005,2384.4794736402164,15873.456371342007,           127P   1042
-3504.000000000001,2386.4386503846267,15909.95168148671,             127P   1043
-3504.0000000000023,2387.7472465546966,15946.38054112375,            127P   1044
-3503.999999999999,2388.400107121527,15982.8,                        127P   1045
-3504.0000000000005,2388.4000000000005,0.,6.,0.,0.,0.,0,0;           127P   1046
126,64,4,0,0,1,0,0.,0.,0.,0.,0.,1.,1.,1.,1.,2.,2.,2.,2.,3.,3.,       129P   1047
3.,3.,4.,4.,4.,4.,5.,5.,5.,5.,6.,6.,6.,6.,7.,7.,7.,7.,8.,8.,8.,      129P   1048
8.,9.,9.,9.,9.,10.,10.,10.,10.,11.,11.,11.,11.,12.,12.,12.,12.,      129P   1049
13.,13.,13.,13.,14.,14.,14.,14.,15.,15.,15.,15.,16.,16.,16.,16.,     129P   1050
16.,1.,1.,1.,1.,1.,1.,1.,1.,1.,1.,1.,1.,1.,1.,1.,1.,1.,1.,1.,1.,     129P   1051
1.,1.,1.,1.,1.,1.,1.,1.,1.,1.,1.,1.,1.,1.,1.,1.,1.,1.,1.,1.,1.,      129P   1052
1.,1.,1.,1.,1.,1.,1.,1.,1.,1.,1.,1.,1.,1.,1.,1.,1.,1.,1.,1.,1.,      129P   1053
1.,1.,1.,15982.8,-3504.0000000000005,2388.4000000000005,             129P   1054
15982.799999999992,-3484.720184568567,2388.3998785423564,            129P   1055
15982.799999999996,-3466.1706896192395,2388.161236645542,            129P   1056
15982.800000000001,-3448.3104714789597,2387.68677291324,             129P   1057
15982.799999999997,-3431.098486474672,2386.9791859491315,            129P   1058
15982.800000000025,-3416.0383515547614,2386.359950737654,            129P   1059
15982.8,-3401.4747874394343,2385.56216864138,15982.799999999972,     129P   1060
-3387.3838145316354,2384.5866772841746,15982.799999999994,           129P   1061
-3373.7414532343105,2383.4343142899024,15982.800000000003,           129P   1062
-3360.0994539058743,2382.281843004952,15982.800000000007,            129P   1063
-3346.9063480157583,2380.9524282654747,15982.800000000007,           129P   1064
-3334.1411873090547,2379.445990439812,15982.799999999996,            129P   1065
-3321.7830235308575,2377.762449896302,15982.79999999999,             129P   1066
-3311.190568462105,2376.3193302242807,15982.800000000003,            129P   1067
-3300.8973459631716,2374.746032179495,15982.80000000001,             129P   1068
-3290.8917648301867,2373.0419683849805,15982.799999999992,           129P   1069
-3281.162233859278,2371.206551463771,15982.799999999992,             129P   1070
-3271.4328423282295,2369.371082357331,15982.800000000003,            129P   1071
-3261.97952250042,2367.4042595441742,15982.80000000001,              129P   1072
-3252.7919373200657,2365.3050262254314,15982.799999999997,           129P   1073
-3243.8597497313845,2363.072325602232,15982.80000000001,             129P   1074
-3236.4163556537,2361.2117019571388,15982.800000000007,              129P   1075
-3229.1503541474885,2359.258383864293,15982.8,                       129P   1076
-3222.056385416131,2357.2114998283087,15982.800000000001,            129P   1077
-3215.12908966301,2355.0701783538007,15982.799999999996,             129P   1078
-3205.4309887104573,2352.0722736442603,15982.800000000001,           129P   1079
-3196.0593567947476,2348.8893805897515,15982.800000000005,           129P   1080
-3187.001021325419,2345.518386390914,15982.799999999997,             129P   1081
-3178.242809712011,2341.956178248387,15982.800000000008,             129P   1082
-3155.7219863317046,2332.7961160885993,15982.800000000003,           129P   1083
-3135.187588537668,2322.3704083785365,15982.799999999981,            129P   1084
-3116.432157350809,2310.6190374102007,15982.799999999997,            129P   1085
-3099.3119449463147,2297.440305523536,15982.800000000001,            129P   1086
-3084.093897034837,2285.7258644518643,15982.799999999987,            129P   1087
-3070.1672413548745,2272.88330308057,15982.800000000008,             129P   1088
-3057.430235688854,2258.8412326710386,15982.800000000001,            129P   1089
-3045.812078058033,2243.4970678340887,15982.79999999998,             129P   1090
-3035.6461792687696,2230.070930430072,15982.800000000012,            129P   1091
-3026.336713602599,2215.647582189327,15982.799999999988,             129P   1092
-3017.836088307217,2200.158419032323,15982.800000000003,             129P   1093
-3010.1120824730383,2183.5120639660095,15982.799999999996,           129P   1094
-3004.5949331987654,2171.6218052634267,15982.799999999968,           129P   1095
-2999.4739999594335,2159.1410786489964,15982.800000000041,           129P   1096
-2994.7375031476854,2146.03651431457,15982.8,-2990.377377974881,     129P   1097
2132.2676728654637,15982.800000000001,-2986.0172512615495,           129P   1098
2118.4988231713123,15982.799999999967,-2982.033487993701,            129P   1099
2104.06562025911,15982.800000000036,-2978.4180055269135,             129P   1100
2088.9275691048506,15982.800000000003,-2975.1663141574422,           129P   1101
2073.035726655706,15982.799999999996,-2972.565064392713,             129P   1102
2060.321951857513,15982.799999999992,-2970.196294599028,             129P   1103
2047.1266644755847,15982.799999999996,-2968.0584855356865,           129P   1104
2033.4225511505738,15982.8,-2966.150117961987,2019.182298523132,     129P   1105
15982.799999999992,-2964.718912142338,2008.5019020960428,            129P   1106
15982.799999999997,-2963.416813157482,1997.51981852139,              129P   1107
15982.800000000003,-2962.2437112538005,1986.2229376764715,           129P   1108
15982.799999999997,-2961.1994966776747,1974.5981494385844,           129P   1109
15982.799999999992,-2959.8073568327113,1959.0979355001639,           129P   1110
15982.799999999997,-2958.644155973364,1943.015487339458,             129P   1111
15982.800000000003,-2957.7110353221383,1926.3150584632783,           129P   1112
15982.8,-2957.009136101539,1908.9609023784362,15982.8,               129P   1113
-2956.307418064932,1891.606071860836,15982.8,-2955.836800836244,     129P   1114
1873.5980449330737,15982.8,-2955.600067214819,                       129P   1115
1854.8950286333834,15982.8,-2955.6,1835.45523,0.,16.,0.,0.,0.,0,     129P   1116
0;                                                                   129P   1117
126,24,4,0,0,1,0,0.,0.,0.,0.,0.,1.,1.,1.,1.,2.,2.,2.,2.,3.,3.,       131P   1118
3.,3.,4.,4.,4.,4.,5.,5.,5.,5.,6.,6.,6.,6.,6.,1.,1.,1.,1.,1.,1.,      131P   1119
1.,1.,1.,1.,1.,1.,1.,1.,1.,1.,1.,1.,1.,1.,1.,1.,1.,1.,1.,            131P   1120
15982.8,-2955.6,1835.45523,15946.37945954945,-2955.599951031929,     131P   1121
1835.886855192019,15909.953313335647,-2956.2526698669685,            131P   1122
1836.2778491165914,15873.455289767713,-2957.56142341504,             131P   1123
1836.633529871235,15836.966674986968,-2959.5205593365654,            131P   1124
1836.9568570059957,15800.476978631936,-2961.4797534076843,           131P   1125
1837.2801946002369,15763.981662873348,-2964.0901378254825,           131P   1126
1837.5713239062925,15727.552792008633,-2967.346556052188,            131P   1127
1837.8332936550437,15691.133332737985,-2971.24980635305,             131P   1128
1838.0694694543934,15643.280433111688,-2976.3784267370575,           131P   1129
1838.3797907896053,15595.450923128243,-2982.6210087679156,           131P   1130
1838.6456428796832,15547.632713130917,-2989.975705562365,            131P   1131
1838.8734900401575,15499.775308870603,-2998.447506562609,            131P   1132
1839.0680728242621,15450.392592030086,-3007.1896212828847,           131P   1133
1839.2687851917199,15401.009876060874,-3017.1156572744458,           131P   1134
1839.4341510321233,15351.627160290116,-3028.2224914806593,           131P   1135
1839.568466166673,15302.244444044969,-3040.507000844894,             131P   1136
1839.6760264165696,15262.29601398376,-3050.4446619251994,            131P   1137
1839.7629574507444,15222.350955712345,-3061.1519531496083,           131P   1138
1839.832172750538,15182.438270533048,-3072.6178457315923,            131P   1139
1839.885542117592,15142.522215598667,-3084.851661102369,             131P   1140
1839.9245536285114,15102.610636308564,-3097.0841397871045,           131P   1141
1839.9635370713181,15062.687377157254,-3110.086970953954,            131P   1142
1839.9882553193738,15022.750983326983,-3123.8592319194177,           131P   1143
1839.9999843148707,14982.8,-3138.3999999999996,1840.,0.,6.,0.,       131P   1144
0.,0.,0,0;                                                           131P   1145
126,30,5,0,0,1,0,0.,0.,0.,0.,0.,0.,1.,1.,1.,1.,1.,2.,2.,2.,2.,       133P   1146
2.,3.,3.,3.,3.,3.,4.,4.,4.,4.,4.,5.,5.,5.,5.,5.,6.,6.,6.,6.,6.,      133P   1147
6.,1.,1.,1.,1.,1.,1.,1.,1.,1.,1.,1.,1.,1.,1.,1.,1.,1.,1.,1.,1.,      133P   1148
1.,1.,1.,1.,1.,1.,1.,1.,1.,1.,1.,14982.8,-3138.3999999999996,        133P   1149
1840.,14982.799999999994,-3138.4000124125914,1853.990883201643,      133P   1150
14982.800000000005,-3139.069227839108,1868.0484347262775,            133P   1151
14982.800000000003,-3140.4205647113786,1882.1249422686178,           133P   1152
14982.799999999992,-3142.460706341785,1896.1707529386283,            133P   1153
14982.8,-3145.1901009232674,1910.1342732615235,                      133P   1154
14982.800000000007,-3147.6162110025407,1922.5463163963122,           133P   1155
14982.800000000003,-3150.586834603886,1934.8935770957105,            133P   1156
14982.8,-3154.1021849506005,1947.13989943868,14982.799999999996,     133P   1157
-3158.158220121265,1959.2491080256823,14982.800000000001,            133P   1158
-3162.7466430497457,1971.1850079786805,14982.799999999988,           133P   1159
-3170.7763231389818,1992.0726442572534,14982.800000000003,           133P   1160
-3180.436673102028,2012.4308868094342,14982.800000000001,            133P   1161
-3191.6823652590842,2032.0636697325833,14982.799999999983,           133P   1162
-3204.4294036867764,2050.7890987554283,14982.8,                      133P   1163
-3218.555124218161,2068.4394512380645,14982.800000000005,            133P   1164
-3229.6539663605963,2082.3079541743623,14982.8,                      133P   1165
-3241.6047893245504,2095.5144342877265,14982.799999999996,           133P   1166
-3254.3480161469824,2107.9788341343183,14982.8,                      133P   1167
-3267.8131174498876,2119.6326709410473,14982.8,                      133P   1168
-3281.918611440299,2130.419036605576,14982.800000000001,             133P   1169
-3301.152839721841,2145.1276004520105,14982.799999999994,            133P   1170
-3321.580793479904,2158.2242899591806,14982.799999999996,            133P   1171
-3342.9917793235763,2169.564535506669,14982.800000000003,            133P   1172
-3365.158595111383,2179.0552702172477,14982.8,                       133P   1173
-3387.8375299512845,2186.6549299568783,14982.79999999997,            133P   1174
-3410.5168301118197,2194.2546438531645,14982.800000000076,           133P   1175
-3433.7100752439374,2199.963709883573,14982.79999999993,             133P   1176
-3457.1787888298577,2203.741003447801,14982.80000000002,             133P   1177
-3480.6818129700573,2205.599983161775,14982.8,                       133P   1178
-3504.0000000000005,2205.6,0.,6.,0.,0.,0.,0,0;                       133P   1179
102,4,127,129,131,133;                                               135P   1180
142,0,115,125,135,1,0,0;                                             137P   1181
406,1,9HScaling.4;                                                   139P   1182
144,115,1,0,137,0,1,139;                                             141P   1183
128,8,5,5,5,0,0,0,0,0,0.,0.,0.,0.,0.,0.,30.31081005,30.31081005,     143P   1184
30.31081005,50.01176589,50.01176589,50.01176589,50.01176589,         143P   1185
50.01176589,50.01176589,0.,0.,0.,0.,0.,0.,41.01438798,               143P   1186
41.01438798,41.01438798,41.01438798,41.01438798,41.01438798,1.,      143P   1187
1.,1.,1.,1.,1.,1.,1.,1.,1.072871561,1.072871561,1.072829796,         143P   1188
1.072731323,1.072447533,1.071793662,1.071460242,1.071026831,         143P   1189
1.070424174,1.112626257,1.112626257,1.112559806,1.112403142,         143P   1190
1.111951583,1.110911882,1.110381861,1.109693025,1.108735989,         143P   1191
1.112626257,1.112626257,1.112559806,1.112403142,1.111951583,         143P   1192
1.110911882,1.110381861,1.109693025,1.108735989,1.072871561,         143P   1193
1.072871561,1.072829796,1.072731323,1.072447533,1.071793662,         143P   1194
1.071460242,1.071026831,1.070424174,1.,1.,1.,1.,1.,1.,1.,1.,1.,      143P   1195
15982.8,-3504.0000000000005,2388.4000000000005,16104.04324,          143P   1196
-3504.0000000000005,2388.4000000000005,16225.286494000002,           143P   1197
-3504.0000000000005,2387.06931,16346.374126,-3504.0000000000005,     143P   1198
2384.06081,16546.42119,-3504.0000000000005,2375.424306,              143P   1199
16746.468252,-3504.0000000000005,2358.6462539999998,                 143P   1200
16825.192354,-3504.0000000000005,2350.575954,16903.996176,           143P   1201
-3504.0000000000005,2340.778854,16982.8,-3504.0000000000005,         143P   1202
2329.066464,15982.8,-3245.221584000001,2388.4000000000005,           143P   1203
16104.04324,-3245.221584000001,2388.4000000000005,                   143P   1204
16225.295903999999,-3245.2418239999997,2387.069266,                  143P   1205
16346.395602000002,-3245.289564,2384.062208,16546.485520000002,      143P   1206
-3245.4271599999997,2375.418408,16746.498772,-3245.744754,           143P   1207
2358.642164,16825.234043999997,-3245.906906,2350.5715980000004,      143P   1208
16904.040517999998,-3246.1178919999998,2340.772264,16982.8,          143P   1209
-3246.411862,2329.066464,15982.8,-3087.3504240000007,                143P   1210
2346.654302,16104.04324,-3087.3504240000007,2346.545822,             143P   1211
16225.300962000001,-3087.366574,2345.168622,16346.407096000003,      143P   1212
-3087.40468,2342.192314,16546.519856,-3087.514526,2333.752558,       143P   1213
16746.51507,-3087.768194,2317.520128,16825.256306000003,             143P   1214
-3087.8977740000005,2309.722312,16904.064140000002,                  143P   1215
-3088.0664460000003,2300.263114,16982.8,-3088.3015960000007,         143P   1216
2288.975088,15982.8,-2997.002582,2255.557718,16104.04324,            143P   1217
-2997.002582,2255.212518,16225.300962000001,-2997.0090119999995,     143P   1218
2253.738346,16346.407096000003,-2997.0241979999996,                  143P   1219
2250.8380159999997,16546.519856,-2997.06795,2242.88146,              143P   1220
16746.51507,-2997.1690600000006,2227.900042,16825.256306000003,      143P   1221
-2997.220722,2220.7314880000004,16904.064140000002,                  143P   1222
-2997.2879820000003,2212.0600460000005,16982.8,-2997.381824,         143P   1223
2201.733832,15982.8,-2955.6,2096.378228,16104.04324,-2955.6,         143P   1224
2095.619388,16225.295903999999,-2955.5999960000004,2093.988836,      143P   1225
16346.395602000002,-2955.6,2091.2513200000003,                       143P   1226
16546.485520000002,-2955.6,2084.231434,16746.498772,-2955.6,         143P   1227
2071.633124,16825.234043999997,-2955.6000020000006,2065.663754,      143P   1228
16904.040517999998,-2955.6,2058.497252,16982.8,-2955.6,              143P   1229
2050.020536,15982.8,-2955.6,1835.45523,16104.04324,-2955.6,          143P   1230
1834.0183654,16225.286494000002,-2955.6,1832.158697,                 143P   1231
16346.374126,-2955.6,1829.7518288000003,16546.42119,-2955.6,         143P   1232
1824.4531518,16746.468252,-2955.6,1816.1740980000002,                143P   1233
16825.192354,-2955.6,1812.3767942,16903.996176,-2955.6,              143P   1234
1807.9416102000002,16982.8,-2955.6,1802.8541372,0.,50.01176589,      143P   1235
0.,41.01438798;                                                      143P   1236
126,1,1,0,0,1,0,0.,0.,50.01176589,50.01176589,1.,1.,0.,0.,0.,        145P   1237
50.01176589,0.,0.,0.,50.01176589,0.,0.,0.,0,0;                       145P   1238
126,1,1,0,0,1,0,0.,0.,41.01438798,41.01438798,1.,1.,50.01176589,     147P   1239
0.,0.,50.01176589,41.01438798,0.,0.,41.01438798,0.,0.,0.,0,0;        147P   1240
126,1,1,0,0,1,0,-25.00588294,-25.00588294,25.00588294,               149P   1241
25.00588294,1.,1.,50.01176589,41.01438798,0.,0.,41.01438798,0.,      149P   1242
-25.00588294,25.00588294,0.,0.,0.,0,0;                               149P   1243
126,1,1,0,0,1,0,0.,0.,41.01438798,41.01438798,1.,1.,0.,              151P   1244
41.01438798,0.,0.,0.,0.,0.,41.01438798,0.,0.,0.,0,0;                 151P   1245
102,4,145,147,149,151;                                               153P   1246
126,20,5,0,0,1,0,0.,0.,0.,0.,0.,0.,1.,1.,1.,1.,1.,2.,2.,2.,2.,       155P   1247
2.,3.,3.,3.,3.,3.,4.,4.,4.,4.,4.,4.,1.,1.,1.,1.,1.,1.,1.,1.,1.,      155P   1248
1.,1.,1.,1.,1.,1.,1.,1.,1.,1.,1.,1.,15982.8,-3504.0000000000005,     155P   1249
2388.4000000000005,16043.4224366526,-3504.000000000002,              155P   1250
2388.4000137885496,16104.041848385157,-3504.0000000000023,           155P   1251
2388.067303944562,16164.64640278856,-3504.0000000000005,             155P   1252
2387.358609161166,16225.237606950226,-3503.999999999998,             155P   1253
2386.2178427593617,16285.830307454127,-3504.0000000000005,           155P   1254
2384.576092688026,16346.42356940668,-3504.0000000000027,             155P   1255
2382.9343520963157,16407.013802084984,-3503.9999999999986,           155P   1256
2380.7915514235256,16467.618353071564,-3503.999999999998,            155P   1257
2378.0788208459585,16528.238731128746,-3504.000000000002,            155P   1258
2374.71397251439,16588.860606198694,-3504.0000000000005,             155P   1259
2370.6015005540726,16637.018498066198,-3504.000000000016,            155P   1260
2367.3345441791184,16685.176389817618,-3503.999999999961,            155P   1261
2363.5957664814405,16733.316087369196,-3504.0000000000564,           155P   1262
2359.3400721374937,16781.452752439833,-3503.999999999958,            155P   1263
2354.512850455707,16829.594134556137,-3504.000000000001,             155P   1264
2349.062381111688,16860.229678614945,-3504.000000000001,             155P   1265
2345.593864385195,16890.866691309748,-3503.999999999999,             155P   1266
2341.8730924804086,16921.508281074533,-3503.9999999999995,           155P   1267
2337.8863988273415,16952.154031233284,-3504.000000000002,            155P   1268
2333.621293656723,16982.8,-3504.0000000000005,2329.066464,0.,4.,     155P   1269
0.,0.,0.,0,0;                                                        155P   1270
126,60,4,0,0,1,0,0.,0.,0.,0.,0.,1.,1.,1.,1.,2.,2.,2.,2.,3.,3.,       157P   1271
3.,3.,4.,4.,4.,4.,5.,5.,5.,5.,6.,6.,6.,6.,7.,7.,7.,7.,8.,8.,8.,      157P   1272
8.,9.,9.,9.,9.,10.,10.,10.,10.,11.,11.,11.,11.,12.,12.,12.,12.,      157P   1273
13.,13.,13.,13.,14.,14.,14.,14.,15.,15.,15.,15.,15.,1.,1.,1.,1.,     157P   1274
1.,1.,1.,1.,1.,1.,1.,1.,1.,1.,1.,1.,1.,1.,1.,1.,1.,1.,1.,1.,1.,      157P   1275
1.,1.,1.,1.,1.,1.,1.,1.,1.,1.,1.,1.,1.,1.,1.,1.,1.,1.,1.,1.,1.,      157P   1276
1.,1.,1.,1.,1.,1.,1.,1.,1.,1.,1.,1.,1.,1.,1.,16982.8,                157P   1277
-3504.0000000000005,2329.066464,16982.799999999992,                  157P   1278
-3487.2458102703754,2329.066425535994,16982.799999999996,            157P   1279
-3471.0388309424056,2328.891482886586,16982.800000000003,            157P   1280
-3455.352244145708,2328.54344221446,16982.799999999996,              157P   1281
-3440.1592320098985,2328.0241096823006,16982.800000000007,           157P   1282
-3424.966623437666,2327.504670122422,16982.800000000003,             157P   1283
-3410.2679048039863,2326.8138652903563,16982.799999999996,           157P   1284
-3396.0396369961745,2325.9525968038724,16982.799999999996,           157P   1285
-3382.2583809015446,2324.921766280738,16982.799999999996,            157P   1286
-3370.4461612600153,2324.03811491404,16982.800000000003,             157P   1287
-3358.962597559511,2323.0298255802572,16982.800000000007,            157P   1288
-3347.794709219858,2321.8969464901065,16982.8,                       157P   1289
-3336.929515660881,2320.639525854303,16982.79999999999,              157P   1290
-3326.0644767648237,2319.3820556967326,16982.799999999996,           157P   1291
-3315.5021570597355,2318.0000422547364,16982.80000000001,            157P   1292
-3305.2309670187583,2316.493088281088,16982.800000000003,            157P   1293
-3295.2393171150343,2314.8607965285632,16982.79999999999,            157P   1294
-3285.247804844995,2313.2284562117375,16982.79999999999,             157P   1295
-3275.535853742594,2311.470777298335,16982.799999999992,             157P   1296
-3266.0931122035436,2309.586925685886,16982.8,                       157P   1297
-3256.9092286235536,2307.57606727192,16982.8,-3249.256086756336,     157P   1298
2305.900315051879,16982.800000000003,-3241.78273998891,              157P   1299
2304.1363553085266,16982.800000000003,-3234.483812774536,            157P   1300
2302.2834645050916,16982.799999999996,-3227.3539295664737,           157P   1301
2300.340919104802,16982.800000000003,-3217.3722049813996,            157P   1302
2297.6213051972945,16982.80000000001,-3207.7215987437094,            157P   1303
2294.726068477784,16982.80000000001,-3198.388878512788,              157P   1304
2291.6525581863716,16982.799999999996,-3189.36081194802,             157P   1305
2288.398123563157,16982.79999999997,-3166.1460725971547,             157P   1306
2280.0294849282395,16982.800000000047,-3144.9476929603297,           157P   1307
2270.463354402017,16982.79999999996,-3125.557022783973,              157P   1308
2259.648088564062,16982.8,-3107.828547260132,2247.4940674887002,     157P   1309
16982.800000000007,-3078.2815833846325,2227.238110053727,            157P   1310
16982.799999999996,-3053.3464589848995,2203.258722864297,            157P   1311
16982.800000000003,-3032.3552711190528,2175.15376149134,16982.8,     157P   1312
-3014.987543285578,2142.1391145563744,16982.800000000003,            157P   1313
-3008.0403097570816,2128.933035751196,16982.79999999998,             157P   1314
-3001.672467666256,2114.940804136178,16982.80000000004,              157P   1315
-2995.8629152122558,2100.1113150016386,16982.8,                      157P   1316
-2990.5981125510198,2084.3804582179987,16982.80000000001,            157P   1317
-2987.5270770632587,2075.2038822700183,16982.800000000003,           157P   1318
-2984.641130433102,2065.7211169410684,16982.799999999996,            157P   1319
-2981.9380834821322,2055.9182713681,16982.8,-2979.4157470319356,     157P   1320
2045.7814546880643,16982.8,-2976.1728869193744,                      157P   1321
2032.7480550938471,16982.799999999996,-2973.2284318228167,           157P   1322
2019.1633981243858,16982.799999999992,-2970.5795755501977,           157P   1323
2004.9936362381668,16982.8,-2968.223511909453,1990.204921893675,     157P   1324
16982.8,-2966.6529135091337,1980.3454912548295,                      157P   1325
16982.79999999999,-2965.2125594544486,1970.2107016239988,            157P   1326
16982.799999999985,-2963.902189177571,1959.7890048711974,            157P   1327
16982.8,-2962.721542110672,1949.06885286644,16982.799999999985,      157P   1328
-2960.9507446731154,1932.988094821243,16982.799999999992,            157P   1329
-2959.471544540981,1916.2367323876365,16982.800000000007,            157P   1330
-2958.285049331893,1898.7698295452817,16982.8,                       157P   1331
-2957.3923666634723,1880.5424502738406,16982.799999999996,           157P   1332
-2956.499965100584,1862.3141295806815,16982.799999999996,            157P   1333
-2955.901347318488,1843.3255674028776,16982.800000000003,            157P   1334
-2955.600147543016,1823.523368392095,16982.8,-2955.6,                157P   1335
1802.8541372,0.,15.,0.,0.,0.,0,0;                                    157P   1336
126,10,5,0,0,1,0,0.,0.,0.,0.,0.,0.,1.,1.,1.,1.,1.,2.,2.,2.,2.,       159P   1337
2.,2.,1.,1.,1.,1.,1.,1.,1.,1.,1.,1.,1.,16982.8,-2955.6,              159P   1338
1802.8541372,16903.996176000015,-2955.6000000000013,                 159P   1339
1807.9416102000027,16825.192353999966,-2955.600000000001,            159P   1340
1812.3767941999952,16746.46825200002,-2955.5999999999976,            159P   1341
1816.1740980000036,16667.664429254524,-2955.6,                       159P   1342
1819.4354360153275,16588.860606198694,-2955.6,                       159P   1343
1822.2342850495224,16467.617366466646,-2955.599999999991,            159P   1344
1826.5404406555222,16346.374126000035,-2955.6000000000167,           159P   1345
1829.7518288000076,16225.286493999973,-2955.599999999984,            159P   1346
1832.1586969999937,16104.043240000017,-2955.6000000000063,           159P   1347
1834.018365400002,15982.8,-2955.6,1835.45523,0.,2.,0.,0.,0.,0,0;     159P   1348
126,64,4,0,0,1,0,0.,0.,0.,0.,0.,1.,1.,1.,1.,2.,2.,2.,2.,3.,3.,       161P   1349
3.,3.,4.,4.,4.,4.,5.,5.,5.,5.,6.,6.,6.,6.,7.,7.,7.,7.,8.,8.,8.,      161P   1350
8.,9.,9.,9.,9.,10.,10.,10.,10.,11.,11.,11.,11.,12.,12.,12.,12.,      161P   1351
13.,13.,13.,13.,14.,14.,14.,14.,15.,15.,15.,15.,16.,16.,16.,16.,     161P   1352
16.,1.,1.,1.,1.,1.,1.,1.,1.,1.,1.,1.,1.,1.,1.,1.,1.,1.,1.,1.,1.,     161P   1353
1.,1.,1.,1.,1.,1.,1.,1.,1.,1.,1.,1.,1.,1.,1.,1.,1.,1.,1.,1.,1.,      161P   1354
1.,1.,1.,1.,1.,1.,1.,1.,1.,1.,1.,1.,1.,1.,1.,1.,1.,1.,1.,1.,1.,      161P   1355
1.,1.,1.,15982.8,-2955.6,1835.45523,15982.800000000007,              161P   1356
-2955.600120459368,1854.894823614541,15982.8,                        161P   1357
-2955.8368009120595,1873.598044338683,15982.799999999994,            161P   1358
-2956.307364934106,1891.6062759880924,15982.800000000001,            161P   1359
-2957.0091361015393,1908.9609023784358,15982.799999999987,           161P   1360
-2957.6232816968113,1924.1458455943475,15982.799999999997,           161P   1361
-2958.414506664367,1938.830102758651,15982.80000000001,              161P   1362
-2959.38198026458,1953.0378521953153,15982.800000000001,             161P   1363
-2960.524871757823,1966.793272228308,15982.799999999988,             161P   1364
-2961.6678706516886,1980.5483272926472,15982.799999999996,           161P   1365
-2962.986358665772,1993.850768789863,15982.800000000003,             161P   1366
-2964.480414776922,2006.7217185800073,15982.8,                       161P   1367
-2966.1501179619863,2019.1822985231315,15982.80000000001,            161P   1368
-2967.581376343083,2029.8625367484083,15982.8,                       161P   1369
-2969.1417431339355,2040.2410625643342,15982.799999999988,           161P   1370
-2970.8318008835795,2050.32956323493,15982.8,-2972.652132141051,     161P   1371
2060.1397260242165,15982.799999999996,-2974.4725151548378,           161P   1372
2069.9497482180614,15982.8,-2976.4231722517065,                      161P   1373
2079.4814108109204,15982.800000000001,-2978.5051515443497,           161P   1374
2088.7451365251814,15982.799999999997,-2980.7195011454587,           161P   1375
2097.7513480832326,15982.799999999997,-2982.5648319450834,           161P   1376
2105.256428009962,15982.799999999996,-2984.502095317199,             161P   1377
2112.582645254152,15982.799999999994,-2986.532155594126,             161P   1378
2119.735404030832,15982.799999999997,-2988.6558771081855,            161P   1379
2126.720108555031,15982.799999999994,-2991.629141423957,             161P   1380
2136.498580849777,15982.799999999996,-2994.7858736261423,            161P   1381
2145.9478785505053,15982.799999999997,-2998.1291609292084,           161P   1382
2155.0812834132894,15982.799999999997,-3001.662090547621,            161P   1383
2163.9120771942025,15982.800000000016,-3010.7468642655012,           161P   1384
2186.6195380122836,15982.800000000012,-3021.086880921928,            161P   1385
2207.324111076358,15982.799999999981,-3032.741664924637,             161P   1386
2226.234974646705,15982.800000000001,-3045.8120780580334,            161P   1387
2243.4970678340887,15982.799999999985,-3057.430235688851,            161P   1388
2258.8412326710377,15982.800000000027,-3070.1672413548754,           161P   1389
2272.883303080572,15982.799999999996,-3084.0938970348366,            161P   1390
2285.7258644518643,15982.799999999997,-3099.311944946315,            161P   1391
2297.440305523536,15982.80000000003,-3112.6277300966744,             161P   1392
2307.6904524135643,15982.799999999957,-3126.932529792082,            161P   1393
2317.0770686354554,15982.800000000014,-3142.2943842402765,           161P   1394
2325.6481413586944,15982.800000000003,-3158.8039193870986,           161P   1395
2333.4361585189627,15982.799999999965,-3170.59644953397,             161P   1396
2338.9990301876533,15982.800000000065,-3182.9745944091796,           161P   1397
2344.162402248368,15982.799999999943,-3195.971449547191,             161P   1398
2348.9381519302146,15982.799999999996,-3209.6271219626237,           161P   1399
2353.3344108578235,15982.799999999987,-3223.282802555333,            161P   1400
2357.7306713387247,15982.800000000037,-3237.5973759032972,           161P   1401
2361.747449326733,15982.799999999957,-3252.6110041932184,            161P   1402
2365.3928944502645,15982.8,-3268.3722282043673,                      161P   1403
2368.671533621244,15982.799999999992,-3280.9815057795054,            161P   1404
2371.2943407708567,15982.800000000007,-3294.0683382823436,           161P   1405
2373.6827413122387,15982.800000000016,-3307.6598145778166,           161P   1406
2375.838267076888,15982.799999999996,-3321.783023530857,             161P   1407
2377.762449896302,15982.80000000001,-3332.3756355011283,             161P   1408
2379.205516571285,15982.799999999996,-3343.2674549870553,            161P   1409
2380.518406461517,15982.79999999998,-3354.4714843564047,             161P   1410
2381.7012302303647,15982.799999999997,-3366.0007259769427,           161P   1411
2382.754098541198,15982.800000000003,-3381.3735403464575,            161P   1412
2384.1577754870414,15982.800000000005,-3397.3238034292644,           161P   1413
2385.330616156739,15982.800000000003,-3413.8869679103427,            161P   1414
2386.2714698706486,15982.799999999997,-3431.0984864746715,           161P   1415
2386.979185949131,15982.8,-3448.3106739284517,2387.686719342108,     161P   1416
15982.799999999996,-3466.1706890297364,2388.161236721986,            161P   1417
15982.799999999992,-3484.719981234821,2388.3999322281543,            161P   1418
15982.8,-3504.0000000000005,2388.4000000000005,0.,16.,0.,0.,0.,      161P   1419
0,0;                                                                 161P   1420
102,4,155,157,159,161;                                               163P   1421
142,0,143,153,163,1,0,0;                                             165P   1422
406,1,9HScaling.4;                                                   167P   1423
144,143,1,0,165,0,1,167;                                             169P   1424
128,14,1,5,1,0,0,1,0,0,28.71415685,28.71415685,28.71415685,          171P   1425
28.71415685,28.71415685,28.71415685,43.07123528,43.07123528,         171P   1426
43.07123528,57.42831371,57.42831371,57.42831371,71.78539213,         171P   1427
71.78539213,71.78539213,86.14247056,86.14247056,86.14247056,         171P   1428
86.14247056,86.14247056,86.14247056,-9.14,-9.14,9.14,9.14,1.,1.,     171P   1429
1.,1.,1.,1.,1.,1.,1.,1.,1.,1.,1.,1.,1.,1.,1.,1.,1.,1.,1.,1.,1.,      171P   1430
1.,1.,1.,1.,1.,1.,1.,14982.8,-3504.0000000000005,                    171P   1431
1474.4000000000003,14982.8,-3561.428314,1474.4000000000003,          171P   1432
14982.8,-3618.8575379999997,1485.6734928,14982.8,                    171P   1433
-3673.3307760000002,1508.2374238,14982.8,-3770.489802,               171P   1434
1573.5101976,14982.8,-3835.762576,1670.6692242,14982.8,              171P   1435
-3858.326508,1725.1433726000002,14982.8,-3880.8734920000006,         171P   1436
1840.,14982.8,-3858.326508,1954.8566274,14982.8,-3835.762576,        171P   1437
2009.3307759999998,14982.8,-3770.489802,2106.489802,14982.8,         171P   1438
-3673.3307760000002,2171.762576,14982.8,-3618.8575379999997,         171P   1439
2194.326508,14982.8,-3561.428314,2205.6,14982.8,                     171P   1440
-3504.0000000000005,2205.6,14617.200000000003,                       171P   1441
-3504.0000000000005,1474.4000000000003,14617.200000000003,           171P   1442
-3561.428314,1474.4000000000003,14617.200000000003,                  171P   1443
-3618.8575379999997,1485.6734928,14617.200000000003,                 171P   1444
-3673.3307760000002,1508.2374238,14617.200000000003,                 171P   1445
-3770.489802,1573.5101976,14617.200000000003,-3835.762576,           171P   1446
1670.6692242,14617.200000000003,-3858.326508,1725.1433726000002,     171P   1447
14617.200000000003,-3880.8734920000006,1840.,14617.200000000003,     171P   1448
-3858.326508,1954.8566274,14617.200000000003,-3835.762576,           171P   1449
2009.3307759999998,14617.200000000003,-3770.489802,2106.489802,      171P   1450
14617.200000000003,-3673.3307760000002,2171.762576,                  171P   1451
14617.200000000003,-3618.8575379999997,2194.326508,                  171P   1452
14617.200000000003,-3561.428314,2205.6,14617.200000000003,           171P   1453
-3504.0000000000005,2205.6,28.71415685,86.14247056,-9.14,9.14;       171P   1454
126,1,1,0,0,1,0,28.714156849999995,28.714156849999995,               173P   1455
86.14247056,86.14247056,1.,1.,86.14247056,9.14,0.,28.71415685,       173P   1456
9.14,0.,28.714156849999995,86.14247056,0.,0.,0.,0,0;                 173P   1457
126,1,1,0,0,1,0,0.,0.,18.28,18.28,1.,1.,28.71415685,9.14,0.,         175P   1458
28.71415685,-9.14,0.,0.,18.28,0.,0.,0.,0,0;                          175P   1459
126,1,1,0,0,1,0,0.,0.,57.42831371,57.42831371,1.,1.,28.71415685,     177P   1460
-9.14,0.,86.14247056,-9.14,0.,0.,57.42831371,0.,0.,0.,0,0;           177P   1461
126,1,1,0,0,1,0,-9.14,-9.14,9.14,9.14,1.,1.,86.14247056,-9.14,       179P   1462
0.,86.14247056,9.14,0.,-9.14,9.14,0.,0.,0.,0,0;                      179P   1463
102,4,173,175,177,179;                                               181P   1464
126,20,5,0,0,1,0,0.,0.,0.,0.,0.,0.,1.,1.,1.,1.,1.,2.,2.,2.,2.,       183P   1465
2.,3.,3.,3.,3.,3.,4.,4.,4.,4.,4.,4.,1.,1.,1.,1.,1.,1.,1.,1.,1.,      183P   1466
1.,1.,1.,1.,1.,1.,1.,1.,1.,1.,1.,1.,14617.200000000003,              183P   1467
-3504.0000000000005,2205.6,14617.200000000073,                       183P   1468
-3561.428314000015,2205.6000000000017,14617.199999999877,            183P   1469
-3618.857537999972,2194.3265079999983,14617.200000000112,            183P   1470
-3673.3307760000253,2171.7625760000005,14617.199999999959,           183P   1471
-3721.9102890169083,2139.1261889886337,14617.200000000003,           183P   1472
-3762.5182390282844,2098.5182389717156,14617.199999999944,           183P   1473
-3803.12618901136,2057.9102889830806,14617.20000000011,              183P   1474
-3835.7625760000087,2009.3307760000007,14617.199999999904,           183P   1475
-3858.3265079999883,1954.8566273999977,14617.200000000044,           183P   1476
-3869.599999996082,1897.4283137200023,14617.200000000003,            183P   1477
-3869.6000000000004,1840.00000004,14617.19999999999,                 183P   1478
-3869.600000003923,1782.5716863199978,14617.200000000039,            183P   1479
-3858.3265080000065,1725.1433726000039,14617.199999999975,           183P   1480
-3835.762575999996,1670.6692241999992,14617.200000000004,            183P   1481
-3803.1261889999996,1622.089710899998,14617.200000000004,            183P   1482
-3762.518239,1581.4817608,14617.200000000033,-3721.910289000005,     183P   1483
1540.8738107000022,14617.199999999923,-3673.330775999987,            183P   1484
1508.2374237999948,14617.200000000088,-3618.857538000016,            183P   1485
1485.6734928000062,14617.199999999972,-3561.4283139999925,           183P   1486
1474.3999999999983,14617.200000000003,-3504.0000000000005,           183P   1487
1474.4000000000003,0.,4.,0.,0.,0.,0,0;                               183P   1488
126,1,1,0,0,1,0,0.,0.,1.,1.,1.,1.,14617.200000000003,                185P   1489
-3504.0000000000005,1474.4000000000003,14982.8,                      185P   1490
-3504.0000000000005,1474.4000000000003,0.,1.,0.,0.,0.,0,0;           185P   1491
126,20,5,0,0,1,0,0.,0.,0.,0.,0.,0.,1.,1.,1.,1.,1.,2.,2.,2.,2.,       187P   1492
2.,3.,3.,3.,3.,3.,4.,4.,4.,4.,4.,4.,1.,1.,1.,1.,1.,1.,1.,1.,1.,      187P   1493
1.,1.,1.,1.,1.,1.,1.,1.,1.,1.,1.,1.,14982.8,-3504.0000000000005,     187P   1494
1474.4000000000003,14982.79999999993,-3561.4283139999825,            187P   1495
1474.3999999999962,14982.800000000107,-3618.8575380000275,           187P   1496
1485.6734928000055,14982.799999999907,-3673.3307759999766,           187P   1497
1508.2374237999961,14982.80000000004,-3721.91028900001,              187P   1498
1540.8738107000017,14982.8,-3762.518239,1581.4817608,                187P   1499
14982.799999999952,-3803.126188999977,1622.0897108999907,            187P   1500
14982.800000000105,-3835.7625760000433,1670.6692242000167,           187P   1501
14982.799999999908,-3858.3265079999637,1725.143372599986,            187P   1502
14982.80000000003,-3869.600000003938,1782.5716863200046,14982.8,     187P   1503
-3869.6000000000004,1840.00000004,14982.800000000008,                187P   1504
-3869.5999999960786,1897.4283137200064,14982.799999999952,           187P   1505
-3858.3265079999896,1954.8566273999852,14982.800000000045,           187P   1506
-3835.7625760000105,2009.3307760000132,14982.799999999981,           187P   1507
-3803.1261890113606,2057.9102889830756,14982.8,                      187P   1508
-3762.5182390282844,2098.5182389717156,14982.799999999974,           187P   1509
-3721.910289016915,2139.1261889886337,14982.80000000004,             187P   1510
-3673.330776000003,2171.7625760000005,14982.79999999998,             187P   1511
-3618.8575380000016,2194.326508000001,14982.800000000014,            187P   1512
-3561.428314,2205.6,14982.8,-3504.0000000000005,2205.6,0.,4.,0.,     187P   1513
0.,0.,0,0;                                                           187P   1514
126,1,1,0,0,1,0,0.,0.,1.,1.,1.,1.,14982.8,-3504.0000000000005,       189P   1515
2205.6,14617.200000000003,-3504.0000000000005,2205.6,0.,1.,0.,       189P   1516
0.,0.,0,0;                                                           189P   1517
102,4,183,185,187,189;                                               191P   1518
142,0,171,181,191,1,0,0;                                             193P   1519
406,1,9HScaling.2;                                                   195P   1520
144,171,1,0,193,0,1,195;                                             197P   1521
128,17,5,5,5,0,0,0,0,0,0.,0.,0.,0.,0.,0.,11.77979253,                199P   1522
11.77979253,11.77979253,20.52142858,20.52142858,20.52142858,         199P   1523
28.68921043,28.68921043,28.68921043,36.31851695,36.31851695,         199P   1524
36.31851695,50.00029653,50.00029653,50.00029653,50.00029653,         199P   1525
50.00029653,50.00029653,0.,0.,0.,0.,0.,0.,49.49151264,               199P   1526
49.49151264,49.49151264,49.49151264,49.49151264,49.49151264,1.,      199P   1527
1.,1.,1.,1.,1.,1.,1.,1.,1.,1.,1.,1.,1.,1.,1.,1.,1.,0.9391036258,     199P   1528
0.9523847134,0.9658356932,0.9793773928,1.002930451,1.025960702,      199P   1529
1.03561549,1.053846969,1.070922098,1.078834478,1.093354854,          199P   1530
1.10610541,1.111802425,1.126239318,1.136271992,1.140641947,          199P   1531
1.142809042,1.142809042,0.9109731689,0.9298838377,0.949312022,       199P   1532
0.9691591023,1.004187596,1.039272639,1.054131013,1.082461254,        199P   1533
1.109464547,1.122081161,1.145407014,1.166160786,1.175489435,         199P   1534
1.199246214,1.215985776,1.223322578,1.226960076,1.226960076,         199P   1535
0.9109731689,0.9298838377,0.949312022,0.9691591023,1.004187596,      199P   1536
1.039272639,1.054131013,1.082461254,1.109464547,1.122081161,         199P   1537
1.145407014,1.166160786,1.175489435,1.199246214,1.215985776,         199P   1538
1.223322578,1.226960076,1.226960076,0.9391036258,0.9523847134,       199P   1539
0.9658356932,0.9793773928,1.002930451,1.025960702,1.03561549,        199P   1540
1.053846969,1.070922098,1.078834478,1.093354854,1.10610541,          199P   1541
1.111802425,1.126239318,1.136271992,1.140641947,1.142809042,         199P   1542
1.142809042,1.,1.,1.,1.,1.,1.,1.,1.,1.,1.,1.,1.,1.,1.,1.,1.,1.,      199P   1543
1.,14982.8,-3504.0000000000005,1474.4000000000003,                   199P   1544
15029.919170000003,-3504.0000000000005,1424.8877352,15077.03833,     199P   1545
-3504.0000000000005,1376.379665,15124.157510000003,                  199P   1546
-3504.0000000000005,1329.2739603999999,15206.243224,                 199P   1547
-3504.0000000000005,1250.9379446,15288.328937999999,                 199P   1548
-3504.0000000000005,1183.8029842,15323.297760000003,                 199P   1549
-3504.0000000000005,1157.8435008,15390.935432000004,                 199P   1550
-3504.0000000000005,1114.4203836,15458.573104,                       199P   1551
-3504.0000000000005,1084.0125934,15491.241844,                       199P   1552
-3504.0000000000005,1072.3556168,15554.430198,                       199P   1553
-3504.0000000000005,1054.3548814,15617.61855,                        199P   1554
-3504.0000000000005,1043.2468388000002,15648.175176000002,           199P   1555
-3504.0000000000005,1039.0587243999998,15733.41952,                  199P   1556
-3504.0000000000005,1029.8292512,15818.663864,                       199P   1557
-3504.0000000000005,1025.955062,15873.345776000004,                  199P   1558
-3504.0000000000005,1024.5719133999999,15928.072881999999,           199P   1559
-3504.0000000000005,1024.,15982.8,-3504.0000000000005,1024.,         199P   1560
14982.8,-3384.814804,1474.4000000000003,15029.262090000002,          199P   1561
-3372.879090000001,1425.578188,15076.049852,-3360.7081019999996,     199P   1562
1377.3905576000002,15123.177666000001,-3348.461778000001,            199P   1563
1330.233546,15205.039658000003,-3327.5121639999998,1251.9832066,     199P   1564
15287.829026,-3307.3918240000007,1184.2018462,                       199P   1565
15322.815200000003,-3299.14168,1158.1675746,15390.228222000003,      199P   1566
-3283.854708,1114.8031018000001,15458.199788000002,                  199P   1567
-3269.8328679999995,1084.1675828000002,15490.893639999998,           199P   1568
-3263.454066,1072.4600106,15553.939292,-3251.942706,                 199P   1569
1054.4670062,15617.3694,-3242.018076,1043.2852624,15647.954634,      199P   1570
-3237.645326,1039.0836752,15732.759956,-3226.7376020000006,          199P   1571
1029.8909268,15818.242246,-3219.269924,1025.9626784,                 199P   1572
15873.137884,-3216.0448659999997,1024.5730068,                       199P   1573
15928.072881999999,-3214.447386,1024.,15982.8,-3214.447386,          199P   1574
1024.,14982.8,-3272.2977100000003,1521.4186234,15028.960926,         199P   1575
-3255.741968,1476.5397778,15075.579010000001,-3239.31373,            199P   1576
1431.3838336000001,15122.691588,-3223.174172,1386.4100846,           199P   1577
15204.42825,-3196.265486,1310.8956738000004,15287.574506,            199P   1578
-3171.2359859999997,1243.6648044,15322.563154,-3161.166816,          199P   1579
1217.6537614,15389.855792,-3142.795142,1173.832707,15458.001514,     199P   1580
-3126.268312,1141.6920806000003,15490.705094000003,                  199P   1581
-3118.8453380000005,1129.1397334,15553.672472,                       199P   1582
-3105.5949740000005,1109.4464416,15617.232956,-3094.314992,          199P   1583
1096.4612234,15647.832306,-3089.3868240000006,1091.4367112,          199P   1584
15732.397472000002,-3077.204666,1080.17363,15818.003435999999,       199P   1585
-3068.941704,1074.6657281999999,15873.02028,-3065.389144,            199P   1586
1072.5898804000003,15928.072881999999,-3063.632338,1071.6555636,     199P   1587
15982.8,-3063.632338,1071.6175042,14982.8,-3185.418624,              199P   1588
1608.2977110000002,15028.960926,-3168.166562000001,1571.6491772,     199P   1589
15075.579010000001,-3151.472694,1533.6477347999999,15122.691588,     199P   1590
-3135.426992,1494.7865862,15204.42825,-3109.171144,1427.9561798,     199P   1591
15287.574506,-3085.42191,1365.9888236000004,15322.563154,            199P   1592
-3075.97045,1341.5445148000001,15389.855792,-3058.886168,            199P   1593
1299.3942560000003,15458.001514,-3043.761932,1266.7620238,           199P   1594
15490.705094000003,-3037.015852,1253.5531946,15553.672472,           199P   1595
-3025.0428460000007,1232.115388,15617.232956,-3014.948998,           199P   1596
1216.8798425999998,15647.832306,-3010.556936,1210.7519968,           199P   1597
15732.397472000002,-2999.733538,1196.5518182,15818.003435999999,     199P   1598
-2992.452644,1188.6637806,15873.02028,-2989.3289879999998,           199P   1599
1185.5065464,15928.072881999999,-2987.780998,1183.9808044000001,     199P   1600
15982.8,-2987.780998,1183.8530378,14982.8,-3138.3999999999996,       199P   1601
1720.8148036,15029.262090000002,-3121.4891820000003,                 199P   1602
1698.4761417999998,15076.049852,-3105.4289,1674.4200588,             199P   1603
15123.177666000001,-3090.243102,1649.0114191999999,                  199P   1604
15205.039658000003,-3065.618526,1603.8387476000003,15287.829026,     199P   1605
-3043.800744,1559.8867989999999,15322.815200000003,-3035.13179,      199P   1606
1542.0482029999998,15390.228222000003,-3019.5028899999998,           199P   1607
1510.343861,15458.199788000002,-3005.832386,1484.3514496,            199P   1608
15490.893639999998,-2999.741084,1473.4066884000001,15553.939292,     199P   1609
-2988.937722,1454.9861483999998,15617.3694,-2979.8959839999998,      199P   1610
1440.9951380000005,15647.954634,-2975.961942,1435.1656275999999,     199P   1611
15732.759956,-2966.2430420000005,1421.2197164,15818.242246,          199P   1612
-2959.761818,1412.7362702000003,15873.137884,                        199P   1613
-2956.9837260000004,1409.1686146000004,15928.072881999999,           199P   1614
-2955.6,1407.3168248,15982.8,-2955.6,1407.0106938000001,14982.8,     199P   1615
-3138.3999999999996,1840.,15029.919170000003,-3121.250024000001,     199P   1616
1840.,15077.03833,-3105.0967020000007,1839.9846320000004,            199P   1617
15124.157510000003,-3089.9421119999997,1839.9524425999998,           199P   1618
15206.243224,-3065.285048,1839.8640460000001,15288.328937999999,     199P   1619
-3043.6717679999997,1839.7129098000003,15323.297760000003,           199P   1620
-3035.01765,1839.6362709999999,15390.935432000004,                   199P   1621
-3019.3503299999998,1839.4624135999998,15458.573104,                 199P   1622
-3005.7592799999998,1839.2346456,15491.241844,-2999.679942,          199P   1623
1839.1111079999998,15554.430198,-2988.86084,1838.8439070000004,      199P   1624
15617.61855,-2979.86179,1838.5173454000003,15648.175176000002,       199P   1625
-2975.9359,1838.3445256000002,15733.41952,-2966.17348,               199P   1626
1837.8175818,15818.663864,-2959.7371299999995,1837.1549562,          199P   1627
15873.345776000004,-2956.981082,1836.6662582000004,                  199P   1628
15928.072881999999,-2955.6,1836.1038062,15982.8,-2955.6,             199P   1629
1835.45523,0.,50.00029653,0.,49.49151264;                            199P   1630
126,1,1,0,0,1,0,0.,0.,50.00029653,50.00029653,1.,1.,0.,0.,0.,        201P   1631
50.00029653,0.,0.,0.,50.00029653,0.,0.,0.,0,0;                       201P   1632
126,1,1,0,0,1,0,0.,0.,49.49151264,49.49151264,1.,1.,50.00029653,     203P   1633
0.,0.,50.00029653,49.49151264,0.,0.,49.49151264,0.,0.,0.,0,0;        203P   1634
126,1,1,0,0,1,0,0.,0.,50.00029653,50.00029653,1.,1.,50.00029653,     205P   1635
49.49151264,0.,0.,49.49151264,0.,0.,50.00029653,0.,0.,0.,0,0;        205P   1636
126,1,1,0,0,1,0,0.,0.,49.49151264,49.49151264,1.,1.,0.,              207P   1637
49.49151264,0.,0.,0.,0.,0.,49.49151264,0.,0.,0.,0,0;                 207P   1638
102,4,201,203,205,207;                                               209P   1639
126,60,5,0,0,1,0,0.,0.,0.,0.,0.,0.,1.,1.,1.,1.,1.,2.,2.,2.,2.,       211P   1640
2.,3.,3.,3.,3.,3.,4.,4.,4.,4.,4.,5.,5.,5.,5.,5.,6.,6.,6.,6.,6.,      211P   1641
7.,7.,7.,7.,7.,8.,8.,8.,8.,8.,9.,9.,9.,9.,9.,10.,10.,10.,10.,        211P   1642
10.,11.,11.,11.,11.,11.,12.,12.,12.,12.,12.,12.,1.,1.,1.,1.,1.,      211P   1643
1.,1.,1.,1.,1.,1.,1.,1.,1.,1.,1.,1.,1.,1.,1.,1.,1.,1.,1.,1.,1.,      211P   1644
1.,1.,1.,1.,1.,1.,1.,1.,1.,1.,1.,1.,1.,1.,1.,1.,1.,1.,1.,1.,1.,      211P   1645
1.,1.,1.,1.,1.,1.,1.,1.,1.,1.,1.,1.,1.,1.,14982.8,                   211P   1646
-3504.0000000000005,1474.4000000000003,14999.628274977658,           211P   1647
-3504.0000000000045,1456.7169418935569,15016.45654875151,            211P   1648
-3504.0000000000005,1439.1623111745407,15033.284822522859,           211P   1649
-3503.999999999999,1421.753459240468,15050.113096841815,             211P   1650
-3504.0000000000014,1404.5147948009185,15066.941371607276,           211P   1651
-3504.0000000000005,1387.477783877536,15087.135301332484,            211P   1652
-3503.999999999976,1367.0334026871178,15107.329231741769,            211P   1653
-3504.000000000031,1346.8795972576652,15127.523162824993,            211P   1654
-3503.99999999998,1327.0715260486666,15147.717093753763,             211P   1655
-3504.000000000005,1307.6815094397898,15167.911024328405,            211P   1656
-3504.0000000000005,1288.805923942646,15178.007989614058,            211P   1657
-3504.0000000000045,1279.3681232146619,15188.104954816812,           211P   1658
-3503.999999999998,1270.0589569956446,15198.201919898662,            211P   1659
-3503.9999999999964,1260.8904101101355,15208.298884886603,           211P   1660
-3504.000000000001,1251.8760929759337,15218.395849872624,            211P   1661
-3504.0000000000005,1243.031241604098,15231.110955175582,            211P   1662
-3503.999999999998,1231.8930629655033,15243.826067267242,            211P   1663
-3504.000000000002,1221.0230615628802,15256.541276671876,            211P   1664
-3504.0000000000027,1210.4520021395138,15269.256597877287,           211P   1665
-3503.9999999999995,1200.2115879614387,15281.971969334812,           211P   1666
-3504.0000000000005,1190.3344608174384,15294.687340792347,           211P   1667
-3503.9999999999973,1180.4573336734381,15307.40277607943,            211P   1668
-3504.0000000000027,1170.9423290425184,15320.118213647398,           211P   1669
-3504.0000000000036,1161.8220887134553,15332.833602806537,           211P   1670
-3503.9999999999995,1153.1227400634111,15345.548903726083,           211P   1671
-3504.0000000000005,1144.8638960579312,15355.085379492186,           211P   1672
-3504.0000000000246,1138.6697565033967,15364.621812706935,           211P   1673
-3504.000000000001,1132.722793258975,15374.158187769786,             211P   1674
-3503.99999999999,1127.03117737524,15383.694518635388,               211P   1675
-3504.000000000004,1121.5987784549359,15393.230848813577,            211P   1676
-3504.0000000000005,1116.4251646529756,15415.506617627141,           211P   1677
-3504.0000000000023,1104.3401759498925,15437.782386440655,           211P   1678
-3503.999999999993,1093.6668897511763,15460.057398480492,            211P   1679
-3504.0000000000086,1084.4034726319542,15482.33244493539,            211P   1680
-3503.9999999999973,1076.4021421576756,15504.607754008977,           211P   1681
-3504.000000000001,1069.4943114472414,15515.002895709564,            211P   1682
-3503.9999999999995,1066.2706500018896,15525.398107407626,           211P   1683
-3504.,1063.2851822176767,15535.7933827348,-3504.0000000000005,      211P   1684
1060.5205081471306,15546.18871532273,-3504.000000000001,             211P   1685
1057.9592278427788,15556.584098803058,-3504.000000000001,            211P   1686
1055.583941357149,15570.147233416657,-3504.,1052.4851105564878,      211P   1687
15583.710688217969,-3504.0000000000005,1049.7037910621143,           211P   1688
15597.277025504985,-3504.0000000000014,1047.2023000995619,           211P   1689
15610.84624531668,-3504.000000000002,1044.9479818201157,             211P   1690
15624.415785432988,-3504.0000000000005,1042.9132073008102,           211P   1691
15641.377326242535,-3503.9999999999936,1040.369809978869,            211P   1692
15658.341409312092,-3504.000000000003,1038.1690735127013,            211P   1693
15675.301228731365,-3504.0000000000036,1036.257367164601,            211P   1694
15692.255733569202,-3503.999999999995,1034.591119615088,             211P   1695
15709.209627873603,-3504.0000000000005,1033.1368189629081,           211P   1696
15727.452062561311,-3504.,1031.5721532598639,15745.69432054905,      211P   1697
-3504.000000000004,1030.2522472685514,15763.935096438217,            211P   1698
-3504.000000000002,1029.137271823556,15782.174089379658,             211P   1699
-3503.9999999999955,1028.1955331667832,15800.412003073663,           211P   1700
-3504.000000000001,1027.4034729474597,15836.887818061601,            211P   1701
-3503.999999999995,1025.8193179047362,15873.359167259237,            211P   1702
-3504.000000000009,1024.833461362968,15909.83051466669,              211P   1703
-3503.9999999999923,1024.2541837333288,15946.315254666666,           211P   1704
-3504.0000000000064,1024.0000000000027,15982.8,                      211P   1705
-3504.0000000000005,1024.,0.,12.,0.,0.,0.,0,0;                       211P   1706
126,72,4,0,0,1,0,0.,0.,0.,0.,0.,1.,1.,1.,1.,2.,2.,2.,2.,3.,3.,       213P   1707
3.,3.,4.,4.,4.,4.,5.,5.,5.,5.,6.,6.,6.,6.,7.,7.,7.,7.,8.,8.,8.,      213P   1708
8.,9.,9.,9.,9.,10.,10.,10.,10.,11.,11.,11.,11.,12.,12.,12.,12.,      213P   1709
13.,13.,13.,13.,14.,14.,14.,14.,15.,15.,15.,15.,16.,16.,16.,16.,     213P   1710
17.,17.,17.,17.,18.,18.,18.,18.,18.,1.,1.,1.,1.,1.,1.,1.,1.,1.,      213P   1711
1.,1.,1.,1.,1.,1.,1.,1.,1.,1.,1.,1.,1.,1.,1.,1.,1.,1.,1.,1.,1.,      213P   1712
1.,1.,1.,1.,1.,1.,1.,1.,1.,1.,1.,1.,1.,1.,1.,1.,1.,1.,1.,1.,1.,      213P   1713
1.,1.,1.,1.,1.,1.,1.,1.,1.,1.,1.,1.,1.,1.,1.,1.,1.,1.,1.,1.,1.,      213P   1714
1.,15982.8,-3504.0000000000005,1024.,15982.800000000003,             213P   1715
-3483.893033467893,1024.0000008739494,15982.799999999994,            213P   1716
-3464.7297785448577,1024.2300950273814,15982.799999999997,           213P   1717
-3446.43205613315,1024.6843280029564,15982.8,                        213P   1718
-3428.9361157032968,1025.3594030917175,15982.799999999963,           213P   1719
-3408.9407523109357,1026.1309168390092,15982.800000000057,           213P   1720
-3389.9923337113446,1027.19084732637,15982.799999999963,             213P   1721
-3371.995624879872,1028.5342588917595,15982.799999999997,            213P   1722
-3354.874435553979,1030.1601512893767,15982.800000000007,            213P   1723
-3342.0338000438633,1031.379632616981,15982.8,                       213P   1724
-3329.684565525936,1032.7577687245785,15982.799999999992,            213P   1725
-3317.7968893467146,1034.2946944622338,15982.800000000001,           213P   1726
-3306.3409288527196,1035.9905446800126,15982.800000000016,           213P   1727
-3291.066680100017,1038.2517628292774,15982.799999999972,            213P   1728
-3276.561552037578,1040.7959187512365,15982.800000000014,            213P   1729
-3262.7606350685564,1043.6246815781296,15982.799999999996,           213P   1730
-3249.6113568866886,1046.7431394906755,15982.799999999992,           213P   1731
-3233.1748061589283,1050.64120981682,15982.800000000003,             213P   1732
-3217.756049011424,1054.9919296024104,15982.80000000001,             213P   1733
-3203.252769460399,1059.8052000131138,15982.8,                       213P   1734
-3189.585449299037,1065.0991864388163,15982.800000000007,            213P   1735
-3181.385184061361,1068.2756400724948,15982.799999999996,            213P   1736
-3173.4853263053583,1071.6249280477637,15982.799999999988,           213P   1737
-3165.869838602824,1075.1515290980867,15982.8,                       213P   1738
-3158.5226835255544,1078.8599219569285,15982.799999999988,           213P   1739
-3140.155221748802,1088.1310287982647,15982.800000000021,            213P   1740
-3123.4672164895046,1098.5399460148585,15982.799999999977,           213P   1741
-3108.229114614936,1110.1645823399008,15982.800000000001,            213P   1742
-3094.28352254025,1123.1310787424745,15982.799999999985,             213P   1743
-3085.916088506092,1130.911002071724,15982.800000000008,             213P   1744
-3078.013630922124,1139.174145529277,15982.799999999988,             213P   1745
-3070.541687124669,1147.9478746219686,15982.800000000001,            213P   1746
-3063.472708605258,1157.2671721387526,15982.799999999961,            213P   1747
-3055.618299835513,1167.6219239527734,15982.800000000034,            213P   1748
-3048.2612724917717,1178.6503677434457,15982.799999999997,           213P   1749
-3041.363919198031,1190.4002564562059,15982.8,                       213P   1750
-3034.8970976422497,1202.9334451259901,15982.8,                      213P   1751
-3031.017056636211,1210.453480750551,15982.800000000003,             213P   1752
-3027.2917975700266,1218.2550919712785,15982.800000000003,           213P   1753
-3023.7154921199976,1226.3527392772767,15982.799999999997,           213P   1754
-3020.282311962422,1234.7608831576492,15982.799999999997,            213P   1755
-3016.849234245387,1243.169284328645,15982.8,-3013.559294961239,     213P   1756
1251.8881331895996,15982.8,-3010.407586931366,                       213P   1757
1260.9342034374065,15982.8,-3007.3892029771528,                      213P   1758
1270.3242687689592,15982.800000000001,-3003.867811756717,            213P   1759
1281.2795062759487,15982.80000000001,-3000.5281279481724,            213P   1760
1292.7036780512965,15982.799999999996,-2997.363054841018,            213P   1761
1304.6253757488712,15982.8,-2994.3669945170154,                      213P   1762
1317.0785648823087,15982.800000000007,-2991.370933533778,            213P   1763
1329.5317582911703,15982.799999999987,-2988.5438798633795,           213P   1764
1342.5164976975502,15982.800000000008,-2985.880227654123,            213P   1765
1356.0667755829068,15982.800000000001,-2983.3757699288713,           213P   1766
1370.2230423421174,15982.79999999997,-2980.513532222142,             213P   1767
1386.401628731497,15982.800000000028,-2977.8592172064778,            213P   1768
1403.371845138234,15982.799999999988,-2975.4065385821823,            213P   1769
1421.1939939243648,15982.8,-2973.1514995612174,                      213P   1770
1439.9420352548605,15982.8,-2970.8964601218067,                      213P   1771
1458.6900727584461,15982.80000000001,-2968.839060470561,             213P   1772
1478.3641880561422,15982.79999999999,-2966.9752954539094,            213P   1773
1499.0382648130244,15982.800000000003,-2965.3034526321844,           213P   1774
1520.8033900677065,15982.8,-2963.4226274860007,                      213P   1775
1545.2891077753166,15982.79999999999,-2961.784716924363,             213P   1776
1571.1561503147188,15982.80000000001,-2960.387255416672,             213P   1777
1598.533656484613,15982.800000000001,-2959.231667120961,             213P   1778
1627.586727810493,15982.799999999983,-2958.0760755207,               213P   1779
1656.6397351008095,15982.800000000014,-2957.162385781005,            213P   1780
1687.3689763792074,15982.800000000003,-2956.4919811847985,           213P   1781
1719.938845333226,15982.800000000003,-2956.0706305699937,            213P   1782
1754.5615915301298,15982.799999999996,-2955.836562173964,            213P   1783
1773.7966435190478,15982.799999999997,-2955.679295153175,            213P   1784
1793.6645421268663,15982.800000000003,-2955.600038198297,            213P   1785
1814.2043750537841,15982.8,-2955.6,1835.45523,0.,18.,0.,0.,0.,0,     213P   1786
0;                                                                   213P   1787
126,40,5,0,0,1,0,0.,0.,0.,0.,0.,0.,1.,1.,1.,1.,1.,2.,2.,2.,2.,       215P   1788
2.,3.,3.,3.,3.,3.,4.,4.,4.,4.,4.,5.,5.,5.,5.,5.,6.,6.,6.,6.,6.,      215P   1789
7.,7.,7.,7.,7.,8.,8.,8.,8.,8.,8.,1.,1.,1.,1.,1.,1.,1.,1.,1.,1.,      215P   1790
1.,1.,1.,1.,1.,1.,1.,1.,1.,1.,1.,1.,1.,1.,1.,1.,1.,1.,1.,1.,1.,      215P   1791
1.,1.,1.,1.,1.,1.,1.,1.,1.,1.,15982.8,-2955.6,1835.45523,            215P   1792
15928.072882000006,-2955.6000000000013,1836.103806200001,            215P   1793
15873.345775999987,-2956.981081999995,1836.666258199998,             215P   1794
15818.663864000024,-2959.737130000008,1837.1549562000027,            215P   1795
15763.936745936799,-2963.869285516919,1837.5803637724114,            215P   1796
15709.209627873603,-2969.372339834837,1837.9498476820822,            215P   1797
15678.697655211688,-2972.440258681684,1838.1558165417277,            215P   1798
15648.165982653598,-2975.937117815739,1838.3446048987007,            215P   1799
15617.62774351941,-2979.8606446458875,1838.5173170390835,            215P   1800
15587.096071129205,-2984.208566581018,1838.6750572489586,            215P   1801
15556.584098803058,-2988.9786110300165,1838.8189298144084,           215P   1802
15541.733561782705,-2991.300154159472,1838.8889397711023,            215P   1803
15526.88312261977,-2993.7222080578667,1838.955674019123,             215P   1804
15512.032794876526,-2996.2447025956626,1839.0192442285693,           215P   1805
15497.182592115245,-2998.8675676433227,1839.0797620695391,           215P   1806
15482.332527898201,-3001.59073307131,1839.1373392121307,             215P   1807
15464.512441860066,-3004.8585339089914,1839.2064261588712,           215P   1808
15446.692285366687,-3008.270817194813,1839.2712797391114,            215P   1809
15428.872003983912,-3011.8274792833017,1839.3320664703142,           215P   1810
15411.051543277594,-3015.528416528984,1839.3889528699412,            215P   1811
15393.230848813577,-3019.3735252863876,1839.4421054554546,           215P   1812
15377.336988539739,-3022.80288947585,1839.4895076344599,             215P   1813
15361.443034818554,-3026.346924973257,1839.5339363885853,            215P   1814
15345.548974753941,-3030.00555459954,1839.5754946000882,             215P   1815
15329.65479544982,-3033.7787011756295,1839.6142851512263,            215P   1816
15313.760484010112,-3037.6662875224547,1839.6504109242576,           215P   1817
15294.68731883003,-3042.33138866537,1839.6937565013316,              215P   1818
15275.61422090533,-3047.161219542457,1839.7332643986028,             215P   1819
15256.541242156924,-3052.15562675645,1839.7690870288063,             215P   1820
15237.468434505718,-3057.314456910087,1839.8013768046758,            215P   1821
15218.395849872624,-3062.637556606101,1839.8302861389452,            215P   1822
15194.836265261445,-3069.2129609207027,1839.865986489999,            215P   1823
15171.276679709576,-3076.0390999860065,1839.896535271555,            215P   1824
15147.71709366214,-3083.1157113709423,1839.922172564593,             215P   1825
15124.157507564267,-3090.4425326444393,1839.9431384500933,           215P   1826
15100.59792186107,-3098.0193013754256,1839.9596730090352,            215P   1827
15077.03833564453,-3105.5960704554764,1839.9761980289218,            215P   1828
15053.478751374694,-3113.4227861655377,1839.9882946039043,           215P   1829
15029.91916802702,-3121.4991871980314,1839.99616136804,              215P   1830
15006.359584576969,-3129.8250122453787,1839.9999969553865,           215P   1831
14982.8,-3138.3999999999996,1840.,0.,8.,0.,0.,0.,0,0;                215P   1832
126,30,5,0,0,1,0,0.,0.,0.,0.,0.,0.,1.,1.,1.,1.,1.,2.,2.,2.,2.,       217P   1833
2.,3.,3.,3.,3.,3.,4.,4.,4.,4.,4.,5.,5.,5.,5.,5.,6.,6.,6.,6.,6.,      217P   1834
6.,1.,1.,1.,1.,1.,1.,1.,1.,1.,1.,1.,1.,1.,1.,1.,1.,1.,1.,1.,1.,      217P   1835
1.,1.,1.,1.,1.,1.,1.,1.,1.,1.,1.,14982.8,-3138.3999999999996,        217P   1836
1840.,14982.800000000021,-3138.4000168382263,1816.6818128917853,     217P   1837
14982.799999999925,-3140.258996552191,1793.1787887430444,            217P   1838
14982.800000000085,-3144.036290116429,1769.7100751832104,            217P   1839
14982.799999999968,-3149.7453561475577,1746.5168300882733,           217P   1840
14982.800000000001,-3157.3450700460694,1723.8375299633879,           217P   1841
14982.79999999999,-3164.9447297879356,1701.1585951591976,            217P   1842
14982.800000000014,-3174.435464502192,1678.9917794052285,            217P   1843
14982.800000000007,-3185.775710055725,1657.5807935817234,            217P   1844
14982.799999999976,-3198.872399571794,1637.1528398267149,            217P   1845
14982.8,-3213.580963430034,1617.9186115360258,14982.8,               217P   1846
-3224.367329103202,1603.8131175388312,14982.799999999996,            217P   1847
-3236.021165920074,1590.348016222204,14982.8,-3248.485565778272,     217P   1848
1577.6047893807936,14982.800000000005,-3261.6920459043286,           217P   1849
1565.6539663950098,14982.799999999996,-3275.560548853689,            217P   1850
1554.5551242310244,14982.800000000007,-3293.2109013529457,           217P   1851
1540.4294036723286,14982.8,-3311.9363303929827,                      217P   1852
1527.682365216936,14982.8,-3331.5691133323835,1516.436673038781,     217P   1853
14982.800000000005,-3351.927355897203,1506.7763230648948,            217P   1854
14982.8,-3372.814992180968,1498.746642975406,14982.799999999992,     217P   1855
-3384.750892136928,1494.1582200467542,14982.8,                       217P   1856
-3396.860100724465,1490.1021848792775,14982.800000000005,            217P   1857
-3409.106423064812,1486.5868345390586,14982.800000000005,            217P   1858
-3421.453683757588,1483.61621094679,14982.8,-3433.865726880799,      217P   1859
1481.1901008777722,14982.800000000005,-3447.8292471906725,           217P   1860
1478.4607063078327,14982.800000000001,-3461.875057841381,            217P   1861
1476.4205646904093,14982.799999999996,-3475.9515653567814,           217P   1862
1475.0692278305673,14982.799999999994,-3490.009116845314,            217P   1863
1474.4000124125942,14982.8,-3504.0000000000005,                      217P   1864
1474.4000000000003,0.,6.,0.,0.,0.,0,0;                               217P   1865
102,4,211,213,215,217;                                               219P   1866
142,0,199,209,219,1,0,0;                                             221P   1867
406,1,9HScaling.4;                                                   223P   1868
144,199,1,0,221,0,1,223;                                             225P   1869
128,20,5,5,5,0,0,0,0,0,0.,0.,0.,0.,0.,0.,17.82762045,                227P   1870
17.82762045,17.82762045,30.68078813,30.68078813,30.68078813,         227P   1871
37.68817023,37.68817023,37.68817023,45.1099505,45.1099505,           227P   1872
45.1099505,57.16463814,57.16463814,57.16463814,73.59224405,          227P   1873
73.59224405,73.59224405,73.59224405,73.59224405,73.59224405,0.,      227P   1874
0.,0.,0.,0.,0.,41.01438798,41.01438798,41.01438798,41.01438798,      227P   1875
41.01438798,41.01438798,1.,1.,1.,1.,1.,1.,1.,1.,1.,1.,1.,1.,1.,      227P   1876
1.,1.,1.,1.,1.,1.,1.,1.,1.070424174,1.069878823,1.069194807,         227P   1877
1.068320246,1.066349772,1.062816663,1.060952279,1.057228335,         227P   1878
1.051623774,1.049378383,1.044134772,1.037640839,1.033980596,         227P   1879
1.023643289,1.011852935,1.004151367,0.9860924285,0.9682094175,       227P   1880
0.9581079776,0.9484337533,0.9391036258,1.108735989,1.107869956,      227P   1881
1.106784178,1.105397064,1.102272491,1.096688965,1.09374673,          227P   1882
1.087878501,1.079097392,1.075585937,1.067406208,1.057335731,         227P   1883
1.051678583,1.035767441,1.017815038,1.006182905,0.97913125,          227P   1884
0.9528464216,0.9381690972,0.9242581465,0.9109731689,1.108735989,     227P   1885
1.107869956,1.106784178,1.105397064,1.102272491,1.096688965,         227P   1886
1.09374673,1.087878501,1.079097392,1.075585937,1.067406208,          227P   1887
1.057335731,1.051678583,1.035767441,1.017815038,1.006182905,         227P   1888
0.97913125,0.9528464216,0.9381690972,0.9242581465,0.9109731689,      227P   1889
1.070424174,1.069878823,1.069194807,1.068320246,1.066349772,         227P   1890
1.062816663,1.060952279,1.057228335,1.051623774,1.049378383,         227P   1891
1.044134772,1.037640839,1.033980596,1.023643289,1.011852935,         227P   1892
1.004151367,0.9860924285,0.9682094175,0.9581079776,0.9484337533,     227P   1893
0.9391036258,1.,1.,1.,1.,1.,1.,1.,1.,1.,1.,1.,1.,1.,1.,1.,1.,1.,     227P   1894
1.,1.,1.,1.,16982.8,-3504.0000000000005,2329.066464,                 227P   1895
17054.110482,-3504.0000000000005,2318.467786,17125.420946,           227P   1896
-3504.0000000000005,2306.300496,17196.306365999997,                  227P   1897
-3504.0000000000005,2292.505686,17319.029518,                        227P   1898
-3504.0000000000005,2265.510908,17441.75267,-3504.0000000000005,     227P   1899
2233.169324,17493.59638,-3504.0000000000005,2218.559218,             227P   1900
17573.03858,-3504.0000000000005,2194.76427,17652.48078,              227P   1901
-3504.0000000000005,2168.9125460000005,17680.495668,                 227P   1902
-3504.0000000000005,2159.547646,17738.212318,                        227P   1903
-3504.0000000000005,2139.7603900000004,17795.928968,                 227P   1904
-3504.0000000000005,2118.996892,17825.564388,                        227P   1905
-3504.0000000000005,2108.089194,17903.47026,-3504.0000000000005,     227P   1906
2078.798938,17981.376132,-3504.0000000000005,2047.973902,            227P   1907
18030.368318,-3504.0000000000005,2028.0411500000002,                 227P   1908
18144.297494,-3504.0000000000005,1980.5348612,18258.226668,          227P   1909
-3504.0000000000005,1930.5760502,18324.579168,                       227P   1910
-3504.0000000000005,1900.7704790000003,18390.289576,                 227P   1911
-3504.0000000000005,1870.6477336,18456.,-3504.0000000000005,         227P   1912
1840.,16982.8,-3246.411862,2329.066464,17054.146829999998,           227P   1913
-3246.678164,2318.462384,17125.494014,-3248.968562,2306.287832,      227P   1914
17196.403398,-3252.708814,2292.486872,17319.246928,-3261.380972,     227P   1915
2265.45628,17441.866704,-3273.5004660000004,2233.139284,             227P   1916
17493.752478,-3279.207812,2218.515426,17573.292188,-3288.876484,     227P   1917
2194.684684,17652.562958000002,-3299.964638000001,2168.88673,        227P   1918
17680.593758,-3304.070166000001,2159.515242,17738.414058000002,      227P   1919
-3312.917934,2139.6898659999997,17796.077046,                        227P   1920
-3322.4558720000005,2118.943324,17825.731008,                        227P   1921
-3327.5327939999997,2108.027048,17903.99969,-3341.2859359999998,     227P   1922
2078.59666,17981.911024,-3355.6435659999997,2047.7608420000001,      227P   1923
18030.919606,-3364.7611699999998,2027.8135220000001,                 227P   1924
18145.615282000002,-3385.989056000001,1979.9760594,18259.274698,     227P   1925
-3406.3551740000003,1930.1125932000002,18325.5862,-3417.807684,      227P   1926
1900.3112050000002,18390.935996,-3428.6015159999997,                 227P   1927
1870.3462393999998,18456.,-3438.8002200000005,1840.,16982.8,         227P   1928
-3088.3015960000007,2288.975088,17054.166226,-3088.514736,           227P   1929
2278.743614,17125.532974,-3091.94096,2267.000932,17196.455274,       227P   1930
-3097.640084,2253.692422,17319.36217,-3110.9041320000006,            227P   1931
2227.613638,17441.927272,-3129.246988,2196.395642,17493.835482,      227P   1932
-3137.8434199999997,2182.23677,17573.425138,-3152.2634399999997,     227P   1933
2159.097184,17652.606204,-3168.4715660000006,2133.955748,            227P   1934
17680.645138,-3174.4432699999998,2124.790016,17738.519202,           227P   1935
-3187.2399640000003,2105.3432040000002,17796.154144,                 227P   1936
-3200.886762,2084.941404,17825.816934,-3208.133126,                  227P   1937
2074.1795859999997,17904.272826,-3227.7975620000007,2045.081266,     227P   1938
17982.184254,-3248.4021059999995,2014.66741,18031.194620000002,      227P   1939
-3261.628088,1995.0383104000002,18146.272012,                        227P   1940
-3292.9995559999998,1948.0083946000002,18259.786092,                 227P   1941
-3324.257662,1899.7753857999999,18326.062608,                        227P   1942
-3342.3971140000003,1871.1736384000003,18391.234076,                 227P   1943
-3360.024446,1842.7415622,18456.,-3377.2482,1814.2786523999998,      227P   1944
16982.8,-2997.381824,2201.733832,17054.166226,-2997.46688,           227P   1945
2192.374146,17125.532974,-3001.422882,2181.646998,17196.455274,      227P   1946
-3008.0943,2169.501382,17319.36217,-3023.658148,2145.719618,         227P   1947
17441.927272,-3045.0275340000003,2117.175732,17493.835482,           227P   1948
-3054.9975360000003,2104.206322,17573.425138,-3071.588316,           227P   1949
2082.927928,17652.606204,-3089.95407,2059.617178,17680.645138,       227P   1950
-3096.682918000001,2051.0919759999997,17738.519202,                  227P   1951
-3111.0190139999995,2032.9438040000002,17796.154144,                 227P   1952
-3126.1641800000007,2013.8007300000004,17825.816934,                 227P   1953
-3134.175914,2003.6810779999998,17904.272826,-3155.886048,           227P   1954
1976.300754,17982.184254,-3178.6792880000007,1947.7387804,           227P   1955
18031.194620000002,-3193.4139699999996,1929.3974714,                 227P   1956
18146.272012,-3228.758518,1885.7904242,18259.786092,                 227P   1957
-3265.1004420000004,1842.003717,18326.062608,-3286.680698,           227P   1958
1816.4280456000004,18391.234076,-3308.170342000001,                  227P   1959
1791.4003214000002,18456.,-3329.7213480000005,1766.7517992,          227P   1960
16982.8,-2955.6,2050.020536,17054.146829999998,-2955.6,              227P   1961
2042.3416280000004,17125.494014,-2959.763908,2033.583222,            227P   1962
17196.403398,-2966.837818,2023.7109880000003,17319.246928,           227P   1963
-2983.353758,2004.4840199999999,17441.866704,-3005.970554,           227P   1964
1981.4905782000003,17493.752478,-3016.487376,1971.0652034,           227P   1965
17573.292188,-3033.90805,1953.9558762000001,17652.562958000002,      227P   1966
-3053.063222,1935.1258114000004,17680.593758,-3060.048402,           227P   1967
1928.241167,17738.414058000002,-3074.8701000000005,                  227P   1968
1913.5764560000005,17796.077046,-3090.45838,1898.0663122,            227P   1969
17825.731008,-3098.677086,1889.8734312,17903.99969,-3120.874328,     227P   1970
1867.7795756,17981.911024,-3144.234024,1844.8214669999998,           227P   1971
18030.919606,-3159.3841240000006,1830.1816754000004,                 227P   1972
18145.615282000002,-3195.8224680000008,1795.791838,18259.274698,     227P   1973
-3234.0899480000007,1761.876166,18325.5862,-3257.075406,             227P   1974
1742.3728632000004,18390.935996,-3280.3186400000004,                 227P   1975
1723.5246912000002,18456.,-3304.0000000000005,1705.1997792,          227P   1976
16982.8,-2955.6,1802.8541372,17054.110482,-2955.6,                   227P   1977
1798.2504244000004,17125.420946,-2959.7591139999995,                 227P   1978
1793.1125539999998,17196.306365999997,-2966.8276020000003,           227P   1979
1787.4573834,17319.029518,-2983.3171940000007,                       227P   1980
1776.7676152000001,17441.75267,-3005.949212,1764.6831571999999,      227P   1981
17493.59638,-3016.454902,1759.3502906000003,17573.03858,             227P   1982
-3033.8480600000003,1750.8666446000004,17652.48078,                  227P   1983
-3053.0432419999997,1741.9554166,17680.495668,-3060.023598,          227P   1984
1738.7633054000003,17738.212318,-3074.817054,1732.0917316,           227P   1985
17795.928968,-3090.4182100000003,1725.2376192,17825.564388,          227P   1986
-3098.6303559999997,1721.6738562,17903.47026,-3120.721732,           227P   1987
1712.1976270000002,17981.376132,-3144.072486,1702.459543,            227P   1988
18030.368318,-3159.210584,1696.2466054000004,18144.297494,           227P   1989
-3195.394916,1681.6171194000003,18258.226668,                        227P   1990
-3233.7333820000003,1666.6108618,18324.579168,                       227P   1991
-3256.7198439999997,1657.7667858,18390.289576,                       227P   1992
-3280.0833620000003,1648.9207744,18456.,-3304.0000000000005,         227P   1993
1640.,0.,73.59224405,0.,41.01438798;                                 227P   1994
126,1,1,0,0,1,0,0.,0.,73.59224405,73.59224405,1.,1.,0.,0.,0.,        229P   1995
73.59224405,0.,0.,0.,73.59224405,0.,0.,0.,0,0;                       229P   1996
126,1,1,0,0,1,0,0.,0.,41.01438798,41.01438798,1.,1.,73.59224405,     231P   1997
0.,0.,73.59224405,41.01438798,0.,0.,41.01438798,0.,0.,0.,0,0;        231P   1998
126,1,1,0,0,1,0,-36.79612203,-36.79612203,36.79612203,               233P   1999
36.79612203,1.,1.,73.59224405,41.01438798,0.,0.,41.01438798,0.,      233P   2000
-36.79612203,36.79612203,0.,0.,0.,0,0;                               233P   2001
126,1,1,0,0,1,0,0.,0.,41.01438798,41.01438798,1.,1.,0.,              235P   2002
41.01438798,0.,0.,0.,0.,0.,41.01438798,0.,0.,0.,0,0;                 235P   2003
102,4,229,231,233,235;                                               237P   2004
126,40,5,0,0,1,0,0.,0.,0.,0.,0.,0.,1.,1.,1.,1.,1.,2.,2.,2.,2.,       239P   2005
2.,3.,3.,3.,3.,3.,4.,4.,4.,4.,4.,5.,5.,5.,5.,5.,6.,6.,6.,6.,6.,      239P   2006
7.,7.,7.,7.,7.,8.,8.,8.,8.,8.,8.,1.,1.,1.,1.,1.,1.,1.,1.,1.,1.,      239P   2007
1.,1.,1.,1.,1.,1.,1.,1.,1.,1.,1.,1.,1.,1.,1.,1.,1.,1.,1.,1.,1.,      239P   2008
1.,1.,1.,1.,1.,1.,1.,1.,1.,1.,16982.8,-3504.0000000000005,           239P   2009
2329.066464,17021.20118288042,-3504.,2323.3587820145754,             239P   2010
17059.59037878981,-3504.0000000000014,2317.1988968508394,            239P   2011
17097.931388145487,-3504.000000000001,2310.571064118659,             239P   2012
17136.232537563934,-3503.999999999999,2303.4559495611916,            239P   2013
17174.546679860756,-3504.0000000000005,2295.830629054889,            239P   2014
17207.38680453008,-3504.000000000005,2289.2947635320115,             239P   2015
17240.230342616345,-3503.9999999999964,2282.385384285919,            239P   2016
17273.10479133643,-3503.9999999999977,2275.0893114343066,            239P   2017
17306.011831797237,-3504.000000000008,2267.402250885581,             239P   2018
17338.92732899569,-3504.000000000001,2259.3287943388586,             239P   2019
17366.144385235188,-3504.0000000000005,2252.6530296536284,           239P   2020
17393.367992228894,-3503.999999999999,2245.712385866377,             239P   2021
17420.64192500753,-3503.9999999999995,2238.4944080873165,            239P   2022
17447.95857055992,-3504.000000000002,2231.003308664743,              239P   2023
17475.258927832987,-3504.0000000000005,2223.2599671850435,           239P   2024
17499.527547032063,-3504.000000000001,2216.376529980852,             239P   2025
17523.796632593974,-3504.000000000001,2209.289981155526,             239P   2026
17548.03090132316,-3504.000000000001,2202.013226992234,              239P   2027
17572.22864343964,-3504.000000000001,2194.5508257933925,             239P   2028
17596.421722579023,-3504.000000000001,2186.8989878806633,            239P   2029
17624.452408084086,-3504.0000000000027,2178.0334127983815,           239P   2030
17652.477743414216,-3503.999999999998,2168.9135345013437,            239P   2031
17680.499572181747,-3503.999999999999,2159.546375069702,             239P   2032
17708.522666164357,-3504.0000000000036,2149.9389816916587,           239P   2033
17736.554725305068,-3504.0000000000005,2140.098426663464,            239P   2034
17766.248740171315,-3504.0000000000023,2129.674326372623,            239P   2035
17795.9169043566,-3504.000000000001,2119.001265399329,               239P   2036
17825.576451621688,-3503.9999999999995,2108.084752529903,            239P   2037
17855.244615727348,-3503.999999999999,2096.930296550664,             239P   2038
17884.938630434364,-3504.0000000000005,2085.543406247932,            239P   2039
17933.157381217225,-3504.000000000008,2067.0526272693355,            239P   2040
17981.376131999936,-3503.99999999999,2047.9739019999872,             239P   2041
18030.36831800006,-3504.0000000000064,2028.0411500000075,            239P   2042
18078.58706932179,-3503.999999999998,2007.9348523307349,             239P   2043
18126.805820285394,-3504.0000000000005,1987.389240752132,            239P   2044
18192.516244475344,-3504.000000000002,1959.3905716639938,            239P   2045
18258.22666800001,-3504.0000000000005,1930.5760501999966,            239P   2046
18324.579167999975,-3503.9999999999945,1900.7704790000005,           239P   2047
18390.289576000017,-3504.0000000000027,1870.6477336,18456.,          239P   2048
-3504.0000000000005,1840.,0.,8.,0.,0.,0.,0,0;                        239P   2049
126,24,4,0,0,1,0,0.,0.,0.,0.,0.,1.,1.,1.,1.,2.,2.,2.,2.,3.,3.,       241P   2050
3.,3.,4.,4.,4.,4.,5.,5.,5.,5.,6.,6.,6.,6.,6.,1.,1.,1.,1.,1.,1.,      241P   2051
1.,1.,1.,1.,1.,1.,1.,1.,1.,1.,1.,1.,1.,1.,1.,1.,1.,1.,1.,18456.,     241P   2052
-3504.0000000000005,1840.,18456.000000000007,-3494.432929861404,     241P   2053
1839.9999915121753,18455.99999999998,-3484.8050753595376,            241P   2054
1839.3898416990764,18456.000000000015,-3475.1816885477765,           241P   2055
1838.1518831146711,18456.,-3465.6333294248916,                       241P   2056
1836.2855028009099,18456.000000000004,-3448.658887430385,            241P   2057
1832.9675137376787,18455.999999999978,-3431.9183576207806,           241P   2058
1827.6637318009984,18456.000000000007,-3415.8157652974232,           241P   2059
1820.3716601520032,18456.000000000004,-3400.7302672127357,           241P   2060
1811.275691067626,18455.99999999998,-3389.4158812042324,             241P   2061
1804.4537450632347,18456.00000000004,-3378.67152365312,              241P   2062
1796.616617776067,18455.999999999978,-3368.654792012381,             241P   2063
1787.842886000134,18456.,-3359.4878615353205,1778.2614981237982,     241P   2064
18455.99999999999,-3345.737605911985,1763.8898760625414,             241P   2065
18456.000000000055,-3333.896394740633,1747.6966786506684,            241P   2066
18455.99999999996,-3324.3778536519194,1730.1271467999184,18456.,     241P   2067
-3317.318732512546,1711.7642274392267,18456.000000000022,            241P   2068
-3313.788934740755,1702.582140181645,18455.999999999975,             241P   2069
-3310.8734743389086,1693.2000563848192,18456.000000000015,           241P   2070
-3308.588501124755,1683.6884983302934,18456.,-3306.931541711452,     241P   2071
1674.1177773747283,18455.999999999975,-3305.4586886723623,           241P   2072
1665.6104466044658,18456.000000000033,-3304.4821042764625,           241P   2073
1657.056146988685,18455.999999999985,-3304.000006780962,             241P   2074
1648.5040638535488,18456.,-3304.0000000000005,1640.,0.,6.,0.,0.,     241P   2075
0.,0,0;                                                              241P   2076
126,40,5,0,0,1,0,0.,0.,0.,0.,0.,0.,1.,1.,1.,1.,1.,2.,2.,2.,2.,       243P   2077
2.,3.,3.,3.,3.,3.,4.,4.,4.,4.,4.,5.,5.,5.,5.,5.,6.,6.,6.,6.,6.,      243P   2078
7.,7.,7.,7.,7.,8.,8.,8.,8.,8.,8.,1.,1.,1.,1.,1.,1.,1.,1.,1.,1.,      243P   2079
1.,1.,1.,1.,1.,1.,1.,1.,1.,1.,1.,1.,1.,1.,1.,1.,1.,1.,1.,1.,1.,      243P   2080
1.,1.,1.,1.,1.,1.,1.,1.,1.,1.,18456.,-3304.0000000000005,1640.,      243P   2081
18390.289576000032,-3280.0833620000008,1648.920774400003,            243P   2082
18324.579167999924,-3256.719844,1657.7667857999948,                  243P   2083
18258.22666800006,-3233.733381999996,1666.6108618000012,             243P   2084
18192.51624447533,-3211.6210752949146,1675.26595432631,              243P   2085
18126.805820285394,-3190.2253595922643,1683.7957105743112,           243P   2086
18078.587069321777,-3174.525039591727,1690.0549030444943,            243P   2087
18030.368318000077,-3159.210584000003,1696.246605400001,             243P   2088
17981.376131999954,-3144.072486000001,1702.4595430000015,            243P   2089
17933.1573812172,-3129.6198631256043,1708.4867940074478,             243P   2090
17884.938630434364,-3115.649685047023,1714.4137332057985,            243P   2091
17855.24742417759,-3107.047445203346,1718.0632975527724,             243P   2092
17825.57511122895,-3098.633344132642,1721.6725675494163,             243P   2093
17795.915180991393,-3090.4143681151872,1725.239276036471,            243P   2094
17766.250782676612,-3082.396093496438,1728.762024827355,             243P   2095
17736.554725305068,-3074.5826866870334,1732.240284708164,            243P   2096
17708.52403985793,-3067.207600008565,1735.5234508309,                243P   2097
17680.49870458581,-3060.0243743253377,1738.7629635312587,            243P   2098
17652.476875818276,-3053.0422438674223,1741.9558561455237,           243P   2099
17624.453781777655,-3046.2712680263257,1745.0992732496702,           243P   2100
17596.421722579023,-3039.7223313549875,1748.190470659367,            243P   2101
17569.204665922676,-3033.363794082349,1751.1917959311413,            243P   2102
17541.981058512167,-3027.2155320519105,1754.1436187974311,           243P   2103
17514.707125433517,-3021.280825089586,1757.0470135462947,            243P   2104
17487.39047975289,-3015.575114269186,1759.8977907402877,             243P   2105
17460.09012251659,-3010.1260019124184,1762.6864972164642,            243P   2106
17435.82150335017,-3005.2820316658554,1765.1655198141657,            243P   2107
17411.552417951236,-3000.638237954519,1767.5969050976075,            243P   2108
17387.318149510513,-2996.2128215727585,1769.9746628310181,           243P   2109
17363.120407764545,-2992.0189334058864,1772.2964395695703,           243P   2110
17338.92732899569,-2988.0646744301794,1774.5635186593813,            243P   2111
17292.301244939456,-2980.443770453365,1778.9327696171476,            243P   2112
17245.67516088307,-2973.7095013629105,1783.100702621308,             243P   2113
17199.167893801085,-2967.9846240266907,1787.0434438272691,           243P   2114
17152.66519980067,-2963.3840606512026,1790.7598590489806,            243P   2115
17106.124541783294,-2960.122011086689,1794.2500091987067,            243P   2116
17081.485202982414,-2958.394985008974,1796.0977475476707,            243P   2117
17056.83599570326,-2957.04338462928,1797.882014471656,               243P   2118
17032.16822975511,-2956.098157394159,1799.6029871462604,             243P   2119
17007.48476272945,-2955.6001283213936,1801.260518497138,16982.8,     243P   2120
-2955.6,1802.8541372,0.,8.,0.,0.,0.,0,0;                             243P   2121
126,60,4,0,0,1,0,0.,0.,0.,0.,0.,1.,1.,1.,1.,2.,2.,2.,2.,3.,3.,       245P   2122
3.,3.,4.,4.,4.,4.,5.,5.,5.,5.,6.,6.,6.,6.,7.,7.,7.,7.,8.,8.,8.,      245P   2123
8.,9.,9.,9.,9.,10.,10.,10.,10.,11.,11.,11.,11.,12.,12.,12.,12.,      245P   2124
13.,13.,13.,13.,14.,14.,14.,14.,15.,15.,15.,15.,15.,1.,1.,1.,1.,     245P   2125
1.,1.,1.,1.,1.,1.,1.,1.,1.,1.,1.,1.,1.,1.,1.,1.,1.,1.,1.,1.,1.,      245P   2126
1.,1.,1.,1.,1.,1.,1.,1.,1.,1.,1.,1.,1.,1.,1.,1.,1.,1.,1.,1.,1.,      245P   2127
1.,1.,1.,1.,1.,1.,1.,1.,1.,1.,1.,1.,1.,1.,1.,16982.8,-2955.6,        245P   2128
1802.8541372,16982.800000000007,-2955.6000400858366,                 245P   2129
1818.9304704210779,16982.8,-2955.782359170807,                       245P   2130
1834.4817327913674,16982.799999999992,-2956.1450749353025,           245P   2131
1849.5336571581415,16982.8,-2956.6863050597153,                      245P   2132
1864.1119763686734,16982.800000000003,-2957.227646724663,            245P   2133
1878.6899083433982,16982.800000000003,-2957.9475792570956,           245P   2134
1892.793932640025,16982.800000000003,-2958.8451630223794,            245P   2135
1906.4465400492018,16982.8,-2959.9194583858825,                      245P   2136
1919.6702213615758,16982.800000000003,-2960.8403688021886,           245P   2137
1931.0045313155442,16982.8,-2961.8911725295,1942.023482396768,       245P   2138
16982.799999999996,-2963.0718193241573,1952.739530004723,            245P   2139
16982.799999999996,-2964.382258942498,1963.1651295388847,            245P   2140
16982.799999999996,-2965.6927501706837,1973.5905806676262,           245P   2141
16982.799999999996,-2967.1330360346383,1983.7255602998994,           245P   2142
16982.799999999996,-2968.703530531332,1993.5811890624439,            245P   2143
16982.8,-2970.404647657735,2003.1685875819996,                       245P   2144
16982.799999999996,-2972.105815396143,2012.755854036384,             245P   2145
16982.799999999996,-2973.9376066164414,2022.0748700682698,           245P   2146
16982.800000000003,-2975.900890590803,2031.1355684668981,            245P   2147
16982.800000000003,-2977.9965365914027,2039.947882021511,            245P   2148
16982.80000000001,-2980.092232907285,2048.760077594545,              245P   2149
16982.799999999996,-2982.3202911905937,2057.323870923408,            245P   2150
16982.799999999985,-2984.6820333275946,2065.6481336066345,           245P   2151
16982.8,-2987.1787812045513,2073.741737242759,                       245P   2152
16982.799999999974,-2995.501344698793,2100.720148620276,             245P   2153
16982.800000000032,-3005.3250881059844,2125.1340135797204,           245P   2154
16982.79999999998,-3016.7069557813097,2147.290833608328,16982.8,     245P   2155
-3029.762167090479,2167.396987986456,16982.799999999985,             245P   2156
-3040.206368129454,2183.482125052676,16982.80000000001,              245P   2157
-3051.7218166970238,2198.255848112686,16982.79999999999,             245P   2158
-3064.3675689932843,2211.8252950191873,16982.800000000003,           245P   2159
-3078.230599156853,2224.2666146031393,16982.800000000003,            245P   2160
-3090.360744675893,2235.152780179819,16982.80000000001,              245P   2161
-3103.423099875725,2245.17542627724,16982.79999999999,               245P   2162
-3117.475828332663,2254.3857280101993,16982.799999999996,            245P   2163
-3132.5969815928697,2262.8197336111944,16982.800000000025,           245P   2164
-3145.557974358181,2270.048884173018,16982.799999999894,             245P   2165
-3159.304009615017,2276.707726808095,16982.80000000017,              245P   2166
-3173.884313099601,2282.8190290544444,16982.8,                       245P   2167
-3189.3608119480205,2288.398123563157,16982.799999999996,            245P   2168
-3199.6784994244476,2292.117524955963,16982.8,                       245P   2169
-3210.394564497411,2295.6004033331687,16982.80000000001,             245P   2170
-3221.5274413258294,2298.8513239209615,16982.8,                      245P   2171
-3233.0985787119344,2301.873461474965,16982.799999999992,            245P   2172
-3246.116420283526,2305.273244360178,16982.799999999996,             245P   2173
-3259.687828350728,2308.3839228300985,16982.800000000003,            245P   2174
-3273.846141205261,2311.2089226212543,16982.799999999996,            245P   2175
-3288.6246971388464,2313.751669470172,16982.80000000001,             245P   2176
-3300.119474166871,2315.7292333363525,16982.800000000003,            245P   2177
-3311.989771874709,2317.5359186807445,16982.799999999992,            245P   2178
-3324.2537368451235,2319.1724435158835,16982.8,                      245P   2179
-3336.929515660881,2320.639525854303,16982.79999999998,              245P   2180
-3355.038031031383,2322.7352691030073,16982.800000000014,            245P   2181
-3373.9882242217345,2324.4848057919203,16982.799999999996,           245P   2182
-3393.8366764824914,2325.8889674491083,16982.800000000003,           245P   2183
-3414.6516824909345,2326.9450698498968,16982.8,                      245P   2184
-3435.466704563646,2328.001170934083,16982.80000000001,              245P   2185
-3457.2484289501913,2328.709197481313,16982.799999999974,            245P   2186
-3480.0652582938374,2329.066460272058,16982.8,                       245P   2187
-3504.0000000000005,2329.066464,0.,15.,0.,0.,0.,0,0;                 245P   2188
102,4,239,241,243,245;                                               247P   2189
142,0,227,237,247,1,0,0;                                             249P   2190
406,1,9HScaling.4;                                                   251P   2191
144,227,1,0,249,0,1,251;                                             253P   2192
128,8,5,5,5,0,0,0,0,0,0.,0.,0.,0.,0.,0.,31.92257429,31.92257429,     255P   2193
31.92257429,49.96915393,49.96915393,49.96915393,49.96915393,         255P   2194
49.96915393,49.96915393,0.,0.,0.,0.,0.,0.,37.85859522,               255P   2195
37.85859522,37.85859522,37.85859522,37.85859522,37.85859522,1.,      255P   2196
1.,1.,1.,1.,1.,1.,1.,1.,1.142809042,1.142809042,1.142336459,         255P   2197
1.1411935,1.137836195,1.130111915,1.126610131,1.122218644,           255P   2198
1.116868766,1.226960076,1.226960076,1.226166842,1.224251057,         255P   2199
1.218610325,1.205740582,1.19991943,1.19264595,1.183839592,           255P   2200
1.226960076,1.226960076,1.226166842,1.224251057,1.218610325,         255P   2201
1.205740582,1.19991943,1.19264595,1.183839592,1.142809042,           255P   2202
1.142809042,1.142336459,1.1411935,1.137836195,1.130111915,           255P   2203
1.126610131,1.122218644,1.116868766,1.,1.,1.,1.,1.,1.,1.,1.,1.,      255P   2204
15982.8,-3504.0000000000005,1024.,16110.490298000002,                255P   2205
-3504.0000000000005,1024.,16238.18058,-3504.0000000000005,           255P   2206
1025.8846224,16366.308294,-3504.0000000000005,1030.1916524,          255P   2207
16566.184910000004,-3504.0000000000005,1041.9790315999999,           255P   2208
16766.061526000005,-3504.0000000000005,1062.550327,16838.427362,     255P   2209
-3504.0000000000005,1071.2105500000002,16910.613682,                 255P   2210
-3504.0000000000005,1081.0547162,16982.8,-3504.0000000000005,        255P   2211
1092.0354048,15982.8,-3214.447386,1024.,16110.490298000002,          255P   2212
-3214.447386,1024.,16238.285990000002,-3214.636142,                  255P   2213
1025.8853861999999,16366.568562000002,-3215.0941519999997,           255P   2214
1030.1947548,16566.940178,-3216.440572000001,1042.0528352,           255P   2215
16766.347004,-3219.6015519999996,1062.5807466,16838.81875,           255P   2216
-3221.0529739999997,1071.2602602,16910.95781,                        255P   2217
-3222.8941260000006,1081.1070637999999,16982.8,                      255P   2218
-3225.1744259999996,1092.0354048,15982.8,-3063.632338,               255P   2219
1071.6175042,16110.490298000002,-3063.632338,1071.528703,            255P   2220
16238.345384000002,-3063.7725499999997,1073.2659828,                 255P   2221
16366.718214000002,-3064.1130879999996,1077.3591286,                 255P   2222
16567.361208,-3065.1161839999995,1088.7896286,16766.507154,          255P   2223
-3067.484806,1108.7823302,16839.037528,-3068.57851,1117.2898784,     255P   2224
16911.146696,-3069.97144,1126.9793224,16982.8,-3071.705478,          255P   2225
1137.7475518,15982.8,-2987.780998,1183.8530378,                      255P   2226
16110.490298000002,-2987.780998,1183.5549306000003,                  255P   2227
16238.345384000002,-2987.83411,1184.885792,16366.718214000002,       255P   2228
-2987.9632500000002,1188.3297118,16567.361208,                       255P   2229
-2988.3427320000005,1198.2629378,16766.507154,-2989.246046,          255P   2230
1216.1702716,16839.037528,-2989.664062,1223.8476428,                 255P   2231
16911.146696,-2990.1982040000003,1232.667437,16982.8,                255P   2232
-2990.867136,1242.5276518,15982.8,-2955.6,1407.0106938000001,        255P   2233
16110.490298000002,-2955.6,1406.2964235999998,                       255P   2234
16238.285990000002,-2955.600006,1406.6348902000002,                  255P   2235
16366.568562000002,-2955.6,1408.3455921999998,16566.940178,          255P   2236
-2955.6,1413.9707232,16766.347004,-2955.6,1424.9314874000002,        255P   2237
16838.81875,-2955.600004,1429.6848752000003,16910.95781,-2955.6,     255P   2238
1435.2171483999998,16982.8,-2955.6,1441.4492480000001,15982.8,       255P   2239
-2955.6,1835.45523,16110.490298000002,-2955.6,                       255P   2240
1833.9419608000003,16238.18058,-2955.6,1831.9597271999999,           255P   2241
16366.308294,-2955.6,1829.3495044,16566.184910000004,-2955.6,        255P   2242
1823.834155,16766.061526000005,-2955.6,1815.2147863999999,           255P   2243
16838.427362,-2955.6,1811.6272946000004,16910.613682,-2955.6,        255P   2244
1807.5143926,16982.8,-2955.6,1802.8541372,0.,49.96915393,0.,         255P   2245
37.85859522;                                                         255P   2246
126,1,1,0,0,1,0,0.,0.,49.96915393,49.96915393,1.,1.,0.,0.,0.,        257P   2247
49.96915393,0.,0.,0.,49.96915393,0.,0.,0.,0,0;                       257P   2248
126,1,1,0,0,1,0,0.,0.,37.85859522,37.85859522,1.,1.,49.96915393,     259P   2249
0.,0.,49.96915393,37.85859522,0.,0.,37.85859522,0.,0.,0.,0,0;        259P   2250
126,1,1,0,0,1,0,0.,0.,49.96915393,49.96915393,1.,1.,49.96915393,     261P   2251
37.85859522,0.,0.,37.85859522,0.,0.,49.96915393,0.,0.,0.,0,0;        261P   2252
126,1,1,0,0,1,0,0.,0.,37.85859522,37.85859522,1.,1.,0.,              263P   2253
37.85859522,0.,0.,0.,0.,0.,37.85859522,0.,0.,0.,0,0;                 263P   2254
102,4,257,259,261,263;                                               265P   2255
126,15,5,0,0,1,0,0.,0.,0.,0.,0.,0.,1.,1.,1.,1.,1.,2.,2.,2.,2.,       267P   2256
2.,3.,3.,3.,3.,3.,3.,1.,1.,1.,1.,1.,1.,1.,1.,1.,1.,1.,1.,1.,1.,      267P   2257
1.,1.,15982.8,-3504.0000000000005,1024.,16046.645149000347,          267P   2258
-3504.000000000106,1024.0000000000323,16110.490293999806,            267P   2259
-3503.9999999999286,1024.4711555999775,16174.390116000039,           267P   2260
-3504.000000000023,1025.4806899500068,16238.317277458682,            267P   2261
-3503.999999999999,1027.1122694860396,16302.244439855383,            267P   2262
-3504.000000000001,1029.4440560768558,16366.171602252183,            267P   2263
-3503.999999999957,1031.7758426676887,16430.098765586736,            267P   2264
-3504.000000000038,1034.8078363132527,16493.99859133891,             267P   2265
-3503.9999999999845,1038.6181988823762,16557.8437400083,             267P   2266
-3504.000000000002,1043.2795876764255,16621.68888867776,             267P   2267
-3504.000000000001,1048.8372075762209,16693.875207338868,            267P   2268
-3503.999999999998,1055.1209132209674,16766.061525999983,-3504.,     267P   2269
1062.550327000001,16838.42736200005,-3504.0000000000036,             267P   2270
1071.2105500000014,16910.613681999967,-3503.9999999999986,           267P   2271
1081.054716199999,16982.8,-3504.0000000000005,1092.0354048,0.,       267P   2272
3.,0.,0.,0.,0,0;                                                     267P   2273
126,72,4,0,0,1,0,0.,0.,0.,0.,0.,1.,1.,1.,1.,2.,2.,2.,2.,3.,3.,       269P   2274
3.,3.,4.,4.,4.,4.,5.,5.,5.,5.,6.,6.,6.,6.,7.,7.,7.,7.,8.,8.,8.,      269P   2275
8.,9.,9.,9.,9.,10.,10.,10.,10.,11.,11.,11.,11.,12.,12.,12.,12.,      269P   2276
13.,13.,13.,13.,14.,14.,14.,14.,15.,15.,15.,15.,16.,16.,16.,16.,     269P   2277
17.,17.,17.,17.,18.,18.,18.,18.,18.,1.,1.,1.,1.,1.,1.,1.,1.,1.,      269P   2278
1.,1.,1.,1.,1.,1.,1.,1.,1.,1.,1.,1.,1.,1.,1.,1.,1.,1.,1.,1.,1.,      269P   2279
1.,1.,1.,1.,1.,1.,1.,1.,1.,1.,1.,1.,1.,1.,1.,1.,1.,1.,1.,1.,1.,      269P   2280
1.,1.,1.,1.,1.,1.,1.,1.,1.,1.,1.,1.,1.,1.,1.,1.,1.,1.,1.,1.,1.,      269P   2281
1.,16982.8,-3504.0000000000005,1092.0354048,16982.8,                 269P   2282
-3485.078158991838,1092.0355561962544,16982.799999999996,            269P   2283
-3466.949690861972,1092.248357207106,16982.799999999996,             269P   2284
-3449.56185139619,1092.670345147207,16982.8,-3432.861896380276,      269P   2285
1093.29805733121,16982.800000000025,-3413.7766789213665,             269P   2286
1094.0155342732464,16982.799999999974,-3395.591883439727,            269P   2287
1095.002131471366,16982.800000000014,-3378.235379701907,             269P   2288
1096.2540378884537,16982.799999999996,-3361.6480680131617,           269P   2289
1097.7704339088314,16982.800000000017,-3349.2077655150633,           269P   2290
1098.9077789873909,16982.800000000003,-3337.199385006266,            269P   2291
1100.1937148912587,16982.799999999985,-3325.599620701736,            269P   2292
1101.6283275356761,16982.799999999996,-3314.38516681644,             269P   2293
1103.2117028358841,16982.799999999996,-3301.3022622051176,           269P   2294
1105.0591506419685,16982.800000000003,-3288.7434267770277,           269P   2295
1107.1089441241952,16982.800000000007,-3276.677182627374,            269P   2296
1109.3627538981518,16982.799999999996,-3265.072051851357,            269P   2297
1111.8222505794242,16982.799999999923,-3248.4936369430475,           269P   2298
1115.3359076222634,16982.800000000057,-3232.8578591787186,           269P   2299
1119.2698758542667,16982.79999999999,-3218.080428703633,             269P   2300
1123.6311261684898,16982.799999999996,-3204.0944096043017,           269P   2301
1128.4330594460512,16982.800000000017,-3195.7028975714284,           269P   2302
1131.3142669111721,16982.800000000003,-3187.5958795049373,           269P   2303
1134.3539475810653,16982.799999999985,-3179.759790060672,            269P   2304
1137.5554228856201,16982.799999999992,-3172.1810638944758,           269P   2305
1140.9220142547272,16982.800000000003,-3153.2345738688564,           269P   2306
1149.3385933897787,16982.800000000007,-3135.8985023142163,           269P   2307
1158.7883563245086,16982.8,-3119.977114297928,                       269P   2308
1169.3294223016194,16982.8,-3105.332464477043,1181.056220806723,     269P   2309
16982.79999999996,-3096.5456184032523,1188.0923154802836,            269P   2310
16982.800000000057,-3088.218163125704,1195.5553660780542,            269P   2311
16982.799999999974,-3080.319971410782,1203.4658419874963,            269P   2312
16982.8,-3072.826643481038,1211.8497572783447,16982.79999999999,     269P   2313
-3064.500732432715,1221.165204605005,16982.80000000001,              269P   2314
-3056.674574063368,1231.0652369578684,16982.800000000014,            269P   2315
-3049.3147610722767,1241.5853967633311,16982.799999999996,           269P   2316
-3042.3951541682277,1252.7712012444322,16982.800000000003,           269P   2317
-3038.243435036924,1259.4827683987678,16982.800000000003,            269P   2318
-3034.2500107560013,1266.4336800868327,16982.799999999996,           269P   2319
-3030.4096396692353,1273.6345270727827,16982.799999999996,           269P   2320
-3026.7170801204034,1281.095900120774,16982.79999999999,             269P   2321
-3023.024609465816,1288.5574494625814,16982.799999999996,            269P   2322
-3019.4799603545925,1296.27949567807,16982.8,                        269P   2323
-3016.0786905804534,1304.274214829204,16982.800000000003,            269P   2324
-3012.816357937118,1312.5537829779475,16982.80000000001,             269P   2325
-3009.5541075452625,1320.8335514926894,16982.799999999996,           269P   2326
-3006.4308020041344,1329.3981339451743,16982.799999999985,           269P   2327
-3003.4427388234435,1338.2615080936555,16982.799999999996,           269P   2328
-3000.5862155129007,1347.4376516963869,16982.800000000017,           269P   2329
-2997.2537470347834,1358.1435919930432,16982.799999999996,           269P   2330
-2994.100211840321,1369.2748084528293,16982.79999999998,             269P   2331
-2991.120967647832,1380.857215167189,16982.8,-2988.311372175633,     269P   2332
1392.916726227565,16982.800000000017,-2985.5019195808136,            269P   2333
1404.9767801992969,16982.800000000003,-2982.862035285392,            269P   2334
1417.5135010529539,16982.799999999985,-2980.3882986175763,           269P   2335
1430.557335741852,16982.8,-2978.077288905577,1444.1387312193087,     269P   2336
16982.799999999992,-2975.4361908368883,1459.6605501706292,           269P   2337
16982.80000000003,-2973.007900345397,1475.885660996638,              269P   2338
16982.79999999999,-2970.788140188024,1492.8628317764264,16982.8,     269P   2339
-2968.7746626977123,1510.6509261862263,16982.80000000001,            269P   2340
-2966.7611848809206,1528.4390182536017,16982.8,                      269P   2341
-2964.9539925811764,1547.0381574247408,16982.799999999996,           269P   2342
-2963.350831604142,1566.507160547018,16982.799999999996,             269P   2343
-2961.9515317007185,1586.9173044827369,16982.799999999996,           269P   2344
-2960.3773173494315,1609.8786857076755,16982.800000000007,           269P   2345
-2959.0611298619465,1634.0315006810865,16982.799999999996,           269P   2346
-2958.0027013914087,1659.476886770714,16982.800000000003,            269P   2347
-2957.2053647703096,1686.341406955443,16982.800000000036,            269P   2348
-2956.408025166327,1713.205887678618,16982.79999999996,              269P   2349
-2955.871805166987,1741.4899237468326,16982.800000000007,            269P   2350
-2955.6000020966276,1771.319648461017,16982.8,-2955.6,               269P   2351
1802.8541372,0.,18.,0.,0.,0.,0,0;                                    269P   2352
126,10,5,0,0,1,0,0.,0.,0.,0.,0.,0.,1.,1.,1.,1.,1.,2.,2.,2.,2.,       271P   2353
2.,2.,1.,1.,1.,1.,1.,1.,1.,1.,1.,1.,1.,16982.8,-2955.6,              271P   2354
1802.8541372,16910.613682000014,-2955.6000000000004,                 271P   2355
1807.5143926000019,16838.42736199996,-2955.5999999999967,            271P   2356
1811.6272945999963,16766.061526000067,-2955.6000000000054,           271P   2357
1815.2147864000046,16693.875207338857,-2955.5999999999995,           271P   2358
1818.3277092664596,16621.68888867776,-2955.6,1821.0357671540864,     271P   2359
16493.99859133886,-2955.6,1825.8260476850126,16366.308294000062,     271P   2360
-2955.600000000001,1829.3495044000042,16238.180579999917,            271P   2361
-2955.599999999997,1831.959727199994,16110.490298000039,             271P   2362
-2955.600000000001,1833.9419608000023,15982.8,-2955.6,               271P   2363
1835.45523,0.,2.,0.,0.,0.,0,0;                                       271P   2364
126,76,4,0,0,1,0,0.,0.,0.,0.,0.,1.,1.,1.,1.,2.,2.,2.,2.,3.,3.,       273P   2365
3.,3.,4.,4.,4.,4.,5.,5.,5.,5.,6.,6.,6.,6.,7.,7.,7.,7.,8.,8.,8.,      273P   2366
8.,9.,9.,9.,9.,10.,10.,10.,10.,11.,11.,11.,11.,12.,12.,12.,12.,      273P   2367
13.,13.,13.,13.,14.,14.,14.,14.,15.,15.,15.,15.,16.,16.,16.,16.,     273P   2368
17.,17.,17.,17.,18.,18.,18.,18.,19.,19.,19.,19.,19.,1.,1.,1.,1.,     273P   2369
1.,1.,1.,1.,1.,1.,1.,1.,1.,1.,1.,1.,1.,1.,1.,1.,1.,1.,1.,1.,1.,      273P   2370
1.,1.,1.,1.,1.,1.,1.,1.,1.,1.,1.,1.,1.,1.,1.,1.,1.,1.,1.,1.,1.,      273P   2371
1.,1.,1.,1.,1.,1.,1.,1.,1.,1.,1.,1.,1.,1.,1.,1.,1.,1.,1.,1.,1.,      273P   2372
1.,1.,1.,1.,1.,1.,1.,1.,1.,1.,15982.8,-2955.6,1835.45523,            273P   2373
15982.800000000014,-2955.600138052407,1805.7050345825587,            273P   2374
15982.800000000001,-2955.7553446353722,1777.3460723044986,           273P   2375
15982.799999999988,-2956.062557823021,1750.2741006009726,            273P   2376
15982.8,-2956.518715689479,1724.3848769071344,                       273P   2377
15982.799999999994,-2957.0401223192175,1694.7981842940628,           273P   2378
15982.800000000032,-2957.7564475762315,1666.760632518446,            273P   2379
15982.799999999974,-2958.6643558274777,1640.1313044389055,           273P   2380
15982.799999999997,-2959.7631710842,1614.7974630237939,              273P   2381
15982.799999999997,-2960.5873244476234,1595.79746147657,             273P   2382
15982.799999999996,-2961.5187003390784,1577.5245750058193,           273P   2383
15982.799999999996,-2962.5573898934126,1559.9346461030266,           273P   2384
15982.800000000001,-2963.7034842454736,1542.9835172596759,           273P   2385
15982.799999999994,-2965.040748093388,1523.2084986452141,            273P   2386
15982.799999999996,-2966.524084197933,1504.302202910264,15982.8,     273P   2387
-2968.1549741299887,1486.206033429956,15982.799999999997,            273P   2388
-2969.9348994604325,1468.861393579421,15982.799999999965,            273P   2389
-2972.4777282002337,1444.0840509408351,15982.800000000036,           273P   2390
-2975.3251816007705,1420.8436657672048,15982.799999999987,           273P   2391
-2978.4833994833234,1398.984877143424,15982.8,                       273P   2392
-2981.964095239085,1378.38702723789,15982.800000000003,              273P   2393
-2984.0525541119405,1366.0285100850256,15982.799999999996,           273P   2394
-2986.2569547787953,1354.1231125982936,15982.799999999988,           273P   2395
-2988.5801994332105,1342.6465028457324,15982.800000000001,           273P   2396
-2991.0251902687464,1331.57434889538,15982.799999999996,             273P   2397
-2993.8777278544862,1318.6570716354697,15982.800000000014,           273P   2398
-2996.8961850684227,1306.2912777113158,15982.800000000001,           273P   2399
-3000.085759109891,1294.441226572286,15982.799999999997,             273P   2400
-3003.4531033653957,1283.0769252081739,15982.799999999996,           273P   2401
-3007.3014962560883,1270.0891515894739,15982.800000000005,           273P   2402
-3011.3820916973273,1257.735738044267,15982.800000000003,            273P   2403
-3015.704810856501,1245.9718961483504,15982.799999999997,            273P   2404
-3020.282311962422,1234.760883157649,15982.800000000003,             273P   2405
-3025.431996722764,1222.148501177096,15982.800000000001,             273P   2406
-3030.9041772748783,1210.2356672506862,15982.799999999987,           273P   2407
-3036.716830049972,1198.9701131454906,15982.799999999997,            273P   2408
-3042.892987182845,1188.310034963176,15982.80000000001,              273P   2409
-3049.755368835076,1176.4655217549614,15982.799999999992,            273P   2410
-3057.0666196497627,1165.3683464769215,15982.800000000012,           273P   2411
-3064.858180443875,1154.9612910651783,15982.800000000001,            273P   2412
-3073.170823183118,1145.2000660347915,15982.800000000005,            273P   2413
-3078.1584896604672,1139.3434091556517,15982.799999999992,           273P   2414
-3083.333473089289,1133.718935438842,15982.799999999987,             273P   2415
-3088.7053064043084,1128.3177801969277,15982.800000000001,           273P   2416
-3094.2835225402496,1123.1310787424748,15982.799999999996,           273P   2417
-3099.861908488133,1117.9445313523277,15982.799999999992,            273P   2418
-3105.646645288096,1112.9724580101235,15982.799999999994,            273P   2419
-3111.6487926055647,1108.2073793702684,15982.799999999997,           273P   2420
-3117.879410105966,1103.6418160871683,15982.799999999994,            273P   2421
-3124.110223975242,1099.076393440758,15982.799999999992,             273P   2422
-3130.5694691031613,1094.7105017250528,15982.799999999994,           273P   2423
-3137.2699705618343,1090.5379262113877,15982.799999999996,           273P   2424
-3144.2245534233707,1086.5524521710984,15982.800000000017,           273P   2425
-3152.3383568939,1081.902810900691,15982.79999999997,                273P   2426
-3160.7985444834394,1077.5081665529885,15982.800000000021,           273P   2427
-3169.626978328335,1073.359611796396,15982.800000000001,             273P   2428
-3178.849658054629,1069.45034436085,15982.79999999999,               273P   2429
-3188.072341184922,1065.5410761921257,15982.800000000007,            273P   2430
-3197.6893137318634,1061.871089798336,15982.800000000005,            273P   2431
-3207.7265966681393,1058.4335733950077,15982.799999999997,           273P   2432
-3218.2152136400214,1055.223721399738,15982.799999999981,            273P   2433
-3230.202201073857,1051.5553185986437,15982.800000000041,            273P   2434
-3242.778793638499,1048.1842710011947,15982.799999999977,            273P   2435
-3255.991237214987,1045.1033945210158,15982.800000000001,            273P   2436
-3269.8964270278516,1042.3088771412367,15982.799999999974,           273P   2437
-3283.8016137010186,1039.5143590979396,15982.800000000041,           273P   2438
-3298.399695711624,1037.0062057815474,15982.799999999977,            273P   2439
-3313.7475055232053,1034.7805919105917,15982.8,                      273P   2440
-3329.9153782238673,1032.8371714471373,15982.799999999988,           273P   2441
-3348.1041957672683,1030.650819392408,15982.800000000003,            273P   2442
-3367.331283580642,1028.8216493079349,15982.800000000003,            273P   2443
-3387.6963348736963,1027.3491159159285,15982.799999999996,           273P   2444
-3409.327478812786,1026.2387800103775,15982.800000000007,            273P   2445
-3430.958570143063,1025.1284377809766,15982.800000000005,            273P   2446
-3453.8563004109533,1024.380350959361,15982.799999999997,            273P   2447
-3478.148214973277,1024.0000044253568,15982.8,                       273P   2448
-3504.0000000000005,1024.,0.,19.,0.,0.,0.,0,0;                       273P   2449
102,4,267,269,271,273;                                               275P   2450
142,0,255,265,275,1,0,0;                                             277P   2451
406,1,9HScaling.4;                                                   279P   2452
144,255,1,0,277,0,1,279;                                             281P   2453
128,1,1,1,1,0,0,1,0,0,0.,0.,1.,1.,0.,0.,1.,1.,1.,1.,1.,1.,           283P   2454
18456.,-3704.4477140000004,1427.5868886,18456.,                      283P   2455
-3303.5522859999996,1427.5868886,18456.,-3704.4477140000004,         283P   2456
1852.4162834000003,18456.,-3303.5522859999996,                       283P   2457
1852.4162834000003,0.,1.,0.,1.;                                      283P   2458
126,11,5,0,0,1,0,0.,0.,0.,0.,0.,0.,20.16273583,20.16273583,          285P   2459
20.16273583,40.12678322,40.12678322,40.12678322,43.92771843,         285P   2460
43.92771843,43.92771843,43.92771843,43.92771843,43.92771843,1.,      285P   2461
1.,1.,1.,1.,1.,1.,1.,1.,1.,1.,1.,0.5,0.9707734833041738,0.,          285P   2462
0.429656462930061,0.9707734833041738,0.,0.35823061408537993,         285P   2463
0.9590737449601734,0.,0.2889949366995272,0.9349509755721829,0.,      285P   2464
0.1628994648594469,0.8636705806403397,0.,0.07116870417972788,        285P   2465
0.754902647899354,0.,0.03675047088214973,0.693674772337105,0.,       285P   2466
0.010794253811217076,0.6161674611127921,0.,                          285P   2467
0.0024441802436528893,0.5376314498753701,0.,0.00155737960452557,     285P   2468
0.5250597322932702,0.,0.001116782509761055,0.5125098518441786,       285P   2469
0.,0.001116782509761055,0.49999626673667263,0.,0.,43.92771843,       285P   2470
0.,0.,0.,0,0;                                                        285P   2471
126,11,5,0,0,1,0,0.,0.,0.,0.,0.,0.,3.543517796,3.543517796,          287P   2472
3.543517796,22.1791743,22.1791743,22.1791743,40.99541281,            287P   2473
40.99541281,40.99541281,40.99541281,40.99541281,40.99541281,1.,      287P   2474
1.,1.,1.,1.,1.,1.,1.,1.,1.,1.,1.,0.001116782509761055,               287P   2475
0.49999626673667263,0.,0.001116782509761055,0.48748977943369,0.,     287P   2476
0.001556879923094973,0.47494779173411383,0.,                         287P   2477
0.0024426383452926265,0.4623838478466792,0.,                         287P   2478
0.010790312035139107,0.3838220149920756,0.,0.03675020223353712,      287P   2479
0.30631292206430916,0.,0.07117389456072265,0.24508370445744876,      287P   2480
0.,0.16288890864022978,0.13633563884454641,0.,                       287P   2481
0.2889642054434415,0.06505893890184274,0.,0.3581897078067436,        287P   2482
0.040929180826072165,0.,0.4296252288495804,0.029219050169171597,     287P   2483
0.,0.5,0.029219050169171597,0.,1.8852068366546217D-14,               287P   2484
40.99541281,0.,0.,0.,0,0;                                            287P   2485
126,11,5,0,0,1,0,0.,0.,0.,0.,0.,0.,18.81623851,18.81623851,          289P   2486
18.81623851,37.45189501,37.45189501,37.45189501,40.99541281,         289P   2487
40.99541281,40.99541281,40.99541281,40.99541281,40.99541281,1.,      289P   2488
1.,1.,1.,1.,1.,1.,1.,1.,1.,1.,1.,0.5,0.029219050169171597,0.,        289P   2489
0.5703747711504196,0.029219050169171597,0.,0.6418102921932562,       289P   2490
0.040929180826072165,0.,0.7110357946064468,0.06505893890184274,      289P   2491
0.,0.8371110913597701,0.13633563884454641,0.,0.9288261054392773,     289P   2492
0.24508370445744876,0.,0.9632497977664628,0.30631292206430916,       289P   2493
0.,0.9892096879648609,0.3838220149920756,0.,0.9975573616547073,      289P   2494
0.462383847851387,0.,0.9984431200769053,0.47494779173411383,0.,      289P   2495
0.9988832174902388,0.48748977943369,0.,0.9988832174902388,           289P   2496
0.49999626673667263,0.,4.165440519806372D-10,40.99541281,0.,0.,      289P   2497
0.,0,0;                                                              289P   2498
126,11,5,0,0,1,0,0.,0.,0.,0.,0.,0.,3.800935214,3.800935214,          291P   2499
3.800935214,23.7649826,23.7649826,23.7649826,43.92771843,            291P   2500
43.92771843,43.92771843,43.92771843,43.92771843,43.92771843,1.,      291P   2501
1.,1.,1.,1.,1.,1.,1.,1.,1.,1.,1.,0.9988832174902388,                 291P   2502
0.49999626673667263,0.,0.9988832174902388,0.5125098518441786,0.,     291P   2503
0.9984426203954744,0.525059732297978,0.,0.9975558197563471,          291P   2504
0.5376314498753701,0.,0.9892057461887831,0.6161674611127921,0.,      291P   2505
0.9632495291178501,0.693674772337105,0.,0.9288312958701603,          291P   2506
0.754902647899354,0.,0.837100535140553,0.8636705806403397,0.,        291P   2507
0.7110050633004726,0.9349509755721829,0.,0.6417693859146201,         291P   2508
0.9590737449601734,0.,0.570343537069939,0.9707734833041738,0.,       291P   2509
0.5,0.9707734833041738,0.,0.,43.92771843,0.,0.,0.,0,0;               291P   2510
102,4,285,287,289,291;                                               293P   2511
126,25,5,0,0,1,0,0.,0.,0.,0.,0.,0.,1.,1.,1.,1.,1.,2.,2.,2.,2.,       295P   2512
2.,3.,3.,3.,3.,3.,4.,4.,4.,4.,4.,5.,5.,5.,5.,5.,5.,1.,1.,1.,1.,      295P   2513
1.,1.,1.,1.,1.,1.,1.,1.,1.,1.,1.,1.,1.,1.,1.,1.,1.,1.,1.,1.,1.,      295P   2514
1.,18456.,-3504.,1840.0000000000002,18455.99999999998,               295P   2515
-3518.100201200337,1839.9999999999966,18456.00000000003,             295P   2516
-3532.308875861238,1838.7574018100047,18455.999999999978,            295P   2517
-3546.4620335368277,1836.2337959299969,18455.999999999996,           295P   2518
-3560.3853330409547,1832.4293373491987,18456.000000000004,           295P   2519
-3573.910343584038,1827.383375146319,18455.99999999998,              295P   2520
-3587.4353541271194,1822.3374129434362,18456.00000000002,            295P   2521
-3600.562075709187,1816.049947118485,18455.999999999985,             295P   2522
-3613.122077540668,1808.5603267501674,18455.999999999996,            295P   2523
-3624.95283922874,1799.9470950067525,18456.,-3635.9140119142753,     295P   2524
1790.3286187463343,18456.000000000007,-3646.7671390973333,           295P   2525
1780.8050701859863,18455.999999999985,-3656.7678911112093,           295P   2526
1770.2952546299653,18455.99999999999,-3665.779739806328,             295P   2527
1758.9166763873413,18456.000000000015,-3673.7006826275983,           295P   2528
1746.8084497322343,18456.,-3680.4632426144162,                       295P   2529
1734.1312989038138,18456.00000000002,-3687.225897026327,             295P   2530
1721.4537132986663,18455.999999999993,-3692.8307325313917,           295P   2531
1708.2046069369699,18455.999999999993,-3697.210665606882,            295P   2532
1694.5428924881946,18456.000000000025,-3700.3364169734145,           295P   2533
1680.6339961726849,18456.,-3702.2165115949547,1666.649857761658,     295P   2534
18455.999999999975,-3702.932449419984,1661.3249283165203,            295P   2535
18456.000000000015,-3703.4678805126564,1655.9880886406709,           295P   2536
18456.000000000015,-3703.8233250029098,1650.6483920188462,           295P   2537
18455.999999999975,-3704.000036281053,1645.3155635205392,18456.,     295P   2538
-3704.0000009977666,1640.,0.,5.,0.,0.,0.,0,0;                        295P   2539
126,25,5,0,0,1,0,0.,0.,0.,0.,0.,0.,1.,1.,1.,1.,1.,2.,2.,2.,2.,       297P   2540
2.,3.,3.,3.,3.,3.,4.,4.,4.,4.,4.,5.,5.,5.,5.,5.,5.,1.,1.,1.,1.,      297P   2541
1.,1.,1.,1.,1.,1.,1.,1.,1.,1.,1.,1.,1.,1.,1.,1.,1.,1.,1.,1.,1.,      297P   2542
1.,18456.,-3704.0000009977666,1640.,18456.000000000025,              297P   2543
-3704.0000112258313,1634.687041232646,18455.999999999967,            297P   2544
-3703.8235364203556,1629.3581638080088,18455.99999999998,            297P   2545
-3703.4685208907576,1624.0219347251195,18456.00000000006,            297P   2546
-3702.9337605489923,1618.6881699367584,18456.,                       297P   2547
-3702.2189029095534,1613.367934349455,18456.000000000004,            297P   2548
-3700.3390796605686,1599.3765641879932,18456.,                       297P   2549
-3697.2129031472377,1585.463398875277,18455.999999999996,            297P   2550
-3692.8320416552433,1571.7983412714793,18456.,                       297P   2551
-3687.2261659338183,1558.5465020371403,18456.,                       297P   2552
-3680.4629491957417,1545.8681996331693,18455.999999999993,           297P   2553
-3673.6996028845465,1533.1893220125323,18455.999999999993,           297P   2554
-3665.778499842931,1521.0821357354491,18456.00000000001,             297P   2555
-3656.7663549824797,1509.7027050562356,18456.000000000004,           297P   2556
-3646.7659960702467,1499.1939134531242,18455.999999999996,           297P   2557
-3635.9129894287216,1489.6704840275636,18456.000000000022,           297P   2558
-3624.9548157001154,1480.0547712961124,18455.99999999994,            297P   2559
-3613.1273896384455,1471.443609849213,18456.000000000055,            297P   2560
-3600.5704835841457,1463.9549977701993,18455.99999999997,            297P   2561
-3587.4460364713937,1457.667561162883,18456.,                        297P   2562
-3573.9220202795914,1452.621007389089,18455.999999999985,            297P   2563
-3560.3981589698474,1447.5744492642107,18456.00000000001,            297P   2564
-3546.4739412638537,1443.7687960908265,18456.,                       297P   2565
-3532.3199850429423,1441.2436808997873,18455.99999999996,            297P   2566
-3518.1058424721064,1440.0000174043143,18456.000000000004,           297P   2567
-3503.9999999968772,1440.,0.,5.,0.,0.,0.,0,0;                        297P   2568
126,25,5,0,0,1,0,0.,0.,0.,0.,0.,0.,1.,1.,1.,1.,1.,2.,2.,2.,2.,       299P   2569
2.,3.,3.,3.,3.,3.,4.,4.,4.,4.,4.,5.,5.,5.,5.,5.,5.,1.,1.,1.,1.,      299P   2570
1.,1.,1.,1.,1.,1.,1.,1.,1.,1.,1.,1.,1.,1.,1.,1.,1.,1.,1.,1.,1.,      299P   2571
1.,18456.000000000004,-3503.9999999968772,1440.,                     299P   2572
18456.000000000007,-3489.893537997106,1440.0000000002196,            299P   2573
18456.000000000004,-3475.680763551844,1441.2437019303359,            299P   2574
18455.999999999985,-3461.525581179366,1443.768782675337,             299P   2575
18456.000000000004,-3447.6019959058294,1447.5744536156155,           299P   2576
18456.,-3434.077979711879,1452.6210073894715,18455.99999999997,      299P   2577
-3420.5539635173304,1457.6675611635467,18456.00000000012,            299P   2578
-3407.42951640242,1463.9549977713234,18455.99999999986,              299P   2579
-3394.8726103478043,1471.44360985105,18456.00000000006,              299P   2580
-3383.045184288738,1480.0547712989805,18456.,-3372.087010561645,     299P   2581
1489.6704840316715,18456.00000000001,-3361.234036317237,             299P   2582
1499.1937696522432,18455.999999999978,-3351.233545134834,            299P   2583
1509.7031484547056,18455.999999999993,-3342.2216567226556,           299P   2584
1521.0814406833797,18456.00000000004,-3334.3002675413495,            299P   2585
1533.1898972297422,18456.,-3327.537050803993,1545.8681996324258,     299P   2586
18456.,-3320.7737368867915,1558.5469334476384,                       299P   2587
18456.000000000007,-3315.168015033898,1571.7980896106624,            299P   2588
18456.000000000004,-3310.7871535423574,1585.463147212327,            299P   2589
18455.999999999996,-3307.6608231613236,1599.3769955922533,           299P   2590
18456.,-3305.78109709206,1613.3679343388544,18455.999999999996,      299P   2591
-3305.066208767405,1618.6886639266513,18456.,                        299P   2592
-3304.5314970083955,1624.0216465630706,18456.,                       299P   2593
-3304.176481478691,1629.3578756463235,18455.999999999996,            299P   2594
-3303.9999580900303,1634.6875352253865,18456.,                       299P   2595
-3303.9999990022334,1640.0000000000002,0.,5.,0.,0.,0.,0,0;           299P   2596
126,25,5,0,0,1,0,0.,0.,0.,0.,0.,0.,1.,1.,1.,1.,1.,2.,2.,2.,2.,       301P   2597
2.,3.,3.,3.,3.,3.,4.,4.,4.,4.,4.,5.,5.,5.,5.,5.,5.,1.,1.,1.,1.,      301P   2598
1.,1.,1.,1.,1.,1.,1.,1.,1.,1.,1.,1.,1.,1.,1.,1.,1.,1.,1.,1.,1.,      301P   2599
1.,18456.,-3303.9999990022334,1640.0000000000002,                    301P   2600
18455.99999999998,-3303.9999901814176,1645.3159949714875,            301P   2601
18456.00000000002,-3304.176659560619,1650.6481403402418,             301P   2602
18456.000000000007,-3304.5321040509716,1655.9878369628677,           301P   2603
18455.999999999964,-3305.0675770429857,1661.3253597713126,           301P   2604
18456.,-3305.783488406552,1666.6498577728662,18455.999999999996,     301P   2605
-3307.6636774533386,1680.6344309577812,18456.00000000001,            301P   2606
-3310.789279312939,1694.5426388740325,18456.,                        301P   2607
-3315.1692123858634,1708.2043533206552,18455.999999999978,           301P   2608
-3320.774197393377,1721.454148077363,18456.,-3327.536757377502,      301P   2609
1734.1312989045487,18455.999999999975,-3334.2994432615624,           301P   2610
1746.8090294340618,18456.000000000047,-3342.2201080512377,           301P   2611
1758.9159759123822,18455.999999999945,-3351.2322059234793,           301P   2612
1770.295701481706,18456.000000000025,-3361.232829416991,             301P   2613
1780.804925257337,18456.,-3372.085988076304,1790.3286187424994,      301P   2614
18455.99999999999,-3383.0471607652817,1799.9470950040748,            301P   2615
18456.000000000036,-3394.8779224557147,1808.5603267484576,           301P   2616
18455.99999999996,-3407.437924288683,1816.0499471174264,             301P   2617
18456.000000000015,-3420.5646458716587,1822.3374129428232,           301P   2618
18456.,-3434.0896564152717,1827.383375145962,18456.,                 301P   2619
-3447.614510851973,1832.4293433932676,18455.999999999996,            301P   2620
-3461.538447792822,1836.2337772938279,18456.000000000004,            301P   2621
-3475.6903696220174,1838.7574310234613,18456.00000000001,            301P   2622
-3489.9004232273096,1839.9999758233419,18456.,-3504.,                301P   2623
1840.0000000000002,0.,5.,0.,0.,0.,0,0;                               301P   2624
102,4,295,297,299,301;                                               303P   2625
142,0,283,293,303,1,0,0;                                             305P   2626
406,1,9HScaling.4;                                                   307P   2627
144,283,1,0,305,0,1,307;                                             309P   2628
128,14,5,5,5,0,0,0,0,0,0.,0.,0.,0.,0.,0.,18.73750903,                311P   2629
18.73750903,18.73750903,35.70683816,35.70683816,35.70683816,         311P   2630
46.40350488,46.40350488,46.40350488,73.65928229,73.65928229,         311P   2631
73.65928229,73.65928229,73.65928229,73.65928229,0.,0.,0.,0.,0.,      311P   2632
0.,37.85859522,37.85859522,37.85859522,37.85859522,37.85859522,      311P   2633
37.85859522,1.,1.,1.,1.,1.,1.,1.,1.,1.,1.,1.,1.,1.,1.,1.,            311P   2634
1.116868766,1.111314064,1.104726179,1.097079105,1.080666255,         311P   2635
1.061996201,1.052811691,1.037716761,1.022678692,1.016902239,         311P   2636
0.9966077453,0.9771830183,0.9638352498,0.9511649827,                 311P   2637
0.9391036258,1.183839592,1.174696075,1.163900057,1.151443041,        311P   2638
1.124944333,1.095320118,1.080880219,1.057372967,1.034307829,         311P   2639
1.025500997,0.9947419083,0.9659215718,0.9464153347,0.9281470882,     311P   2640
0.9109731689,1.183839592,1.174696075,1.163900057,1.151443041,        311P   2641
1.124944333,1.095320118,1.080880219,1.057372967,1.034307829,         311P   2642
1.025500997,0.9947419083,0.9659215718,0.9464153347,0.9281470882,     311P   2643
0.9109731689,1.116868766,1.111314064,1.104726179,1.097079105,        311P   2644
1.080666255,1.061996201,1.052811691,1.037716761,1.022678692,         311P   2645
1.016902239,0.9966077453,0.9771830183,0.9638352498,0.9511649827,     311P   2646
0.9391036258,1.,1.,1.,1.,1.,1.,1.,1.,1.,1.,1.,1.,1.,1.,1.,           311P   2647
16982.8,-3504.0000000000005,1092.0354048,17057.750036,               311P   2648
-3504.0000000000005,1103.4364986,17132.700054,                       311P   2649
-3504.0000000000005,1116.0628124,17207.147451999997,                 311P   2650
-3504.0000000000005,1129.7453208,17349.974806,                       311P   2651
-3504.0000000000005,1157.9259516,17492.802158,                       311P   2652
-3504.0000000000005,1189.3325562,17560.80462,                        311P   2653
-3504.0000000000005,1204.9200148,17671.468603999998,                 311P   2654
-3504.0000000000005,1231.1710578,17782.132588,                       311P   2655
-3504.0000000000005,1258.6692612,17824.919254,                       311P   2656
-3504.0000000000005,1269.4690856,17976.729032,                       311P   2657
-3504.0000000000005,1308.3270138,18128.538808000005,                 311P   2658
-3504.0000000000005,1348.9251605999998,18237.95382,                  311P   2659
-3504.0000000000005,1378.8580582,18346.97689,                        311P   2660
-3504.0000000000005,1409.2142182,18456.,-3504.0000000000005,         311P   2661
1440.,16982.8,-3225.1744259999996,1092.0354048,17058.12466,          311P   2662
-3227.5652600000008,1103.4934848,17133.405526,                       311P   2663
-3232.8095359999998,1116.1835954,17208.008832,-3240.08998,           311P   2664
1129.9110338,17351.434234,-3257.2409119999998,1158.2322708,          311P   2665
17493.669102,-3278.6594220000006,1189.5257092,                       311P   2666
17561.700706000003,-3289.5891660000007,1205.1305296,                 311P   2667
17672.503008,-3308.0834120000004,1231.4245522,17782.497294,          311P   2668
-3327.0834139999997,1258.760417,17825.281708,                        311P   2669
-3334.5230480000005,1269.5614864,17978.867534,-3361.271832,          311P   2670
1308.8781500000002,18130.848358,-3387.49954,1349.5498228,            311P   2671
18240.138122,-3405.70176,1379.4638080000002,18348.359370000002,      311P   2672
-3422.833264000001,1409.604601,18456.,-3438.8002200000005,1440.,     311P   2673
16982.8,-3071.705478,1137.7475518,17058.333425999997,                311P   2674
-3073.533416,1149.0988955999999,17133.796073999998,                  311P   2675
-3079.4348459999997,1161.7146926,17208.477147999998,                 311P   2676
-3088.1763240000005,1175.3906084,17352.215878,-3109.51181,           311P   2677
1203.6336388,17494.132716,-3137.296958,1234.4999784,                 311P   2678
17562.168028,-3151.7879760000005,1249.8412318,                       311P   2679
17673.032916000004,-3176.832926,1275.4899610000002,                  311P   2680
17782.684581999998,-3203.3671099999997,1301.6377476,                 311P   2681
17825.465024,-3213.933134,1311.9306094,17979.966082,                 311P   2682
-3252.6990920000003,1349.3476776,18131.986554,                       311P   2683
-3292.5353999999998,1386.7889996,18241.173472000002,                 311P   2684
-3321.341946,1413.6490792,18348.994194,-3349.6247,                   311P   2685
1439.9595883999998,18456.,-3377.2482,1465.7213476000002,16982.8,     311P   2686
-2990.867136,1242.5276518,17058.333425999997,-2991.572294,           311P   2687
1252.9218106000003,17133.796073999998,-2996.803998,1264.5322534,     311P   2688
17208.477147999998,-3005.1306019999997,1277.1664904,                 311P   2689
17352.215878,-3026.1262859999997,1303.1925172,17494.132716,          311P   2690
-3054.557164,1331.1699456,17562.168028,-3069.6120960000003,          311P   2691
1344.8985573999998,17673.032916000004,-3096.061202000001,            311P   2692
1367.4572291999998,17782.684581999998,-3124.848536,1389.7091104,     311P   2693
17825.465024,-3136.4342680000004,1398.343912,17979.966082,           311P   2694
-3179.411596,1429.254121,18131.986554,-3225.3591600000004,           311P   2695
1458.3694802,18241.173472000002,-3259.6608280000005,                 311P   2696
1478.1795743999999,18348.994194,-3294.4833680000006,                 311P   2697
1496.4782966000005,18456.,-3329.7213480000005,1513.2482008,          311P   2698
16982.8,-2955.6,1441.4492480000001,17058.12466,-2955.6,              311P   2699
1447.9834417999998,17133.405526,-2960.244988,1455.3115392,           311P   2700
17208.008832,-2968.041828,1463.2934621999998,17351.434234,           311P   2701
-2988.1150860000002,1479.52382,17493.669102,-3016.063572,            311P   2702
1496.3149534,17561.700706000003,-3030.952514,1504.2934616,           311P   2703
17672.503008,-3057.344408,1516.9008774,17782.497294,                 311P   2704
-3086.615636000001,1528.4783354,17825.281708,-3098.4285,             311P   2705
1532.8077216,17978.867534,-3142.2507840000003,1547.6464342,          311P   2706
18130.848358,-3190.346886,1559.5956036000005,18240.138122,           311P   2707
-3226.916178000001,1566.4800732000003,18348.359370000002,            311P   2708
-3264.8220140000008,1571.5456726000002,18456.,                       311P   2709
-3304.0000000000005,1574.8002208000003,16982.8,-2955.6,              311P   2710
1802.8541372,17057.750036,-2955.6,1798.0154596,17132.700054,         311P   2711
-2960.194494,1792.586712,17207.147451999997,-2967.9324760000004,     311P   2712
1786.5884884000002,17349.974806,-2987.86474,1773.9886684,            311P   2713
17492.802158,-3015.8866239999998,1759.5320160000003,17560.80462,     311P   2714
-3030.744378,1752.275347,17671.468603999998,-3057.078042,            311P   2715
1739.951863,17782.132588,-3086.5173879999998,1726.9141006,           311P   2716
17824.919254,-3098.326272,1721.7782376000002,17976.729032,           311P   2717
-3141.631054,1703.2557404,18128.538808000005,-3189.598662000001,     311P   2718
1683.779707,18237.95382,-3226.1602300000004,1669.3959158000005,      311P   2719
18346.97689,-3264.3188340000006,1654.8008565999999,18456.,           311P   2720
-3304.0000000000005,1640.,0.,73.65928229,0.,37.85859522;             311P   2721
126,1,1,0,0,1,0,0.,0.,73.65928229,73.65928229,1.,1.,0.,0.,0.,        313P   2722
73.65928229,0.,0.,0.,73.65928229,0.,0.,0.,0,0;                       313P   2723
126,1,1,0,0,1,0,0.,0.,37.85859522,37.85859522,1.,1.,73.65928229,     315P   2724
0.,0.,73.65928229,37.85859522,0.,0.,37.85859522,0.,0.,0.,0,0;        315P   2725
126,1,1,0,0,1,0,0.,0.,73.65928229,73.65928229,1.,1.,73.65928229,     317P   2726
37.85859522,0.,0.,37.85859522,0.,0.,73.65928229,0.,0.,0.,0,0;        317P   2727
126,1,1,0,0,1,0,0.,0.,37.85859522,37.85859522,1.,1.,0.,              319P   2728
37.85859522,0.,0.,0.,0.,0.,37.85859522,0.,0.,0.,0,0;                 319P   2729
102,4,313,315,317,319;                                               321P   2730
126,20,5,0,0,1,0,0.,0.,0.,0.,0.,0.,1.,1.,1.,1.,1.,2.,2.,2.,2.,       323P   2731
2.,3.,3.,3.,3.,3.,4.,4.,4.,4.,4.,4.,1.,1.,1.,1.,1.,1.,1.,1.,1.,      323P   2732
1.,1.,1.,1.,1.,1.,1.,1.,1.,1.,1.,1.,16982.8,-3504.0000000000005,     323P   2733
1092.0354048,17057.75003599996,-3503.9999999999914,1103.4364986,     323P   2734
17132.70005400009,-3504.0000000000246,1116.0628124000013,            323P   2735
17207.147451999892,-3503.999999999973,1129.745320799997,             323P   2736
17282.097488833733,-3504.000000000016,1144.533379650803,             323P   2737
17357.0475251166,-3504.0000000000005,1160.20978369322,               323P   2738
17424.924841784115,-3504.0000000000005,1174.406871435498,            323P   2739
17492.802158000075,-3503.999999999999,1189.3325562000034,            323P   2740
17560.80461999993,-3504.0000000000014,1204.9200147999982,            323P   2741
17628.681936888046,-3504.000000000001,1221.02146262382,              323P   2742
17696.559253776035,-3504.,1237.5921115718245,17739.345921100798,     323P   2743
-3504.000000000003,1248.037476102735,17782.132587671716,             323P   2744
-3503.9999999999973,1258.669250337118,17824.919254255317,            323P   2745
-3503.9999999999973,1269.469094048908,17867.705921199868,            323P   2746
-3504.0000000000036,1280.420954307228,17910.492588435387,-3504.,     323P   2747
1291.5110654763917,18019.515698733434,-3503.999999999999,            323P   2748
1319.7693558078481,18128.538808000012,-3504.0000000000073,           323P   2749
1348.925160600002,18237.95381999999,-3503.99999999999,               323P   2750
1378.8580581999972,18346.976890000005,-3504.0000000000064,           323P   2751
1409.214218200001,18456.,-3504.0000000000005,1440.,0.,4.,0.,0.,      323P   2752
0.,0,0;                                                              323P   2753
126,24,4,0,0,1,0,0.,0.,0.,0.,0.,1.,1.,1.,1.,2.,2.,2.,2.,3.,3.,       325P   2754
3.,3.,4.,4.,4.,4.,5.,5.,5.,5.,6.,6.,6.,6.,6.,1.,1.,1.,1.,1.,1.,      325P   2755
1.,1.,1.,1.,1.,1.,1.,1.,1.,1.,1.,1.,1.,1.,1.,1.,1.,1.,1.,18456.,     325P   2756
-3504.0000000000005,1440.,18455.99999999998,-3495.495936042105,      325P   2757
1440.0000067809654,18456.000000000036,-3486.9438528161995,           325P   2758
1440.482104268958,18455.999999999978,-3478.3895531253233,            325P   2759
1441.4586886557463,18456.,-3469.8822222956246,1442.931541687551,     325P   2760
18456.,-3460.3115012731873,1444.5885010926581,18456.00000000002,     325P   2761
-3450.7999431716366,1446.8734743009381,18455.999999999975,           325P   2762
-3441.4178593475376,1449.7889347041018,18456.,                       325P   2763
-3432.2357720795967,1453.3187324854207,18455.99999999997,            325P   2764
-3413.8728526978416,1460.3778536435789,18456.000000000055,           325P   2765
-3396.3033208954744,1469.8963947852385,18455.99999999998,            325P   2766
-3380.110123573577,1481.7376060477234,18456.,-3365.738501605486,     325P   2767
1495.487861764428,18455.999999999985,-3356.157113791336,             325P   2768
1504.6547923037983,18456.000000000015,-3347.3833820796353,           325P   2769
1514.6715240083781,18456.,-3339.5462548480464,                       325P   2770
1525.4158816147153,18456.,-3332.724308885771,1536.730267659255,      325P   2771
18455.99999999998,-3323.62833985752,1551.8157657919248,              325P   2772
18456.000000000015,-3316.3362682413444,1567.9183581300963,           325P   2773
18456.,-3311.0324863025985,1584.6588878955126,18456.,                325P   2774
-3307.714497226436,1601.6333297827907,18456.000000000015,            325P   2775
-3305.848116905429,1611.1816888454098,18455.999999999993,            325P   2776
-3304.610158310418,1620.8050755771328,18455.999999999996,            325P   2777
-3304.0000084878216,1630.4329299787946,18456.,                       325P   2778
-3304.0000000000005,1640.,0.,6.,0.,0.,0.,0,0;                        325P   2779
126,30,5,0,0,1,0,0.,0.,0.,0.,0.,0.,1.,1.,1.,1.,1.,2.,2.,2.,2.,       327P   2780
2.,3.,3.,3.,3.,3.,4.,4.,4.,4.,4.,5.,5.,5.,5.,5.,6.,6.,6.,6.,6.,      327P   2781
6.,1.,1.,1.,1.,1.,1.,1.,1.,1.,1.,1.,1.,1.,1.,1.,1.,1.,1.,1.,1.,      327P   2782
1.,1.,1.,1.,1.,1.,1.,1.,1.,1.,1.,18456.,-3304.0000000000005,         327P   2783
1640.,18401.490561901588,-3284.1600171045666,1647.4001842643138,     327P   2784
18346.973633923288,-3264.698548624384,1654.7497837622013,            327P   2785
18292.41890753188,-3245.6302018754805,1662.0459601821785,            327P   2786
18237.830370444415,-3226.986088044795,1669.2791295241502,            327P   2787
18183.24630662821,-3208.8138221901713,1676.432962099412,             327P   2788
18128.663391987146,-3190.6418821065995,1683.5866621981575,           327P   2789
18074.072975002757,-3172.9383951218333,1690.662406074924,            327P   2790
18019.51823875745,-3155.7523651071415,1697.6432992727014,            327P   2791
17965.003175857968,-3139.1284676033324,1704.5141731703727,           327P   2792
17910.492588435387,-3123.1070498207537,1711.2615849827132,           327P   2793
17867.70592108434,-3110.5313747686337,1716.5577784899124,            327P   2794
17824.919254328277,-3098.326407758973,1721.7782458661713,            327P   2795
17782.132587744683,-3086.517282409688,1726.9140941707567,            327P   2796
17739.34592098528,-3075.135120704698,1731.954969820252,              327P   2797
17696.559253776035,-3064.2170329939195,1736.889058588557,            327P   2798
17628.68193688803,-3046.8965025805755,1744.7165641115014,            327P   2799
17560.80461999996,-3030.744377999991,1752.2753469999955,             327P   2800
17492.802158000013,-3015.886624000011,1759.532016000006,             327P   2801
17424.924841784155,-3002.5694949305453,1766.4024000870554,           327P   2802
17357.047525116603,-2991.0794337197694,1772.853412337493,            327P   2803
17319.572506975142,-2984.7357791167196,1776.4150116019443,           327P   2804
17282.09748869599,-2978.9490396867914,1779.8487806175638,            327P   2805
17244.68530020219,-2973.780966157586,1783.1419277670855,             327P   2806
17207.304527778208,-2969.2887977359096,1786.290818362689,            327P   2807
17169.923756540153,-2965.559679884005,1789.29437205842,              327P   2808
17132.542985302105,-2961.8305620321025,1792.297925754152,            327P   2809
17095.16221525,-2958.8644947500084,1795.156142549994,                327P   2810
17057.750031500018,-2956.7486234999924,1797.8679421000043,           327P   2811
17020.27501799998,-2955.6000000000026,1800.434798399999,16982.8,     327P   2812
-2955.6,1802.8541372,0.,6.,0.,0.,0.,0,0;                             327P   2813
126,72,4,0,0,1,0,0.,0.,0.,0.,0.,1.,1.,1.,1.,2.,2.,2.,2.,3.,3.,       329P   2814
3.,3.,4.,4.,4.,4.,5.,5.,5.,5.,6.,6.,6.,6.,7.,7.,7.,7.,8.,8.,8.,      329P   2815
8.,9.,9.,9.,9.,10.,10.,10.,10.,11.,11.,11.,11.,12.,12.,12.,12.,      329P   2816
13.,13.,13.,13.,14.,14.,14.,14.,15.,15.,15.,15.,16.,16.,16.,16.,     329P   2817
17.,17.,17.,17.,18.,18.,18.,18.,18.,1.,1.,1.,1.,1.,1.,1.,1.,1.,      329P   2818
1.,1.,1.,1.,1.,1.,1.,1.,1.,1.,1.,1.,1.,1.,1.,1.,1.,1.,1.,1.,1.,      329P   2819
1.,1.,1.,1.,1.,1.,1.,1.,1.,1.,1.,1.,1.,1.,1.,1.,1.,1.,1.,1.,1.,      329P   2820
1.,1.,1.,1.,1.,1.,1.,1.,1.,1.,1.,1.,1.,1.,1.,1.,1.,1.,1.,1.,1.,      329P   2821
1.,16982.8,-2955.6,1802.8541372,16982.799999999996,                  329P   2822
-2955.600116802899,1778.3282454214284,16982.8,                       329P   2823
-2955.7642937817855,1754.830698470222,16982.800000000007,            329P   2824
-2956.089859459508,1732.2931309650571,16982.800000000003,            329P   2825
-2956.5741423589116,1710.6471775246096,16982.799999999996,           329P   2826
-2957.127679190901,1685.9095223558948,16982.80000000002,             329P   2827
-2957.8888435660688,1662.3389656718773,16982.799999999974,           329P   2828
-2958.854695252423,1639.8420145464095,16982.800000000003,            329P   2829
-2960.0246019133538,1618.3420658251437,16982.800000000003,           329P   2830
-2960.9020689900867,1602.2173392386287,16982.799999999996,           329P   2831
-2961.894174588362,1586.6524562728146,16982.799999999992,            329P   2832
-2963.000984992444,1571.6172087065065,16982.8,                       329P   2833
-2964.2225664865987,1557.0813883185087,16982.80000000001,            329P   2834
-2965.647881161526,1540.1237412026735,16982.8,                       329P   2835
-2967.2293064792775,1523.8453759862093,16982.79999999999,            329P   2836
-2968.9681313278884,1508.2054920047283,16982.8,                      329P   2837
-2970.8656445953943,1493.1632885938425,16982.799999999945,           329P   2838
-2973.576447544217,1471.674871608797,16982.800000000047,             329P   2839
-2976.6115225573935,1451.408271075556,16982.799999999996,            329P   2840
-2979.9762477122053,1432.2542331507352,16982.800000000003,           329P   2841
-2983.6809618516245,1414.1259976202884,16982.799999999996,           329P   2842
-2985.903826980656,1403.2491851757966,16982.799999999996,            329P   2843
-2988.248954934582,1392.7411248125193,16982.799999999996,            329P   2844
-2990.7189082122004,1382.584233560377,16982.8,                       329P   2845
-2993.3162493123104,1372.76092844929,16982.79999999998,              329P   2846
-2999.8096797625694,1348.2030874316258,16982.800000000025,           329P   2847
-3007.100216386733,1325.7326199011104,16982.799999999996,            329P   2848
-3015.2326984537217,1305.0958204279293,16982.799999999996,           329P   2849
-3024.279978754862,1286.1138886195738,16982.79999999994,             329P   2850
-3029.708358948249,1274.7246567141929,16982.80000000008,             329P   2851
-3035.466137649604,1263.9308726280929,16982.799999999967,            329P   2852
-3041.5691070873563,1253.6934863935207,16982.800000000003,           329P   2853
-3048.0373372384906,1243.9808717902417,16982.80000000001,            329P   2854
-3055.224248744536,1233.1890892882857,16982.799999999977,            329P   2855
-3062.862170352582,1223.045070400171,16982.800000000014,             329P   2856
-3070.9785232113977,1213.50551363865,16982.799999999996,             329P   2857
-3079.6084240723894,1204.5365380806704,16982.799999999996,           329P   2858
-3084.7864297546466,1199.1552110878765,16982.8,                      329P   2859
-3090.14909087189,1193.9790608722765,16982.800000000003,             329P   2860
-3095.70457824842,1189.0012933647408,16982.8,                        329P   2861
-3101.4610627085367,1184.2151144961406,16982.79999999999,            329P   2862
-3107.217683180164,1179.4290508494516,16982.79999999999,             329P   2863
-3113.175278216422,1174.8345888104197,16982.799999999996,            329P   2864
-3119.3432417063455,1170.4259705316667,16982.800000000003,           329P   2865
-3125.730967538968,1166.1974381658151,16982.799999999992,            329P   2866
-3132.1188479549005,1161.9690124117296,16982.800000000003,           329P   2867
-3138.726463664681,1157.920682576872,16982.80000000001,              329P   2868
-3145.5645985745246,1154.0476496103552,16982.8,                      329P   2869
-3152.6440365906474,1150.345114461293,16982.799999999992,            329P   2870
-3160.9034773191206,1146.0255500005476,16982.800000000014,           329P   2871
-3169.4917862845045,1141.9383052527467,16982.799999999977,           329P   2872
-3178.427257825584,1138.0764933451433,16982.8,                       329P   2873
-3187.7313568232184,1134.4348508338164,16982.799999999992,           329P   2874
-3197.0354581508764,1130.7932078509598,16982.800000000017,           329P   2875
-3206.708216240853,1127.3717307125517,16982.79999999999,             329P   2876
-3216.7711112295806,1124.165149836088,16982.800000000003,            329P   2877
-3227.249374938706,1121.1697558288859,16982.79999999995,             329P   2878
-3239.2245313672856,1117.7464480536617,16982.800000000065,           329P   2879
-3251.7422807876383,1114.5989747260194,16982.79999999996,            329P   2880
-3264.8402480023656,1111.7217918189458,16982.800000000003,           329P   2881
-3278.5638466149812,1109.1119859778837,16982.79999999999,            329P   2882
-3292.287443420403,1106.5021797136524,16982.800000000017,            329P   2883
-3306.636766884293,1104.159754209503,16982.79999999999,              329P   2884
-3321.6571944814673,1102.0817876504632,16982.8,                      329P   2885
-3337.40371664714,1100.26805936578,16982.800000000036,               329P   2886
-3355.1185303962097,1098.227612505104,16982.79999999998,             329P   2887
-3373.7525408915453,1096.5216119024922,16982.799999999996,           329P   2888
-3393.3837760890415,1095.1497103843813,16982.800000000003,           329P   2889
-3414.1098799237934,1094.116227864698,16982.800000000007,            329P   2890
-3434.8359533137673,1093.0827414786893,16982.800000000003,           329P   2891
-3456.65722033731,1092.387710066538,16982.79999999997,               329P   2892
-3479.6709934309188,1092.0354075175856,16982.8,                      329P   2893
-3504.0000000000005,1092.0354048,0.,18.,0.,0.,0.,0,0;                329P   2894
102,4,323,325,327,329;                                               331P   2895
142,0,311,321,331,1,0,0;                                             333P   2896
406,1,9HScaling.4;                                                   335P   2897
144,311,1,0,333,0,1,335;                                             337P   2898
128,14,5,5,5,0,0,0,0,0,0.,0.,0.,0.,0.,0.,18.73750903,                339P   2899
18.73750903,18.73750903,35.70683816,35.70683816,35.70683816,         339P   2900
46.40350488,46.40350488,46.40350488,73.65928229,73.65928229,         339P   2901
73.65928229,73.65928229,73.65928229,73.65928229,0.,0.,0.,0.,0.,      339P   2902
0.,37.85859522,37.85859522,37.85859522,37.85859522,37.85859522,      339P   2903
37.85859522,1.,1.,1.,1.,1.,1.,1.,1.,1.,1.,1.,1.,1.,1.,1.,            339P   2904
1.116868766,1.111314064,1.104726179,1.097079105,1.080666255,         339P   2905
1.061996201,1.052811691,1.037716761,1.022678692,1.016902239,         339P   2906
0.9966077453,0.9771830183,0.9638352498,0.9511649827,                 339P   2907
0.9391036258,1.183839592,1.174696075,1.163900057,1.151443041,        339P   2908
1.124944333,1.095320118,1.080880219,1.057372967,1.034307829,         339P   2909
1.025500997,0.9947419083,0.9659215718,0.9464153347,0.9281470882,     339P   2910
0.9109731689,1.183839592,1.174696075,1.163900057,1.151443041,        339P   2911
1.124944333,1.095320118,1.080880219,1.057372967,1.034307829,         339P   2912
1.025500997,0.9947419083,0.9659215718,0.9464153347,0.9281470882,     339P   2913
0.9109731689,1.116868766,1.111314064,1.104726179,1.097079105,        339P   2914
1.080666255,1.061996201,1.052811691,1.037716761,1.022678692,         339P   2915
1.016902239,0.9966077453,0.9771830183,0.9638352498,0.9511649827,     339P   2916
0.9391036258,1.,1.,1.,1.,1.,1.,1.,1.,1.,1.,1.,1.,1.,1.,1.,           339P   2917
16982.8,-3504.0000000000005,1092.0354048,17057.750036,               339P   2918
-3504.0000000000005,1103.4364986,17132.700054,                       339P   2919
-3504.0000000000005,1116.0628124,17207.147451999997,                 339P   2920
-3504.0000000000005,1129.7453208,17349.974806,                       339P   2921
-3504.0000000000005,1157.9259516,17492.802158,                       339P   2922
-3504.0000000000005,1189.3325562,17560.80462,                        339P   2923
-3504.0000000000005,1204.9200148,17671.468603999998,                 339P   2924
-3504.0000000000005,1231.1710578,17782.132588,                       339P   2925
-3504.0000000000005,1258.6692612,17824.919254,                       339P   2926
-3504.0000000000005,1269.4690856,17976.729032,                       339P   2927
-3504.0000000000005,1308.3270138,18128.538808000005,                 339P   2928
-3504.0000000000005,1348.9251605999998,18237.95382,                  339P   2929
-3504.0000000000005,1378.8580582,18346.97689,                        339P   2930
-3504.0000000000005,1409.2142182,18456.,-3504.0000000000005,         339P   2931
1440.,16982.8,-3782.8255739999995,1092.0354048,17058.12466,          339P   2932
-3780.4347400000006,1103.4934848,17133.405526,-3775.190464,          339P   2933
1116.1835954,17208.008832,-3767.91002,1129.9110338,17351.434234,     339P   2934
-3750.759088,1158.2322708,17493.669102,-3729.3405780000007,          339P   2935
1189.5257092,17561.700706000003,-3718.4108340000007,                 339P   2936
1205.1305296,17672.503008,-3699.9165880000005,1231.4245522,          339P   2937
17782.497294,-3680.9165860000007,1258.760417,17825.281708,           339P   2938
-3673.4769520000004,1269.5614864,17978.867534,-3646.728168,          339P   2939
1308.8781500000002,18130.848358,-3620.5004600000007,                 339P   2940
1349.5498228,18240.138122,-3602.29824,1379.4638080000002,            339P   2941
18348.359370000002,-3585.1667360000006,1409.604601,18456.,           339P   2942
-3569.19978,1440.,16982.8,-3936.2945220000006,1137.7475518,          339P   2943
17058.333425999997,-3934.466584,1149.0988955999999,                  339P   2944
17133.796073999998,-3928.5651540000003,1161.7146926,                 339P   2945
17208.477147999998,-3919.8236760000004,1175.3906084,                 339P   2946
17352.215878,-3898.4881900000005,1203.6336388,17494.132716,          339P   2947
-3870.703042,1234.4999784,17562.168028,-3856.212024000001,           339P   2948
1249.8412318,17673.032916000004,-3831.167074,1275.4899610000002,     339P   2949
17782.684581999998,-3804.6328900000003,1301.6377476,                 339P   2950
17825.465024,-3794.0668660000006,1311.9306094,17979.966082,          339P   2951
-3755.3009079999997,1349.3476776,18131.986554,                       339P   2952
-3715.4646000000002,1386.7889996,18241.173472000002,                 339P   2953
-3686.658054,1413.6490792,18348.994194,-3658.3753,                   339P   2954
1439.9595883999998,18456.,-3630.7518000000005,                       339P   2955
1465.7213476000002,16982.8,-4017.132864,1242.5276518,                339P   2956
17058.333425999997,-4016.427706,1252.9218106000003,                  339P   2957
17133.796073999998,-4011.1960019999997,1264.5322534,                 339P   2958
17208.477147999998,-4002.8693980000003,1277.1664904,                 339P   2959
17352.215878,-3981.8737140000007,1303.1925172,17494.132716,          339P   2960
-3953.4428359999997,1331.1699456,17562.168028,                       339P   2961
-3938.3879040000006,1344.8985573999998,17673.032916000004,           339P   2962
-3911.9387980000006,1367.4572291999998,17782.684581999998,           339P   2963
-3883.151464,1389.7091104,17825.465024,-3871.565732,1398.343912,     339P   2964
17979.966082,-3828.588404,1429.254121,18131.986554,-3782.64084,      339P   2965
1458.3694802,18241.173472000002,-3748.3391720000004,                 339P   2966
1478.1795743999999,18348.994194,-3713.5166320000008,                 339P   2967
1496.4782966000005,18456.,-3678.278652,1513.2482008,16982.8,         339P   2968
-4052.4,1441.4492480000001,17058.12466,-4052.4,                      339P   2969
1447.9834417999998,17133.405526,-4047.755012,1455.3115392,           339P   2970
17208.008832,-4039.9581719999996,1463.2934621999998,                 339P   2971
17351.434234,-4019.8849139999998,1479.52382,17493.669102,            339P   2972
-3991.936428,1496.3149534,17561.700706000003,-3977.047486000001,     339P   2973
1504.2934616,17672.503008,-3950.6555920000005,1516.9008774,          339P   2974
17782.497294,-3921.3843640000005,1528.4783354,17825.281708,          339P   2975
-3909.5715,1532.8077216,17978.867534,-3865.7492159999997,            339P   2976
1547.6464342,18130.848358,-3817.6531139999997,                       339P   2977
1559.5956036000005,18240.138122,-3781.0838220000005,                 339P   2978
1566.4800732000003,18348.359370000002,-3743.1779860000006,           339P   2979
1571.5456726000002,18456.,-3704.0000000000005,                       339P   2980
1574.8002208000003,16982.8,-4052.4,1802.8541372,17057.750036,        339P   2981
-4052.4,1798.0154596,17132.700054,-4047.805506,1792.586712,          339P   2982
17207.147451999997,-4040.0675240000005,1786.5884884000002,           339P   2983
17349.974806,-4020.13526,1773.9886684,17492.802158,-3992.113376,     339P   2984
1759.5320160000003,17560.80462,-3977.255622,1752.275347,             339P   2985
17671.468603999998,-3950.921958,1739.951863,17782.132588,            339P   2986
-3921.482612,1726.9141006,17824.919254,-3909.673728,                 339P   2987
1721.7782376000002,17976.729032,-3866.368946,1703.2557404,           339P   2988
18128.538808000005,-3818.4013379999997,1683.779707,18237.95382,      339P   2989
-3781.839770000001,1669.3959158000005,18346.97689,                   339P   2990
-3743.6811660000008,1654.8008565999999,18456.,                       339P   2991
-3704.0000000000005,1640.,0.,73.65928229,0.,37.85859522;             339P   2992
126,1,1,0,0,1,0,0.,0.,37.85859522,37.85859522,1.,1.,73.65928229,     341P   2993
0.,0.,73.65928229,37.85859522,0.,0.,37.85859522,0.,0.,0.,0,0;        341P   2994
126,1,1,0,0,1,0,0.,0.,73.65928229,73.65928229,1.,1.,73.65928229,     343P   2995
37.85859522,0.,0.,37.85859522,0.,0.,73.65928229,0.,0.,0.,0,0;        343P   2996
126,1,1,0,0,1,0,0.,0.,37.85859522,37.85859522,1.,1.,0.,              345P   2997
37.85859522,0.,0.,0.,0.,0.,37.85859522,0.,0.,0.,0,0;                 345P   2998
126,1,1,0,0,1,0,0.,0.,73.65928229,73.65928229,1.,1.,0.,0.,0.,        347P   2999
73.65928229,0.,0.,0.,73.65928229,0.,0.,0.,0,0;                       347P   3000
102,4,341,343,345,347;                                               349P   3001
126,24,4,0,0,1,0,0.,0.,0.,0.,0.,1.,1.,1.,1.,2.,2.,2.,2.,3.,3.,       351P   3002
3.,3.,4.,4.,4.,4.,5.,5.,5.,5.,6.,6.,6.,6.,6.,1.,1.,1.,1.,1.,1.,      351P   3003
1.,1.,1.,1.,1.,1.,1.,1.,1.,1.,1.,1.,1.,1.,1.,1.,1.,1.,1.,18456.,     351P   3004
-3504.0000000000005,1440.,18455.99999999998,-3513.5670701385984,     351P   3005
1440.0000084878204,18456.000000000047,-3523.1949246404583,           351P   3006
1440.6101583009308,18455.999999999964,-3532.8183114522267,           351P   3007
1441.8481168853227,18456.,-3542.3666705751084,                       351P   3008
1443.7144971990901,18456.,-3559.3411125696207,1447.032486262322,     351P   3009
18455.999999999996,-3576.0816423792126,1452.336268198998,            351P   3010
18456.000000000004,-3592.1842347025818,1459.6283398479982,           351P   3011
18456.000000000004,-3607.2697327872643,1468.7243089323745,           351P   3012
18456.,-3618.584118795773,1475.546254936764,18456.000000000004,      351P   3013
-3629.3284763468796,1483.3833822239365,18455.999999999985,           351P   3014
-3639.345207987617,1492.1571139998637,18456.,-3648.51213846468,      351P   3015
1501.7385018762016,18456.,-3662.262394088015,1516.110123937457,      351P   3016
18455.999999999978,-3674.1036052593745,1532.3033213493375,           351P   3017
18456.000000000022,-3683.622146348074,1549.8728532000764,            351P   3018
18456.000000000004,-3690.681267487455,1568.2357725607737,            351P   3019
18455.99999999998,-3694.2110652592446,1577.4178598183573,            351P   3020
18456.000000000047,-3697.1265256610964,1586.7999436151783,           351P   3021
18455.99999999997,-3699.4114988752413,1596.3115016697088,18456.,     351P   3022
-3701.0684582885483,1605.8822226252717,18456.000000000025,           351P   3023
-3702.541311327642,1614.3895533955356,18455.99999999998,             351P   3024
-3703.5178957235385,1622.943853011314,18456.000000000007,            351P   3025
-3703.999993219037,1631.495936146451,18456.,-3704.0000000000005,     351P   3026
1640.,0.,6.,0.,0.,0.,0,0;                                            351P   3027
126,30,5,0,0,1,0,0.,0.,0.,0.,0.,0.,1.,1.,1.,1.,1.,2.,2.,2.,2.,       353P   3028
2.,3.,3.,3.,3.,3.,4.,4.,4.,4.,4.,5.,5.,5.,5.,5.,6.,6.,6.,6.,6.,      353P   3029
6.,1.,1.,1.,1.,1.,1.,1.,1.,1.,1.,1.,1.,1.,1.,1.,1.,1.,1.,1.,1.,      353P   3030
1.,1.,1.,1.,1.,1.,1.,1.,1.,1.,1.,18456.,-3704.0000000000005,         353P   3031
1640.,18401.48941272641,-3723.840308666483,1647.400316740828,        353P   3032
18346.97435971812,-3743.30124562548,1654.7497000928229,              353P   3033
18292.419633326725,-3762.369592374385,1662.0458765128003,            353P   3034
18237.82922126926,-3781.014237726258,1669.279262000665,              353P   3035
18183.246306628207,-3799.1861778098296,1676.4329620994117,           353P   3036
18128.662242811995,-3817.358443664448,1683.5867946746712,            353P   3037
18074.07370079759,-3835.0613991280325,1690.662322405546,             353P   3038
18019.518964552284,-3852.247429142724,1697.6432156033243,            353P   3039
17965.002026682818,-3868.871858167714,1704.5143056468878,            353P   3040
17910.492588435387,-3884.8929501792463,1711.2615849827132,           353P   3041
17867.705921199857,-3897.4685774643162,1716.557781398382,            353P   3042
17824.919254255317,-3909.6736224096885,1721.7782440292444,           353P   3043
17782.132587671724,-3921.4827477589733,1726.914092333829,            353P   3044
17739.345921100798,-3932.8648315282535,1731.9549727287197,           353P   3045
17696.55925377604,-3943.78296700608,1736.8890585885565,              353P   3046
17628.68193688802,-3961.1034974194313,1744.7165641115012,            353P   3047
17560.804619999974,-3977.2556219999883,1752.2753469999968,           353P   3048
17492.802158,-3992.113376000009,1759.5320160000017,                  353P   3049
17424.92484178417,-4005.4305050694456,1766.4024000870568,            353P   3050
17357.0475251166,-4016.920566280231,1772.8534123374932,              353P   3051
17319.57250697515,-4023.2642208832744,1776.4150116019396,            353P   3052
17282.097488695952,-4029.0509603132246,1779.8487806175726,           353P   3053
17244.685300202233,-4034.219033842396,1783.1419277670775,            353P   3054
17207.304527778193,-4038.7112022640954,1786.2908183626928,           353P   3055
17169.923756540153,-4042.440320115996,1789.2943720584205,            353P   3056
17132.542985302196,-4046.1694379679075,1792.297925754159,            353P   3057
17095.162215249828,-4049.135505249978,1795.1561425499788,            353P   3058
17057.750031500153,-4051.251376500017,1797.867942100022,             353P   3059
17020.27501799993,-4052.3999999999946,1800.4347983999894,            353P   3060
16982.8,-4052.4,1802.8541372,0.,6.,0.,0.,0.,0,0;                     353P   3061
126,72,4,0,0,1,0,0.,0.,0.,0.,0.,1.,1.,1.,1.,2.,2.,2.,2.,3.,3.,       355P   3062
3.,3.,4.,4.,4.,4.,5.,5.,5.,5.,6.,6.,6.,6.,7.,7.,7.,7.,8.,8.,8.,      355P   3063
8.,9.,9.,9.,9.,10.,10.,10.,10.,11.,11.,11.,11.,12.,12.,12.,12.,      355P   3064
13.,13.,13.,13.,14.,14.,14.,14.,15.,15.,15.,15.,16.,16.,16.,16.,     355P   3065
17.,17.,17.,17.,18.,18.,18.,18.,18.,1.,1.,1.,1.,1.,1.,1.,1.,1.,      355P   3066
1.,1.,1.,1.,1.,1.,1.,1.,1.,1.,1.,1.,1.,1.,1.,1.,1.,1.,1.,1.,1.,      355P   3067
1.,1.,1.,1.,1.,1.,1.,1.,1.,1.,1.,1.,1.,1.,1.,1.,1.,1.,1.,1.,1.,      355P   3068
1.,1.,1.,1.,1.,1.,1.,1.,1.,1.,1.,1.,1.,1.,1.,1.,1.,1.,1.,1.,1.,      355P   3069
1.,16982.8,-4052.4,1802.8541372,16982.800000000007,                  355P   3070
-4052.3999979033706,1771.3196484610178,16982.799999999977,           355P   3071
-4052.128194833012,1741.489923746832,16982.800000000017,             355P   3072
-4051.5919748336746,1713.2058876786198,16982.800000000003,           355P   3073
-4050.7946352296904,1686.341406955443,16982.79999999999,             355P   3074
-4049.9972986085927,1659.4768867707144,16982.79999999999,            355P   3075
-4048.938870138049,1634.0315006810843,16982.800000000025,            355P   3076
-4047.622682650572,1609.8786857076775,16982.799999999996,            355P   3077
-4046.0484682992806,1586.9173044827369,16982.79999999999,            355P   3078
-4044.64916839585,1566.507160547018,16982.800000000014,              355P   3079
-4043.046007418834,1547.0381574247408,16982.799999999992,            355P   3080
-4041.238815119073,1528.4390182536017,16982.8,                       355P   3081
-4039.2253373022886,1510.6509261862263,16982.800000000003,           355P   3082
-4037.211859811974,1492.862831776427,16982.80000000001,              355P   3083
-4034.9920996546107,1475.8856609966374,16982.8,                      355P   3084
-4032.5638091631076,1459.66055017063,16982.8,                        355P   3085
-4029.9227110944234,1444.1387312193087,16982.799999999996,           355P   3086
-4027.6117013824232,1430.5573357418525,16982.800000000003,           355P   3087
-4025.1379647146096,1417.5135010529539,16982.800000000014,           355P   3088
-4022.498080419188,1404.9767801992969,16982.8,                       355P   3089
-4019.688627824368,1392.916726227565,16982.800000000007,             355P   3090
-4016.8790323521675,1380.8572151671897,16982.8,                      355P   3091
-4013.899788159678,1369.2748084528293,16982.79999999999,             355P   3092
-4010.7462529652166,1358.1435919930423,16982.799999999996,           355P   3093
-4007.4137844870993,1347.4376516963869,16982.800000000007,           355P   3094
-4004.5572611765547,1338.261508093657,16982.800000000003,            355P   3095
-4001.5691979958665,1329.3981339451745,16982.799999999996,           355P   3096
-3998.44589245474,1320.8335514926885,16982.800000000003,             355P   3097
-3995.1836420628815,1312.5537829779475,16982.80000000001,            355P   3098
-3991.9213094195475,1304.2742148292045,16982.8,                      355P   3099
-3988.520039645406,1296.2794956780704,16982.79999999999,             355P   3100
-3984.9753905341813,1288.5574494625814,16982.799999999996,           355P   3101
-3981.282919879596,1281.0959001207736,16982.79999999998,             355P   3102
-3977.590360330758,1273.6345270727822,16982.799999999996,            355P   3103
-3973.749989243998,1266.4336800868325,16982.800000000014,            355P   3104
-3969.7565649630806,1259.482768398768,16982.8,                       355P   3105
-3965.604845831772,1252.7712012444324,16982.799999999992,            355P   3106
-3958.6852389277287,1241.5853967633284,16982.800000000025,           355P   3107
-3951.3254259366227,1231.0652369578725,16982.799999999974,           355P   3108
-3943.4992675672956,1221.1652046050021,16982.800000000003,           355P   3109
-3935.1733565189625,1211.8497572783447,16982.799999999945,           355P   3110
-3927.6800285892086,1203.4658419874975,16982.80000000011,            355P   3111
-3919.7818368743206,1195.5553660780513,16982.799999999923,           355P   3112
-3911.4543815967304,1188.0923154802863,16982.8,                      355P   3113
-3902.6675355229563,1181.056220806723,16982.799999999992,            355P   3114
-3888.022885702067,1169.3294223016185,16982.800000000032,            355P   3115
-3872.1014976857937,1158.7883563245107,16982.799999999977,           355P   3116
-3854.765426131138,1149.338593389777,16982.800000000003,             355P   3117
-3835.8189361055242,1140.9220142547279,16982.799999999992,           355P   3118
-3828.240209939327,1137.55542288562,16982.799999999992,              355P   3119
-3820.40412049506,1134.3539475810649,16982.799999999996,             355P   3120
-3812.297102428568,1131.314266911172,16982.8,                        355P   3121
-3803.9055903956987,1128.4330594460514,16982.799999999985,           355P   3122
-3789.919571296364,1123.6311261684914,16982.800000000057,            355P   3123
-3775.142140821286,1119.269875854265,16982.799999999952,             355P   3124
-3759.5063630569443,1115.3359076222653,16982.799999999996,           355P   3125
-3742.9279481486415,1111.8222505794242,16982.800000000007,           355P   3126
-3731.3228173726293,1109.3627538981518,16982.800000000003,           355P   3127
-3719.256573222974,1107.1089441241952,16982.799999999996,            355P   3128
-3706.6977377948824,1105.0591506419685,16982.799999999996,           355P   3129
-3693.6148331835607,1103.2117028358841,16982.800000000007,           355P   3130
-3682.4003792982658,1101.628327535677,16982.800000000003,            355P   3131
-3670.8006149937346,1100.1937148912584,16982.8,                      355P   3132
-3658.7922344849358,1098.90777898739,16982.800000000007,             355P   3133
-3646.3519319868396,1097.7704339088318,16982.79999999999,            355P   3134
-3629.7646202981023,1096.2540378884541,16982.799999999992,           355P   3135
-3612.4081165602583,1095.0021314713654,16982.80000000001,            355P   3136
-3594.2233210786458,1094.0155342732464,16982.8,                      355P   3137
-3575.138103619723,1093.29805733121,16982.799999999985,              355P   3138
-3558.438148603809,1092.6703451472074,16982.79999999999,             355P   3139
-3541.0503091380265,1092.2483572071055,16982.8,                      355P   3140
-3522.921841008161,1092.0355561962533,16982.8,                       355P   3141
-3504.0000000000005,1092.0354048,0.,18.,0.,0.,0.,0,0;                355P   3142
126,20,5,0,0,1,0,0.,0.,0.,0.,0.,0.,1.,1.,1.,1.,1.,2.,2.,2.,2.,       357P   3143
2.,3.,3.,3.,3.,3.,4.,4.,4.,4.,4.,4.,1.,1.,1.,1.,1.,1.,1.,1.,1.,      357P   3144
1.,1.,1.,1.,1.,1.,1.,1.,1.,1.,1.,1.,16982.8,-3504.0000000000005,     357P   3145
1092.0354048,17057.75003600004,-3504.0000000000023,                  357P   3146
1103.4364986000041,17132.700053999895,-3503.999999999993,            357P   3147
1116.0628123999918,17207.147452000085,-3504.000000000003,            357P   3148
1129.745320800004,17282.097488833635,-3504.,1144.5333796508003,      357P   3149
17357.0475251166,-3504.0000000000005,1160.20978369322,               357P   3150
17424.92484178414,-3503.9999999999873,1174.4068714354948,            357P   3151
17492.80215800001,-3504.00000000003,1189.3325562000105,              357P   3152
17560.804619999988,-3503.9999999999723,1204.92001479999,             357P   3153
17628.681936888017,-3504.0000000000114,1221.0214626238233,           357P   3154
17696.559253776035,-3504.,1237.5921115718245,17739.34592098528,      357P   3155
-3504.0000000000005,1248.0374722806107,17782.132587744713,           357P   3156
-3504.0000000000055,1258.6692527510925,17824.919254328295,           357P   3157
-3504.0000000000027,1269.4690964628815,17867.705921084314,           357P   3158
-3503.999999999995,1280.420950485102,17910.492588435387,-3504.,      357P   3159
1291.5110654763917,18019.515698733423,-3503.999999999996,            357P   3160
1319.7693558078495,18128.538808000023,-3504.0000000000055,           357P   3161
1348.925160599999,18237.953819999995,-3503.9999999999977,            357P   3162
1378.8580582000009,18346.976889999998,-3504.0000000000023,           357P   3163
1409.2142181999996,18456.,-3504.0000000000005,1440.,0.,4.,0.,0.,     357P   3164
0.,0,0;                                                              357P   3165
102,4,351,353,355,357;                                               359P   3166
142,0,339,349,359,1,0,0;                                             361P   3167
406,1,9HScaling.4;                                                   363P   3168
144,339,1,0,361,0,1,363;                                             365P   3169
128,8,5,5,5,0,0,0,0,0,0.,0.,0.,0.,0.,0.,31.92257429,31.92257429,     367P   3170
31.92257429,49.96915393,49.96915393,49.96915393,49.96915393,         367P   3171
49.96915393,49.96915393,0.,0.,0.,0.,0.,0.,37.85859522,               367P   3172
37.85859522,37.85859522,37.85859522,37.85859522,37.85859522,1.,      367P   3173
1.,1.,1.,1.,1.,1.,1.,1.,1.142809042,1.142809042,1.142336459,         367P   3174
1.1411935,1.137836195,1.130111915,1.126610131,1.122218644,           367P   3175
1.116868766,1.226960076,1.226960076,1.226166842,1.224251057,         367P   3176
1.218610325,1.205740582,1.19991943,1.19264595,1.183839592,           367P   3177
1.226960076,1.226960076,1.226166842,1.224251057,1.218610325,         367P   3178
1.205740582,1.19991943,1.19264595,1.183839592,1.142809042,           367P   3179
1.142809042,1.142336459,1.1411935,1.137836195,1.130111915,           367P   3180
1.126610131,1.122218644,1.116868766,1.,1.,1.,1.,1.,1.,1.,1.,1.,      367P   3181
15982.8,-3504.0000000000005,1024.,16110.490298000002,                367P   3182
-3504.0000000000005,1024.,16238.18058,-3504.0000000000005,           367P   3183
1025.8846224,16366.308294,-3504.0000000000005,1030.1916524,          367P   3184
16566.184910000004,-3504.0000000000005,1041.9790315999999,           367P   3185
16766.061526000005,-3504.0000000000005,1062.550327,16838.427362,     367P   3186
-3504.0000000000005,1071.2105500000002,16910.613682,                 367P   3187
-3504.0000000000005,1081.0547162,16982.8,-3504.0000000000005,        367P   3188
1092.0354048,15982.8,-3793.552614,1024.,16110.490298000002,          367P   3189
-3793.552614,1024.,16238.285990000002,-3793.363858,                  367P   3190
1025.8853861999999,16366.568562000002,-3792.9058480000003,           367P   3191
1030.1947548,16566.940178,-3791.5594280000005,1042.0528352,          367P   3192
16766.347004,-3788.3984480000004,1062.5807466,16838.81875,           367P   3193
-3786.9470260000003,1071.2602602,16910.95781,                        367P   3194
-3785.1058740000008,1081.1070637999999,16982.8,                      367P   3195
-3782.8255739999995,1092.0354048,15982.8,-3944.367662,               367P   3196
1071.6175042,16110.490298000002,-3944.367662,1071.528703,            367P   3197
16238.345384000002,-3944.2274500000008,1073.2659828,                 367P   3198
16366.718214000002,-3943.8869120000004,1077.3591286,                 367P   3199
16567.361208,-3942.8838159999996,1088.7896286,16766.507154,          367P   3200
-3940.515194,1108.7823302,16839.037528,-3939.4214899999997,          367P   3201
1117.2898784,16911.146696,-3938.02856,1126.9793224,16982.8,          367P   3202
-3936.2945220000006,1137.7475518,15982.8,-4020.219002,               367P   3203
1183.8530378,16110.490298000002,-4020.219002,1183.5549306000003,     367P   3204
16238.345384000002,-4020.1658900000007,1184.885792,                  367P   3205
16366.718214000002,-4020.0367499999998,1188.3297118,                 367P   3206
16567.361208,-4019.657268000001,1198.2629378,16766.507154,           367P   3207
-4018.753954,1216.1702716,16839.037528,-4018.335938,                 367P   3208
1223.8476428,16911.146696,-4017.8017959999997,1232.667437,           367P   3209
16982.8,-4017.132864,1242.5276518,15982.8,-4052.4,                   367P   3210
1407.0106938000001,16110.490298000002,-4052.4,                       367P   3211
1406.2964235999998,16238.285990000002,-4052.399994,                  367P   3212
1406.6348902000002,16366.568562000002,-4052.4,                       367P   3213
1408.3455921999998,16566.940178,-4052.4,1413.9707232,                367P   3214
16766.347004,-4052.4,1424.9314874000002,16838.81875,                 367P   3215
-4052.3999959999996,1429.6848752000003,16910.95781,-4052.4,          367P   3216
1435.2171483999998,16982.8,-4052.4,1441.4492480000001,15982.8,       367P   3217
-4052.4,1835.45523,16110.490298000002,-4052.4,                       367P   3218
1833.9419608000003,16238.18058,-4052.4,1831.9597271999999,           367P   3219
16366.308294,-4052.4,1829.3495044,16566.184910000004,-4052.4,        367P   3220
1823.834155,16766.061526000005,-4052.4,1815.2147863999999,           367P   3221
16838.427362,-4052.4,1811.6272946000004,16910.613682,-4052.4,        367P   3222
1807.5143926,16982.8,-4052.4,1802.8541372,0.,49.96915393,0.,         367P   3223
37.85859522;                                                         367P   3224
126,1,1,0,0,1,0,0.,0.,37.85859522,37.85859522,1.,1.,49.96915393,     369P   3225
0.,0.,49.96915393,37.85859522,0.,0.,37.85859522,0.,0.,0.,0,0;        369P   3226
126,1,1,0,0,1,0,0.,0.,49.96915393,49.96915393,1.,1.,49.96915393,     371P   3227
37.85859522,0.,0.,37.85859522,0.,0.,49.96915393,0.,0.,0.,0,0;        371P   3228
126,1,1,0,0,1,0,0.,0.,37.85859522,37.85859522,1.,1.,0.,              373P   3229
37.85859522,0.,0.,0.,0.,0.,37.85859522,0.,0.,0.,0,0;                 373P   3230
126,1,1,0,0,1,0,0.,0.,49.96915393,49.96915393,1.,1.,0.,0.,0.,        375P   3231
49.96915393,0.,0.,0.,49.96915393,0.,0.,0.,0,0;                       375P   3232
102,4,369,371,373,375;                                               377P   3233
126,72,4,0,0,1,0,0.,0.,0.,0.,0.,1.,1.,1.,1.,2.,2.,2.,2.,3.,3.,       379P   3234
3.,3.,4.,4.,4.,4.,5.,5.,5.,5.,6.,6.,6.,6.,7.,7.,7.,7.,8.,8.,8.,      379P   3235
8.,9.,9.,9.,9.,10.,10.,10.,10.,11.,11.,11.,11.,12.,12.,12.,12.,      379P   3236
13.,13.,13.,13.,14.,14.,14.,14.,15.,15.,15.,15.,16.,16.,16.,16.,     379P   3237
17.,17.,17.,17.,18.,18.,18.,18.,18.,1.,1.,1.,1.,1.,1.,1.,1.,1.,      379P   3238
1.,1.,1.,1.,1.,1.,1.,1.,1.,1.,1.,1.,1.,1.,1.,1.,1.,1.,1.,1.,1.,      379P   3239
1.,1.,1.,1.,1.,1.,1.,1.,1.,1.,1.,1.,1.,1.,1.,1.,1.,1.,1.,1.,1.,      379P   3240
1.,1.,1.,1.,1.,1.,1.,1.,1.,1.,1.,1.,1.,1.,1.,1.,1.,1.,1.,1.,1.,      379P   3241
1.,16982.8,-3504.0000000000005,1092.0354048,16982.799999999977,      379P   3242
-3528.3290065690762,1092.035407517586,16982.8,                       379P   3243
-3551.342779662691,1092.3877100665381,16982.800000000017,            379P   3244
-3573.164046686238,1093.0827414786886,16982.800000000003,            379P   3245
-3593.8901200762084,1094.116227864698,16982.799999999992,            379P   3246
-3614.6162239109462,1095.149710384381,16982.799999999996,            379P   3247
-3634.247459108464,1096.521611902493,16982.800000000014,             379P   3248
-3652.88146960379,1098.2276125051028,16982.8,                        379P   3249
-3670.5962833528606,1100.26805936578,16982.79999999998,              379P   3250
-3686.3428055185254,1102.0817876504639,16982.80000000002,            379P   3251
-3701.363233115715,1104.1597542095024,16982.79999999999,             379P   3252
-3715.71255657959,1106.5021797136521,16982.8,                        379P   3253
-3729.4361533850197,1109.1119859778837,16982.799999999963,           379P   3254
-3743.1597519976267,1111.7217918189465,16982.80000000009,            379P   3255
-3756.257719212377,1114.5989747260185,16982.799999999937,            379P   3256
-3768.7754686327053,1117.7464480536635,16982.800000000003,           379P   3257
-3780.7506250612937,1121.1697558288859,16982.799999999996,           379P   3258
-3791.228888770417,1124.1651498360884,16982.800000000017,            379P   3259
-3801.2917837591544,1127.371730712552,16982.79999999999,             379P   3260
-3810.964541849117,1130.7932078509598,16982.8,                       379P   3261
-3820.268643176783,1134.434850833816,16982.80000000002,              379P   3262
-3829.5727421744155,1138.0764933451462,16982.79999999998,            379P   3263
-3838.5082137154936,1141.9383052527448,16982.800000000007,           379P   3264
-3847.096522680882,1146.0255500005474,16982.799999999996,            379P   3265
-3855.3559634093517,1150.3451144612927,16982.80000000001,            379P   3266
-3862.4354014254786,1154.0476496103552,16982.800000000003,           379P   3267
-3869.2735363353186,1157.920682576872,16982.799999999992,            379P   3268
-3875.881152045095,1161.9690124117296,16982.800000000003,            379P   3269
-3882.269032461032,1166.1974381658151,16982.800000000003,            379P   3270
-3888.6567582936527,1170.4259705316672,16982.799999999996,           379P   3271
-3894.824721783576,1174.83458881042,16982.799999999992,              379P   3272
-3900.7823168198356,1179.4290508494516,16982.8,                      379P   3273
-3906.538937291463,1184.2151144961406,16982.799999999974,            379P   3274
-3912.2954217515776,1189.0012933647408,16982.799999999996,           379P   3275
-3917.8509091281094,1193.9790608722765,16982.800000000017,           379P   3276
-3923.213570245355,1199.1552110878765,16982.799999999996,            379P   3277
-3928.3915759276106,1204.5365380806702,16982.800000000007,           379P   3278
-3937.021476788598,1213.505513638649,16982.79999999999,              379P   3279
-3945.137829647424,1223.0450704001753,16982.800000000007,            379P   3280
-3952.775751255459,1233.1890892882818,16982.800000000003,            379P   3281
-3959.9626627615107,1243.9808717902415,16982.799999999945,           379P   3282
-3966.430892912631,1253.6934863935198,16982.80000000011,             379P   3283
-3972.5338623504304,1263.9308726280938,16982.799999999923,           379P   3284
-3978.2916410517223,1274.7246567141922,16982.799999999996,           379P   3285
-3983.7200212451394,1286.1138886195738,16982.799999999985,           379P   3286
-3992.7673015462788,1305.0958204279264,16982.80000000004,            379P   3287
-4000.8997836132717,1325.7326199011138,16982.799999999974,           379P   3288
-4008.190320237428,1348.203087431624,16982.8,-4014.68375068769,      379P   3289
1372.76092844929,16982.799999999996,-4017.281091787797,              379P   3290
1382.584233560378,16982.799999999996,-4019.751045065417,             379P   3291
1392.7411248125195,16982.799999999996,-4022.096173019345,            379P   3292
1403.249185175796,16982.800000000003,-4024.3190381483764,            379P   3293
1414.1259976202884,16982.799999999996,-4028.0237522877856,           379P   3294
1432.2542331507348,16982.800000000047,-4031.3884774426374,           379P   3295
1451.4082710755572,16982.799999999945,-4034.4235524557525,           379P   3296
1471.6748716087952,16982.8,-4037.134355404606,                       379P   3297
1493.1632885938425,16982.799999999985,-4039.0318686721102,           379P   3298
1508.2054920047283,16982.800000000003,-4040.7706935207243,           379P   3299
1523.8453759862095,16982.800000000017,-4042.352118838478,            379P   3300
1540.123741202674,16982.8,-4043.7774335134004,                       379P   3301
1557.0813883185083,16982.8,-4044.999015007554,                       379P   3302
1571.6172087065065,16982.799999999992,-4046.105825411638,            379P   3303
1586.6524562728146,16982.79999999999,-4047.0979310099146,            379P   3304
1602.2173392386285,16982.8,-4047.975398086646,                       379P   3305
1618.3420658251434,16982.800000000003,-4049.145304747575,            379P   3306
1639.842014546411,16982.799999999996,-4050.1111564339344,            379P   3307
1662.3389656718784,16982.799999999996,-4050.872320809098,            379P   3308
1685.909522355892,16982.8,-4051.425857641089,1710.6471775246098,     379P   3309
16982.800000000007,-4051.9101405404926,1732.2931309650571,           379P   3310
16982.8,-4052.2357062182136,1754.8306984702217,                      379P   3311
16982.799999999992,-4052.3998831971003,1778.3282454214282,           379P   3312
16982.8,-4052.4,1802.8541372,0.,18.,0.,0.,0.,0,0;                    379P   3313
126,10,5,0,0,1,0,0.,0.,0.,0.,0.,0.,1.,1.,1.,1.,1.,2.,2.,2.,2.,       381P   3314
2.,2.,1.,1.,1.,1.,1.,1.,1.,1.,1.,1.,1.,16982.8,-4052.4,              381P   3315
1802.8541372,16910.613681999985,-4052.3999999999996,                 381P   3316
1807.5143926000026,16838.42736200003,-4052.4000000000037,            381P   3317
1811.627294599996,16766.061525999998,-4052.4000000000005,            381P   3318
1815.2147864000049,16693.875207338864,-4052.399999999995,            381P   3319
1818.3277092664568,16621.68888867776,-4052.4000000000005,            381P   3320
1821.0357671540864,16493.99859133887,-4052.399999999993,             381P   3321
1825.8260476850135,16366.30829400002,-4052.400000000009,             381P   3322
1829.3495044000001,16238.180579999984,-4052.3999999999915,           381P   3323
1831.9597272000012,16110.490298000006,-4052.400000000004,            381P   3324
1833.941960799999,15982.8,-4052.4,1835.45523,0.,2.,0.,0.,0.,0,0;     381P   3325
126,72,4,0,0,1,0,0.,0.,0.,0.,0.,1.,1.,1.,1.,2.,2.,2.,2.,3.,3.,       383P   3326
3.,3.,4.,4.,4.,4.,5.,5.,5.,5.,6.,6.,6.,6.,7.,7.,7.,7.,8.,8.,8.,      383P   3327
8.,9.,9.,9.,9.,10.,10.,10.,10.,11.,11.,11.,11.,12.,12.,12.,12.,      383P   3328
13.,13.,13.,13.,14.,14.,14.,14.,15.,15.,15.,15.,16.,16.,16.,16.,     383P   3329
17.,17.,17.,17.,18.,18.,18.,18.,18.,1.,1.,1.,1.,1.,1.,1.,1.,1.,      383P   3330
1.,1.,1.,1.,1.,1.,1.,1.,1.,1.,1.,1.,1.,1.,1.,1.,1.,1.,1.,1.,1.,      383P   3331
1.,1.,1.,1.,1.,1.,1.,1.,1.,1.,1.,1.,1.,1.,1.,1.,1.,1.,1.,1.,1.,      383P   3332
1.,1.,1.,1.,1.,1.,1.,1.,1.,1.,1.,1.,1.,1.,1.,1.,1.,1.,1.,1.,1.,      383P   3333
1.,15982.8,-4052.4,1835.45523,15982.799999999996,                    383P   3334
-4052.399961801703,1814.2043750537823,15982.800000000003,            383P   3335
-4052.320704846825,1793.6645421268659,15982.800000000007,            383P   3336
-4052.163437826036,1773.7966435190488,15982.8,                       383P   3337
-4051.929369430006,1754.5615915301294,15982.799999999977,            383P   3338
-4051.508018815194,1719.9388453332242,15982.800000000041,            383P   3339
-4050.8376142190077,1687.3689763792097,15982.79999999997,            383P   3340
-4049.923924479289,1656.639735100808,15982.800000000001,             383P   3341
-4048.7683328790395,1627.5867278104927,15982.800000000016,           383P   3342
-4047.6127445833285,1598.5336564846152,15982.799999999974,           383P   3343
-4046.2152830756345,1571.1561503147138,15982.800000000008,           383P   3344
-4044.5773725139984,1545.2891077753209,15982.8,                      383P   3345
-4042.6965473678165,1520.8033900677062,15982.800000000005,           383P   3346
-4041.0247045460883,1499.0382648130262,15982.799999999987,           383P   3347
-4039.160939529442,1478.36418805614,15982.800000000003,              383P   3348
-4037.1035398781905,1458.6900727584475,15982.800000000003,           383P   3349
-4034.8485004387835,1439.9420352548605,15982.799999999977,           383P   3350
-4032.593461417818,1421.1939939243653,15982.800000000043,            383P   3351
-4030.140782793527,1403.3718451382329,15982.799999999976,            383P   3352
-4027.4864677778537,1386.4016287314978,15982.8,                      383P   3353
-4024.6242300711287,1370.223042342117,15982.800000000023,            383P   3354
-4022.119772345881,1356.0667755829074,15982.799999999994,            383P   3355
-4019.4561201366187,1342.5164976975493,15982.800000000003,           383P   3356
-4016.629066466223,1329.5317582911707,15982.799999999997,            383P   3357
-4013.633005482984,1317.0785648823087,15982.800000000001,            383P   3358
-4010.636945158979,1304.6253757488714,15982.800000000016,            383P   3359
-4007.4718720518304,1292.7036780512954,15982.799999999985,           383P   3360
-4004.132188243283,1281.2795062759496,15982.8,                       383P   3361
-4000.6107970228472,1270.324268768959,15982.800000000003,            383P   3362
-3997.5924130686362,1260.9342034374058,15982.799999999996,           383P   3363
-3994.4407050387595,1251.8881331895996,15982.799999999988,           383P   3364
-3991.150765754609,1243.1692843286453,15982.799999999997,            383P   3365
-3987.717688037578,1234.760883157649,15982.799999999996,             383P   3366
-3984.284507880001,1226.3527392772764,15982.8,                       383P   3367
-3980.7082024299725,1218.2550919712785,15982.800000000003,           383P   3368
-3976.982943363789,1210.453480750551,15982.800000000003,             383P   3369
-3973.1029023577507,1202.9334451259904,15982.8,                      383P   3370
-3966.6360808019726,1190.400256456208,15982.800000000003,            383P   3371
-3959.738727508223,1178.6503677434396,15982.799999999994,            383P   3372
-3952.3817001644898,1167.6219239527788,15982.800000000001,           383P   3373
-3944.5272913947424,1157.2671721387526,15982.799999999977,           383P   3374
-3937.458312875332,1147.9478746219677,15982.800000000023,            383P   3375
-3929.9863690778684,1139.1741455292797,15982.799999999976,           383P   3376
-3922.083911493914,1130.9110020717226,15982.800000000001,            383P   3377
-3913.7164774597504,1123.1310787424748,15982.799999999997,           383P   3378
-3899.7708853850604,1110.164582339902,15982.799999999992,            383P   3379
-3884.5327835104995,1098.5399460148576,15982.8,                      383P   3380
-3867.844778251196,1088.1310287982642,15982.800000000001,            383P   3381
-3849.4773164744456,1078.8599219569287,15982.800000000001,           383P   3382
-3842.1301613971746,1075.151529098087,15982.800000000003,            383P   3383
-3834.5146736946426,1071.6249280477637,15982.800000000007,           383P   3384
-3826.614815938641,1068.2756400724948,15982.800000000001,            383P   3385
-3818.4145507009634,1065.0991864388163,15982.800000000014,           383P   3386
-3804.747230539606,1059.8052000131158,15982.8,                       383P   3387
-3790.2439509885776,1054.9919296024057,15982.799999999996,           383P   3388
-3774.8251938410694,1050.6412098168244,15982.799999999996,           383P   3389
-3758.3886431133105,1046.7431394906755,15982.799999999996,           383P   3390
-3745.2393649314436,1043.6246815781287,15982.800000000003,           383P   3391
-3731.438447962426,1040.7959187512377,15982.800000000001,            383P   3392
-3716.933319899981,1038.2517628292776,15982.799999999997,            383P   3393
-3701.659071147281,1035.9905446800124,15982.800000000001,            383P   3394
-3690.203110653285,1034.2946944622352,15982.8,                       383P   3395
-3678.315434474065,1032.7577687245787,15982.799999999997,            383P   3396
-3665.966199956138,1031.3796326169802,15982.799999999997,            383P   3397
-3653.125564446021,1030.1601512893767,15982.800000000025,            383P   3398
-3636.0043751201283,1028.5342588917622,15982.799999999983,           383P   3399
-3618.0076662886536,1027.190847326367,15982.800000000003,            383P   3400
-3599.0592476890665,1026.1309168390112,15982.800000000003,           383P   3401
-3579.063884296704,1025.3594030917175,15982.79999999999,             383P   3402
-3561.5679438668453,1024.6843280029573,15982.800000000021,           383P   3403
-3543.270221455144,1024.2300950273805,15982.799999999983,            383P   3404
-3524.106966532108,1024.0000008739503,15982.8,                       383P   3405
-3504.0000000000005,1024.,0.,18.,0.,0.,0.,0,0;                       383P   3406
126,15,5,0,0,1,0,0.,0.,0.,0.,0.,0.,1.,1.,1.,1.,1.,2.,2.,2.,2.,       385P   3407
2.,3.,3.,3.,3.,3.,3.,1.,1.,1.,1.,1.,1.,1.,1.,1.,1.,1.,1.,1.,1.,      385P   3408
1.,1.,15982.8,-3504.0000000000005,1024.,16046.645149000035,          385P   3409
-3504.000000000001,1023.9999999999987,16110.490293999883,            385P   3410
-3503.999999999999,1024.4711556000084,16174.390116000228,            385P   3411
-3504.0000000000064,1025.4806899499804,16238.31727745844,            385P   3412
-3503.99999999999,1027.1122694860612,16302.244439855382,             385P   3413
-3504.000000000001,1029.4440560768558,16366.17160225212,             385P   3414
-3504.000000000008,1031.7758426676737,16430.09876558656,             385P   3415
-3503.9999999999554,1034.8078363132524,16493.998591339456,           385P   3416
-3504.0000000001123,1038.6181988824037,16557.84374000759,            385P   3417
-3503.9999999998545,1043.2795876763832,16621.68888867776,            385P   3418
-3504.000000000001,1048.8372075762209,16693.875207338904,            385P   3419
-3504.000000000009,1055.1209132209706,16766.061525999998,            385P   3420
-3503.9999999999895,1062.5503269999988,16838.42736199998,            385P   3421
-3504.0000000000073,1071.2105499999998,16910.613682000014,           385P   3422
-3503.999999999999,1081.0547162000007,16982.8,                       385P   3423
-3504.0000000000005,1092.0354048,0.,3.,0.,0.,0.,0,0;                 385P   3424
102,4,379,381,383,385;                                               387P   3425
142,0,367,377,387,1,0,0;                                             389P   3426
406,1,9HScaling.4;                                                   391P   3427
144,367,1,0,389,0,1,391;                                             393P   3428
128,20,5,5,5,0,0,0,0,0,0.,0.,0.,0.,0.,0.,17.82762045,                395P   3429
17.82762045,17.82762045,30.68078813,30.68078813,30.68078813,         395P   3430
37.68817023,37.68817023,37.68817023,45.1099505,45.1099505,           395P   3431
45.1099505,57.16463814,57.16463814,57.16463814,73.59224405,          395P   3432
73.59224405,73.59224405,73.59224405,73.59224405,73.59224405,0.,      395P   3433
0.,0.,0.,0.,0.,41.01438798,41.01438798,41.01438798,41.01438798,      395P   3434
41.01438798,41.01438798,1.,1.,1.,1.,1.,1.,1.,1.,1.,1.,1.,1.,1.,      395P   3435
1.,1.,1.,1.,1.,1.,1.,1.,1.070424174,1.069878823,1.069194807,         395P   3436
1.068320246,1.066349772,1.062816663,1.060952279,1.057228335,         395P   3437
1.051623774,1.049378383,1.044134772,1.037640839,1.033980596,         395P   3438
1.023643289,1.011852935,1.004151367,0.9860924285,0.9682094175,       395P   3439
0.9581079776,0.9484337533,0.9391036258,1.108735989,1.107869956,      395P   3440
1.106784178,1.105397064,1.102272491,1.096688965,1.09374673,          395P   3441
1.087878501,1.079097392,1.075585937,1.067406208,1.057335731,         395P   3442
1.051678583,1.035767441,1.017815038,1.006182905,0.97913125,          395P   3443
0.9528464216,0.9381690972,0.9242581465,0.9109731689,1.108735989,     395P   3444
1.107869956,1.106784178,1.105397064,1.102272491,1.096688965,         395P   3445
1.09374673,1.087878501,1.079097392,1.075585937,1.067406208,          395P   3446
1.057335731,1.051678583,1.035767441,1.017815038,1.006182905,         395P   3447
0.97913125,0.9528464216,0.9381690972,0.9242581465,0.9109731689,      395P   3448
1.070424174,1.069878823,1.069194807,1.068320246,1.066349772,         395P   3449
1.062816663,1.060952279,1.057228335,1.051623774,1.049378383,         395P   3450
1.044134772,1.037640839,1.033980596,1.023643289,1.011852935,         395P   3451
1.004151367,0.9860924285,0.9682094175,0.9581079776,0.9484337533,     395P   3452
0.9391036258,1.,1.,1.,1.,1.,1.,1.,1.,1.,1.,1.,1.,1.,1.,1.,1.,1.,     395P   3453
1.,1.,1.,1.,16982.8,-3504.0000000000005,2329.066464,                 395P   3454
17054.110482,-3504.0000000000005,2318.467786,17125.420946,           395P   3455
-3504.0000000000005,2306.300496,17196.306365999997,                  395P   3456
-3504.0000000000005,2292.505686,17319.029518,                        395P   3457
-3504.0000000000005,2265.510908,17441.75267,-3504.0000000000005,     395P   3458
2233.169324,17493.59638,-3504.0000000000005,2218.559218,             395P   3459
17573.03858,-3504.0000000000005,2194.76427,17652.48078,              395P   3460
-3504.0000000000005,2168.9125460000005,17680.495668,                 395P   3461
-3504.0000000000005,2159.547646,17738.212318,                        395P   3462
-3504.0000000000005,2139.7603900000004,17795.928968,                 395P   3463
-3504.0000000000005,2118.996892,17825.564388,                        395P   3464
-3504.0000000000005,2108.089194,17903.47026,-3504.0000000000005,     395P   3465
2078.798938,17981.376132,-3504.0000000000005,2047.973902,            395P   3466
18030.368318,-3504.0000000000005,2028.0411500000002,                 395P   3467
18144.297494,-3504.0000000000005,1980.5348612,18258.226668,          395P   3468
-3504.0000000000005,1930.5760502,18324.579168,                       395P   3469
-3504.0000000000005,1900.7704790000003,18390.289576,                 395P   3470
-3504.0000000000005,1870.6477336,18456.,-3504.0000000000005,         395P   3471
1840.,16982.8,-3761.588138,2329.066464,17054.146829999998,           395P   3472
-3761.321836,2318.462384,17125.494014,-3759.031438,2306.287832,      395P   3473
17196.403398,-3755.291186,2292.486872,17319.246928,-3746.619028,     395P   3474
2265.45628,17441.866704,-3734.499534000001,2233.139284,              395P   3475
17493.752478,-3728.792188,2218.515426,17573.292188,-3719.123516,     395P   3476
2194.684684,17652.562958000002,-3708.0353620000005,2168.88673,       395P   3477
17680.593758,-3703.9298340000005,2159.515242,17738.414058000002,     395P   3478
-3695.082066,2139.6898659999997,17796.077046,-3685.544128000001,     395P   3479
2118.943324,17825.731008,-3680.4672060000007,2108.027048,            395P   3480
17903.99969,-3666.7140640000002,2078.59666,17981.911024,             395P   3481
-3652.3564340000007,2047.7608420000001,18030.919606,                 395P   3482
-3643.2388300000002,2027.8135220000001,18145.615282000002,           395P   3483
-3622.0109439999997,1979.9760594,18259.274698,                       395P   3484
-3601.6448259999997,1930.1125932000002,18325.5862,-3590.192316,      395P   3485
1900.3112050000002,18390.935996,-3579.3984840000007,                 395P   3486
1870.3462393999998,18456.,-3569.19978,1840.,16982.8,                 395P   3487
-3919.6984040000007,2288.975088,17054.166226,-3919.485264,           395P   3488
2278.743614,17125.532974,-3916.05904,2267.000932,17196.455274,       395P   3489
-3910.359916,2253.692422,17319.36217,-3897.095868000001,             395P   3490
2227.613638,17441.927272,-3878.753012,2196.395642,17493.835482,      395P   3491
-3870.1565800000003,2182.23677,17573.425138,-3855.7365600000003,     395P   3492
2159.097184,17652.606204,-3839.528434,2133.955748,17680.645138,      395P   3493
-3833.5567300000002,2124.790016,17738.519202,                        395P   3494
-3820.7600359999997,2105.3432040000002,17796.154144,                 395P   3495
-3807.113238,2084.941404,17825.816934,-3799.866874,                  395P   3496
2074.1795859999997,17904.272826,-3780.2024380000007,2045.081266,     395P   3497
17982.184254,-3759.5978939999995,2014.66741,18031.194620000002,      395P   3498
-3746.371912,1995.0383104000002,18146.272012,-3715.000444,           395P   3499
1948.0083946000002,18259.786092,-3683.742338,1899.7753857999999,     395P   3500
18326.062608,-3665.6028859999997,1871.1736384000003,                 395P   3501
18391.234076,-3647.975554,1842.7415622,18456.,                       395P   3502
-3630.7518000000005,1814.2786523999998,16982.8,                      395P   3503
-4010.6181760000004,2201.733832,17054.166226,-4010.53312,            395P   3504
2192.374146,17125.532974,-4006.577118,2181.646998,17196.455274,      395P   3505
-3999.9057,2169.501382,17319.36217,-3984.341852,2145.719618,         395P   3506
17441.927272,-3962.9724660000006,2117.175732,17493.835482,           395P   3507
-3953.0024640000006,2104.206322,17573.425138,-3936.411684,           395P   3508
2082.927928,17652.606204,-3918.0459300000007,2059.617178,            395P   3509
17680.645138,-3911.3170820000005,2051.0919759999997,                 395P   3510
17738.519202,-3896.9809859999996,2032.9438040000002,                 395P   3511
17796.154144,-3881.8358200000007,2013.8007300000004,                 395P   3512
17825.816934,-3873.824086,2003.6810779999998,17904.272826,           395P   3513
-3852.113952,1976.300754,17982.184254,-3829.3207119999997,           395P   3514
1947.7387804,18031.194620000002,-3814.5860300000004,                 395P   3515
1929.3974714,18146.272012,-3779.241482,1885.7904242,                 395P   3516
18259.786092,-3742.8995579999996,1842.003717,18326.062608,           395P   3517
-3721.319302,1816.4280456000004,18391.234076,                        395P   3518
-3699.8296579999997,1791.4003214000002,18456.,-3678.278652,          395P   3519
1766.7517992,16982.8,-4052.4,2050.020536,17054.146829999998,         395P   3520
-4052.4,2042.3416280000004,17125.494014,-4048.236092,                395P   3521
2033.583222,17196.403398,-4041.1621820000005,2023.7109880000003,     395P   3522
17319.246928,-4024.646242,2004.4840199999999,17441.866704,           395P   3523
-4002.029446000001,1981.4905782000003,17493.752478,-3991.512624,     395P   3524
1971.0652034,17573.292188,-3974.09195,1953.9558762000001,            395P   3525
17652.562958000002,-3954.9367780000007,1935.1258114000004,           395P   3526
17680.593758,-3947.951598,1928.241167,17738.414058000002,            395P   3527
-3933.1299,1913.5764560000005,17796.077046,-3917.54162,              395P   3528
1898.0663122,17825.731008,-3909.322914,1889.8734312,17903.99969,     395P   3529
-3887.125672,1867.7795756,17981.911024,-3863.765976,                 395P   3530
1844.8214669999998,18030.919606,-3848.615876,1830.1816754000004,     395P   3531
18145.615282000002,-3812.1775320000006,1795.791838,18259.274698,     395P   3532
-3773.9100520000006,1761.876166,18325.5862,-3750.9245940000005,      395P   3533
1742.3728632000004,18390.935996,-3727.681360000001,                  395P   3534
1723.5246912000002,18456.,-3704.0000000000005,1705.1997792,          395P   3535
16982.8,-4052.4,1802.8541372,17054.110482,-4052.4,                   395P   3536
1798.2504244000004,17125.420946,-4048.2408859999996,                 395P   3537
1793.1125539999998,17196.306365999997,-4041.1723979999997,           395P   3538
1787.4573834,17319.029518,-4024.6828060000007,                       395P   3539
1776.7676152000001,17441.75267,-4002.050788000001,                   395P   3540
1764.6831571999999,17493.59638,-3991.545098000001,                   395P   3541
1759.3502906000003,17573.03858,-3974.1519399999997,                  395P   3542
1750.8666446000004,17652.48078,-3954.9567580000007,1741.9554166,     395P   3543
17680.495668,-3947.976402,1738.7633054000003,17738.212318,           395P   3544
-3933.182946,1732.0917316,17795.928968,-3917.5817899999997,          395P   3545
1725.2376192,17825.564388,-3909.369644000001,1721.6738562,           395P   3546
17903.47026,-3887.278268,1712.1976270000002,17981.376132,            395P   3547
-3863.927514,1702.459543,18030.368318,-3848.789416,                  395P   3548
1696.2466054000004,18144.297494,-3812.605084,1681.6171194000003,     395P   3549
18258.226668,-3774.2666179999997,1666.6108618,18324.579168,          395P   3550
-3751.2801560000003,1657.7667858,18390.289576,                       395P   3551
-3727.9166379999997,1648.9207744,18456.,-3704.0000000000005,         395P   3552
1640.,0.,73.59224405,0.,41.01438798;                                 395P   3553
126,1,1,0,0,1,0,0.,0.,41.01438798,41.01438798,1.,1.,0.,              397P   3554
41.01438798,0.,0.,0.,0.,0.,41.01438798,0.,0.,0.,0,0;                 397P   3555
126,1,1,0,0,1,0,-36.79612203,-36.79612203,36.79612203,               399P   3556
36.79612203,1.,1.,0.,0.,0.,73.59224405,0.,0.,-36.79612203,           399P   3557
36.79612203,0.,0.,0.,0,0;                                            399P   3558
126,1,1,0,0,1,0,0.,0.,41.01438798,41.01438798,1.,1.,73.59224405,     401P   3559
0.,0.,73.59224405,41.01438798,0.,0.,41.01438798,0.,0.,0.,0,0;        401P   3560
126,1,1,0,0,1,0,0.,0.,73.59224405,73.59224405,1.,1.,73.59224405,     403P   3561
41.01438798,0.,0.,41.01438798,0.,0.,73.59224405,0.,0.,0.,0,0;        403P   3562
102,4,397,399,401,403;                                               405P   3563
126,60,4,0,0,1,0,0.,0.,0.,0.,0.,1.,1.,1.,1.,2.,2.,2.,2.,3.,3.,       407P   3564
3.,3.,4.,4.,4.,4.,5.,5.,5.,5.,6.,6.,6.,6.,7.,7.,7.,7.,8.,8.,8.,      407P   3565
8.,9.,9.,9.,9.,10.,10.,10.,10.,11.,11.,11.,11.,12.,12.,12.,12.,      407P   3566
13.,13.,13.,13.,14.,14.,14.,14.,15.,15.,15.,15.,15.,1.,1.,1.,1.,     407P   3567
1.,1.,1.,1.,1.,1.,1.,1.,1.,1.,1.,1.,1.,1.,1.,1.,1.,1.,1.,1.,1.,      407P   3568
1.,1.,1.,1.,1.,1.,1.,1.,1.,1.,1.,1.,1.,1.,1.,1.,1.,1.,1.,1.,1.,      407P   3569
1.,1.,1.,1.,1.,1.,1.,1.,1.,1.,1.,1.,1.,1.,1.,16982.8,-4052.4,        407P   3570
1802.8541372,16982.800000000003,-4052.3998524569793,                 407P   3571
1823.5233683920942,16982.799999999996,-4052.0986526815095,           407P   3572
1843.3255674028778,16982.799999999992,-4051.5000348994163,           407P   3573
1862.3141295806824,16982.8,-4050.6076333365277,                      407P   3574
1880.5424502738406,16982.800000000007,-4049.7149506681094,           407P   3575
1898.7698295452824,16982.799999999992,-4048.5284554590176,           407P   3576
1916.2367323876365,16982.799999999985,-4047.049255326881,            407P   3577
1932.9880948212426,16982.8,-4045.2784578893284,1949.06885286644,     407P   3578
16982.799999999985,-4044.0978108224276,1959.7890048711974,           407P   3579
16982.79999999999,-4042.7874405455486,1970.2107016239988,            407P   3580
16982.799999999996,-4041.3470864908636,1980.3454912548295,           407P   3581
16982.799999999996,-4039.776488090547,1990.204921893675,             407P   3582
16982.79999999999,-4037.4204244497987,2004.9936362381668,            407P   3583
16982.799999999996,-4034.7715681771815,2019.1633981243867,           407P   3584
16982.800000000007,-4031.8271130806265,2032.748055093848,            407P   3585
16982.8,-4028.584252968065,2045.7814546880643,                       407P   3586
16982.799999999996,-4026.061916517866,2055.9182713681,               407P   3587
16982.799999999996,-4023.3588695668986,2065.721116941068,            407P   3588
16982.799999999996,-4020.472922936743,2075.203882270018,16982.8,     407P   3589
-4017.4018874489793,2084.3804582179987,16982.800000000112,           407P   3590
-4012.1370847877765,2100.111315001638,16982.79999999993,             407P   3591
-4006.3275323337252,2114.9408041361794,16982.80000000001,            407P   3592
-3999.959690242923,2128.9330357511944,16982.8,                       407P   3593
-3993.0124567144226,2142.1391145563744,16982.79999999999,            407P   3594
-3975.644728880944,2175.1537614913395,16982.79999999999,             407P   3595
-3954.6535410151037,2203.258722864295,16982.800000000032,            407P   3596
-3929.7184166153693,2227.238110053728,16982.799999999996,            407P   3597
-3900.17145273987,2247.4940674887,16982.79999999998,                 407P   3598
-3882.4429772160074,2259.648088564062,16982.800000000025,            407P   3599
-3863.052307039695,2270.46335440202,16982.79999999999,               407P   3600
-3841.853927402832,2280.029484928239,16982.799999999996,             407P   3601
-3818.6391880519795,2288.3981235631563,16982.800000000007,           407P   3602
-3809.6111214872135,2291.6525581863716,16982.800000000007,           407P   3603
-3800.2784012562934,2294.726068477784,16982.800000000003,            407P   3604
-3790.627795018603,2297.621305197294,16982.8,-3780.646070433527,     407P   3605
2300.3409191048027,16982.800000000003,-3773.516187225463,            407P   3606
2302.2834645050916,16982.8,-3766.21726001109,2304.1363553085266,     407P   3607
16982.799999999996,-3758.7439132436657,2305.9003150518784,           407P   3608
16982.8,-3751.0907713764473,2307.57606727192,16982.800000000003,     407P   3609
-3741.9068877964564,2309.5869256858878,16982.800000000003,           407P   3610
-3732.464146257404,2311.4707772983365,16982.8,                       407P   3611
-3722.7521951550034,2313.2284562117375,16982.800000000003,           407P   3612
-3712.760682884968,2314.8607965285632,16982.800000000003,            407P   3613
-3702.769032981242,2316.493088281088,16982.8,                        407P   3614
-3692.4978429402645,2318.000042254737,16982.799999999996,            407P   3615
-3681.9355232351763,2319.3820556967335,16982.8,                      407P   3616
-3671.0704843391204,2320.639525854303,16982.80000000001,             407P   3617
-3660.2052907801453,2321.8969464901074,16982.799999999996,           407P   3618
-3649.037402440491,2323.0298255802563,16982.79999999999,             407P   3619
-3637.553838739985,2324.038114914038,16982.800000000007,             407P   3620
-3625.741619098457,2324.9217662807387,16982.799999999996,            407P   3621
-3611.9603630038237,2325.9525968038724,16982.799999999996,           407P   3622
-3597.7320951960137,2326.8138652903563,16982.800000000003,           407P   3623
-3583.033376562337,2327.5046701224214,16982.799999999996,            407P   3624
-3567.8407679901015,2328.0241096823006,16982.800000000003,           407P   3625
-3552.6477558542956,2328.54344221446,16982.799999999996,             407P   3626
-3536.961169057595,2328.891482886586,16982.799999999992,             407P   3627
-3520.754189729622,2329.066425535994,16982.8,                        407P   3628
-3504.0000000000005,2329.066464,0.,15.,0.,0.,0.,0,0;                 407P   3629
126,40,5,0,0,1,0,0.,0.,0.,0.,0.,0.,1.,1.,1.,1.,1.,2.,2.,2.,2.,       409P   3630
2.,3.,3.,3.,3.,3.,4.,4.,4.,4.,4.,5.,5.,5.,5.,5.,6.,6.,6.,6.,6.,      409P   3631
7.,7.,7.,7.,7.,8.,8.,8.,8.,8.,8.,1.,1.,1.,1.,1.,1.,1.,1.,1.,1.,      409P   3632
1.,1.,1.,1.,1.,1.,1.,1.,1.,1.,1.,1.,1.,1.,1.,1.,1.,1.,1.,1.,1.,      409P   3633
1.,1.,1.,1.,1.,1.,1.,1.,1.,1.,16982.8,-3504.0000000000005,           409P   3634
2329.066464,17015.712530153774,-3503.9999999999854,                  409P   3635
2324.174766461527,17048.625056473495,-3504.0000000000227,            409P   3636
2318.948926721913,17081.49579215102,-3503.999999999984,              409P   3637
2313.3831531888773,17114.34081146367,-3504.0000000000036,            409P   3638
2307.462372024155,17147.180638796723,-3504.000000000001,             409P   3639
2301.173823762384,17185.494780383528,-3503.999999999998,             409P   3640
2293.8369648974426,17223.795931546563,-3504.000000000001,            409P   3641
2286.0008202775753,17262.136945527724,-3504.000000000002,            409P   3642
2277.6407292051267,17300.52614638564,-3504.,2268.7477768678405,      409P   3643
17338.92732899569,-3504.000000000001,2259.3287943388586,             409P   3644
17363.12040776455,-3503.9999999999955,2253.394741328102,             409P   3645
17387.318149510516,-3504.0000000000027,2247.251547635429,            409P   3646
17411.552417951232,-3504.0000000000036,2240.890146135906,            409P   3647
17435.821503350166,-3503.999999999997,2234.312301189629,             409P   3648
17460.090122516587,-3504.0000000000014,2227.5306086417213,           409P   3649
17487.39047975294,-3504.0000000000027,2219.901729900343,             409P   3650
17514.7071254335,-3503.999999999998,2212.010035449779,               409P   3651
17541.98105851213,-3503.999999999998,2203.875962866019,              409P   3652
17569.20466592269,-3504.0000000000027,2195.507260580612,             409P   3653
17596.421722579023,-3504.000000000001,2186.8989878806633,            409P   3654
17624.453781777644,-3503.9999999999977,2178.0329656192,              409P   3655
17652.476875818284,-3504.0000000000027,2168.9138169302996,           409P   3656
17680.498704585818,-3504.0000000000027,2159.5466574986585,           409P   3657
17708.52403985792,-3503.9999999999973,2149.9385345124783,            409P   3658
17736.554725305068,-3504.0000000000005,2140.098426663464,            409P   3659
17766.248740171322,-3504.000000000001,2129.674326372623,             409P   3660
17795.9169043566,-3504.0000000000005,2119.001265399329,              409P   3661
17825.576451621688,-3504.,2108.084752529903,17855.24461572735,       409P   3662
-3504.0000000000005,2096.930296550664,17884.938630434364,            409P   3663
-3504.0000000000005,2085.543406247932,17933.157381217192,            409P   3664
-3504.0000000000014,2067.052627269329,17981.376131999998,            409P   3665
-3503.999999999998,2047.9739019999954,18030.368318000004,            409P   3666
-3504.0000000000045,2028.0411500000034,18078.58706932181,            409P   3667
-3503.999999999998,2007.934852330735,18126.805820285394,             409P   3668
-3504.0000000000005,1987.389240752132,18192.516244475315,            409P   3669
-3503.9999999999927,1959.3905716639886,18258.226668000083,           409P   3670
-3504.000000000015,1930.5760502000046,18324.579167999913,            409P   3671
-3503.999999999983,1900.7704789999943,18390.289576000036,            409P   3672
-3504.000000000008,1870.647733600002,18456.,-3504.0000000000005,     409P   3673
1840.,0.,8.,0.,0.,0.,0,0;                                            409P   3674
126,24,4,0,0,1,0,0.,0.,0.,0.,0.,1.,1.,1.,1.,2.,2.,2.,2.,3.,3.,       411P   3675
3.,3.,4.,4.,4.,4.,5.,5.,5.,5.,6.,6.,6.,6.,6.,1.,1.,1.,1.,1.,1.,      411P   3676
1.,1.,1.,1.,1.,1.,1.,1.,1.,1.,1.,1.,1.,1.,1.,1.,1.,1.,1.,18456.,     411P   3677
-3504.0000000000005,1840.,18455.999999999978,                        411P   3678
-3512.5040639578924,1839.9999932190326,18456.000000000044,           411P   3679
-3521.0561471838078,1839.5178957310466,18455.999999999953,           411P   3680
-3529.6104468746703,1838.5413113442494,18456.,                       411P   3681
-3538.1177777043767,1837.068458312449,18456.000000000007,            411P   3682
-3547.6884987268168,1835.4114989073441,18455.999999999993,           411P   3683
-3557.2000568283593,1833.126525699058,18456.000000000004,            411P   3684
-3566.5821406524674,1830.2110652959022,18456.,                       411P   3685
-3575.7642279204038,1826.6812675145793,18456.000000000015,           411P   3686
-3594.127147302154,1819.6221463564161,18455.999999999956,            411P   3687
-3611.696679104531,1810.1036052147672,18456.00000000004,             411P   3688
-3627.8898764264245,1798.262393952276,18456.000000000004,            411P   3689
-3642.261498394515,1784.5121382355717,18455.999999999985,            411P   3690
-3651.84288620866,1775.3452076962,18456.00000000001,                 411P   3691
-3660.6166179203688,1765.3284759916241,18456.000000000007,           411P   3692
-3668.4537451519554,1754.584118385284,18456.,                        411P   3693
-3675.2756911142296,1743.269732340745,18456.,                        411P   3694
-3684.3716601424794,1728.1842342080731,18456.,                       411P   3695
-3691.6637317586606,1712.081641869907,18455.99999999999,             411P   3696
-3696.967513697397,1695.3411121044846,18456.,-3700.285502773565,     411P   3697
1678.3666702172097,18456.000000000004,-3702.151883094578,            411P   3698
1668.8183111545943,18456.000000000007,-3703.389841689577,            411P   3699
1659.1949244228629,18455.999999999985,-3703.9999915121793,           411P   3700
1649.5670700212063,18456.,-3704.0000000000005,1640.,0.,6.,0.,0.,     411P   3701
0.,0,0;                                                              411P   3702
126,40,5,0,0,1,0,0.,0.,0.,0.,0.,0.,1.,1.,1.,1.,1.,2.,2.,2.,2.,       413P   3703
2.,3.,3.,3.,3.,3.,4.,4.,4.,4.,4.,5.,5.,5.,5.,5.,6.,6.,6.,6.,6.,      413P   3704
7.,7.,7.,7.,7.,8.,8.,8.,8.,8.,8.,1.,1.,1.,1.,1.,1.,1.,1.,1.,1.,      413P   3705
1.,1.,1.,1.,1.,1.,1.,1.,1.,1.,1.,1.,1.,1.,1.,1.,1.,1.,1.,1.,1.,      413P   3706
1.,1.,1.,1.,1.,1.,1.,1.,1.,1.,18456.,-3704.0000000000005,1640.,      413P   3707
18390.289576000003,-3727.916637999997,1648.920774400001,             413P   3708
18324.57916799997,-3751.2801560000053,1657.7667857999963,            413P   3709
18258.226668000047,-3774.266618000001,1666.6108618000053,            413P   3710
18192.516244475308,-3796.3789247050804,1675.2659543263048,           413P   3711
18126.805820285394,-3817.7746404077366,1683.7957105743112,           413P   3712
18078.5870693218,-3833.474960408272,1690.0549030444936,              413P   3713
18030.368318000055,-3848.7894159999983,1696.2466054000026,           413P   3714
17981.37613199994,-3863.9275140000045,1702.4595429999945,            413P   3715
17933.157381217203,-3878.3801368743893,1708.4867940074503,           413P   3716
17884.938630434364,-3892.350314952977,1714.4137332057985,            413P   3717
17855.242573193074,-3900.9539065709414,1718.063880513755,            413P   3718
17825.578175008624,-3909.3658021151814,1721.6721993635301,           413P   3719
17795.918244771074,-3917.584778132634,1725.2389078505857,            413P   3720
17766.245931692116,-3925.6052582778443,1728.762607788339,            413P   3721
17736.554725305068,-3933.4173133129666,1732.240284708164,            413P   3722
17708.522666164325,-3940.7927511862295,1735.5236054858067,           413P   3723
17680.49957218176,-3947.9754038674264,1738.7628658544759,            413P   3724
17652.477743414234,-3954.95753432534,1741.9557584687404,             413P   3725
17624.452408084064,-3961.729083168466,1745.0994279045763,            413P   3726
17596.421722579023,-3968.2776686450125,1748.190470659367,            413P   3727
17572.22864343963,-3973.9297287125746,1750.8583300959049,            413P   3728
17548.030901323167,-3979.4155466123584,1753.4870224354768,           413P   3729
17523.796632593985,-3984.733034308415,1756.0774201890492,            413P   3730
17499.527547032056,-3989.8722242367785,1758.6269524108345,           413P   3731
17475.25892783299,-3994.8152693054667,1761.1296046982907,            413P   3732
17447.958570559873,-4000.3758408371264,1763.9448945754375,           413P   3733
17420.64192500755,-4005.6914165669955,1766.7026317776586,            413P   3734
17393.367992228927,-4010.734897784757,1769.3933287326672,            413P   3735
17366.144385235166,-4015.48681452552,1772.0130712776727,             413P   3736
17338.92732899569,-4019.9353255698225,1774.5635186593813,            413P   3737
17292.301244939394,-4027.5562295466416,1778.9327696171395,           413P   3738
17245.675160883133,-4034.2904986370736,1783.1007026213167,           413P   3739
17199.16789380108,-4040.0153759733275,1787.0434438272675,            413P   3740
17152.66519980067,-4044.615939348792,1790.7598590489804,             413P   3741
17106.124541783294,-4047.8779889133116,1794.2500091987063,           413P   3742
17081.48500477769,-4049.605084651219,1796.0977615591191,             413P   3743
17056.836120885197,-4050.9565713748116,1797.8820056223212,           413P   3744
17032.168354937032,-4051.90179860993,1799.6029782969242,             413P   3745
17007.484564524704,-4052.399941338794,1801.2605325085838,            413P   3746
16982.8,-4052.4,1802.8541372,0.,8.,0.,0.,0.,0,0;                     413P   3747
102,4,407,409,411,413;                                               415P   3748
142,0,395,405,415,1,0,0;                                             417P   3749
406,1,9HScaling.4;                                                   419P   3750
144,395,1,0,417,0,1,419;                                             421P   3751
128,17,5,5,5,0,0,0,0,0,0.,0.,0.,0.,0.,0.,11.77979253,                423P   3752
11.77979253,11.77979253,20.52142858,20.52142858,20.52142858,         423P   3753
28.68921043,28.68921043,28.68921043,36.31851695,36.31851695,         423P   3754
36.31851695,50.00029653,50.00029653,50.00029653,50.00029653,         423P   3755
50.00029653,50.00029653,0.,0.,0.,0.,0.,0.,49.49151264,               423P   3756
49.49151264,49.49151264,49.49151264,49.49151264,49.49151264,1.,      423P   3757
1.,1.,1.,1.,1.,1.,1.,1.,1.,1.,1.,1.,1.,1.,1.,1.,1.,0.9391036258,     423P   3758
0.9523847134,0.9658356932,0.9793773928,1.002930451,1.025960702,      423P   3759
1.03561549,1.053846969,1.070922098,1.078834478,1.093354854,          423P   3760
1.10610541,1.111802425,1.126239318,1.136271992,1.140641947,          423P   3761
1.142809042,1.142809042,0.9109731689,0.9298838377,0.949312022,       423P   3762
0.9691591023,1.004187596,1.039272639,1.054131013,1.082461254,        423P   3763
1.109464547,1.122081161,1.145407014,1.166160786,1.175489435,         423P   3764
1.199246214,1.215985776,1.223322578,1.226960076,1.226960076,         423P   3765
0.9109731689,0.9298838377,0.949312022,0.9691591023,1.004187596,      423P   3766
1.039272639,1.054131013,1.082461254,1.109464547,1.122081161,         423P   3767
1.145407014,1.166160786,1.175489435,1.199246214,1.215985776,         423P   3768
1.223322578,1.226960076,1.226960076,0.9391036258,0.9523847134,       423P   3769
0.9658356932,0.9793773928,1.002930451,1.025960702,1.03561549,        423P   3770
1.053846969,1.070922098,1.078834478,1.093354854,1.10610541,          423P   3771
1.111802425,1.126239318,1.136271992,1.140641947,1.142809042,         423P   3772
1.142809042,1.,1.,1.,1.,1.,1.,1.,1.,1.,1.,1.,1.,1.,1.,1.,1.,1.,      423P   3773
1.,14982.8,-3504.0000000000005,1474.4000000000003,                   423P   3774
15029.919170000003,-3504.0000000000005,1424.8877352,15077.03833,     423P   3775
-3504.0000000000005,1376.379665,15124.157510000003,                  423P   3776
-3504.0000000000005,1329.2739603999999,15206.243224,                 423P   3777
-3504.0000000000005,1250.9379446,15288.328937999999,                 423P   3778
-3504.0000000000005,1183.8029842,15323.297760000003,                 423P   3779
-3504.0000000000005,1157.8435008,15390.935432000004,                 423P   3780
-3504.0000000000005,1114.4203836,15458.573104,                       423P   3781
-3504.0000000000005,1084.0125934,15491.241844,                       423P   3782
-3504.0000000000005,1072.3556168,15554.430198,                       423P   3783
-3504.0000000000005,1054.3548814,15617.61855,                        423P   3784
-3504.0000000000005,1043.2468388000002,15648.175176000002,           423P   3785
-3504.0000000000005,1039.0587243999998,15733.41952,                  423P   3786
-3504.0000000000005,1029.8292512,15818.663864,                       423P   3787
-3504.0000000000005,1025.955062,15873.345776000004,                  423P   3788
-3504.0000000000005,1024.5719133999999,15928.072881999999,           423P   3789
-3504.0000000000005,1024.,15982.8,-3504.0000000000005,1024.,         423P   3790
14982.8,-3623.185196,1474.4000000000003,15029.262090000002,          423P   3791
-3635.1209100000005,1425.578188,15076.049852,                        423P   3792
-3647.2918979999995,1377.3905576000002,15123.177666000001,           423P   3793
-3659.5382220000006,1330.233546,15205.039658000003,-3680.487836,     423P   3794
1251.9832066,15287.829026,-3700.6081760000006,1184.2018462,          423P   3795
15322.815200000003,-3708.85832,1158.1675746,15390.228222000003,      423P   3796
-3724.1452920000006,1114.8031018000001,15458.199788000002,           423P   3797
-3738.1671319999996,1084.1675828000002,15490.893639999998,           423P   3798
-3744.545934,1072.4600106,15553.939292,-3756.0572939999997,          423P   3799
1054.4670062,15617.3694,-3765.981924,1043.2852624,15647.954634,      423P   3800
-3770.354674,1039.0836752,15732.759956,-3781.262398,                 423P   3801
1029.8909268,15818.242246,-3788.730076,1025.9626784,                 423P   3802
15873.137884,-3791.955134,1024.5730068,15928.072881999999,           423P   3803
-3793.552614,1024.,15982.8,-3793.552614,1024.,14982.8,               423P   3804
-3735.7022899999997,1521.4186234,15028.960926,                       423P   3805
-3752.2580319999997,1476.5397778,15075.579010000001,                 423P   3806
-3768.6862700000006,1431.3838336000001,15122.691588,                 423P   3807
-3784.8258280000005,1386.4100846,15204.42825,                        423P   3808
-3811.7345139999998,1310.8956738000004,15287.574506,                 423P   3809
-3836.7640140000003,1243.6648044,15322.563154,-3846.833184,          423P   3810
1217.6537614,15389.855792,-3865.204858,1173.832707,15458.001514,     423P   3811
-3881.731688,1141.6920806000003,15490.705094000003,                  423P   3812
-3889.154662000001,1129.1397334,15553.672472,-3902.405026000001,     423P   3813
1109.4464416,15617.232956,-3913.685008,1096.4612234,                 423P   3814
15647.832306,-3918.613176,1091.4367112,15732.397472000002,           423P   3815
-3930.795334,1080.17363,15818.003435999999,-3939.0582960000006,      423P   3816
1074.6657281999999,15873.02028,-3942.6108560000007,                  423P   3817
1072.5898804000003,15928.072881999999,-3944.367662,1071.6555636,     423P   3818
15982.8,-3944.367662,1071.6175042,14982.8,-3822.5813760000005,       423P   3819
1608.2977110000002,15028.960926,-3839.8334380000006,                 423P   3820
1571.6491772,15075.579010000001,-3856.5273060000004,                 423P   3821
1533.6477347999999,15122.691588,-3872.573008,1494.7865862,           423P   3822
15204.42825,-3898.828856,1427.9561798,15287.574506,-3922.57809,      423P   3823
1365.9888236000004,15322.563154,-3932.0295499999997,                 423P   3824
1341.5445148000001,15389.855792,-3949.1138320000005,                 423P   3825
1299.3942560000003,15458.001514,-3964.238068,1266.7620238,           423P   3826
15490.705094000003,-3970.984148,1253.5531946,15553.672472,           423P   3827
-3982.9571540000006,1232.115388,15617.232956,-3993.051002,           423P   3828
1216.8798425999998,15647.832306,-3997.443064,1210.7519968,           423P   3829
15732.397472000002,-4008.266462000001,1196.5518182,                  423P   3830
15818.003435999999,-4015.547356,1188.6637806,15873.02028,            423P   3831
-4018.671012,1185.5065464,15928.072881999999,-4020.219002,           423P   3832
1183.9808044000001,15982.8,-4020.219002,1183.8530378,14982.8,        423P   3833
-3869.6000000000004,1720.8148036,15029.262090000002,                 423P   3834
-3886.5108179999997,1698.4761417999998,15076.049852,-3902.5711,      423P   3835
1674.4200588,15123.177666000001,-3917.756898,1649.0114191999999,     423P   3836
15205.039658000003,-3942.381474,1603.8387476000003,15287.829026,     423P   3837
-3964.199256,1559.8867989999999,15322.815200000003,                  423P   3838
-3972.8682099999996,1542.0482029999998,15390.228222000003,           423P   3839
-3988.4971100000007,1510.343861,15458.199788000002,-4002.167614,     423P   3840
1484.3514496,15490.893639999998,-4008.2589159999998,                 423P   3841
1473.4066884000001,15553.939292,-4019.062278000001,                  423P   3842
1454.9861483999998,15617.3694,-4028.104016,1440.9951380000005,       423P   3843
15647.954634,-4032.0380580000005,1435.1656275999999,                 423P   3844
15732.759956,-4041.756958000001,1421.2197164,15818.242246,           423P   3845
-4048.238182,1412.7362702000003,15873.137884,                        423P   3846
-4051.0162739999996,1409.1686146000004,15928.072881999999,           423P   3847
-4052.4,1407.3168248,15982.8,-4052.4,1407.0106938000001,14982.8,     423P   3848
-3869.6000000000004,1840.,15029.919170000003,                        423P   3849
-3886.7499760000005,1840.,15077.03833,-3902.9032980000006,           423P   3850
1839.9846320000004,15124.157510000003,-3918.0578880000007,           423P   3851
1839.9524425999998,15206.243224,-3942.7149520000007,                 423P   3852
1839.8640460000001,15288.328937999999,-3964.3282320000003,           423P   3853
1839.7129098000003,15323.297760000003,-3972.9823499999998,           423P   3854
1839.6362709999999,15390.935432000004,-3988.64967,                   423P   3855
1839.4624135999998,15458.573104,-4002.24072,1839.2346456,            423P   3856
15491.241844,-4008.320058,1839.1111079999998,15554.430198,           423P   3857
-4019.1391599999997,1838.8439070000004,15617.61855,-4028.13821,      423P   3858
1838.5173454000003,15648.175176000002,-4032.0641,                    423P   3859
1838.3445256000002,15733.41952,-4041.82652,1837.8175818,             423P   3860
15818.663864,-4048.2628699999996,1837.1549562,                       423P   3861
15873.345776000004,-4051.0189179999998,1836.6662582000004,           423P   3862
15928.072881999999,-4052.4,1836.1038062,15982.8,-4052.4,             423P   3863
1835.45523,0.,50.00029653,0.,49.49151264;                            423P   3864
126,1,1,0,0,1,0,0.,0.,49.49151264,49.49151264,1.,1.,50.00029653,     425P   3865
0.,0.,50.00029653,49.49151264000001,0.,0.,49.49151264,0.,0.,0.,      425P   3866
0,0;                                                                 425P   3867
126,1,1,0,0,1,0,0.,0.,50.00029653,50.00029653,1.,1.,50.00029653,     427P   3868
49.49151264000001,0.,0.,49.49151264000001,0.,0.,50.00029653,0.,      427P   3869
0.,0.,0,0;                                                           427P   3870
126,1,1,0,0,1,0,0.,0.,49.49151264,49.49151264,1.,1.,0.,              429P   3871
49.49151264000001,0.,0.,0.,0.,0.,49.49151264,0.,0.,0.,0,0;           429P   3872
126,1,1,0,0,1,0,0.,0.,50.00029653,50.00029653,1.,1.,0.,0.,0.,        431P   3873
50.00029653,0.,0.,0.,50.00029653,0.,0.,0.,0,0;                       431P   3874
102,4,425,427,429,431;                                               433P   3875
126,76,4,0,0,1,0,0.,0.,0.,0.,0.,1.,1.,1.,1.,2.,2.,2.,2.,3.,3.,       435P   3876
3.,3.,4.,4.,4.,4.,5.,5.,5.,5.,6.,6.,6.,6.,7.,7.,7.,7.,8.,8.,8.,      435P   3877
8.,9.,9.,9.,9.,10.,10.,10.,10.,11.,11.,11.,11.,12.,12.,12.,12.,      435P   3878
13.,13.,13.,13.,14.,14.,14.,14.,15.,15.,15.,15.,16.,16.,16.,16.,     435P   3879
17.,17.,17.,17.,18.,18.,18.,18.,19.,19.,19.,19.,19.,1.,1.,1.,1.,     435P   3880
1.,1.,1.,1.,1.,1.,1.,1.,1.,1.,1.,1.,1.,1.,1.,1.,1.,1.,1.,1.,1.,      435P   3881
1.,1.,1.,1.,1.,1.,1.,1.,1.,1.,1.,1.,1.,1.,1.,1.,1.,1.,1.,1.,1.,      435P   3882
1.,1.,1.,1.,1.,1.,1.,1.,1.,1.,1.,1.,1.,1.,1.,1.,1.,1.,1.,1.,1.,      435P   3883
1.,1.,1.,1.,1.,1.,1.,1.,1.,1.,15982.8,-3504.0000000000005,1024.,     435P   3884
15982.799999999997,-3529.85178502672,1024.000004425357,              435P   3885
15982.799999999997,-3554.1436995890554,1024.3803509593602,           435P   3886
15982.800000000007,-3577.0414298569367,1025.1284377809777,           435P   3887
15982.799999999996,-3598.6725211872144,1026.2387800103775,           435P   3888
15982.800000000028,-3620.303665126306,1027.34911591593,              435P   3889
15982.79999999997,-3640.6687164193536,1028.8216493079328,            435P   3890
15982.8,-3659.8958042327326,1030.650819392409,15982.8,               435P   3891
-3678.0846217761336,1032.8371714471373,15982.799999999988,           435P   3892
-3694.2524944767943,1034.7805919105936,15982.800000000028,           435P   3893
-3709.6003042883717,1037.0062057815446,15982.799999999977,           435P   3894
-3724.198386298986,1039.5143590979408,15982.800000000001,            435P   3895
-3738.103572972148,1042.3088771412365,15982.8,                       435P   3896
-3752.008762785009,1045.103394521018,15982.79999999998,              435P   3897
-3765.2212063615034,1048.1842710011913,15982.800000000017,           435P   3898
-3777.797798926146,1051.555318598646,15982.799999999994,             435P   3899
-3789.7847863599786,1055.2237213997378,15982.799999999996,           435P   3900
-3800.273403331863,1058.4335733950077,15982.800000000007,            435P   3901
-3810.310686268137,1061.8710897983353,15982.799999999997,            435P   3902
-3819.927658815076,1065.5410761921257,15982.800000000001,            435P   3903
-3829.150341945372,1069.4503443608498,15982.80000000001,             435P   3904
-3838.373021671666,1073.3596117963962,15982.799999999988,            435P   3905
-3847.2014555165574,1077.508166552988,15982.800000000014,            435P   3906
-3855.6616431061034,1081.9028109006915,15982.799999999996,           435P   3907
-3863.7754465766284,1086.5524521710986,15982.800000000003,           435P   3908
-3870.7300294381625,1090.537926211389,15982.800000000001,            435P   3909
-3877.4305308968383,1094.710501725053,15982.799999999997,            435P   3910
-3883.8897760247605,1099.0763934407573,15982.799999999997,           435P   3911
-3890.1205898940334,1103.6418160871683,15982.800000000005,           435P   3912
-3896.3512073944357,1108.207379370269,15982.799999999996,            435P   3913
-3902.3533547119023,1112.9724580101242,15982.799999999988,           435P   3914
-3908.1380915118634,1117.9445313523279,15982.8,                      435P   3915
-3913.7164774597504,1123.1310787424745,15982.799999999988,           435P   3916
-3919.2946935956907,1128.3177801969277,15982.799999999996,           435P   3917
-3924.666526910712,1133.718935438842,15982.800000000003,             435P   3918
-3929.8415103395355,1139.343409155652,15982.799999999997,            435P   3919
-3934.829176816882,1145.2000660347912,15982.799999999992,            435P   3920
-3943.1418195561337,1154.9612910651801,15982.800000000023,           435P   3921
-3950.933380350217,1165.3683464769192,15982.799999999983,            435P   3922
-3958.2446311649433,1176.465521754963,15982.799999999997,            435P   3923
-3965.107012817156,1188.310034963176,15982.80000000001,              435P   3924
-3971.2831699500293,1198.970113145493,15982.799999999965,            435P   3925
-3977.09582272511,1210.235667250682,15982.800000000021,              435P   3926
-3982.5680032772434,1222.148501177098,15982.799999999997,            435P   3927
-3987.717688037578,1234.7608831576492,15982.799999999997,            435P   3928
-3992.2951891434973,1245.9718961483486,15982.79999999999,            435P   3929
-3996.6179083026695,1257.7357380442675,15982.800000000003,           435P   3930
-4000.6985037439117,1270.0891515894746,15982.799999999997,           435P   3931
-4004.546896634604,1283.0769252081739,15982.800000000012,            435P   3932
-4007.914240890114,1294.4412265722867,15982.8,                       435P   3933
-4011.103814931579,1306.2912777113152,15982.800000000003,            435P   3934
-4014.1222721455124,1318.65707163547,15982.799999999997,             435P   3935
-4016.9748097312536,1331.57434889538,15982.799999999994,             435P   3936
-4019.4198005667863,1342.6465028457326,15982.799999999992,           435P   3937
-4021.743045221201,1354.1231125982936,15982.799999999996,            435P   3938
-4023.9474458880577,1366.0285100850253,15982.8,                      435P   3939
-4026.0359047609154,1378.3870272378902,15982.800000000007,           435P   3940
-4029.516600516678,1398.9848771434267,15982.800000000007,            435P   3941
-4032.6748183992354,1420.8436657672012,15982.799999999985,           435P   3942
-4035.522271799759,1444.0840509408386,15982.799999999997,            435P   3943
-4038.0651005395666,1468.8613935794212,15982.800000000008,           435P   3944
-4039.8450258700145,1486.2060334299574,15982.799999999997,           435P   3945
-4041.475915802066,1504.302202910265,15982.799999999987,             435P   3946
-4042.959251906608,1523.2084986452141,15982.800000000001,            435P   3947
-4044.296515754527,1542.983517259676,15982.799999999996,             435P   3948
-4045.4426101065865,1559.934646103026,15982.799999999996,            435P   3949
-4046.4812996609216,1577.5245750058198,15982.799999999997,           435P   3950
-4047.412675552378,1595.797461476571,15982.799999999997,             435P   3951
-4048.2368289158,1614.7974630237943,15982.799999999976,              435P   3952
-4049.335644172517,1640.1313044389042,15982.800000000032,            435P   3953
-4050.2435524237744,1666.7606325184468,15982.799999999976,           435P   3954
-4050.9598776807798,1694.7981842940621,15982.8,                      435P   3955
-4051.4812843105206,1724.3848769071344,15982.799999999988,           435P   3956
-4051.937442176977,1750.2741006009726,15982.8,                       435P   3957
-4052.244655364628,1777.3460723044986,15982.80000000001,             435P   3958
-4052.3998619475956,1805.7050345825587,15982.8,-4052.4,              435P   3959
1835.45523,0.,19.,0.,0.,0.,0,0;                                      435P   3960
126,40,5,0,0,1,0,0.,0.,0.,0.,0.,0.,1.,1.,1.,1.,1.,2.,2.,2.,2.,       437P   3961
2.,3.,3.,3.,3.,3.,4.,4.,4.,4.,4.,5.,5.,5.,5.,5.,6.,6.,6.,6.,6.,      437P   3962
7.,7.,7.,7.,7.,8.,8.,8.,8.,8.,8.,1.,1.,1.,1.,1.,1.,1.,1.,1.,1.,      437P   3963
1.,1.,1.,1.,1.,1.,1.,1.,1.,1.,1.,1.,1.,1.,1.,1.,1.,1.,1.,1.,1.,      437P   3964
1.,1.,1.,1.,1.,1.,1.,1.,1.,1.,15982.8,-4052.4,1835.45523,            437P   3965
15928.072882000008,-4052.4,1836.1038061999977,15873.34577599998,     437P   3966
-4051.0189180000016,1836.6662581999988,15818.66386400003,            437P   3967
-4048.2628699999973,1837.1549562000027,15763.936745936782,           437P   3968
-4044.130714483076,1837.5803637724098,15709.209627873603,            437P   3969
-4038.6276601651625,1837.9498476820822,15678.6976552117,             437P   3970
-4035.5597413183177,1838.1558165417289,15648.165982653605,           437P   3971
-4032.0628821842633,1838.3446048987016,15617.627743519413,           437P   3972
-4028.1393553541134,1838.5173170390835,15587.096071129203,           437P   3973
-4023.791433418982,1838.675057248958,15556.584098803058,             437P   3974
-4019.021388969984,1838.8189298144084,15538.763404577396,            437P   3975
-4016.235527736684,1838.9029396684605,15520.942943983384,            437P   3976
-4013.304948653319,1838.9822365003924,15503.122662631888,            437P   3977
-4010.2297580742334,1839.0570098484231,15485.302506133763,           437P   3978
-4007.0100623537714,1839.1274492507714,15467.482420099872,           437P   3979
-4003.6459678462793,1839.1937442456558,15452.632355868038,           437P   3980
-4000.842556589835,1839.2489853828743,15437.782153095082,            437P   3981
-3997.9388335567346,1839.3013477212219,15422.931825309417,           437P   3982
-3994.9348668385896,1839.3509256119403,15408.081386039446,           437P   3983
-3991.8307245270116,1839.3978134062706,15393.230848813577,           437P   3984
-3988.6264747136124,1839.4421054554546,15374.158263986585,           437P   3985
-3984.511249554858,1839.498985808599,15355.085456160044,             437P   3986
-3980.230875610055,1839.5515887346742,15336.012477280176,            437P   3987
-3975.78550480167,1839.6000883334812,15316.939379293191,             437P   3988
-3971.1752890521657,1839.644658704819,15297.866214145306,            437P   3989
-3966.400380284008,1839.6854739484866,15281.97190272211,             437P   3990
-3962.421288183662,1839.7194822748754,15266.07772349837,             437P   3991
-3958.3278701558934,1839.7508810903591,15250.18366355896,            437P   3992
-3954.120204489287,1839.7797569616946,15234.289709988754,            437P   3993
-3949.798369472428,1839.8061964556377,15218.395849872624,            437P   3994
-3945.3624433938994,1839.8302861389452,15194.83626512407,            437P   3995
-3938.7870390366666,1839.8659897214388,15171.276679638151,           437P   3996
-3931.960899991289,1839.8965368903364,15147.717093725356,            437P   3997
-3924.884288647596,1839.9221709549963,15124.157507696167,            437P   3998
-3917.557467395416,1839.9431352247766,15100.59792186107,             437P   3999
-3909.9806986245767,1839.9596730090352,15077.038335954434,           437P   4000
-3902.4039297286768,1839.97620076031,15053.478751526913,             437P   4001
-3894.5772139251494,1839.9882959726601,15029.919167866607,           437P   4002
-3886.500812707114,1839.9961600084694,15006.359584261605,            437P   4003
-3878.1749875676915,1839.9999942301215,14982.8,                      437P   4004
-3869.6000000000004,1840.,0.,8.,0.,0.,0.,0,0;                        437P   4005
126,30,5,0,0,1,0,0.,0.,0.,0.,0.,0.,1.,1.,1.,1.,1.,2.,2.,2.,2.,       439P   4006
2.,3.,3.,3.,3.,3.,4.,4.,4.,4.,4.,5.,5.,5.,5.,5.,6.,6.,6.,6.,6.,      439P   4007
6.,1.,1.,1.,1.,1.,1.,1.,1.,1.,1.,1.,1.,1.,1.,1.,1.,1.,1.,1.,1.,      439P   4008
1.,1.,1.,1.,1.,1.,1.,1.,1.,1.,1.,14982.8,-3869.6000000000004,        439P   4009
1840.,14982.799999999988,-3869.5999875874068,1826.0091167983564,     439P   4010
14982.800000000007,-3868.9307721608934,1811.9515652879581,           439P   4011
14982.800000000007,-3867.5794352886232,1797.875057768218,            439P   4012
14982.799999999988,-3865.539293658213,1783.8292471246039,            439P   4013
14982.800000000001,-3862.809899076733,1769.865726828637,14982.8,     439P   4014
-3860.383788997463,1757.4536837177889,14982.8,                       439P   4015
-3857.4131653961144,1745.1064230427346,14982.8,                      439P   4016
-3853.8978150493977,1732.8601007222458,14982.800000000001,           439P   4017
-3849.841779878734,1720.7508921543376,14982.8,                       439P   4018
-3845.253356950254,1708.8149922162718,14982.799999999997,            439P   4019
-3837.2236768610164,1687.9273559638684,14982.800000000003,           439P   4020
-3827.5633268979755,1667.5691134248823,14982.799999999997,           439P   4021
-3816.317634740916,1647.93633049831,14982.799999999987,              439P   4022
-3803.570596313215,1629.2109014566233,14982.8,                       439P   4023
-3789.4448757818404,1611.560548945769,14982.799999999988,            439P   4024
-3778.346033639403,1597.6920459872306,14982.8,                       439P   4025
-3766.3952106754496,1584.4855658454105,14982.800000000003,           439P   4026
-3753.6519838530185,1572.021165966899,14982.799999999997,            439P   4027
-3740.186882550113,1560.3673291276762,14982.799999999997,            439P   4028
-3726.0813885597017,1549.5809634331129,14982.800000000005,           439P   4029
-3706.8471602781583,1534.8723995458304,14982.799999999997,           439P   4030
-3686.4192065200978,1521.7757100016624,14982.799999999994,           439P   4031
-3665.0082206764255,1510.4354644294535,14982.799999999997,           439P   4032
-3642.841404888615,1500.944729709509,14982.8,                        439P   4033
-3620.1624700487155,1493.3450699735931,14982.800000000008,           439P   4034
-3597.48316988819,1485.7453560809572,14982.800000000007,             439P   4035
-3574.2899247560645,1480.0362900668686,14982.79999999999,            439P   4036
-3550.8212111701373,1476.2589965284549,14982.800000000005,           439P   4037
-3527.318187029946,1474.40001683823,14982.8,-3504.0000000000005,     439P   4038
1474.4000000000003,0.,6.,0.,0.,0.,0,0;                               439P   4039
126,60,5,0,0,1,0,0.,0.,0.,0.,0.,0.,1.,1.,1.,1.,1.,2.,2.,2.,2.,       441P   4040
2.,3.,3.,3.,3.,3.,4.,4.,4.,4.,4.,5.,5.,5.,5.,5.,6.,6.,6.,6.,6.,      441P   4041
7.,7.,7.,7.,7.,8.,8.,8.,8.,8.,9.,9.,9.,9.,9.,10.,10.,10.,10.,        441P   4042
10.,11.,11.,11.,11.,11.,12.,12.,12.,12.,12.,12.,1.,1.,1.,1.,1.,      441P   4043
1.,1.,1.,1.,1.,1.,1.,1.,1.,1.,1.,1.,1.,1.,1.,1.,1.,1.,1.,1.,1.,      441P   4044
1.,1.,1.,1.,1.,1.,1.,1.,1.,1.,1.,1.,1.,1.,1.,1.,1.,1.,1.,1.,1.,      441P   4045
1.,1.,1.,1.,1.,1.,1.,1.,1.,1.,1.,1.,1.,1.,14982.8,                   441P   4046
-3504.0000000000005,1474.4000000000003,15009.725239999982,           441P   4047
-3503.9999999999973,1446.1072772571433,15036.650476734685,           441P   4048
-3504.0000000000086,1418.142454791831,15063.575715801826,            441P   4049
-3503.99999999999,1390.5798269014786,15090.50095639458,              441P   4050
-3504.0000000000064,1363.5297704303123,15117.42619740733,            441P   4051
-3504.000000000001,1337.1677969224386,15130.88881791007,             441P   4052
-3504.0000000000045,1323.9867931457406,15144.351438532609,           441P   4053
-3503.999999999996,1310.9778810379507,15157.814059094973,            441P   4054
-3503.999999999996,1298.1628009433648,15171.276679493796,            441P   4055
-3504.0000000000045,1285.5678180648856,15184.73929970232,            441P   4056
-3504.000000000001,1273.223722464025,15191.470609813417,             441P   4057
-3504.000000000001,1267.0518046532059,15198.201919869967,            441P   4058
-3504.0000000000005,1260.9423642548918,15204.933229888002,           441P   4059
-3504.,1254.899634675995,15211.664539883544,-3503.999999999999,      441P   4060
1248.9278493234267,15218.395849872624,-3504.0000000000005,           441P   4061
1243.031241604098,15229.521552845015,-3504.0000000000045,            441P   4062
1233.2855486047465,15240.647294085995,-3504.000000000003,            441P   4063
1223.7447133584083,15251.773085939178,-3504.,1214.4299820887372,     441P   4064
15262.898940748175,-3503.999999999998,1205.3626010193868,            441P   4065
15274.024870856609,-3504.0000000000005,1196.5638163740114,           441P   4066
15297.866134957989,-3503.9999999999995,1177.7093938970022,           441P   4067
15321.707649709799,-3503.999999999997,1160.0888128775305,            441P   4068
15345.549197349794,-3504.0000000000073,1143.9103213189644,           441P   4069
15369.390023081667,-3503.9999999999973,1129.3592237219875,           441P   4070
15393.230848813577,-3504.0000000000005,1116.4251646529756,           441P   4071
15408.08136135593,-3503.9999999999955,1108.3685055175836,            441P   4072
15422.931873898327,-3504.000000000008,1100.93926971748,              441P   4073
15437.782162211404,-3503.9999999999927,1094.1369140156248,           441P   4074
15452.63230783641,-3504.0000000000045,1087.9320657410615,            441P   4075
15467.482420099872,-3504.,1082.2830027311977,15474.9074755642,       441P   4076
-3504.000000000003,1079.4582967481845,15482.332523995277,            441P   4077
-3504.000000000002,1076.7729679467411,15489.757578085104,-3504.,     441P   4078
1074.2211230084085,15497.182650525674,-3503.999999999998,            441P   4079
1071.796868614728,15504.60775400898,-3504.0000000000005,             441P   4080
1069.4943114472412,15515.00288898022,-3504.000000000002,             441P   4081
1066.27068185402,15525.398107516601,-3504.0000000000014,             441P   4082
1063.2851757575397,15535.79339304677,-3504.000000000001,             441P   4083
1060.520447448661,15546.188728999372,-3504.0000000000005,            441P   4084
1057.959151218244,15556.584098803058,-3504.000000000001,             441P   4085
1055.583941357149,15570.14729747261,-3503.9999999999955,             441P   4086
1052.4850987519535,15583.71059213404,-3504.0000000000114,            441P   4087
1049.7038087689148,15597.276993477002,-3504.000000000003,            441P   4088
1047.2023060018296,15610.846437484515,-3503.999999999979,            441P   4089
1044.9479464065153,15624.415785432988,-3504.0000000000005,           441P   4090
1042.9132073008102,15641.377686557396,-3504.000000000001,            441P   4091
1040.3697435783802,15658.341199128428,-3503.9999999999995,           441P   4092
1038.1691122463205,15675.3010185477,-3503.9999999999995,             441P   4093
1036.25740589822,15692.256093884058,-3504.000000000001,              441P   4094
1034.591053214598,15709.209627873603,-3504.0000000000005,            441P   4095
1033.1368189629081,15727.452006761372,-3504.0000000000045,           441P   4096
1031.571997541557,15745.69434844899,-3503.9999999999923,             441P   4097
1030.2523251277037,15763.935124338186,-3503.999999999997,            441P   4098
1029.1373496827086,15782.174033579779,-3504.0000000000136,           441P   4099
1028.1953774484773,15800.412003073663,-3504.000000000001,            441P   4100
1027.4034729474597,15836.887818061634,-3504.000000000007,            441P   4101
1025.8193179047407,15873.359167259183,-3503.9999999999827,           441P   4102
1024.833461362962,15909.830514666732,-3504.0000000000227,            441P   4103
1024.2541837333326,15946.315254666626,-3503.9999999999854,           441P   4104
1024.0000000000016,15982.8,-3504.0000000000005,1024.,0.,12.,0.,      441P   4105
0.,0.,0,0;                                                           441P   4106
102,4,435,437,439,441;                                               443P   4107
142,0,423,433,443,1,0,0;                                             445P   4108
406,1,9HScaling.4;                                                   447P   4109
144,423,1,0,445,0,1,447;                                             449P   4110
128,8,5,5,5,0,0,0,0,0,0.,0.,0.,0.,0.,0.,30.31081005,30.31081005,     451P   4111
30.31081005,50.01176589,50.01176589,50.01176589,50.01176589,         451P   4112
50.01176589,50.01176589,0.,0.,0.,0.,0.,0.,41.01438798,               451P   4113
41.01438798,41.01438798,41.01438798,41.01438798,41.01438798,1.,      451P   4114
1.,1.,1.,1.,1.,1.,1.,1.,1.072871561,1.072871561,1.072829796,         451P   4115
1.072731323,1.072447533,1.071793662,1.071460242,1.071026831,         451P   4116
1.070424174,1.112626257,1.112626257,1.112559806,1.112403142,         451P   4117
1.111951583,1.110911882,1.110381861,1.109693025,1.108735989,         451P   4118
1.112626257,1.112626257,1.112559806,1.112403142,1.111951583,         451P   4119
1.110911882,1.110381861,1.109693025,1.108735989,1.072871561,         451P   4120
1.072871561,1.072829796,1.072731323,1.072447533,1.071793662,         451P   4121
1.071460242,1.071026831,1.070424174,1.,1.,1.,1.,1.,1.,1.,1.,1.,      451P   4122
15982.8,-3504.0000000000005,2388.4000000000005,16104.04324,          451P   4123
-3504.0000000000005,2388.4000000000005,16225.286494000002,           451P   4124
-3504.0000000000005,2387.06931,16346.374126,-3504.0000000000005,     451P   4125
2384.06081,16546.42119,-3504.0000000000005,2375.424306,              451P   4126
16746.468252,-3504.0000000000005,2358.6462539999998,                 451P   4127
16825.192354,-3504.0000000000005,2350.575954,16903.996176,           451P   4128
-3504.0000000000005,2340.778854,16982.8,-3504.0000000000005,         451P   4129
2329.066464,15982.8,-3762.7784160000006,2388.4000000000005,          451P   4130
16104.04324,-3762.7784160000006,2388.4000000000005,                  451P   4131
16225.295903999999,-3762.758176,2387.069266,16346.395602000002,      451P   4132
-3762.710436,2384.062208,16546.485520000002,-3762.5728400000003,     451P   4133
2375.418408,16746.498772,-3762.255246,2358.642164,                   451P   4134
16825.234043999997,-3762.093094,2350.5715980000004,                  451P   4135
16904.040517999998,-3761.882108,2340.772264,16982.8,                 451P   4136
-3761.588138,2329.066464,15982.8,-3920.6495760000007,                451P   4137
2346.654302,16104.04324,-3920.6495760000007,2346.545822,             451P   4138
16225.300962000001,-3920.633426,2345.168622,16346.407096000003,      451P   4139
-3920.59532,2342.192314,16546.519856,-3920.485474,2333.752558,       451P   4140
16746.51507,-3920.231806,2317.520128,16825.256306000003,             451P   4141
-3920.102226,2309.722312,16904.064140000002,-3919.9335539999997,     451P   4142
2300.263114,16982.8,-3919.6984040000007,2288.975088,15982.8,         451P   4143
-4010.997418,2255.557718,16104.04324,-4010.997418,2255.212518,       451P   4144
16225.300962000001,-4010.9909879999996,2253.738346,                  451P   4145
16346.407096000003,-4010.9758020000004,2250.8380159999997,           451P   4146
16546.519856,-4010.932050000001,2242.88146,16746.51507,              451P   4147
-4010.8309400000007,2227.900042,16825.256306000003,-4010.779278,     451P   4148
2220.7314880000004,16904.064140000002,-4010.7120179999997,           451P   4149
2212.0600460000005,16982.8,-4010.6181760000004,2201.733832,          451P   4150
15982.8,-4052.4,2096.378228,16104.04324,-4052.4,2095.619388,         451P   4151
16225.295903999999,-4052.4000040000005,2093.988836,                  451P   4152
16346.395602000002,-4052.4,2091.2513200000003,                       451P   4153
16546.485520000002,-4052.4,2084.231434,16746.498772,-4052.4,         451P   4154
2071.633124,16825.234043999997,-4052.399998000001,2065.663754,       451P   4155
16904.040517999998,-4052.4,2058.497252,16982.8,-4052.4,              451P   4156
2050.020536,15982.8,-4052.4,1835.45523,16104.04324,-4052.4,          451P   4157
1834.0183654,16225.286494000002,-4052.4,1832.158697,                 451P   4158
16346.374126,-4052.4,1829.7518288000003,16546.42119,-4052.4,         451P   4159
1824.4531518,16746.468252,-4052.4,1816.1740980000002,                451P   4160
16825.192354,-4052.4,1812.3767942,16903.996176,-4052.4,              451P   4161
1807.9416102000002,16982.8,-4052.4,1802.8541372,0.,50.01176589,      451P   4162
0.,41.01438798;                                                      451P   4163
126,1,1,0,0,1,0,0.,0.,41.01438798,41.01438798,1.,1.,0.,              453P   4164
41.01438798,0.,0.,0.,0.,0.,41.01438798,0.,0.,0.,0,0;                 453P   4165
126,1,1,0,0,1,0,-25.00588294,-25.00588294,25.00588294,               455P   4166
25.00588294,1.,1.,0.,0.,0.,50.01176589,0.,0.,-25.00588294,           455P   4167
25.00588294,0.,0.,0.,0,0;                                            455P   4168
126,1,1,0,0,1,0,0.,0.,41.01438798,41.01438798,1.,1.,50.01176589,     457P   4169
0.,0.,50.01176589,41.01438798,0.,0.,41.01438798,0.,0.,0.,0,0;        457P   4170
126,1,1,0,0,1,0,0.,0.,50.01176589,50.01176589,1.,1.,50.01176589,     459P   4171
41.01438798,0.,0.,41.01438798,0.,0.,50.01176589,0.,0.,0.,0,0;        459P   4172
102,4,453,455,457,459;                                               461P   4173
126,64,4,0,0,1,0,0.,0.,0.,0.,0.,1.,1.,1.,1.,2.,2.,2.,2.,3.,3.,       463P   4174
3.,3.,4.,4.,4.,4.,5.,5.,5.,5.,6.,6.,6.,6.,7.,7.,7.,7.,8.,8.,8.,      463P   4175
8.,9.,9.,9.,9.,10.,10.,10.,10.,11.,11.,11.,11.,12.,12.,12.,12.,      463P   4176
13.,13.,13.,13.,14.,14.,14.,14.,15.,15.,15.,15.,16.,16.,16.,16.,     463P   4177
16.,1.,1.,1.,1.,1.,1.,1.,1.,1.,1.,1.,1.,1.,1.,1.,1.,1.,1.,1.,1.,     463P   4178
1.,1.,1.,1.,1.,1.,1.,1.,1.,1.,1.,1.,1.,1.,1.,1.,1.,1.,1.,1.,1.,      463P   4179
1.,1.,1.,1.,1.,1.,1.,1.,1.,1.,1.,1.,1.,1.,1.,1.,1.,1.,1.,1.,1.,      463P   4180
1.,1.,1.,15982.8,-4052.4,1835.45523,15982.80000000001,               463P   4181
-4052.39993278518,1854.8950286333838,15982.8,-4052.163199163754,     463P   4182
1873.5980449330737,15982.79999999999,-4051.6925819350663,            463P   4183
1891.6060718608353,15982.800000000001,-4050.9908638984607,           463P   4184
1908.9609023784358,15982.800000000001,-4050.2889646778613,           463P   4185
1926.3150584632779,15982.799999999997,-4049.355844026636,            463P   4186
1943.0154873394576,15982.799999999994,-4048.192643167288,            463P   4187
1959.0979355001637,15982.799999999997,-4046.8005033223244,           463P   4188
1974.5981494385844,15982.799999999987,-4045.756288746202,            463P   4189
1986.2229376764697,15982.8,-4044.5831868425184,                      463P   4190
1997.5198185213903,15982.80000000001,-4043.2810878576606,            463P   4191
2008.5019020960444,15982.8,-4041.8498820380137,                      463P   4192
2019.1822985231315,15982.800000000003,-4039.941514464312,            463P   4193
2033.4225511505742,15982.799999999997,-4037.803705400971,            463P   4194
2047.126664475585,15982.799999999994,-4035.434935607287,             463P   4195
2060.3219518575124,15982.800000000003,-4032.833685842558,            463P   4196
2073.035726655706,15982.8,-4029.581994473088,2088.9275691048406,     463P   4197
15982.799999999988,-4025.9665120062973,2104.06562025912,             463P   4198
15982.80000000002,-4021.9827487384523,2118.498823171309,15982.8,     463P   4199
-4017.6226220251197,2132.2676728654637,15982.800000000025,           463P   4200
-4013.262496852323,2146.0365143145664,15982.79999999998,             463P   4201
-4008.5260000405574,2159.141078648999,15982.799999999994,            463P   4202
-4003.4050668012364,2171.621805263426,15982.800000000003,            463P   4203
-3997.887917526962,2183.5120639660095,15982.799999999988,            463P   4204
-3990.1639116927804,2200.1584190323247,15982.800000000012,           463P   4205
-3981.6632863974087,2215.647582189322,15982.799999999988,            463P   4206
-3972.353820731225,2230.0709304300754,15982.800000000001,            463P   4207
-3962.1879219419684,2243.4970678340887,15982.799999999972,           463P   4208
-3950.5697643111544,2258.841232671035,15982.800000000065,            463P   4209
-3937.8327586451155,2272.8833030805763,15982.799999999956,           463P   4210
-3923.9061029651702,2285.72586445186,15982.799999999997,             463P   4211
-3908.6880550536853,2297.440305523536,15982.800000000014,            463P   4212
-3891.5678426491922,2310.6190374102034,15982.799999999983,           463P   4213
-3872.812411462333,2322.3704083785346,15982.800000000003,            463P   4214
-3852.2780136682936,2332.796116088598,15982.8,                       463P   4215
-3829.757190287991,2341.956178248388,15982.800000000003,             463P   4216
-3820.9989786745846,2345.5183863909137,15982.8,                      463P   4217
-3811.940643205253,2348.8893805897505,15982.799999999996,            463P   4218
-3802.5690112895404,2352.0722736442594,15982.800000000001,           463P   4219
-3792.8709103369924,2355.0701783538007,15982.8,                      463P   4220
-3785.9436145838704,2357.2114998283078,15982.800000000003,           463P   4221
-3778.849645852514,2359.258383864292,15982.800000000007,             463P   4222
-3771.583644346303,2361.2117019571388,15982.800000000001,            463P   4223
-3764.1402502686174,2363.0723256022325,15982.800000000012,           463P   4224
-3755.2080626799407,2365.3050262254314,15982.800000000003,           463P   4225
-3746.020477499582,2367.404259544174,15982.79999999999,              463P   4226
-3736.567157671767,2369.37108235733,15982.799999999996,              463P   4227
-3726.837766140722,2371.206551463772,15982.79999999999,              463P   4228
-3717.108235169814,2373.0419683849786,15982.800000000003,            463P   4229
-3707.1026540368307,2374.746032179496,15982.80000000001,             463P   4230
-3696.8094315378976,2376.3193302242835,15982.799999999996,           463P   4231
-3686.216976469143,2377.762449896302,15982.800000000005,             463P   4232
-3673.8588126909503,2379.4459904398113,15982.800000000003,           463P   4233
-3661.0936519842444,2380.9524282654747,15982.799999999997,           463P   4234
-3647.900546094125,2382.281843004952,15982.799999999994,             463P   4235
-3634.25854676569,2383.4343142899024,15982.799999999992,             463P   4236
-3620.6161854683573,2384.5866772841755,15982.800000000003,           463P   4237
-3606.5252125605675,2385.56216864138,15982.800000000012,             463P   4238
-3591.961648445249,2386.359950737653,15982.799999999997,             463P   4239
-3576.901513525328,2386.9791859491315,15982.800000000012,            463P   4240
-3559.689528521042,2387.686772913241,15982.799999999994,             463P   4241
-3541.829310380759,2388.161236645542,15982.799999999977,             463P   4242
-3523.2798154314287,2388.3998785423555,15982.8,                      463P   4243
-3504.0000000000005,2388.4000000000005,0.,16.,0.,0.,0.,0,0;          463P   4244
126,16,4,0,0,1,0,0.,0.,0.,0.,0.,1.,1.,1.,1.,2.,2.,2.,2.,3.,3.,       465P   4245
3.,3.,4.,4.,4.,4.,4.,1.,1.,1.,1.,1.,1.,1.,1.,1.,1.,1.,1.,1.,1.,      465P   4246
1.,1.,1.,15982.8,-3504.0000000000005,2388.4000000000005,             465P   4247
16058.577344004925,-3504.000000000004,2388.4000053861514,            465P   4248
16134.3521985158,-3503.999999999997,2387.8455144739614,              465P   4249
16210.08873001343,-3504.0000000000027,2386.6282684276593,            465P   4250
16285.830307454127,-3504.0000000000005,2384.5760926880253,           465P   4251
16361.571183083994,-3503.999999999996,2382.523905098854,             465P   4252
16437.309561962815,-3504.000000000005,2379.6366604637665,            465P   4253
16513.08256055044,-3503.9999999999995,2375.7420786549337,            465P   4254
16588.860606198694,-3504.0000000000005,2370.6015005540726,           465P   4255
16643.586090850058,-3504.,2366.8888652563332,16698.307963917923,     465P   4256
-3504.000000000008,2362.527437288776,16753.006986784305,             465P   4257
-3503.999999999997,2357.4279699298413,16807.71201747661,             465P   4258
-3504.0000000000005,2351.4887485983945,16851.475912424205,           465P   4259
-3503.999999999997,2346.7374109725224,16895.240887447275,            465P   4260
-3504.0000000000064,2341.449472175662,16939.01990336842,             465P   4261
-3503.9999999999973,2335.5734064922626,16982.8,                      465P   4262
-3504.0000000000005,2329.066464,0.,4.,0.,0.,0.,0,0;                  465P   4263
126,60,4,0,0,1,0,0.,0.,0.,0.,0.,1.,1.,1.,1.,2.,2.,2.,2.,3.,3.,       467P   4264
3.,3.,4.,4.,4.,4.,5.,5.,5.,5.,6.,6.,6.,6.,7.,7.,7.,7.,8.,8.,8.,      467P   4265
8.,9.,9.,9.,9.,10.,10.,10.,10.,11.,11.,11.,11.,12.,12.,12.,12.,      467P   4266
13.,13.,13.,13.,14.,14.,14.,14.,15.,15.,15.,15.,15.,1.,1.,1.,1.,     467P   4267
1.,1.,1.,1.,1.,1.,1.,1.,1.,1.,1.,1.,1.,1.,1.,1.,1.,1.,1.,1.,1.,      467P   4268
1.,1.,1.,1.,1.,1.,1.,1.,1.,1.,1.,1.,1.,1.,1.,1.,1.,1.,1.,1.,1.,      467P   4269
1.,1.,1.,1.,1.,1.,1.,1.,1.,1.,1.,1.,1.,1.,1.,16982.8,                467P   4270
-3504.0000000000005,2329.066464,16982.79999999992,                   467P   4271
-3527.934741706154,2329.0664602720617,16982.800000000094,            467P   4272
-3550.7515710498205,2328.709197481313,16982.79999999995,             467P   4273
-3572.5332954363466,2328.001170934081,16982.800000000003,            467P   4274
-3593.348317509067,2326.9450698498968,16982.799999999996,            467P   4275
-3614.163323517502,2325.8889674491147,16982.800000000014,            467P   4276
-3634.011775778279,2324.4848057919166,16982.79999999998,             467P   4277
-3652.9619689686047,2322.7352691030087,16982.800000000003,           467P   4278
-3671.070484339121,2320.639525854303,16982.79999999999,              467P   4279
-3683.74626315488,2319.1724435158835,16982.8,-3696.010228125293,     467P   4280
2317.5359186807445,16982.80000000001,-3707.8805258331276,            467P   4281
2315.729233336353,16982.799999999996,-3719.3753028611536,            467P   4282
2313.7516694701726,16982.799999999996,-3734.153858794741,            467P   4283
2311.2089226212556,16982.800000000003,-3748.3121716492706,           467P   4284
2308.3839228300994,16982.800000000007,-3761.88357971647,             467P   4285
2305.273244360178,16982.8,-3774.9014212880666,                       467P   4286
2301.8734614749656,16982.799999999992,-3786.4725586741783,           467P   4287
2298.8513239209533,16982.80000000001,-3797.605435502584,             467P   4288
2295.6004033331756,16982.799999999996,-3808.3215005755515,           467P   4289
2292.11752495596,16982.8,-3818.6391880519805,2288.398123563157,      467P   4290
16982.80000000017,-3834.1156869004194,2282.8190290544444,            467P   4291
16982.799999999894,-3848.6959903849743,2276.707726808095,            467P   4292
16982.800000000025,-3862.4420256418216,2270.048884173018,            467P   4293
16982.799999999996,-3875.4030184071294,2262.8197336111944,           467P   4294
16982.799999999992,-3890.5241716673368,2254.3857280101975,           467P   4295
16982.800000000007,-3904.5769001242807,2245.1754262772424,           467P   4296
16982.799999999992,-3917.6392553241094,2235.152780179815,            467P   4297
16982.800000000003,-3929.769400843148,2224.2666146031397,            467P   4298
16982.800000000003,-3943.632431006717,2211.825295019187,             467P   4299
16982.799999999985,-3956.2781833029762,2198.255848112686,            467P   4300
16982.800000000014,-3967.7936318705492,2183.482125052677,            467P   4301
16982.8,-3978.23783290952,2167.3969879864567,16982.799999999996,     467P   4302
-3991.293044218695,2147.2908336083237,16982.800000000003,            467P   4303
-4002.6749118940156,2125.1340135797245,16982.800000000003,           467P   4304
-4012.4986553012063,2100.7201486202766,16982.799999999996,           467P   4305
-4020.8212187954487,2073.741737242759,16982.799999999985,            467P   4306
-4023.317966672401,2065.6481336066345,16982.799999999996,            467P   4307
-4025.6797088094063,2057.323870923408,16982.80000000001,             467P   4308
-4027.90776709272,2048.760077594545,16982.800000000003,              467P   4309
-4030.003463408598,2039.947882021511,16982.800000000003,             467P   4310
-4032.0991094091996,2031.1355684668974,16982.799999999996,           467P   4311
-4034.0623933835577,2022.0748700682702,16982.799999999996,           467P   4312
-4035.8941846038524,2012.7558540363857,16982.8,                      467P   4313
-4037.595352342266,2003.168587582,16982.799999999992,                467P   4314
-4039.296469468668,1993.581189062442,16982.8,                        467P   4315
-4040.8669639653613,1983.7255602998994,16982.800000000007,           467P   4316
-4042.3072498293154,1973.5905806676283,16982.8,                      467P   4317
-4043.6177410575024,1963.165129538885,16982.799999999996,            467P   4318
-4044.92818067584,1952.7395300047217,16982.8,                        467P   4319
-4046.1088274704994,1942.0234823967678,16982.800000000003,           467P   4320
-4047.1596311978137,1931.0045313155451,16982.8,                      467P   4321
-4048.0805416141166,1919.6702213615758,16982.8,                      467P   4322
-4049.154836977621,1906.4465400492022,16982.799999999996,            467P   4323
-4050.0524207429044,1892.7939326400247,16982.799999999996,           467P   4324
-4050.7723532753353,1878.6899083433968,16982.8,                      467P   4325
-4051.313694940285,1864.1119763686734,16982.799999999996,            467P   4326
-4051.854925064699,1849.5336571581424,16982.799999999996,            467P   4327
-4052.2176408291925,1834.481732791367,16982.8,                       467P   4328
-4052.3999599141616,1818.9304704210765,16982.8,-4052.4,              467P   4329
1802.8541372,0.,15.,0.,0.,0.,0,0;                                    467P   4330
126,10,5,0,0,1,0,0.,0.,0.,0.,0.,0.,1.,1.,1.,1.,1.,2.,2.,2.,2.,       469P   4331
2.,2.,1.,1.,1.,1.,1.,1.,1.,1.,1.,1.,1.,16982.8,-4052.4,              469P   4332
1802.8541372,16903.996176000004,-4052.4000000000033,                 469P   4333
1807.9416102000005,16825.192354000013,-4052.399999999998,            469P   4334
1812.3767942000025,16746.468251999977,-4052.3999999999974,           469P   4335
1816.1740979999945,16667.664429254528,-4052.4,                       469P   4336
1819.4354360153316,16588.860606198694,-4052.3999999999996,           469P   4337
1822.2342850495224,16467.617366466664,-4052.399999999996,            469P   4338
1826.540440655528,16346.374125999993,-4052.400000000007,             469P   4339
1829.7518287999949,16225.286494000035,-4052.3999999999965,           469P   4340
1832.1586970000085,16104.043239999983,-4052.4000000000033,           469P   4341
1834.0183653999973,15982.8,-4052.4,1835.45523,0.,2.,0.,0.,0.,0,      469P   4342
0;                                                                   469P   4343
102,4,463,465,467,469;                                               471P   4344
142,0,451,461,471,1,0,0;                                             473P   4345
406,1,9HScaling.4;                                                   475P   4346
144,451,1,0,473,0,1,475;                                             477P   4347
128,50,1,5,1,0,0,1,0,0,0.,0.,0.,0.,0.,0.,3.994340118,                479P   4348
3.994340118,3.994340118,7.979617185,7.979617185,7.979617185,         479P   4349
15.92255854,15.92255854,15.92255854,23.8356666,23.8356666,           479P   4350
23.8356666,31.72374935,31.72374935,31.72374935,39.59424541,          479P   4351
39.59424541,39.59424541,47.45582159,47.45582159,47.45582159,         479P   4352
55.31779351,55.31779351,55.31779351,63.1978141,63.1978141,           479P   4353
63.1978141,67.15621039,67.15621039,67.15621039,71.14148744,          479P   4354
71.14148744,71.14148744,73.14864642,73.14864642,73.14864642,         479P   4355
75.177117,75.177117,75.177117,77.24351572,77.24351572,               479P   4356
77.24351572,78.31602371,78.31602371,78.31602371,79.64212446,         479P   4357
79.64212446,79.64212446,79.64212446,79.64212446,79.64212446,0.,      479P   4358
0.,176.7553766,176.7553766,1.,1.,1.,1.,1.,1.,1.,1.,1.,1.,1.,1.,      479P   4359
1.,1.,1.,1.,1.,1.,1.,1.,1.,1.,1.,1.,1.,1.,1.,1.,1.,1.,1.,1.,1.,      479P   4360
1.,1.,1.,1.,1.,1.,1.,1.,1.,1.,1.,1.,1.,1.,1.,1.,1.,1.,1.,1.,1.,      479P   4361
1.,1.,1.,1.,1.,1.,1.,1.,1.,1.,1.,1.,1.,1.,1.,1.,1.,1.,1.,1.,1.,      479P   4362
1.,1.,1.,1.,1.,1.,1.,1.,1.,1.,1.,1.,1.,1.,1.,1.,1.,1.,1.,1.,1.,      479P   4363
1.,1.,1.,1.,1.,1.,17411.427585999998,-3507.4220179999998,            479P   4364
1800.8861548000002,17395.836778000004,-3507.117452,1804.3673668,     479P   4365
17380.235548,-3506.817040000001,1807.8010762,17364.623896000005,     479P   4366
-3506.5207860000005,1811.1872828000003,17333.415194,                 479P   4367
-3505.9372519999997,1817.8571149999998,17302.163969999998,           479P   4368
-3505.371134,1824.3278734,17286.545268,-3505.0929459999998,          479P   4369
1827.5075598,17239.763562,-3504.275172,1836.854767,17192.879494,     479P   4370
-3503.5033560000006,1845.6766614000003,17161.613222,                 479P   4371
-3503.011104,1851.3031376000004,17099.113946,                        479P   4372
-3502.0666140000003,1862.0986986000003,17036.464996,                 479P   4373
-3501.1977980000006,1872.0293074000003,17005.166732,                 479P   4374
-3500.782926,1876.771315,16942.61363,-3499.996426,1885.761053,       479P   4375
16879.934652000004,-3499.297858,1893.7457310000002,16848.609718,     479P   4376
-3498.972084,1897.4693492000004,16785.935116,                        479P   4377
-3498.3667880000007,1904.3879054000001,16723.126626000005,           479P   4378
-3497.8521339999998,1910.2704338,16691.737731999998,                 479P   4379
-3497.6176260000007,1912.9508746,16629.035130000004,                 479P   4380
-3497.1939359999997,1917.7936737999999,16566.324443999998,           479P   4381
-3496.8609539999998,1921.599658,16534.963094,                        479P   4382
-3496.7173700000008,1923.2408378000002,16472.025547999998,           479P   4383
-3496.4764340000006,1925.9947632,16408.900416,                       479P   4384
-3496.3350540000006,1927.6107384,16377.349902000004,                 479P   4385
-3496.2910220000003,1928.1140198000003,16314.607348,                 479P   4386
-3496.2627100000004,1928.437639,16252.181482,-3496.371798,           479P   4387
1927.1907411999998,16220.874960000001,-3496.465246,1926.12263,       479P   4388
16173.035906000003,-3496.672356,1923.7553462000003,                  479P   4389
16125.353780000003,-3496.9832500000007,1920.2018188,16109.50475,     479P   4390
-3497.099006000001,1918.8787293999999,16078.181316,-3497.354876,     479P   4391
1915.9541230000002,16047.202328000003,-3497.672936,1912.3186788,     479P   4392
16031.589162,-3497.851928,1910.272782,16007.303304,-3498.161744,     479P   4393
1906.7315727999999,15983.174309999999,-3498.509044,                  479P   4394
1902.7619042000003,15975.187546,-3498.6282400000005,                 479P   4395
1901.3994894000004,15959.615714000001,-3498.8686340000004,           479P   4396
1898.6517892000004,15944.426146000003,-3499.1322080000004,           479P   4397
1895.6391236000002,15936.735682,-3499.2760879999996,                 479P   4398
1893.9945542,15920.172206,-3499.6173120000003,                       479P   4399
1890.0943612000003,15902.947296000002,-3500.022798,1885.4596338,     479P   4400
15894.459026000002,-3500.2338659999996,1883.0470994000004,           479P   4401
15883.767728000003,-3500.5113780000006,1879.8751382,                 479P   4402
15873.207320000001,-3500.8451620000005,1876.0599533999998,           479P   4403
15869.419496,-3500.9731599999996,1874.5969504000004,15859.68272,     479P   4404
-3501.3213259999998,1870.6173896,15848.885205999999,                 479P   4405
-3501.811378,1865.0160570000003,15843.260188000002,-3502.126976,     479P   4406
1861.4087722,15840.378258,-3502.4580340000007,1857.6247552,          479P   4407
15840.239418000001,-3502.804554,1853.6640060000002,17718.181952,     479P   4408
3.5072389439999996D-9,1483.2734730000002,17702.591144,               479P   4409
0.30456660020000004,1486.7546849999999,17686.989914,0.604977243,     479P   4410
1490.1883943999999,17671.378262000002,0.9012319318,1493.574601,      479P   4411
17640.16956,1.4847666370000001,1500.2444332000002,17608.918336,      479P   4412
2.0508846400000005,1506.7151916,17593.299634,2.329071156,            479P   4413
1509.894878,17546.517928,3.146845822,1519.2420852,                   479P   4414
17499.633859999998,3.918661574,1528.0639796,17468.367588,            479P   4415
4.410914448,1533.6904558,17405.868312,5.355403658000001,             479P   4416
1544.4860168000002,17343.219362,6.224219358000002,1554.4166258,      479P   4417
17311.921098,6.639091254,1559.1586332,17249.367996,                  479P   4418
7.425591424000001,1568.1483712,17186.689018,8.124160222,             479P   4419
1576.1330492000002,17155.364082,8.449934604,1579.8566673999999,      479P   4420
17092.689482,9.055229846,1586.7752236000001,17029.880992000002,      479P   4421
9.569884396,1592.657752,16998.492098,9.804392568,1595.3381928,       479P   4422
16935.789496,10.228082606,1600.1809920000003,16873.07881,            479P   4423
10.561063078000002,1603.9869762,16841.71746,10.704647704000001,      479P   4424
1605.6281560000002,16778.779914,10.945584956000001,1608.3820814,     479P   4425
16715.654781999998,11.086964464,1609.9980566,16684.104268000003,     479P   4426
11.13099589,1610.5013382000004,16621.361714,11.159308889999998,      479P   4427
1610.8249572,16558.935848,11.050219478,1609.5780596,                 479P   4428
16527.629326000002,10.956771856,1608.5099484,16479.790272,           479P   4429
10.749661350000002,1606.1426643999998,16432.108146,10.438767996,     479P   4430
1602.589137,16416.259116,10.323012678000001,1601.2660478,            479P   4431
16384.935682,10.067142768000002,1598.3414412000002,16353.956694,     479P   4432
9.749082613999999,1594.7059972,16338.343526,9.570089826,             479P   4433
1592.6601002000004,16314.057670000002,9.260274164,                   479P   4434
1589.1188910000003,16289.928674000003,8.912973164,                   479P   4435
1585.1492224000003,16281.941912000002,8.793777318,1583.7868076,      479P   4436
16266.370079999999,8.553384699999999,1581.0391074,16251.180512,      479P   4437
8.289810608,1578.0264418000002,16243.490048000003,8.145929446,       479P   4438
1576.3818726,16226.92657,7.804706760000001,1572.4816794000003,       479P   4439
16209.701662,7.39922065,1567.8469519999999,16201.213392,             479P   4440
7.188151242,1565.4344176,16190.522094,6.9106405959999995,            479P   4441
1562.2624564,16179.961685999999,6.576855178000001,                   479P   4442
1558.4472716000002,16176.173862,6.44885901,1556.9842686000004,       479P   4443
16166.437086000004,6.100692556,1553.004708,16155.639572,             479P   4444
5.610639443999999,1547.4033752000003,16150.014552000002,             479P   4445
5.295042926,1543.7960906,16147.132624000003,4.963984334,             479P   4446
1540.0120734000004,16146.993782,4.61746367,1536.0513242000002,       479P   4447
0.,79.64212446,0.,176.7553766;                                       479P   4448
126,1,1,0,0,1,0,0.,0.,176.7553766,176.7553766,1.,1.,0.,              481P   4449
176.7553766,0.,0.,0.,0.,0.,176.7553766,0.,0.,0.,0,0;                 481P   4450
126,1,1,0,0,1,0,0.,0.,79.64212446,79.64212446,1.,1.,0.,0.,0.,        483P   4451
79.64212446,0.,0.,0.,79.64212446,0.,0.,0.,0,0;                       483P   4452
126,1,1,0,0,1,0,0.,0.,176.5226811,176.5226811,1.,1.,79.64212446,     485P   4453
0.,0.,79.64212446,176.5226811,0.,0.,176.5226811,0.,0.,0.,0,0;        485P   4454
126,32,5,0,0,1,0,0.,0.,0.,0.,0.,0.,0.5331399397,0.5331399397,        487P   4455
0.5331399397,2.001056246,2.001056246,2.001056246,4.273439542,        487P   4456
4.273439542,4.273439542,8.143287943,8.143287943,8.143287943,         487P   4457
12.48452787,12.48452787,12.48452787,21.73659392,21.73659392,         487P   4458
21.73659392,40.88488265,40.88488265,40.88488265,70.74294125,         487P   4459
70.74294125,70.74294125,96.00495347,96.00495347,96.00495347,         487P   4460
112.8024966,112.8024966,112.8024966,112.8024966,112.8024966,         487P   4461
112.8024966,1.,1.,1.,1.,1.,1.,1.,1.,1.,1.,1.,1.,1.,1.,1.,1.,1.,      487P   4462
1.,1.,1.,1.,1.,1.,1.,1.,1.,1.,1.,1.,1.,1.,1.,1.,79.64212446,         487P   4463
176.5226811,0.,79.55705776000002,176.5170801,0.,                     487P   4464
79.47173287000001,176.5115422,0.,79.38825104,176.50620730000003,     487P   4465
0.,79.0864348,176.4872462,0.,78.82196036,176.4719371,0.,             487P   4466
78.63974746000001,176.4621831,0.,78.16870204,176.4395337,0.,         487P   4467
77.65001112,176.4222877,0.,77.31841772000001,176.4143528,0.,         487P   4468
76.39834879000001,176.3923602,0.,75.55549756,176.3717368,0.,         487P   4469
75.08921722,176.35952510000004,0.,73.93593958,                       487P   4470
176.33602300000007,0.,72.7402604,176.3179947,0.,72.04057551,         487P   4471
176.3075262,0.,70.14120448,176.27974530000006,0.,68.22950211,        487P   4472
176.2571792,0.,66.88073584,176.2452177,0.,62.86178833,               487P   4473
176.21341370000005,0.,58.89272929,176.19712860000004,0.,             487P   4474
56.21706012,176.1924722,0.,49.27889316,176.1931234,0.,               487P   4475
42.37863103000001,176.22098970000002,0.,38.165281949999994,          487P   4476
176.24521660000005,0.,30.377453489999997,176.3055149,0.,             487P   4477
22.584676839999997,176.3938386,0.,19.00687824,176.4405875,0.,        487P   4478
13.06336035,176.52514610000003,0.,7.120134485000001,                 487P   4479
176.62398970000004,0.,4.746425122999999,176.66603250000003,0.,       487P   4480
2.373128549,176.7097821,0.,0.,176.7553766,0.,0.,112.8024966,0.,      487P   4481
0.,0.,0,0;                                                           487P   4482
102,4,481,483,485,487;                                               489P   4483
126,1,1,0,0,1,0,0.,0.,1.,1.,1.,1.,17718.181952,                      491P   4484
3.5072389439999996D-9,1483.2734730000002,17411.427585999998,         491P   4485
-3507.4220179999998,1800.8861548000002,0.,1.,0.,0.,0.,0,0;           491P   4486
126,120,6,0,0,1,0,0.,0.,0.,0.,0.,0.,0.,1.,1.,1.,1.,1.,1.,2.,2.,      493P   4487
2.,2.,2.,2.,3.,3.,3.,3.,3.,3.,4.,4.,4.,4.,4.,4.,5.,5.,5.,5.,5.,      493P   4488
5.,6.,6.,6.,6.,6.,6.,7.,7.,7.,7.,7.,7.,8.,8.,8.,8.,8.,8.,9.,9.,      493P   4489
9.,9.,9.,9.,10.,10.,10.,10.,10.,10.,11.,11.,11.,11.,11.,11.,12.,     493P   4490
12.,12.,12.,12.,12.,13.,13.,13.,13.,13.,13.,14.,14.,14.,14.,14.,     493P   4491
14.,15.,15.,15.,15.,15.,15.,16.,16.,16.,16.,16.,16.,17.,17.,17.,     493P   4492
17.,17.,17.,18.,18.,18.,18.,18.,18.,19.,19.,19.,19.,19.,19.,20.,     493P   4493
20.,20.,20.,20.,20.,20.,1.,1.,1.,1.,1.,1.,1.,1.,1.,1.,1.,1.,1.,      493P   4494
1.,1.,1.,1.,1.,1.,1.,1.,1.,1.,1.,1.,1.,1.,1.,1.,1.,1.,1.,1.,1.,      493P   4495
1.,1.,1.,1.,1.,1.,1.,1.,1.,1.,1.,1.,1.,1.,1.,1.,1.,1.,1.,1.,1.,      493P   4496
1.,1.,1.,1.,1.,1.,1.,1.,1.,1.,1.,1.,1.,1.,1.,1.,1.,1.,1.,1.,1.,      493P   4497
1.,1.,1.,1.,1.,1.,1.,1.,1.,1.,1.,1.,1.,1.,1.,1.,1.,1.,1.,1.,1.,      493P   4498
1.,1.,1.,1.,1.,1.,1.,1.,1.,1.,1.,1.,1.,1.,1.,1.,1.,1.,1.,1.,1.,      493P   4499
1.,1.,1.,17411.427585999998,-3507.4220179999998,                     493P   4500
1800.8861548000002,17398.435251424133,-3507.1682079378193,           493P   4501
1803.7872202871235,17385.435952756707,-3506.9171822267795,           493P   4502
1806.6564527624496,17372.429720372762,-3506.668914518657,            493P   4503
1809.4941628538636,17359.41654255386,-3506.4234156120933,            493P   4504
1812.3002307732859,17346.39636548808,-3506.1807334525924,            493P   4505
1815.0741063166706,17333.369093270005,-3505.9409531325236,           493P   4506
1817.814808864007,17320.371376989504,-3505.7017232199064,            493P   4507
1820.5492224523036,17307.366600143654,-3505.465372031031,            493P   4508
1823.2507258581913,17294.354610411934,-3505.2320434101025,           493P   4509
1825.91767809582,17281.335255473816,-3505.001881201326,              493P   4510
1828.5484381793394,17268.308383008767,-3504.775029248907,            493P   4511
1831.1413651228986,17255.27384069626,-3504.551631397048,             493P   4512
1833.6948179406475,17229.295108309554,-3504.106358931091,            493P   4513
1838.7843077988487,17203.28611661061,-3503.67467214596,              493P   4514
1843.7185095234886,17177.24635800004,-3503.257230000002,             493P   4515
1848.489899500004,17151.17707717814,-3502.8533928223133,             493P   4516
1853.10578309034,17125.080455216426,-3502.462279837668,              493P   4517
1857.576221395643,17098.958793629226,-3502.0838266914616,            493P   4518
1861.9019580189506,17072.935243711214,-3501.706794996547,            493P   4519
1866.2114473893653,17046.886841909174,-3501.3423282191925,           493P   4520
1870.377320021155,17020.815864000004,-3500.9903619999936,            493P   4521
1874.4003111999948,16994.72470347263,-3500.6516350619886,            493P   4522
1878.2719775994246,16968.614370694493,-3500.327083164793,            493P   4523
1881.981623845078,16942.482992077985,-3500.0172330587384,            493P   4524
1885.5232290789113,16916.434254295546,-3499.708362857801,            493P   4525
1889.0536339388725,16890.364603579736,-3499.4141016058766,           493P   4526
1892.4170589702953,16864.272184999994,-3499.1349710000013,           493P   4527
1895.6075400999975,16838.152293447063,-3498.87108874753,             493P   4528
1898.6237287599388,16812.003140939618,-3498.6223858008343,           493P   4529
1901.4664134298328,16785.83162393094,-3498.3888235919994,            493P   4530
1904.1360411797552,16759.72049005785,-3498.155780726779,             493P   4531
1906.7997329350737,16733.581059935314,-3497.937815283611,            493P   4532
1909.2910910798582,16707.431569087024,-3497.73488041686,             493P   4533
1911.6106493965926,16681.283084218325,-3497.5469697926887,           493P   4534
1913.7584789102339,16655.139503216174,-3497.3741175890536,           493P   4535
1915.7341878882114,16628.997555149155,-3497.216398495707,            493P   4536
1917.5369218404276,16602.884599965735,-3497.058858584097,            493P   4537
1919.337607699847,16576.770298976302,-3496.9164195339226,            493P   4538
1920.9656869572411,16550.64376900001,-3496.789162,                   493P   4539
1922.4202478999994,16524.47376700856,-3496.6772150106735,            493P   4540
1923.6998138145848,16498.242633839884,-3496.5809754952093,           493P   4541
1924.7998416460637,16471.98023791176,-3496.501327811199,             493P   4542
1925.710220657637,16445.71874769036,-3496.4216775823247,             493P   4543
1926.6206289927277,16419.4152985224,-3496.358613825842,              493P   4544
1927.3414486314384,16393.13117383465,-3496.3130419540907,            493P   4545
1927.862334540274,16366.911036645291,-3496.2863128439762,            493P   4546
1928.1678482833863,16340.782929563935,-3496.2802228369665,           493P   4547
1928.2374580225733,16314.758274791593,-3496.297013739092,            493P   4548
1928.0455385172806,16301.704258781348,-3496.30542258231,             493P   4549
1927.949424222454,16288.665563665574,-3496.3195639671294,            493P   4550
1927.7877861897646,16275.629131706377,-3496.3397274636436,           493P   4551
1927.557314905468,16262.58190516587,-3496.3662026419465,             493P   4552
1927.2547008558186,16249.510826306157,-3496.3992790721327,           493P   4553
1926.8766345270706,16236.402837389349,-3496.4392463242953,           493P   4554
1926.4198064054792,16223.295641183258,-3496.4792098147755,           493P   4555
1925.9630210647354,16210.155384278687,-3496.5260482457415,           493P   4556
1925.4276550934705,16196.97152079692,-3496.5800396885365,            493P   4557
1924.8105298470077,16183.747192568215,-3496.6414111509002,           493P   4558
1924.1090505921352,16170.499229131812,-3496.710338576969,            493P   4559
1923.3212065071093,16157.258147735933,-3496.7869468472763,           493P   4560
1922.4455706816511,16143.95735079043,-3496.863905117383,             493P   4561
1921.5659344515498,16130.668250467039,-3496.9485989237937,           493P   4562
1920.5978816018323,16117.429265000024,-3497.0411280000026,           493P   4563
1919.5402741000034,16104.30184366909,-3497.1415066927134,            493P   4564
1918.3929444393257,16091.30883279101,-3497.250332166963,             493P   4565
1917.1490639083265,16078.372841711243,-3497.369452611253,            493P   4566
1915.7875108603048,16071.860723022484,-3497.429420472842,            493P   4567
1915.1020750049884,16065.364014266073,-3497.4919819033594,           493P   4568
1914.386994356793,16058.87002132383,-3497.557417378152,              493P   4569
1913.6390627447731,16052.365377619986,-3497.6259962332524,           493P   4570
1912.8552016091717,16045.83604412118,-3497.6979766653794,            493P   4571
1912.032460001418,16039.26730933647,-3497.7736057319376,             493P   4572
1911.16801458413,16032.700375901588,-3497.8492062087093,             493P   4573
1910.3038958659215,16026.099565320215,-3497.9283676445425,           493P   4574
1909.3990752153475,16019.45448934098,-3498.0112684813407,            493P   4575
1908.4515133728128,16012.768498053321,-3498.097847303281,            493P   4576
1907.4619122825143,16006.058679887494,-3498.18780283681,             493P   4577
1906.4337150924414,15999.355861614555,-3498.28059395065,             493P   4578
1905.3731061543754,15992.606215659764,-3498.3740292399652,           493P   4579
1904.30513415094,15985.868302156297,-3498.470268099282,              493P   4580
1903.2051160500857,15979.180927999994,-3498.568642,                  493P   4581
1902.0806968000002,15972.605946114163,-3498.668094085434,            493P   4582
1900.9439577372789,15966.167706286935,-3498.7686849584393,           493P   4583
1899.7942046513883,15959.792506008629,-3498.873098469052,            493P   4584
1898.6007558491337,15953.349615168912,-3498.9786206207855,           493P   4585
1897.3946352536898,15946.971109666967,-3499.088047017034,            493P   4586
1896.143886111529,15940.580914000038,-3499.204148000009,             493P   4587
1894.8168389000061,15934.00067213713,-3499.3324319102803,            493P   4588
1893.3505428631192,15927.136095901804,-3499.475919897498,            493P   4589
1891.710473255152,15920.163313355017,-3499.629920731103,             493P   4590
1889.950238584319,15916.611733886297,-3499.7083608939834,            493P   4591
1889.053664902994,15913.03208176669,-3499.7895284713836,             493P   4592
1888.1259160360096,15909.447631529725,-3499.8728036279617,           493P   4593
1887.1740760248067,15905.899858691046,-3499.957047640549,            493P   4594
1886.211160933806,15902.430143093865,-3500.041188808327,             493P   4595
1885.2494211625128,15899.06147225441,-3500.1248083630185,            493P   4596
1884.2936437576193,15895.69280141497,-3500.2084279177257,            493P   4597
1883.3378663527296,15892.425175333028,-3500.2915258593434,           493P   4598
1882.3880513142308,15889.281581525145,-3500.3736834197207,           493P   4599
1881.448985688861,15886.26661517996,-3500.4551347631623,             493P   4600
1880.5179931704874,15883.34818250438,-3500.537352896833,             493P   4601
1879.5782364122965,15880.43920406977,-3500.623635581156,             493P   4602
1878.592019338988,15877.419551972798,-3500.7132009369725,            493P   4603
1877.5682811022443,15874.410087184468,-3500.8071460027068,           493P   4604
1876.4944800849598,15871.313408000002,-3500.9091610000005,           493P   4605
1875.3284519000013,15867.96827000627,-3501.025052695217,             493P   4606
1874.0038134030565,15864.3048591153,-3501.159512357864,              493P   4607
1872.4669302384075,15860.500064597823,-3501.312883719018,            493P   4608
1870.7138843847085,15857.363776625793,-3501.439307564746,            493P   4609
1869.2688505990486,15854.13142290639,-3501.5785813176167,            493P   4610
1867.6769410337808,15850.902076645407,-3501.7308973040435,           493P   4611
1865.935961248281,15847.8887087701,-3501.894439301481,               493P   4612
1864.0666697901288,15845.327578643228,-3502.06669312131,             493P   4613
1862.0978013047452,15843.387624786345,-3502.245757193962,            493P   4614
1860.0510896464612,15842.417647857837,-3502.335289230278,            493P   4615
1859.0277338173114,15841.602964996973,-3502.426523829807,            493P   4616
1857.9849171949481,15840.96469351852,-3502.5192232962954,            493P   4617
1856.9253565111098,15840.51974318512,-3502.613188222215,             493P   4618
1855.85133094814,15840.27798466672,-3502.7082984444505,              493P   4619
1854.7642141111191,15840.239418000001,-3502.804554,                  493P   4620
1853.6640060000002,0.,20.,0.,0.,0.,0,0;                              493P   4621
126,1,1,0,0,1,0,0.,0.,1.,1.,1.,1.,15840.239418000001,                495P   4622
-3502.804554,1853.6640060000002,16146.589945005158,                  495P   4623
1.1870355711707248D-6,1536.4694559888003,0.,1.,0.,0.,0.,0,0;         495P   4624
126,175,7,0,0,1,0,0.,0.,0.,0.,0.,0.,0.,0.,1.,1.,1.,1.,1.,1.,1.,      497P   4625
2.,2.,2.,2.,2.,2.,2.,3.,3.,3.,3.,3.,3.,3.,4.,4.,4.,4.,4.,4.,4.,      497P   4626
5.,5.,5.,5.,5.,5.,5.,6.,6.,6.,6.,6.,6.,6.,7.,7.,7.,7.,7.,7.,7.,      497P   4627
8.,8.,8.,8.,8.,8.,8.,9.,9.,9.,9.,9.,9.,9.,10.,10.,10.,10.,10.,       497P   4628
10.,10.,11.,11.,11.,11.,11.,11.,11.,12.,12.,12.,12.,12.,12.,12.,     497P   4629
13.,13.,13.,13.,13.,13.,13.,14.,14.,14.,14.,14.,14.,14.,15.,15.,     497P   4630
15.,15.,15.,15.,15.,16.,16.,16.,16.,16.,16.,16.,17.,17.,17.,17.,     497P   4631
17.,17.,17.,18.,18.,18.,18.,18.,18.,18.,19.,19.,19.,19.,19.,19.,     497P   4632
19.,20.,20.,20.,20.,20.,20.,20.,21.,21.,21.,21.,21.,21.,21.,22.,     497P   4633
22.,22.,22.,22.,22.,22.,23.,23.,23.,23.,23.,23.,23.,24.,24.,24.,     497P   4634
24.,24.,24.,24.,25.,25.,25.,25.,25.,25.,25.,25.,1.,1.,1.,1.,1.,      497P   4635
1.,1.,1.,1.,1.,1.,1.,1.,1.,1.,1.,1.,1.,1.,1.,1.,1.,1.,1.,1.,1.,      497P   4636
1.,1.,1.,1.,1.,1.,1.,1.,1.,1.,1.,1.,1.,1.,1.,1.,1.,1.,1.,1.,1.,      497P   4637
1.,1.,1.,1.,1.,1.,1.,1.,1.,1.,1.,1.,1.,1.,1.,1.,1.,1.,1.,1.,1.,      497P   4638
1.,1.,1.,1.,1.,1.,1.,1.,1.,1.,1.,1.,1.,1.,1.,1.,1.,1.,1.,1.,1.,      497P   4639
1.,1.,1.,1.,1.,1.,1.,1.,1.,1.,1.,1.,1.,1.,1.,1.,1.,1.,1.,1.,1.,      497P   4640
1.,1.,1.,1.,1.,1.,1.,1.,1.,1.,1.,1.,1.,1.,1.,1.,1.,1.,1.,1.,1.,      497P   4641
1.,1.,1.,1.,1.,1.,1.,1.,1.,1.,1.,1.,1.,1.,1.,1.,1.,1.,1.,1.,1.,      497P   4642
1.,1.,1.,1.,1.,1.,1.,1.,1.,1.,1.,1.,1.,1.,1.,1.,1.,1.,1.,1.,1.,      497P   4643
1.,1.,1.,16146.589945005158,1.1870355711707248D-6,                   497P   4644
1536.4694559888003,16146.614845062397,9.187483946616022D-7,          497P   4645
1537.3840467562704,16146.774086274343,1.7946444185095834D-6,         497P   4646
1538.2917815008393,16147.068874256438,3.6212503261142833D-6,         497P   4647
1539.1835202313714,16147.48764976429,4.594035998195788D-6,           497P   4648
1540.0520572412197,16148.01216962573,3.2525836660263303D-6,          497P   4649
1540.8926244980573,16148.623587672848,4.357570646619714D-7,          497P   4650
1541.7033950337118,16149.308535674054,1.2368705861742768D-6,         497P   4651
1542.4859863339998,16151.100109071469,5.928419501851508D-7,          497P   4652
1544.5330273656402,16153.394400855788,2.836806907192171D-6,          497P   4653
1546.387010233644,16155.944117643821,-0.00016797272416344575,        497P   4654
1548.0733069888252,16158.597206128967,-0.0006448311658547513,        497P   4655
1549.6210356428949,16161.312502827437,-0.001319955520794809,         497P   4656
1551.0594166941246,16164.029652847303,-0.0027969846280220577,        497P   4657
1552.4009847826203,16166.71972159059,-0.004715132085311158,          497P   4658
1553.6548390146133,16166.866484967144,-0.004600258210202729,         497P   4659
1553.7225704146517,16167.013248343696,-0.004485384335094299,         497P   4660
1553.7903018146899,16167.160011720245,-0.004370510459985869,         497P   4661
1553.8580332147278,16167.306775096797,-0.004255636584877439,         497P   4662
1553.9257646147662,16167.453538473346,-0.004140762709769009,         497P   4663
1553.9934960148041,16167.600301849898,-0.00402588883466058,          497P   4664
1554.0612274148425,16167.74706522645,-0.00391101495955215,           497P   4665
1554.1289588148804,16170.661784461034,-0.0017978398445779495,        497P   4666
1555.461484706515,16173.530360855128,-0.0008028303545259308,         497P   4667
1556.6916213708123,16176.292559550793,-0.00018254206854442264,       497P   4668
1557.818370331985,16178.932507762394,-2.2338751714412805D-5,         497P   4669
1558.8495764320278,16181.488828969916,-0.0002129053385884201,        497P   4670
1559.8059714004844,16184.030576469233,-0.00031367176734387004,       497P   4671
1560.7150800038617,16186.598966279344,-0.0003031476645509734,        497P   4672
1561.5949887746897,16188.027349385758,-0.0002914879921063774,        497P   4673
1562.0843752667774,16189.467515875136,-0.0002342659792752483,        497P   4674
1562.5658817753115,16190.921792333023,-0.0001525507962632648,        497P   4675
1563.0411117964322,16192.392505344975,-6.741161327610549D-5,         497P   4676
1563.5116688262806,16193.881981496535,8.239948055109326D-8,          497P   4677
1563.9791563609967,16195.392547373247,2.886207180102637D-5,          497P   4678
1564.4451778967214,16196.926529560664,-2.141766520358246D-6,         497P   4679
1564.9113369295949,16200.96850431436,-4.611703156813991D-5,          497P   4680
1566.1393055735462,16205.12299430084,9.880089287457108D-5,           497P   4681
1567.3511594411086,16209.345769324951,0.0007481861911092498,         497P   4682
1568.5478333161868,16213.590696773814,0.0015406600541931566,         497P   4683
1569.7221659236286,16217.82249374238,0.001938924499467442,           497P   4684
1570.864850638897,16222.029479159039,0.0017307961900852552,          497P   4685
1571.9703861977478,16226.23632591119,0.0015302402545398497,          497P   4686
1573.0430274059047,16229.596821882915,0.0013090445678322661,         497P   4687
1573.8997757487564,16232.950963201405,0.0009258944347277737,         497P   4688
1574.7335980554767,16236.303024974244,0.0004990257131494746,         497P   4689
1575.5444344903456,16239.660496530432,0.00016016821984705295,        497P   4690
1576.332507317069,16243.028097784303,-2.3853274790752768D-6,         497P   4691
1577.09774324411,16246.40179559947,-7.103680536117953D-7,            497P   4692
1577.8391957700176,16249.762820152768,-4.181555902225964D-6,         497P   4693
1578.5544675287545,16252.030641597861,2.3639076123085342D-5,         497P   4694
1579.0371521766808,16254.297713490969,1.7191186980722105D-6,         497P   4695
1579.5089514264805,16256.569102014162,-6.156220985923801D-5,         497P   4696
1579.971511017619,16258.849873349518,-0.00015782569123081803,        497P   4697
1580.4264766895622,16261.145093679099,-0.0002786921070986405,        497P   4698
1580.8754941817754,16263.459829184976,-0.00041578223914467803,       497P   4699
1581.3202092337247,16265.799146049225,-0.0005607168690509035,        497P   4700
1581.7622675848754,16271.294255735456,-0.000862598410141884,         497P   4701
1582.8006316824178,16276.903328955377,-0.0011019929088296081,        497P   4702
1583.8199442226287,16282.637268562572,-0.0009694146799804387,        497P   4703
1584.8303512504042,16288.423704182402,-0.0005317673358085483,        497P   4704
1585.8239043273993,16294.156379927917,-0.00013737209668562413,       497P   4705
1586.784854223183,16299.76574252873,-7.708514931126715D-5,           497P   4706
1587.7027325177237,16305.310729872823,-1.5040522440834536D-6,        497P   4707
1588.5882211151925,16306.218952722214,2.8190422643855817D-7,         497P   4708
1588.7314138193794,16307.127175571602,2.0678606969605695D-6,         497P   4709
1588.874606523566,16308.035398420992,3.8538171674825805D-6,          497P   4710
1589.0177992277522,16308.943621270384,5.639773638004592D-6,          497P   4711
1589.160991931939,16309.85184411977,7.425730108526604D-6,            497P   4712
1589.3041846361255,16310.760066969162,9.211686579048616D-6,          497P   4713
1589.4473773403122,16311.668289818554,1.0997643049570627D-5,         497P   4714
1589.5905700444987,16322.113762430254,-1.4298822349784933D-6,        497P   4715
1591.216202759019,16332.556384761632,2.0954497177672902D-5,          497P   4716
1592.759722963287,16342.940050756879,-0.00016508658810854043,        497P   4717
1594.2070794467145,16353.266901578205,-0.00054957619351404,          497P   4718
1595.5560490232156,16363.570956212736,-0.0009706650263583053,        497P   4719
1596.8123037093899,16373.891742079464,-0.0012159734117345767,        497P   4720
1597.9854779027046,16384.247925636148,-0.0011239332583845574,        497P   4721
1599.0852355596771,16392.38000563946,-0.0010761034521704184,         497P   4722
1599.9486466404937,16400.534118525426,-0.0008435037342098841,        497P   4723
1600.7662931547939,16408.710456770033,-0.0005276741685664042,        497P   4724
1601.5413998623408,16416.906828731047,-0.00021671539605074312,       497P   4725
1602.2766057216008,16425.118658648025,1.4711365779019766D-5,         497P   4726
1602.9739638897445,16433.338986642324,0.00010538432261748972,        497P   4727
1603.6349417226454,16441.558468717063,7.521103411956866D-6,          497P   4728
1604.2604207748818,16444.631403611584,7.620438971217618D-6,          497P   4729
1604.4940763841387,16447.70497537247,8.574533255852264D-6,           497P   4730
1604.7229667322736,16450.77918399973,1.0383386265860804D-5,          497P   4731
1604.947091819287,16453.854029493363,1.3046998001243238D-5,          497P   4732
1605.166451645178,16456.92951185336,1.6565368461999567D-5,           497P   4733
1605.3810462099475,16460.00563107973,2.0938497648129792D-5,          497P   4734
1605.5908755135952,16463.082387172468,2.616638555963391D-5,          497P   4735
1605.795939556121,16485.805070675735,5.266099563103098D-5,           497P   4736
1607.3113655453988,16508.50578096271,8.72906597708868D-5,            497P   4737
1608.569805348484,16531.040325618254,1.7079677325508333D-5,          497P   4738
1609.5809093710782,16553.41991900016,-0.00011757343020113485,        497P   4739
1610.3583020698193,16575.73820179847,-0.0002169232433161261,         497P   4740
1610.917497385459,16598.09826059486,-0.00021590476870631686,         497P   4741
1611.2738141760428,16620.539647421905,-0.00017816076340704257,       497P   4742
1611.4402916500883,16633.33336780432,-0.00015521488566398742,        497P   4743
1611.5352185309087,16646.154105484267,-0.00011120160769779961,       497P   4744
1611.5685287404008,16659.008282095696,-6.334905584103822D-5,         497P   4745
1611.5426356644707,16671.89679726989,-2.3734520999654518D-5,         497P   4746
1611.4598458102914,16684.815028635443,7.155413470079523D-7,          497P   4747
1611.3223588063024,16697.752831818274,8.225511146213419D-6,          497P   4748
1611.13226740221,16710.694540441615,2.1706037718338678D-6,           497P   4749
1610.8915574689872,16720.278123173448,1.8180865351605866D-6,         497P   4750
1610.713252622707,16729.864504941273,2.4060555415627735D-6,          497P   4751
1610.5074053119556,16739.452003000675,6.0349710464122484D-6,         497P   4752
1610.2746274172932,16749.038934607233,1.4805293305080833D-5,         497P   4753
1610.0155308192793,16758.623617016536,3.081748257294035D-5,          497P   4754
1609.7307273984743,16768.204367484163,5.617199910536261D-5,          497P   4755
1609.420829035437,16777.779503265694,9.296930315771945D-5,           497P   4756
1609.086447610728,16800.301619195263,0.00016702921498748223,         497P   4757
1608.2996131946018,16822.78823296257,0.0003181331048730657,          497P   4758
1607.3770558721862,16845.239505590216,0.0005058060442356468,         497P   4759
1606.323543000488,16867.6603130676,0.0006916664133777032,            497P   4760
1605.1425002497103,16890.060246350913,0.0008394259014830137,         497P   4761
1603.836011603253,16912.453611363155,0.0009148895066166572,          497P   4762
1602.4048193577112,16934.859428994132,0.0008859555357250137,         497P   4763
1600.8483241228785,16957.26215176848,0.0008700070420332111,          497P   4764
1599.292009927565,16979.672794995062,0.0007513726521226044,          497P   4765
1597.6109883072284,17002.09331813924,0.0005727309798145557,          497P   4766
1595.8055803590128,17024.522325299804,0.00037450626510019823,        497P   4767
1593.8759598993697,17046.95506520898,0.0001948683741404361,          497P   4768
1591.8221534640556,17069.383431232414,6.973279926594491D-5,          497P   4769
1589.6440403081326,17091.7959613692,3.2760658977171175D-5,           497P   4770
1587.3413524059692,17097.479538081854,2.1684863247146398D-5,         497P   4771
1586.7574861477972,17103.162201885956,1.2807877413988991D-5,         497P   4772
1586.165604424909,17108.843952781506,6.1297014776989505D-6,          497P   4773
1585.5657072373047,17114.5247907685,1.650335438276279D-6,            497P   4774
1584.9577945849846,17120.204715846943,-6.302207042790246D-7,         497P   4775
1584.341866467949,17125.883728016837,-7.119669499669604D-7,          497P   4776
1583.7179228861976,17131.561827278183,1.4050967012124715D-6,         497P   4777
1583.0859638397308,17148.30333463359,-3.7943437466694503D-6,         497P   4778
1581.2225941892189,17165.03582660509,9.32736170686631D-6,            497P   4779
1579.2895761395496,17181.760261556054,6.560186167519243D-5,          497P   4780
1577.2865487892132,17198.477402988014,0.00016567870030975324,        497P   4781
1575.2135489912343,17215.18781954067,0.0002860253173000646,          497P   4782
1573.0710113531695,17231.891884991903,0.0003789270478737142,         497P   4783
1570.8597682371087,17248.589778257738,0.0003724871227963611,         497P   4784
1568.5810497596758,17271.012570911793,0.0003884640806035186,         497P   4785
1565.5211668589948,17293.423742472027,0.00030450036216143753,        497P   4786
1562.339961508043,17315.82280572132,9.297911519592046D-5,            497P   4787
1559.0410519120928,17338.207411096155,-0.00015450194085059871,       497P   4788
1555.630233430314,17360.57445230349,-0.0003146707443948883,          497P   4789
1552.113371910335,17382.921171937684,-0.0003201211212887526,         497P   4790
1548.4942970228108,17405.246267097406,-0.0002468530143948655,        497P   4791
1544.7726955959865,17416.694970818608,-0.00021082377849561355,       497P   4792
1542.8641777151965,17428.13800154619,-0.00014825459965940143,        497P   4793
1540.9287458289587,17439.5751515403,-8.293080017551035D-5,           497P   4794
1538.9662421605376,17451.006355358983,-3.084228154097022D-5,         497P   4795
1536.9763721756276,17462.43168985817,-1.8352446055979626D-7,         497P   4796
1534.95870458235,17473.851374191687,8.646411153193267D-6,            497P   4797
1532.912671331256,17485.265769811227,3.0438861800125006D-6,          497P   4798
1530.8375676153241,17496.21076748603,-3.800611485831739D-6,          497P   4799
1528.8478063253501,17507.150947040427,6.709803686874132D-6,          497P   4800
1526.8315320934325,17518.086220185964,3.354942588180701D-5,          497P   4801
1524.7882103791276,17529.016518486194,7.121478063258544D-5,          497P   4802
1522.7175435847723,17539.941793356644,0.00010972462482276965,        497P   4803
1520.6194710554853,17550.86201606485,0.00013461994668586148,         497P   4804
1518.4941690791675,17561.777177730328,0.00012696396580530456,        497P   4805
1516.3420508865004,17572.966793852327,0.0001198255603180446,         497P   4806
1514.1359597774251,17584.151059666852,7.776585518199847D-5,          497P   4807
1511.9014672588396,17595.330026034266,1.5268661302242655D-5,         497P   4808
1509.6395240202241,17606.503743814916,-5.318221041614628D-5,         497P   4809
1507.35108075106,17617.672263869168,-0.00011310294906809179,         497P   4810
1505.037088140827,17628.83563705738,-0.00015000974374851733,         497P   4811
1502.6984968790064,17639.9939142399,-0.0001494187835523464,          497P   4812
1500.3362576550776,17651.178848319672,-0.00015957723914016445,       497P   4813
1497.9682906441365,17662.358677487413,-0.00012407796014008744,       497P   4814
1495.5765345971774,17673.533416343984,-7.393618120931221D-5,         497P   4815
1493.1615125583794,17684.70308495665,-3.02456436746896D-5,           497P   4816
1490.7235832185397,17695.867708859092,-4.178595532724453D-6,         497P   4817
1488.2629409150727,17707.02731905138,3.01420855042437D-6,            497P   4818
1485.7796156320094,17718.181952,3.5072389439999996D-9,               497P   4819
1483.2734730000002,0.,25.,0.,0.,0.,0,0;                              497P   4820
102,4,491,493,495,497;                                               499P   4821
142,0,479,489,499,1,0,0;                                             501P   4822
406,1,9HScaling.6;                                                   503P   4823
144,479,1,0,501,0,1,503;                                             505P   4824
128,5,1,5,1,0,0,1,0,0,0.,0.,0.,0.,0.,0.,1.,1.,1.,1.,1.,1.,0.,0.,     507P   4825
1.,1.,1.,1.,1.,1.,1.,1.,1.,1.,1.,1.,1.,1.,17718.181952,0.,           507P   4826
1483.2734730000002,17656.831080000004,-701.4844036,1546.7960094,     507P   4827
17595.480206,-1402.9688072,1610.3185456000003,                       507P   4828
17534.129332000004,-2104.4532100000006,1673.8410820000001,           507P   4829
17472.77846,-2805.937614,1737.3636184,17411.427585999998,            507P   4830
-3507.4220179999998,1800.8861548000002,17718.050275999998,           507P   4831
-0.3286375936,1479.517128,17656.699404,-701.8130411999999,           507P   4832
1543.0396644000004,17595.348530000003,-1403.2974448000002,           507P   4833
1606.5622008000003,17533.997656,-2104.781848,1670.084737,            507P   4834
17472.646784,-2806.266252,1733.6072734000004,17411.29591,            507P   4835
-3507.7506560000006,1797.1298098,0.,1.,0.,1.;                        507P   4836
126,1,1,0,0,1,0,0.,0.,0.1886495958,0.1886495958,1.,1.,0.,1.,0.,      509P   4837
0.,0.,0.,0.,0.1886495958,0.,0.,0.,0,0;                               509P   4838
126,1,1,0,0,1,0,-88.37768832,-88.37768832,88.37768832,               511P   4839
88.37768832,1.,1.,0.,0.,0.,1.,0.,0.,-88.37768832,88.37768832,0.,     511P   4840
0.,0.,0,0;                                                           511P   4841
126,1,1,0,0,1,0,0.,0.,0.1886495958,0.1886495958,1.,1.,1.,0.,0.,      513P   4842
1.,1.,0.,0.,0.1886495958,0.,0.,0.,0,0;                               513P   4843
126,1,1,0,0,1,0,0.,0.,176.7553766,176.7553766,1.,1.,1.,1.,0.,0.,     515P   4844
1.,0.,0.,176.7553766,0.,0.,0.,0,0;                                   515P   4845
102,4,509,511,513,515;                                               517P   4846
126,1,1,0,0,1,0,0.,0.,1.,1.,1.,1.,17718.050275999998,                519P   4847
-0.3286375936,1479.517128,17718.181952,0.,1483.2734730000002,0.,     519P   4848
1.,0.,0.,0.,0,0;                                                     519P   4849
126,1,1,0,0,1,0,0.,0.,1.,1.,1.,1.,17718.181952,0.,                   521P   4850
1483.2734730000002,17411.427585999998,-3507.4220179999998,           521P   4851
1800.8861548000002,0.,1.,0.,0.,0.,0,0;                               521P   4852
126,1,1,0,0,1,0,0.,0.,1.,1.,1.,1.,17411.427585999998,                523P   4853
-3507.4220179999998,1800.8861548000002,17411.29591,                  523P   4854
-3507.7506560000006,1797.1298098,0.,1.,0.,0.,0.,0,0;                 523P   4855
126,1,1,0,0,1,0,0.,0.,1.,1.,1.,1.,17411.29591,                       525P   4856
-3507.7506560000006,1797.1298098,17718.050275999998,                 525P   4857
-0.3286375936,1479.517128,0.,1.,0.,0.,0.,0,0;                        525P   4858
102,4,519,521,523,525;                                               527P   4859
142,0,507,517,527,1,0,0;                                             529P   4860
406,1,9HScaling.6;                                                   531P   4861
144,507,1,0,529,0,1,531;                                             533P   4862
128,50,1,5,1,0,0,1,0,0,0.,0.,0.,0.,0.,0.,3.994340118,                535P   4863
3.994340118,3.994340118,7.979617185,7.979617185,7.979617185,         535P   4864
15.92255854,15.92255854,15.92255854,23.8356666,23.8356666,           535P   4865
23.8356666,31.72374935,31.72374935,31.72374935,39.59424541,          535P   4866
39.59424541,39.59424541,47.45582159,47.45582159,47.45582159,         535P   4867
55.31779351,55.31779351,55.31779351,63.1978141,63.1978141,           535P   4868
63.1978141,67.15621039,67.15621039,67.15621039,71.14148744,          535P   4869
71.14148744,71.14148744,73.14864642,73.14864642,73.14864642,         535P   4870
75.177117,75.177117,75.177117,77.24351572,77.24351572,               535P   4871
77.24351572,78.31602371,78.31602371,78.31602371,79.64212446,         535P   4872
79.64212446,79.64212446,79.64212446,79.64212446,79.64212446,0.,      535P   4873
0.,176.7553766,176.7553766,1.,1.,1.,1.,1.,1.,1.,1.,1.,1.,1.,1.,      535P   4874
1.,1.,1.,1.,1.,1.,1.,1.,1.,1.,1.,1.,1.,1.,1.,1.,1.,1.,1.,1.,1.,      535P   4875
1.,1.,1.,1.,1.,1.,1.,1.,1.,1.,1.,1.,1.,1.,1.,1.,1.,1.,1.,1.,1.,      535P   4876
1.,1.,1.,1.,1.,1.,1.,1.,1.,1.,1.,1.,1.,1.,1.,1.,1.,1.,1.,1.,1.,      535P   4877
1.,1.,1.,1.,1.,1.,1.,1.,1.,1.,1.,1.,1.,1.,1.,1.,1.,1.,1.,1.,1.,      535P   4878
1.,1.,1.,1.,1.,1.,17411.29591,-3507.7506560000006,1797.1298098,      535P   4879
17395.499316,-3507.9596940000006,1794.740499,17379.695652000002,     535P   4880
-3508.164522,1792.3992996000004,17363.884918,-3508.365140000001,     535P   4881
1790.1062114000001,17332.285196000004,-3508.7575160000006,           535P   4882
1785.6213514,17300.656998,-3509.1322560000003,                       535P   4883
1781.3380352000001,17284.85369,-3509.3148100000008,                  535P   4884
1779.2514540000002,17237.531424,-3509.846174,1773.177925,            535P   4885
17190.143828,-3510.3310699999997,1767.6355423999998,                 535P   4886
17158.559736,-3510.632034,1764.1954976,17095.456768,                 535P   4887
-3511.194248,1757.7693729999999,17032.265058000005,                  535P   4888
-3511.6800620000004,1752.2164946,17000.710986,                       535P   4889
-3511.9036400000005,1749.660987,16937.680772,-3512.307922,           535P   4890
1745.0400268,16874.595368000002,-3512.623720000001,                  535P   4891
1741.4304258000004,16843.086,-3512.758256,1739.8926802000003,        535P   4892
16780.079612,-3512.9810360000006,1737.3462998000002,16717.01221,     535P   4893
-3513.11258,1735.8427273999998,16685.512083999998,                   535P   4894
-3513.1556840000007,1735.3500628000004,16622.623116,                 535P   4895
-3513.1971299999996,1734.8763288,16559.798684,-3513.148038,          535P   4896
1735.4374458000004,16528.398807999998,-3513.1006060000004,           535P   4897
1735.9795962,16465.421736,-3512.9583159999997,                       535P   4898
1737.6059742000004,16402.337218,-3512.715572,1740.3805657999999,     535P   4899
16370.82832,-3512.5676780000003,1742.0709880000004,                  535P   4900
16308.215944000003,-3512.214468,1746.1082018000002,16246.029454,     535P   4901
-3511.726116,1751.6900998000003,16214.873986000002,                  535P   4902
-3511.4425619999997,1754.9311316,16167.31723,-3510.94511,            535P   4903
1760.6170339999999,16120.000081999999,-3510.345082,                  535P   4904
1767.4753852000003,16104.282308000002,-3510.1332520000005,           535P   4905
1769.8966169999999,16073.239966000001,-3509.687568,                  535P   4906
1774.9907968000002,16042.591006000002,-3509.181940000001,            535P   4907
1780.7701470000004,16027.15913,-3508.90846,1783.8960354000003,       535P   4908
16003.180400000001,-3508.4517499999997,1789.1162676,                 535P   4909
15979.388148,-3507.958598,1794.753015,15971.51624,                   535P   4910
-3507.7911360000007,1796.6671194000003,15956.174744,                 535P   4911
-3507.4566580000005,1800.4902287999998,15941.233132,                 535P   4912
-3507.101378,1804.5510946000002,15933.676560000002,                  535P   4913
-3506.9110920000003,1806.726076,15917.426532,-3506.47,               535P   4914
1811.7677814,15900.56812,-3505.9607779999997,1817.5881956,           535P   4915
15892.26946,-3505.698618000001,1820.5847118,15881.826315999999,      535P   4916
-3505.3567840000005,1824.4918956000004,15871.558782000002,           535P   4917
-3504.9596079999997,1829.0316404,15867.882628,                       535P   4918
-3504.8088940000002,1830.7542992000003,15858.448232,                 535P   4919
-3504.402380000001,1835.4007846000002,15848.069240000003,            535P   4920
-3503.8478740000005,1841.7388032,15842.710518000002,                 535P   4921
-3503.4988479999997,1845.7281890000002,15840.100576000003,           535P   4922
-3503.1510759999996,1849.7032565999998,15840.239418000001,           535P   4923
-3502.804554,1853.6640060000002,17718.050275999998,                  535P   4924
-0.3286375902,1479.517128,17702.253682000002,-0.5376751976,          535P   4925
1477.1278172000004,17686.450018,-0.7425036118,                       535P   4926
1474.7866178000002,17670.639282000004,-0.9431228326000002,           535P   4927
1472.4935296,17639.039562,-1.3354972381999999,1468.0086696,          535P   4928
17607.411364,-1.7102388501999999,1463.7253534000001,                 535P   4929
17591.608056,-1.8927910502,1461.6387722,17544.285789999998,          535P   4930
-2.424155988,1455.5652432,17496.898194,-2.9090516260000006,          535P   4931
1450.0228605999998,17465.314102000004,-3.2100165499999997,           535P   4932
1446.5828158,17402.211133999997,-3.772229606,1440.1566912,           535P   4933
17339.019424000002,-4.25804352,1434.6038128,17307.465352,            535P   4934
-4.4816214599999995,1432.0483052,17244.435138,-4.885903084,          535P   4935
1427.4273452,17181.349734,-5.201702250000001,1423.8177442000003,     535P   4936
17149.840364000003,-5.336237562,1422.2799983999998,17086.833978,     535P   4937
-5.559016984,1419.733618,17023.766576,-5.690562518000001,            535P   4938
1418.2300458,16992.26645,-5.7336650879999995,1417.737381,            535P   4939
16929.377482,-5.775111452,1417.263647,16866.55305,-5.726020074,      535P   4940
1417.824764,16835.153174,-5.678588046000001,1418.3669146,            535P   4941
16772.176102000005,-5.536298415999999,1419.9932924,16709.091584,     535P   4942
-5.293553098,1422.7678842,16677.582686,-5.145660326,                 535P   4943
1424.4583062000002,16614.970308000004,-4.792449882,1428.4955202,     535P   4944
16552.78382,-4.304097082,1434.0774182,16521.628352,-4.020543546,     535P   4945
1437.31845,16474.071596,-3.5230915400000007,1443.0043524000005,      535P   4946
16426.754448,-2.923063564000001,1449.8627034,16411.036674,           535P   4947
-2.71123324,1452.2839352000003,16379.99433,-2.265550244,             535P   4948
1457.3781152000001,16349.345372,-1.7599226239999999,                 535P   4949
1463.1574652,16333.913496000003,-1.4864428314,                       535P   4950
1466.2833535999998,16309.934764,-1.0297316958,                       535P   4951
1471.5035857999999,16286.142514000003,-0.5365801952,                 535P   4952
1477.1403332,16278.270606000004,-0.3691177644,1479.0544376,          535P   4953
16262.929108,-0.034639018640000005,1482.8775472000004,               535P   4954
16247.987496000003,0.3206406958,1486.9384128,16240.430924000002,     535P   4955
0.510926904,1489.1133942,16224.180897999999,0.9520189864,            535P   4956
1494.1550998,16207.322486000003,1.4612392362000002,1499.9755138,     535P   4957
16199.023824,1.7234004384000001,1502.97203,16188.58068,              535P   4958
2.0652347239999997,1506.8792138000001,16178.313148,2.46241093,       535P   4959
1511.4189586,16174.636994000002,2.613124052,1513.1416174,            535P   4960
16165.202598,3.0196388460000008,1517.7881028,16154.823606,           535P   4961
3.574143618000001,1524.1261213999999,16149.464883999999,             535P   4962
3.9231696540000005,1528.1155072000001,16146.854942,                  535P   4963
4.270943004000001,1532.0905748,16146.993782,4.61746367,              535P   4964
1536.0513242000002,0.,79.64212446,0.,176.7553766;                    535P   4965
126,32,5,0,0,1,0,0.,0.,0.,0.,0.,0.,0.5331398999999948,               537P   4966
0.5331398999999948,0.5331398999999948,2.0010561999999936,            537P   4967
2.0010561999999936,2.0010561999999936,4.273439499999995,             537P   4968
4.273439499999995,4.273439499999995,8.143287900000004,               537P   4969
8.143287900000004,8.143287900000004,12.484527900000003,              537P   4970
12.484527900000003,12.484527900000003,21.736593909999996,            537P   4971
21.736593909999996,21.736593909999996,40.88488264,40.88488264,       537P   4972
40.88488264,70.74294123,70.74294123,70.74294123,96.00495345,         537P   4973
96.00495345,96.00495345,112.8024966,112.8024966,112.8024966,         537P   4974
112.8024966,112.8024966,112.8024966,1.,1.,1.,1.,1.,1.,1.,1.,1.,      537P   4975
1.,1.,1.,1.,1.,1.,1.,1.,1.,1.,1.,1.,1.,1.,1.,1.,1.,1.,1.,1.,1.,      537P   4976
1.,1.,1.,79.64212446,176.5226811,0.,79.55705775999999,               537P   4977
176.5170801,0.,79.47173287,176.5115422,0.,79.38825103999999,         537P   4978
176.50620730000003,0.,79.08643480000002,176.4872462,0.,              537P   4979
78.82196035999999,176.4719371,0.,78.63974746,176.4621831,0.,         537P   4980
78.16870204000003,176.4395337,0.,77.65001112,176.4222877,0.,         537P   4981
77.31841772,176.4143528,0.,76.39834879000001,176.3923602,0.,         537P   4982
75.55549755999999,176.3717368,0.,75.08921722,176.35952510000004,     537P   4983
0.,73.93593958,176.33602300000007,0.,72.74026040000001,              537P   4984
176.3179947,0.,72.04057550999998,176.3075262,0.,                     537P   4985
70.14120448000003,176.27974530000006,0.,68.22950211,176.2571792,     537P   4986
0.,66.88073584,176.2452177,0.,62.86178833000001,                     537P   4987
176.21341370000005,0.,58.892729290000005,176.19712860000004,0.,      537P   4988
56.21706012,176.1924722,0.,49.27889316000001,176.1931234,0.,         537P   4989
42.37863103000001,176.22098970000002,0.,38.16528195,                 537P   4990
176.24521660000005,0.,30.37745349,176.3055149,0.,22.58467684,        537P   4991
176.3938386,0.,19.006878240000002,176.4405875,0.,13.06336035,        537P   4992
176.52514610000003,0.,7.120134485000001,176.62398970000004,0.,       537P   4993
4.746425123,176.66603250000003,0.,2.3731285489999996,                537P   4994
176.7097821,0.,0.,176.7553766,0.,0.,112.8024966,0.,0.,0.,0,0;        537P   4995
126,1,1,0,0,1,0,0.,0.,176.7553766,176.7553766,1.,1.,0.,              539P   4996
176.7553766,0.,0.,0.,0.,0.,176.7553766,0.,0.,0.,0,0;                 539P   4997
126,1,1,0,0,1,0,0.,0.,79.64212446,79.64212446,1.,1.,0.,0.,0.,        541P   4998
79.64212446,0.,0.,0.,79.64212446,0.,0.,0.,0,0;                       541P   4999
126,1,1,0,0,1,0,0.,0.,176.5226811,176.5226811,1.,1.,79.64212446,     543P   5000
0.,0.,79.64212446,176.5226811,0.,0.,176.5226811,0.,0.,0.,0,0;        543P   5001
102,4,537,539,541,543;                                               545P   5002
126,150,6,0,0,1,0,0.,0.,0.,0.,0.,0.,0.,1.,1.,1.,1.,1.,1.,2.,2.,      547P   5003
2.,2.,2.,2.,3.,3.,3.,3.,3.,3.,4.,4.,4.,4.,4.,4.,5.,5.,5.,5.,5.,      547P   5004
5.,6.,6.,6.,6.,6.,6.,7.,7.,7.,7.,7.,7.,8.,8.,8.,8.,8.,8.,9.,9.,      547P   5005
9.,9.,9.,9.,10.,10.,10.,10.,10.,10.,11.,11.,11.,11.,11.,11.,12.,     547P   5006
12.,12.,12.,12.,12.,13.,13.,13.,13.,13.,13.,14.,14.,14.,14.,14.,     547P   5007
14.,15.,15.,15.,15.,15.,15.,16.,16.,16.,16.,16.,16.,17.,17.,17.,     547P   5008
17.,17.,17.,18.,18.,18.,18.,18.,18.,19.,19.,19.,19.,19.,19.,20.,     547P   5009
20.,20.,20.,20.,20.,21.,21.,21.,21.,21.,21.,22.,22.,22.,22.,22.,     547P   5010
22.,23.,23.,23.,23.,23.,23.,24.,24.,24.,24.,24.,24.,25.,25.,25.,     547P   5011
25.,25.,25.,25.,1.,1.,1.,1.,1.,1.,1.,1.,1.,1.,1.,1.,1.,1.,1.,1.,     547P   5012
1.,1.,1.,1.,1.,1.,1.,1.,1.,1.,1.,1.,1.,1.,1.,1.,1.,1.,1.,1.,1.,      547P   5013
1.,1.,1.,1.,1.,1.,1.,1.,1.,1.,1.,1.,1.,1.,1.,1.,1.,1.,1.,1.,1.,      547P   5014
1.,1.,1.,1.,1.,1.,1.,1.,1.,1.,1.,1.,1.,1.,1.,1.,1.,1.,1.,1.,1.,      547P   5015
1.,1.,1.,1.,1.,1.,1.,1.,1.,1.,1.,1.,1.,1.,1.,1.,1.,1.,1.,1.,1.,      547P   5016
1.,1.,1.,1.,1.,1.,1.,1.,1.,1.,1.,1.,1.,1.,1.,1.,1.,1.,1.,1.,1.,      547P   5017
1.,1.,1.,1.,1.,1.,1.,1.,1.,1.,1.,1.,1.,1.,1.,1.,1.,1.,1.,1.,1.,      547P   5018
1.,1.,1.,1.,1.,1.,1.,1.,1.,16146.589945005158,                       547P   5019
1.1870355711707248D-6,1536.4694559888003,16146.544775675738,         547P   5020
-0.1852365893509116,1535.4192046719936,16146.687892995778,           547P   5021
-0.3699515164465118,1534.3653127888092,16147.022513037551,           547P   5022
-0.5513826389998145,1533.3233470992318,16147.521826175252,           547P   5023
-0.7273743958092465,1532.3065109505806,16148.15010604279,            547P   5024
-0.8968048532134646,1531.322433225599,16148.883818491586,            547P   5025
-1.0600139385817449,1530.3699572905466,16150.803225403426,           547P   5026
-1.486976184207491,1527.8779796460865,16153.443949840617,            547P   5027
-1.8711776979066626,1525.604431766484,16156.36344416946,             547P   5028
-2.218297550677252,1523.5323219453107,16159.384054924507,            547P   5029
-2.5365607719577383,1521.6231531904295,16162.44868985694,            547P   5030
-2.8326474550082827,1519.843016030055,16165.476484982959,            547P   5031
-3.107601862291933,1518.1886813188164,16165.64179983345,             547P   5032
-3.122215823069704,1518.0991310976715,16165.807114683936,            547P   5033
-3.1368297838474746,1518.0095808765266,16165.972429534424,           547P   5034
-3.1514437446252455,1517.9200306553817,16166.137744384914,           547P   5035
-3.1660577054030163,1517.8304804342365,16166.303059235404,           547P   5036
-3.1806716661807872,1517.7409302130918,16166.468374085889,           547P   5037
-3.1952856269585577,1517.6513799919467,16169.752753215485,           547P   5038
-3.4831615331867614,1515.8873775593256,16172.981907740897,           547P   5039
-3.7473144701333276,1514.269077976308,16176.05279154201,             547P   5040
-3.9855474102942283,1512.8049752109614,16178.959689415935,           547P   5041
-4.201712274182627,1511.4771622714716,16181.837778684328,            547P   5042
-4.404982090964037,1510.222858163782,16184.755508495622,             547P   5043
-4.601229419242284,1509.0061608234414,16186.37821990038,             547P   5044
-4.710371311056089,1508.329458710616,16188.018154107735,             547P   5045
-4.817637328941664,1507.6624368664989,16189.679177957642,            547P   5046
-4.923575221835659,1507.0020620483383,16191.36515829006,             547P   5047
-5.028732738674726,1506.3453010133835,16193.07996194495,             547P   5048
-5.133657628395513,1505.6891205188829,16194.827455762263,            547P   5049
-5.23889763993467,1505.0304873220853,16199.42649217918,              547P   5050
-5.515905641987967,1503.2974878606894,16204.199844269042,            547P   5051
-5.790211043668583,1501.5697958995943,16209.04082333434,             547P   5052
-6.060118408792574,1499.8621139365546,16213.881293382106,            547P   5053
-6.323553475058429,1498.1926380888344,16218.694977975816,            547P   5054
-6.578913232847061,1496.5741251687423,16223.50076708731,             547P   5055
-6.825916004021832,1495.004959759162,16227.342337775299,             547P   5056
-7.02336285364925,1493.7506213415945,16231.177265335034,             547P   5057
-7.215412208005366,1492.528471721544,16235.0130190009,               547P   5058
-7.4018876178709405,1491.3380579825766,16238.86450370778,            547P   5059
-7.5827413847298715,1490.1777539386035,16242.73331005304,            547P   5060
-7.757772817776732,1489.048236210733,16246.586964258493,             547P   5061
-7.926346490924298,1487.9559603041228,16249.18717802036,             547P   5062
-8.040067845313725,1487.218880372784,16251.787404469942,             547P   5063
-8.151208302604678,1486.4968566348227,16254.396287589185,            547P   5064
-8.260306828043406,1485.7864411245573,16257.022471360036,            547P   5065
-8.367902386876159,1485.084185876307,16259.674599764436,             547P   5066
-8.474533944349181,1484.3866429243908,16262.361316784323,            547P   5067
-8.580740465708724,1483.6903643031274,16268.673031063383,            547P   5068
-8.830184023504966,1482.0546618166122,16275.143159384614,            547P   5069
-9.075816398429817,1480.434849213802,16281.797980810292,             547P   5070
-9.320525166775358,1478.8094863762676,16288.449963009016,            547P   5071
-9.558949666513548,1477.219228990657,16294.922131039842,             547P   5072
-9.785900307315652,1475.7028237786612,16301.30230787805,             547P   5073
-10.004278126643873,1474.238816045966,16302.347711065206,            547P   5074
-10.03969207305517,1474.0010671316363,16303.393114252365,            547P   5075
-10.075106019466467,1473.763318217307,16304.438517439525,            547P   5076
-10.110519965877764,1473.5255693029776,16305.483920626684,           547P   5077
-10.14593391228906,1473.287820388648,16306.529323813844,             547P   5078
-10.181347858700358,1473.0500714743184,16307.574727001,              547P   5079
-10.216761805111652,1472.8123225599888,16319.600050399873,           547P   5080
-10.619814917983573,1470.1021416037552,16331.62725952053,            547P   5081
-11.002784503299647,1467.506001820526,16343.56733298304,             547P   5082
-11.36147766628411,1465.0521039613377,16355.44497757522,             547P   5083
-11.696043092353689,1462.7398698722145,16367.355357938304,           547P   5084
-12.010026942589214,1460.5410228113262,16379.317774788202,           547P   5085
-12.305863524527114,1458.4414184797827,16388.712538689717,           547P   5086
-12.538195419951322,1456.7924823078602,16398.139478256377,           547P   5087
-12.759338763282667,1455.2047149459659,16407.60883957026,            547P   5088
-12.970480388698455,1453.6711761970068,16417.10315313106,            547P   5089
-13.172438321603526,1452.1896829939028,16426.60571632492,            547P   5090
-13.365747547721195,1450.7589285957552,16436.129075893303,           547P   5091
-13.550745782184206,1449.3746017840183,16439.686490360717,           547P   5092
-13.619820390842055,1448.857672283186,16443.245257884646,            547P   5093
-13.687742182007625,1448.347234502851,16446.8053784651,              547P   5094
-13.75451115568092,1447.8432884430133,16450.366852102066,            547P   5095
-13.820127311861942,1447.345834103673,16453.929678795557,            547P   5096
-13.884590650550685,1446.8548714848303,16457.49385854556,            547P   5097
-13.947901171747151,1446.3704005864847,16483.816219835484,           547P   5098
-14.415677262046723,1442.7913391134878,16510.132894498267,           547P   5099
-14.820855946819721,1439.5678583817496,16536.190988303882,           547P   5100
-15.165026848150543,1436.700936982976,16562.098693090473,            547P   5101
-15.453239967937215,1434.1571834438191,16588.070986232437,           547P   5102
-15.691511459004758,1431.8938109781016,16614.17533010854,            547P   5103
-15.88432939621859,1429.8836122390387,16629.056772230724,            547P   5104
-15.994252745782314,1428.7376554336918,16643.98299197202,            547P   5105
-16.089422710271137,1427.6736666190286,16658.96363733374,            547P   5106
-16.170661435468595,1426.686893346725,16673.996365241495,            547P   5107
-16.238663213300164,1425.7736067322621,16689.06684154516,            547P   5108
-16.29399448183324,1424.9311014549273,16704.148741018882,            547P   5109
-16.337093825277144,1424.1576957578122,16715.31680702063,            547P   5110
-16.368991470204712,1423.585086408085,16726.49146171628,             547P   5111
-16.394224019503024,1423.0500849422197,16737.66969304653,            547P   5112
-16.41295566409859,1422.551843427844,16748.848488952077,             547P   5113
-16.425350594917923,1422.0895139325876,16760.02483737363,            547P   5114
-16.431573002887532,1421.662248524079,16771.195726251874,            547P   5115
-16.431787078933926,1421.269199269947,16797.471312200272,            547P   5116
-16.43224011169211,1420.3450600133624,16823.71051985146,             547P   5117
-16.399329682376177,1419.611021974415,16849.913050791853,            547P   5118
-16.334574216616414,1419.0588819011205,16876.089798988403,           547P   5119
-16.23901125654666,1418.682746657009,16902.26285078855,              547P   5120
-16.1131974608043,1418.4790332211278,16928.46548492026,              547P   5121
-15.957208604530278,1418.446468688041,16954.664502315725,            547P   5122
-15.801219508512624,1418.4139449314698,16980.886715081386,           547P   5123
-15.615159034995997,1418.5521914357132,17007.135504174978,           547P   5124
-15.399071934471262,1418.8604049480164,17033.406464372867,           547P   5125
-15.152900933683949,1419.338664782732,17059.687404270062,            547P   5126
-14.876486735634266,1419.9879328213196,17085.9583462802,             547P   5127
-14.569568019577103,1420.810053512348,17092.620369121665,            547P   5128
-14.491752980244213,1421.0184538615545,17099.281896812783,           547P   5129
-14.41198089319515,1421.23796653417,17105.942929353558,              547P   5130
-14.330251758429915,1421.468591530195,17112.603466743996,            547P   5131
-14.246565575948507,1421.7103288496294,17119.263508984088,           547P   5132
-14.160922345750928,1421.9631784924725,17125.923056073832,           547P   5133
-14.073322067837173,1422.227140458725,17145.558426392738,            547P   5134
-13.81504008152406,1423.0055857133605,17165.187733531075,            547P   5135
-13.539735106845917,1423.8805360904466,17184.8129920735,             547P   5136
-13.247276501831836,1424.852677953954,17204.43550128294,             547P   5137
-12.937739769998924,1425.92170129058,17224.055845100553,             547P   5138
-12.611406560352314,1427.0862997097456,17243.673892145758,           547P   5139
-12.26876466738516,1428.344170443598,17270.018164778096,             547P   5140
-11.80864435993508,1430.033293189896,17296.358014343983,             547P   5141
-11.319106113102192,1431.8904122902363,17322.692145678608,           547P   5142
-10.801287409666255,1433.909410608654,17349.01458049265,             547P   5143
-10.25691091929073,1436.0793827851385,17375.31902601262,             547P   5144
-9.68732657261642,1438.39171313546,17401.603243621197,               547P   5145
-9.092553635355145,1440.8471535509962,17415.08225678966,             547P   5146
-8.78754256356774,1442.1063613922677,17428.555965330896,             547P   5147
-8.475911586468005,1443.4031307885252,17442.02402604287,             547P   5148
-8.157651601248505,1444.737765456939,17455.486448987227,             547P   5149
-7.832682265310109,1446.1108563764863,17468.943597489295,            547P   5150
-7.5008519962619875,1447.5232817879491,17482.39618813808,            547P   5151
-7.161937971921611,1448.9762071939165,17495.295562872456,            547P   5152
-6.8369643805915885,1450.369375452023,17508.19078790508,             547P   5153
-6.5054882087386385,1451.799472717827,17521.081774084276,            547P   5154
-6.167348042915845,1453.267429021217,17533.968440119614,             547P   5155
-5.82248892883625,1454.7736298487557,17546.85071258192,              547P   5156
-5.470962371372856,1456.317916143681,17559.728525903272,             547P   5157
-5.112926334558629,1457.8995843059045,17572.930125593768,            547P   5158
-4.745909270962345,1459.5208968343695,17586.12702404029,             547P   5159
-4.372004720482348,1461.1817669363527,17599.319190529095,            547P   5160
-3.991474071328149,1462.8805638012486,17612.50659434645,             547P   5161
-3.60457871170926,1464.6156566184513,17625.689204778617,             547P   5162
-3.211580029835193,1466.3854145773557,17638.866991111852,            547P   5163
-2.81273941391546,1468.1882068673558,17652.076274486077,             547P   5164
-2.4129446263384695,1469.99535798426,17665.280736139975,             547P   5165
-2.007266414869852,1471.8357932793438,17678.48034641405,             547P   5166
-1.5959181162533365,1473.7085199031912,17691.67510922464,            547P   5167
-1.1790231689157398,1475.6129855895092,17704.86506206394,            547P   5168
-0.7566151129669643,1477.549078655128,17718.050275999998,            547P   5169
-0.3286375902,1479.517128,0.,25.,0.,0.,0.,0,0;                       547P   5170
126,1,1,0,0,1,0,0.,0.,1.,1.,1.,1.,17718.050275999998,                549P   5171
-0.3286375902,1479.517128,17411.29591,-3507.7506560000006,           549P   5172
1797.1298098,0.,1.,0.,0.,0.,0,0;                                     549P   5173
126,120,6,0,0,1,0,0.,0.,0.,0.,0.,0.,0.,1.,1.,1.,1.,1.,1.,2.,2.,      551P   5174
2.,2.,2.,2.,3.,3.,3.,3.,3.,3.,4.,4.,4.,4.,4.,4.,5.,5.,5.,5.,5.,      551P   5175
5.,6.,6.,6.,6.,6.,6.,7.,7.,7.,7.,7.,7.,8.,8.,8.,8.,8.,8.,9.,9.,      551P   5176
9.,9.,9.,9.,10.,10.,10.,10.,10.,10.,11.,11.,11.,11.,11.,11.,12.,     551P   5177
12.,12.,12.,12.,12.,13.,13.,13.,13.,13.,13.,14.,14.,14.,14.,14.,     551P   5178
14.,15.,15.,15.,15.,15.,15.,16.,16.,16.,16.,16.,16.,17.,17.,17.,     551P   5179
17.,17.,17.,18.,18.,18.,18.,18.,18.,19.,19.,19.,19.,19.,19.,20.,     551P   5180
20.,20.,20.,20.,20.,20.,1.,1.,1.,1.,1.,1.,1.,1.,1.,1.,1.,1.,1.,      551P   5181
1.,1.,1.,1.,1.,1.,1.,1.,1.,1.,1.,1.,1.,1.,1.,1.,1.,1.,1.,1.,1.,      551P   5182
1.,1.,1.,1.,1.,1.,1.,1.,1.,1.,1.,1.,1.,1.,1.,1.,1.,1.,1.,1.,1.,      551P   5183
1.,1.,1.,1.,1.,1.,1.,1.,1.,1.,1.,1.,1.,1.,1.,1.,1.,1.,1.,1.,1.,      551P   5184
1.,1.,1.,1.,1.,1.,1.,1.,1.,1.,1.,1.,1.,1.,1.,1.,1.,1.,1.,1.,1.,      551P   5185
1.,1.,1.,1.,1.,1.,1.,1.,1.,1.,1.,1.,1.,1.,1.,1.,1.,1.,1.,1.,1.,      551P   5186
1.,1.,1.,17411.29591,-3507.7506560000006,1797.1298098,               551P   5187
17398.13208209606,-3507.9248559185944,1795.1387000558952,            551P   5188
17384.963538843538,-3508.0962417303735,1793.1797462930172,           551P   5189
17371.790285412208,-3508.264832521846,1791.2527387856571,            551P   5190
17358.61231729833,-3508.4306151788837,1789.3578319105757,            551P   5191
17345.429620324627,-3508.593544386722,1787.4955441469997,            551P   5192
17332.242170640282,-3508.753542629963,1785.6667580766257,            551P   5193
17319.0846446581,-3508.91316775601,1783.8422300801267,               551P   5194
17305.92237941727,-3509.0698782425493,1782.051022729826,             551P   5195
17292.75533806787,-3509.223529683113,1780.2947836041967,             551P   5196
17279.583483759998,-3509.373977671235,1778.575160281713,             551P   5197
17266.406779643738,-3509.521077800446,1776.8938003408477,            551P   5198
17253.22518886918,-3509.664685664279,1775.252351360075,              551P   5199
17226.95335866519,-3509.950931080576,1771.980548079605,              551P   5200
17200.66221620816,-3510.223440054654,1768.865757407853,              551P   5201
17174.351782000005,-3510.4815520000157,1765.915520000005,            551P   5202
17148.022786536047,-3510.725912635069,1763.1224616984293,            551P   5203
17121.676701365745,-3510.9574138992753,1760.476394250035,            551P   5204
17095.315770153444,-3511.1761338692872,1757.9764160236289,           551P   5205
17069.053849295273,-3511.394032337853,1755.4858275918039,            551P   5206
17042.777193707967,-3511.5992453439003,1753.1402330351716,           551P   5207
17016.48802200004,-3511.791851000017,1750.9387408000089,             551P   5208
16990.189312867347,-3511.9711270476587,1748.8896072172183,           551P   5209
16963.882823162745,-3512.136146146174,1747.003431311949,             551P   5210
16937.56710596579,-3512.28637116183,1745.2863496132168,              551P   5211
16911.334612576517,-3512.4361210889074,1743.5746982083301,           551P   5212
16885.092949965958,-3512.5711703580755,1742.0310731757677,           551P   5213
16858.840683999897,-3512.6909879999903,1740.661552999994,            551P   5214
16832.57321606795,-3512.7954274373706,1739.4678098367951,            551P   5215
16806.288708309894,-3512.884546040994,1738.4491812979868,            551P   5216
16779.994008841968,-3512.9584246856894,1737.6047422361228,           551P   5217
16753.758567624674,-3513.0321428295247,1736.762136721406,            551P   5218
16727.51000677251,-3513.090669118857,1736.093175516859,              551P   5219
16701.262755179006,-3513.134136045007,1735.5963479139189,            551P   5220
16675.026606150313,-3513.1626086171327,1735.2709103224613,           551P   5221
16648.806717405234,-3513.1760843622296,1735.1168862707982,           551P   5222
16622.603611075192,-3513.174493325132,1735.1350664056808,            551P   5223
16596.41872215457,-3513.172893841617,1735.1533451742628,             551P   5224
16570.266133133802,-3513.1562144597383,1735.3439899281793,           551P   5225
16544.101298695277,-3513.124321131011,1735.708531225133,             551P   5226
16517.900246268116,-3513.0768924980493,1736.2506417738773,           551P   5227
16491.659576028185,-3513.013419894565,1736.9761364342187,            551P   5228
16465.396460898082,-3512.933207345371,1737.8929722170174,            551P   5229
16439.13296921228,-3512.852990436541,1738.80985793924,               551P   5230
16412.85156895836,-3512.756030351582,1739.9181222278899,             551P   5231
16386.582768999993,-3512.641624999997,1741.225776899999,             551P   5232
16360.404888496794,-3512.5088771609953,1742.7430855020714,           551P   5233
16334.364014321141,-3512.356257051426,1744.4875435979184,            551P   5234
16308.39395847507,-3512.1811648937164,1746.4888590564915,            551P   5235
16295.378471494472,-3512.0934124081805,1747.4918762207712,           551P   5236
16282.382856213395,-3512.000034424882,1748.5591928439012,            551P   5237
16269.394318476505,-3511.9006627111658,1749.6950177759281,           551P   5238
16256.400064128466,-3511.7949290343768,1750.9035598668975,           551P   5239
16243.387299013933,-3511.68246516186,1752.189027966855,              551P   5240
16230.34322897758,-3511.5629028609605,1753.555630925847,             551P   5241
16217.298098891619,-3511.443331134039,1754.9223418307702,            551P   5242
16204.229186735422,-3511.3167361989463,1756.3693279545605,           551P   5243
16191.121760122242,-3511.1827333687734,1757.900986746163,            551P   5244
16177.9776566277,-3511.0411009100735,1759.5198528549308,             551P   5245
16164.815283789789,-3510.891780042861,1761.2265981306218,            551P   5246
16151.66961910888,-3510.734874940609,1763.0200316234013,             551P   5247
16138.462816663765,-3510.577239651634,1764.8218111815181,            551P   5248
16125.273873391707,-3510.411958864642,1766.710979164394,             551P   5249
16112.141195000018,-3510.239167000006,1768.6860011000028,            551P   5250
16099.12609180344,-3510.059222693195,1770.7427739166483,             551P   5251
16086.251831485604,-3509.871668634797,1772.886522088358,             551P   5252
16073.442691860551,-3509.6741914105423,1775.1436937802778,           551P   5253
16066.992658591556,-3509.574738438575,1776.280444848449,             551P   5254
16060.56362162653,-3509.4728708309913,1777.4447954924372,            551P   5255
16054.138884425283,-3509.368136884603,1778.6419088029818,            551P   5256
16047.703909285034,-3509.2601550891577,1779.8761455631952,           551P   5257
16041.246317340396,-3509.1486141273426,1781.1510642485614,           551P   5258
16034.7558885634,-3509.033272874779,1782.4694210269358,              551P   5259
16028.263685733047,-3508.9178921629596,1783.788228883443,            551P   5260
16021.744086500763,-3508.7988321688017,1785.1490915266988,           551P   5261
16015.182613110552,-3508.6757570657146,1786.5558477120858,           551P   5262
16008.581139071095,-3508.5487168941945,1788.0079252623304,           551P   5263
16001.957889155747,-3508.418147561826,1789.5003410675045,            551P   5264
15995.347439402536,-3508.2848708432803,1791.0237010850237,           551P   5265
15988.689017530096,-3508.150627347033,1792.5581114169468,            551P   5266
15982.044543051892,-3508.0136582159357,1794.123674494445,            551P   5267
15975.45219399999,-3507.874867000001,1795.7100671999992,             551P   5268
15968.972826718744,-3507.7356840553166,1797.300939414913,            551P   5269
15962.63077983605,-3507.5961965738297,1798.8952916152566,            551P   5270
15956.354678234613,-3507.4532786131385,1800.5288524678112,           551P   5271
15950.011938281024,-3507.3088431790234,1802.1797581325086,           551P   5272
15943.736551430155,-3507.160904030736,1803.870709488492,             551P   5273
15937.454846000006,-3507.006235,1805.638585300002,                   551P   5274
15930.993307592526,-3506.838257591904,1807.5585772210495,            551P   5275
15924.260294655027,-3506.653385165162,1809.6716782007402,            551P   5276
15917.427754041635,-3506.4573671123717,1811.9121708886023,           551P   5277
15913.947606654407,-3506.3575255230053,1813.053363486607,            551P   5278
15910.44163817017,-3506.2547923530738,1814.227606124794,             551P   5279
15906.932570269531,-3506.149927526398,1815.426214645794,             551P   5280
15903.460865953293,-3506.0443192262537,1816.6333225159347,           551P   5281
15900.066946428298,-3505.9392881636986,1817.8338336502488,           551P   5282
15896.773407993289,-3505.8353918459115,1819.0213752374846,           551P   5283
15893.479869558363,-3505.731495528135,1820.2089168247303,            551P   5284
15890.286712213347,-3505.628733955098,1821.3834888648926,            551P   5285
15887.216532257571,-3505.5276646340494,1822.5387185467907,           551P   5286
15884.27410108219,-3505.4280818682805,1823.6769563329658,            551P   5287
15881.428582056971,-3505.328321025566,1824.8172287848042,            551P   5288
15878.595747417156,-3505.224562806601,1826.0031913876655,            551P   5289
15875.65513604705,-3505.1168570499026,1827.2342745809472,            551P   5290
15872.728192590985,-3505.004843966194,1828.5145906731982,            551P   5291
15869.720705000003,-3504.8842510000004,1829.8929697999997,           551P   5292
15866.476470488511,-3504.7483047778956,1831.4468385366345,           551P   5293
15862.929600886227,-3504.5919003339245,1833.2345521395205,           551P   5294
15859.256827990168,-3504.4157703350375,1835.2477267876457,           551P   5295
15856.229365296462,-3504.270586568967,1836.9071844548444,            551P   5296
15853.11635525776,-3504.1119999060884,1838.719835843746,             551P   5297
15850.016783860894,-3503.940421358296,1840.6809853063683,            551P   5298
15847.141649704725,-3503.758957583639,1842.755125293083,             551P   5299
15844.724624411701,-3503.571552809097,1844.897173271005,             551P   5300
15842.932713067543,-3503.381130756778,1847.0737086447505,            551P   5301
15842.03675739541,-3503.285919730572,1848.1619763316125,             551P   5302
15841.297080210476,-3503.1899543850204,1849.2588658674472,           551P   5303
15840.73455714816,-3503.093600185198,1850.3601996777804,             551P   5304
15840.365897185178,-3502.9971588148,1851.4625290592555,              551P   5305
15840.200850777783,-3502.9008101111176,1852.563797833335,            551P   5306
15840.239418000001,-3502.804554,1853.6640060000002,0.,20.,0.,0.,     551P   5307
0.,0,0;                                                              551P   5308
126,1,1,0,0,1,0,0.,0.,1.,1.,1.,1.,15840.239418000001,                553P   5309
-3502.804554,1853.6640060000002,16146.589945005158,                  553P   5310
1.1870355711707248D-6,1536.4694559888003,0.,1.,0.,0.,0.,0,0;         553P   5311
102,4,547,549,551,553;                                               555P   5312
142,0,535,545,555,1,0,0;                                             557P   5313
406,1,9HScaling.6;                                                   559P   5314
144,535,1,0,557,0,1,559;                                             561P   5315
308,0,9HIGES file,20,37,61,85,113,141,169,197,225,253,281,309,       563P   5316
337,365,393,421,449,477,505,533,561,0,0;                             563P   5317
408,563,0.,0.,0.,1.,0,0;                                             565P   5318
S      1G      2D    566P   5318                                        T      1
